PR,URL,Title,Content type,Is rendered page,HTTP status code,Organic traffic,Referenced in sitemaps,No. of href inlinks,No. of redirect inlinks,No. of canonical inlinks,No. of hreflang inlinks,No. of pagination inlinks,No. of CSS inlinks,No. of IMG inlinks,No. of JS inlinks
20,https://www.birminghamboilerrepairs.uk/boldmere/alpha-boiler-specialists,Boldmere Alpha Specialists | Same Day Service | Fixed Price Quote,text/html; charset=utf-8,false,200,0,"https://birminghamboilerrepairs.uk/sitemap.xml
https://www.birminghamboilerrepairs.uk/sitemap.xml",0,0,0,0,0,0,0,0
20,https://www.birminghamboilerrepairs.uk/gravelly-hill/vokera-specialists,Gravelly Hill Vokera Specialists | Same Day Service | Fixed Price Quote,text/html; charset=utf-8,false,200,0,"https://birminghamboilerrepairs.uk/sitemap.xml
https://www.birminghamboilerrepairs.uk/sitemap.xml",0,0,0,0,0,0,0,0
20,https://www.birminghamboilerrepairs.uk/bromford/ariston-specialists,Bromford Ariston Specialists | Same Day Service | Fixed Price Quote,text/html; charset=utf-8,false,200,0,"https://birminghamboilerrepairs.uk/sitemap.xml
https://www.birminghamboilerrepairs.uk/sitemap.xml",0,0,0,0,0,0,0,0
20,https://www.birminghamboilerrepairs.uk/churchfield/heatline-specialists,Churchfield Heatline Specialists | Same Day Service | Fixed Price Quote,text/html; charset=utf-8,false,200,0,"https://birminghamboilerrepairs.uk/sitemap.xml
https://www.birminghamboilerrepairs.uk/sitemap.xml",0,0,0,0,0,0,0,0
20,https://www.birminghamboilerrepairs.uk/four-oaks/vokera-specialists,Four Oaks Vokera Specialists | Same Day Service | Fixed Price Quote,text/html; charset=utf-8,false,200,0,"https://birminghamboilerrepairs.uk/sitemap.xml
https://www.birminghamboilerrepairs.uk/sitemap.xml",0,0,0,0,0,0,0,0
20,https://www.birminghamboilerrepairs.uk/cotteridge/alpha-boiler-specialists,Cotteridge Alpha Specialists | Same Day Service | Fixed Price Quote,text/html; charset=utf-8,false,200,0,"https://birminghamboilerrepairs.uk/sitemap.xml
https://www.birminghamboilerrepairs.uk/sitemap.xml",0,0,0,0,0,0,0,0
20,https://www.birminghamboilerrepairs.uk/birmingham/main-boiler-specialists,Birmingham Main Specialists | Same Day Service | Fixed Price Quote,text/html; charset=utf-8,false,200,0,"https://birminghamboilerrepairs.uk/sitemap.xml
https://www.birminghamboilerrepairs.uk/sitemap.xml",0,0,0,0,0,0,0,0
20,https://www.birminghamboilerrepairs.uk/castle-vale/ideal-boilers-specialists,Castle Vale Ideal Boilers Specialists | Same Day Service | Fixed Price Quote,text/html; charset=utf-8,false,200,0,"https://birminghamboilerrepairs.uk/sitemap.xml
https://www.birminghamboilerrepairs.uk/sitemap.xml",0,0,0,0,0,0,0,0
20,https://www.birminghamboilerrepairs.uk/camp-hill/atag-specialists,Camp Hill Atag Specialists | Same Day Service | Fixed Price Quote,text/html; charset=utf-8,false,200,0,"https://birminghamboilerrepairs.uk/sitemap.xml
https://www.birminghamboilerrepairs.uk/sitemap.xml",0,0,0,0,0,0,0,0
20,https://www.birminghamboilerrepairs.uk/boldmere/atag-specialists,Boldmere Atag Specialists | Same Day Service | Fixed Price Quote,text/html; charset=utf-8,false,200,0,"https://birminghamboilerrepairs.uk/sitemap.xml
https://www.birminghamboilerrepairs.uk/sitemap.xml",0,0,0,0,0,0,0,0
20,https://www.birminghamboilerrepairs.uk/glebe-farm/vaillant-specialists,Glebe Farm Vaillant Specialists | Same Day Service | Fixed Price Quote,text/html; charset=utf-8,false,200,0,"https://birminghamboilerrepairs.uk/sitemap.xml
https://www.birminghamboilerrepairs.uk/sitemap.xml",0,0,0,0,0,0,0,0
20,https://www.birminghamboilerrepairs.uk/falcon-lodge/viessmann-specialists,Falcon Lodge Viessmann Specialists | Same Day Service | Fixed Price Quote,text/html; charset=utf-8,false,200,0,"https://birminghamboilerrepairs.uk/sitemap.xml
https://www.birminghamboilerrepairs.uk/sitemap.xml",0,0,0,0,0,0,0,0
20,https://www.birminghamboilerrepairs.uk/bordesley-green/ideal-boilers-specialists,Bordesley Green Ideal Boilers Specialists | Same Day Service | Fixed Price Quote,text/html; charset=utf-8,false,200,0,"https://birminghamboilerrepairs.uk/sitemap.xml
https://www.birminghamboilerrepairs.uk/sitemap.xml",0,0,0,0,0,0,0,0
20,https://www.birminghamboilerrepairs.uk/brandwood-end/vokera-specialists,Brandwood End Vokera Specialists | Same Day Service | Fixed Price Quote,text/html; charset=utf-8,false,200,0,"https://birminghamboilerrepairs.uk/sitemap.xml
https://www.birminghamboilerrepairs.uk/sitemap.xml",0,0,0,0,0,0,0,0
20,https://www.birminghamboilerrepairs.uk/gib-heath/main-boiler-specialists,Gib Heath Main Specialists | Same Day Service | Fixed Price Quote,text/html; charset=utf-8,false,200,0,"https://birminghamboilerrepairs.uk/sitemap.xml
https://www.birminghamboilerrepairs.uk/sitemap.xml",0,0,0,0,0,0,0,0
20,https://www.birminghamboilerrepairs.uk/bordesley/atag-specialists,Bordesley Atag Specialists | Same Day Service | Fixed Price Quote,text/html; charset=utf-8,false,200,0,"https://birminghamboilerrepairs.uk/sitemap.xml
https://www.birminghamboilerrepairs.uk/sitemap.xml",0,0,0,0,0,0,0,0
20,https://www.birminghamboilerrepairs.uk/frankley/glowworm-specialists,Frankley Glow-worm Specialists | Same Day Service | Fixed Price Quote,text/html; charset=utf-8,false,200,0,"https://birminghamboilerrepairs.uk/sitemap.xml
https://www.birminghamboilerrepairs.uk/sitemap.xml",0,0,0,0,0,0,0,0
20,https://www.birminghamboilerrepairs.uk/gospel-oak/alpha-boiler-specialists,Gospel Oak Alpha Specialists | Same Day Service | Fixed Price Quote,text/html; charset=utf-8,false,200,0,"https://birminghamboilerrepairs.uk/sitemap.xml
https://www.birminghamboilerrepairs.uk/sitemap.xml",0,0,0,0,0,0,0,0
20,https://www.birminghamboilerrepairs.uk/boldmere/main-boiler-specialists,Boldmere Main Specialists | Same Day Service | Fixed Price Quote,text/html; charset=utf-8,false,200,0,"https://birminghamboilerrepairs.uk/sitemap.xml
https://www.birminghamboilerrepairs.uk/sitemap.xml",0,0,0,0,0,0,0,0
20,https://www.birminghamboilerrepairs.uk/edgbaston/glowworm-specialists,Edgbaston Glow-worm Specialists | Same Day Service | Fixed Price Quote,text/html; charset=utf-8,false,200,0,"https://birminghamboilerrepairs.uk/sitemap.xml
https://www.birminghamboilerrepairs.uk/sitemap.xml",0,0,0,0,0,0,0,0
20,https://www.birminghamboilerrepairs.uk/deritend/alpha-boiler-specialists,Deritend Alpha Specialists | Same Day Service | Fixed Price Quote,text/html; charset=utf-8,false,200,0,"https://birminghamboilerrepairs.uk/sitemap.xml
https://www.birminghamboilerrepairs.uk/sitemap.xml",0,0,0,0,0,0,0,0
20,https://www.birminghamboilerrepairs.uk/camp-hill/intergas-specialists,Camp Hill Intergas Specialists | Same Day Service | Fixed Price Quote,text/html; charset=utf-8,false,200,0,"https://birminghamboilerrepairs.uk/sitemap.xml
https://www.birminghamboilerrepairs.uk/sitemap.xml",0,0,0,0,0,0,0,0
20,https://www.birminghamboilerrepairs.uk/erdington/biasi-specialists,Erdington Biasi Specialists | Same Day Service | Fixed Price Quote,text/html; charset=utf-8,false,200,0,"https://birminghamboilerrepairs.uk/sitemap.xml
https://www.birminghamboilerrepairs.uk/sitemap.xml",0,0,0,0,0,0,0,0
20,https://www.birminghamboilerrepairs.uk/great-barr/ideal-boilers-specialists,Great Barr Ideal Boilers Specialists | Same Day Service | Fixed Price Quote,text/html; charset=utf-8,false,200,0,"https://birminghamboilerrepairs.uk/sitemap.xml
https://www.birminghamboilerrepairs.uk/sitemap.xml",0,0,0,0,0,0,0,0
20,https://www.birminghamboilerrepairs.uk/churchfield/atag-specialists,Churchfield Atag Specialists | Same Day Service | Fixed Price Quote,text/html; charset=utf-8,false,200,0,"https://birminghamboilerrepairs.uk/sitemap.xml
https://www.birminghamboilerrepairs.uk/sitemap.xml",0,0,0,0,0,0,0,0
20,https://www.birminghamboilerrepairs.uk/gosta-green/ariston-specialists,Gosta Green Ariston Specialists | Same Day Service | Fixed Price Quote,text/html; charset=utf-8,false,200,0,"https://birminghamboilerrepairs.uk/sitemap.xml
https://www.birminghamboilerrepairs.uk/sitemap.xml",0,0,0,0,0,0,0,0
20,https://www.birminghamboilerrepairs.uk/gravelly-hill/intergas-specialists,Gravelly Hill Intergas Specialists | Same Day Service | Fixed Price Quote,text/html; charset=utf-8,false,200,0,"https://birminghamboilerrepairs.uk/sitemap.xml
https://www.birminghamboilerrepairs.uk/sitemap.xml",0,0,0,0,0,0,0,0
20,https://www.birminghamboilerrepairs.uk/fox-hollies/heatline-specialists,Fox Hollies Heatline Specialists | Same Day Service | Fixed Price Quote,text/html; charset=utf-8,false,200,0,"https://birminghamboilerrepairs.uk/sitemap.xml
https://www.birminghamboilerrepairs.uk/sitemap.xml",0,0,0,0,0,0,0,0
20,https://www.birminghamboilerrepairs.uk/birches-green/glowworm-specialists,Birches Green Glow-worm Specialists | Same Day Service | Fixed Price Quote,text/html; charset=utf-8,false,200,0,"https://birminghamboilerrepairs.uk/sitemap.xml
https://www.birminghamboilerrepairs.uk/sitemap.xml",0,0,0,0,0,0,0,0
20,https://www.birminghamboilerrepairs.uk/birmingham/baxi-specialists,Birmingham Baxi Specialists | Same Day Service | Fixed Price Quote,text/html; charset=utf-8,false,200,0,"https://birminghamboilerrepairs.uk/sitemap.xml
https://www.birminghamboilerrepairs.uk/sitemap.xml",0,0,0,0,0,0,0,0
20,https://www.birminghamboilerrepairs.uk/glebe-farm/ariston-specialists,Glebe Farm Ariston Specialists | Same Day Service | Fixed Price Quote,text/html; charset=utf-8,false,200,0,"https://birminghamboilerrepairs.uk/sitemap.xml
https://www.birminghamboilerrepairs.uk/sitemap.xml",0,0,0,0,0,0,0,0
20,https://www.birminghamboilerrepairs.uk/glebe-farm/atag-specialists,Glebe Farm Atag Specialists | Same Day Service | Fixed Price Quote,text/html; charset=utf-8,false,200,0,"https://birminghamboilerrepairs.uk/sitemap.xml
https://www.birminghamboilerrepairs.uk/sitemap.xml",0,0,0,0,0,0,0,0
20,https://www.birminghamboilerrepairs.uk/four-oaks/atag-specialists,Four Oaks Atag Specialists | Same Day Service | Fixed Price Quote,text/html; charset=utf-8,false,200,0,"https://birminghamboilerrepairs.uk/sitemap.xml
https://www.birminghamboilerrepairs.uk/sitemap.xml",0,0,0,0,0,0,0,0
20,https://www.birminghamboilerrepairs.uk/cotteridge/ideal-boilers-specialists,Cotteridge Ideal Boilers Specialists | Same Day Service | Fixed Price Quote,text/html; charset=utf-8,false,200,0,"https://birminghamboilerrepairs.uk/sitemap.xml
https://www.birminghamboilerrepairs.uk/sitemap.xml",0,0,0,0,0,0,0,0
20,https://www.birminghamboilerrepairs.uk/cofton-common/vaillant-specialists,Cofton Common Vaillant Specialists | Same Day Service | Fixed Price Quote,text/html; charset=utf-8,false,200,0,"https://birminghamboilerrepairs.uk/sitemap.xml
https://www.birminghamboilerrepairs.uk/sitemap.xml",0,0,0,0,0,0,0,0
20,https://www.birminghamboilerrepairs.uk/bordesley/potterton-specialists,Bordesley Potterton Specialists | Same Day Service | Fixed Price Quote,text/html; charset=utf-8,false,200,0,"https://birminghamboilerrepairs.uk/sitemap.xml
https://www.birminghamboilerrepairs.uk/sitemap.xml",0,0,0,0,0,0,0,0
20,https://www.birminghamboilerrepairs.uk/birmingham/ideal-boilers-specialists,Birmingham Ideal Boilers Specialists | Same Day Service | Fixed Price Quote,text/html; charset=utf-8,false,200,0,"https://birminghamboilerrepairs.uk/sitemap.xml
https://www.birminghamboilerrepairs.uk/sitemap.xml",0,0,0,0,0,0,0,0
20,https://www.birminghamboilerrepairs.uk/four-oaks/heatline-specialists,Four Oaks Heatline Specialists | Same Day Service | Fixed Price Quote,text/html; charset=utf-8,false,200,0,"https://birminghamboilerrepairs.uk/sitemap.xml
https://www.birminghamboilerrepairs.uk/sitemap.xml",0,0,0,0,0,0,0,0
20,https://www.birminghamboilerrepairs.uk/churchfield/biasi-specialists,Churchfield Biasi Specialists | Same Day Service | Fixed Price Quote,text/html; charset=utf-8,false,200,0,"https://birminghamboilerrepairs.uk/sitemap.xml
https://www.birminghamboilerrepairs.uk/sitemap.xml",0,0,0,0,0,0,0,0
20,https://www.birminghamboilerrepairs.uk/bordesley-green/main-boiler-specialists,Bordesley Green Main Specialists | Same Day Service | Fixed Price Quote,text/html; charset=utf-8,false,200,0,"https://birminghamboilerrepairs.uk/sitemap.xml
https://www.birminghamboilerrepairs.uk/sitemap.xml",0,0,0,0,0,0,0,0
20,https://www.birminghamboilerrepairs.uk/eastside/vaillant-specialists,Eastside Vaillant Specialists | Same Day Service | Fixed Price Quote,text/html; charset=utf-8,false,200,0,"https://birminghamboilerrepairs.uk/sitemap.xml
https://www.birminghamboilerrepairs.uk/sitemap.xml",0,0,0,0,0,0,0,0
20,https://www.birminghamboilerrepairs.uk/birmingham/alpha-boiler-specialists,Birmingham Alpha Specialists | Same Day Service | Fixed Price Quote,text/html; charset=utf-8,false,200,0,"https://birminghamboilerrepairs.uk/sitemap.xml
https://www.birminghamboilerrepairs.uk/sitemap.xml",0,0,0,0,0,0,0,0
20,https://www.birminghamboilerrepairs.uk/castle-vale/ariston-specialists,Castle Vale Ariston Specialists | Same Day Service | Fixed Price Quote,text/html; charset=utf-8,false,200,0,"https://birminghamboilerrepairs.uk/sitemap.xml
https://www.birminghamboilerrepairs.uk/sitemap.xml",0,0,0,0,0,0,0,0
20,https://www.birminghamboilerrepairs.uk/bournbrook/vaillant-specialists,Bournbrook Vaillant Specialists | Same Day Service | Fixed Price Quote,text/html; charset=utf-8,false,200,0,"https://birminghamboilerrepairs.uk/sitemap.xml
https://www.birminghamboilerrepairs.uk/sitemap.xml",0,0,0,0,0,0,0,0
20,https://www.birminghamboilerrepairs.uk/great-barr/atag-specialists,Great Barr Atag Specialists | Same Day Service | Fixed Price Quote,text/html; charset=utf-8,false,200,0,"https://birminghamboilerrepairs.uk/sitemap.xml
https://www.birminghamboilerrepairs.uk/sitemap.xml",0,0,0,0,0,0,0,0
20,https://www.birminghamboilerrepairs.uk/four-oaks/alpha-boiler-specialists,Four Oaks Alpha Specialists | Same Day Service | Fixed Price Quote,text/html; charset=utf-8,false,200,0,"https://birminghamboilerrepairs.uk/sitemap.xml
https://www.birminghamboilerrepairs.uk/sitemap.xml",0,0,0,0,0,0,0,0
20,https://www.birminghamboilerrepairs.uk/bournville/glowworm-specialists,Bournville Glow-worm Specialists | Same Day Service | Fixed Price Quote,text/html; charset=utf-8,false,200,0,"https://birminghamboilerrepairs.uk/sitemap.xml
https://www.birminghamboilerrepairs.uk/sitemap.xml",0,0,0,0,0,0,0,0
20,https://www.birminghamboilerrepairs.uk/boldmere/viessmann-specialists,Boldmere Viessmann Specialists | Same Day Service | Fixed Price Quote,text/html; charset=utf-8,false,200,0,"https://birminghamboilerrepairs.uk/sitemap.xml
https://www.birminghamboilerrepairs.uk/sitemap.xml",0,0,0,0,0,0,0,0
20,https://www.birminghamboilerrepairs.uk/browns-green/biasi-specialists,Browns Green Biasi Specialists | Same Day Service | Fixed Price Quote,text/html; charset=utf-8,false,200,0,"https://birminghamboilerrepairs.uk/sitemap.xml
https://www.birminghamboilerrepairs.uk/sitemap.xml",0,0,0,0,0,0,0,0
20,https://www.birminghamboilerrepairs.uk/bournbrook/vokera-specialists,Bournbrook Vokera Specialists | Same Day Service | Fixed Price Quote,text/html; charset=utf-8,false,200,0,"https://birminghamboilerrepairs.uk/sitemap.xml
https://www.birminghamboilerrepairs.uk/sitemap.xml",0,0,0,0,0,0,0,0
20,https://www.birminghamboilerrepairs.uk/erdington/glowworm-specialists,Erdington Glow-worm Specialists | Same Day Service | Fixed Price Quote,text/html; charset=utf-8,false,200,0,"https://birminghamboilerrepairs.uk/sitemap.xml
https://www.birminghamboilerrepairs.uk/sitemap.xml",0,0,0,0,0,0,0,0
20,https://www.birminghamboilerrepairs.uk/cofton-common/alpha-boiler-specialists,Cofton Common Alpha Specialists | Same Day Service | Fixed Price Quote,text/html; charset=utf-8,false,200,0,"https://birminghamboilerrepairs.uk/sitemap.xml
https://www.birminghamboilerrepairs.uk/sitemap.xml",0,0,0,0,0,0,0,0
20,https://www.birminghamboilerrepairs.uk/edgbaston/alpha-boiler-specialists,Edgbaston Alpha Specialists | Same Day Service | Fixed Price Quote,text/html; charset=utf-8,false,200,0,"https://birminghamboilerrepairs.uk/sitemap.xml
https://www.birminghamboilerrepairs.uk/sitemap.xml",0,0,0,0,0,0,0,0
20,https://www.birminghamboilerrepairs.uk/bournbrook/main-boiler-specialists,Bournbrook Main Specialists | Same Day Service | Fixed Price Quote,text/html; charset=utf-8,false,200,0,"https://birminghamboilerrepairs.uk/sitemap.xml
https://www.birminghamboilerrepairs.uk/sitemap.xml",0,0,0,0,0,0,0,0
20,https://www.birminghamboilerrepairs.uk/birchfield/ariston-specialists,Birchfield Ariston Specialists | Same Day Service | Fixed Price Quote,text/html; charset=utf-8,false,200,0,"https://birminghamboilerrepairs.uk/sitemap.xml
https://www.birminghamboilerrepairs.uk/sitemap.xml",0,0,0,0,0,0,0,0
20,https://www.birminghamboilerrepairs.uk/gilbertstone/intergas-specialists,Gilbertstone Intergas Specialists | Same Day Service | Fixed Price Quote,text/html; charset=utf-8,false,200,0,"https://birminghamboilerrepairs.uk/sitemap.xml
https://www.birminghamboilerrepairs.uk/sitemap.xml",0,0,0,0,0,0,0,0
20,https://www.birminghamboilerrepairs.uk/california/biasi-specialists,California Biasi Specialists | Same Day Service | Fixed Price Quote,text/html; charset=utf-8,false,200,0,"https://birminghamboilerrepairs.uk/sitemap.xml
https://www.birminghamboilerrepairs.uk/sitemap.xml",0,0,0,0,0,0,0,0
20,https://www.birminghamboilerrepairs.uk/four-oaks/ariston-specialists,Four Oaks Ariston Specialists | Same Day Service | Fixed Price Quote,text/html; charset=utf-8,false,200,0,"https://birminghamboilerrepairs.uk/sitemap.xml
https://www.birminghamboilerrepairs.uk/sitemap.xml",0,0,0,0,0,0,0,0
20,https://www.birminghamboilerrepairs.uk/bromford/baxi-specialists,Bromford Baxi Specialists | Same Day Service | Fixed Price Quote,text/html; charset=utf-8,false,200,0,"https://birminghamboilerrepairs.uk/sitemap.xml
https://www.birminghamboilerrepairs.uk/sitemap.xml",0,0,0,0,0,0,0,0
20,https://www.birminghamboilerrepairs.uk/eastside/ideal-boilers-specialists,Eastside Ideal Boilers Specialists | Same Day Service | Fixed Price Quote,text/html; charset=utf-8,false,200,0,"https://birminghamboilerrepairs.uk/sitemap.xml
https://www.birminghamboilerrepairs.uk/sitemap.xml",0,0,0,0,0,0,0,0
20,https://www.birminghamboilerrepairs.uk/gosta-green/intergas-specialists,Gosta Green Intergas Specialists | Same Day Service | Fixed Price Quote,text/html; charset=utf-8,false,200,0,"https://birminghamboilerrepairs.uk/sitemap.xml
https://www.birminghamboilerrepairs.uk/sitemap.xml",0,0,0,0,0,0,0,0
20,https://www.birminghamboilerrepairs.uk/billesley/alpha-boiler-specialists,Billesley Alpha Specialists | Same Day Service | Fixed Price Quote,text/html; charset=utf-8,false,200,0,"https://birminghamboilerrepairs.uk/sitemap.xml
https://www.birminghamboilerrepairs.uk/sitemap.xml",0,0,0,0,0,0,0,0
20,https://www.birminghamboilerrepairs.uk/gravelly-hill/biasi-specialists,Gravelly Hill Biasi Specialists | Same Day Service | Fixed Price Quote,text/html; charset=utf-8,false,200,0,"https://birminghamboilerrepairs.uk/sitemap.xml
https://www.birminghamboilerrepairs.uk/sitemap.xml",0,0,0,0,0,0,0,0
20,https://www.birminghamboilerrepairs.uk/bournbrook/ideal-boilers-specialists,Bournbrook Ideal Boilers Specialists | Same Day Service | Fixed Price Quote,text/html; charset=utf-8,false,200,0,"https://birminghamboilerrepairs.uk/sitemap.xml
https://www.birminghamboilerrepairs.uk/sitemap.xml",0,0,0,0,0,0,0,0
20,https://www.birminghamboilerrepairs.uk/bromford/atag-specialists,Bromford Atag Specialists | Same Day Service | Fixed Price Quote,text/html; charset=utf-8,false,200,0,"https://birminghamboilerrepairs.uk/sitemap.xml
https://www.birminghamboilerrepairs.uk/sitemap.xml",0,0,0,0,0,0,0,0
20,https://www.birminghamboilerrepairs.uk/camp-hill/ariston-specialists,Camp Hill Ariston Specialists | Same Day Service | Fixed Price Quote,text/html; charset=utf-8,false,200,0,"https://birminghamboilerrepairs.uk/sitemap.xml
https://www.birminghamboilerrepairs.uk/sitemap.xml",0,0,0,0,0,0,0,0
20,https://www.birminghamboilerrepairs.uk/boldmere/intergas-specialists,Boldmere Intergas Specialists | Same Day Service | Fixed Price Quote,text/html; charset=utf-8,false,200,0,"https://birminghamboilerrepairs.uk/sitemap.xml
https://www.birminghamboilerrepairs.uk/sitemap.xml",0,0,0,0,0,0,0,0
20,https://www.birminghamboilerrepairs.uk/chad-valley/heatline-specialists,Chad Valley Heatline Specialists | Same Day Service | Fixed Price Quote,text/html; charset=utf-8,false,200,0,"https://birminghamboilerrepairs.uk/sitemap.xml
https://www.birminghamboilerrepairs.uk/sitemap.xml",0,0,0,0,0,0,0,0
20,https://www.birminghamboilerrepairs.uk/brandwood-end/vaillant-specialists,Brandwood End Vaillant Specialists | Same Day Service | Fixed Price Quote,text/html; charset=utf-8,false,200,0,"https://birminghamboilerrepairs.uk/sitemap.xml
https://www.birminghamboilerrepairs.uk/sitemap.xml",0,0,0,0,0,0,0,0
20,https://www.birminghamboilerrepairs.uk/frankley/vokera-specialists,Frankley Vokera Specialists | Same Day Service | Fixed Price Quote,text/html; charset=utf-8,false,200,0,"https://birminghamboilerrepairs.uk/sitemap.xml
https://www.birminghamboilerrepairs.uk/sitemap.xml",0,0,0,0,0,0,0,0
20,https://www.birminghamboilerrepairs.uk/billesley/ideal-boilers-specialists,Billesley Ideal Boilers Specialists | Same Day Service | Fixed Price Quote,text/html; charset=utf-8,false,200,0,"https://birminghamboilerrepairs.uk/sitemap.xml
https://www.birminghamboilerrepairs.uk/sitemap.xml",0,0,0,0,0,0,0,0
20,https://www.birminghamboilerrepairs.uk/billesley/viessmann-specialists,Billesley Viessmann Specialists | Same Day Service | Fixed Price Quote,text/html; charset=utf-8,false,200,0,"https://birminghamboilerrepairs.uk/sitemap.xml
https://www.birminghamboilerrepairs.uk/sitemap.xml",0,0,0,0,0,0,0,0
20,https://www.birminghamboilerrepairs.uk/bordesley-green/heatline-specialists,Bordesley Green Heatline Specialists | Same Day Service | Fixed Price Quote,text/html; charset=utf-8,false,200,0,"https://birminghamboilerrepairs.uk/sitemap.xml
https://www.birminghamboilerrepairs.uk/sitemap.xml",0,0,0,0,0,0,0,0
20,https://www.birminghamboilerrepairs.uk/churchfield/viessmann-specialists,Churchfield Viessmann Specialists | Same Day Service | Fixed Price Quote,text/html; charset=utf-8,false,200,0,"https://birminghamboilerrepairs.uk/sitemap.xml
https://www.birminghamboilerrepairs.uk/sitemap.xml",0,0,0,0,0,0,0,0
20,https://www.birminghamboilerrepairs.uk/birches-green/heatline-specialists,Birches Green Heatline Specialists | Same Day Service | Fixed Price Quote,text/html; charset=utf-8,false,200,0,"https://birminghamboilerrepairs.uk/sitemap.xml
https://www.birminghamboilerrepairs.uk/sitemap.xml",0,0,0,0,0,0,0,0
20,https://www.birminghamboilerrepairs.uk/birmingham/vokera-specialists,Birmingham Vokera Specialists | Same Day Service | Fixed Price Quote,text/html; charset=utf-8,false,200,0,"https://birminghamboilerrepairs.uk/sitemap.xml
https://www.birminghamboilerrepairs.uk/sitemap.xml",0,0,0,0,0,0,0,0
20,https://www.birminghamboilerrepairs.uk/billesley/ariston-specialists,Billesley Ariston Specialists | Same Day Service | Fixed Price Quote,text/html; charset=utf-8,false,200,0,"https://birminghamboilerrepairs.uk/sitemap.xml
https://www.birminghamboilerrepairs.uk/sitemap.xml",0,0,0,0,0,0,0,0
20,https://www.birminghamboilerrepairs.uk/garretts-green/ideal-boilers-specialists,Garretts Green Ideal Boilers Specialists | Same Day Service | Fixed Price Quote,text/html; charset=utf-8,false,200,0,"https://birminghamboilerrepairs.uk/sitemap.xml
https://www.birminghamboilerrepairs.uk/sitemap.xml",0,0,0,0,0,0,0,0
20,https://www.birminghamboilerrepairs.uk/erdington/atag-specialists,Erdington Atag Specialists | Same Day Service | Fixed Price Quote,text/html; charset=utf-8,false,200,0,"https://birminghamboilerrepairs.uk/sitemap.xml
https://www.birminghamboilerrepairs.uk/sitemap.xml",0,0,0,0,0,0,0,0
20,https://www.birminghamboilerrepairs.uk/eastside/biasi-specialists,Eastside Biasi Specialists | Same Day Service | Fixed Price Quote,text/html; charset=utf-8,false,200,0,"https://birminghamboilerrepairs.uk/sitemap.xml
https://www.birminghamboilerrepairs.uk/sitemap.xml",0,0,0,0,0,0,0,0
20,https://www.birminghamboilerrepairs.uk/castle-vale/baxi-specialists,Castle Vale Baxi Specialists | Same Day Service | Fixed Price Quote,text/html; charset=utf-8,false,200,0,"https://birminghamboilerrepairs.uk/sitemap.xml
https://www.birminghamboilerrepairs.uk/sitemap.xml",0,0,0,0,0,0,0,0
20,https://www.birminghamboilerrepairs.uk/great-barr/vaillant-specialists,Great Barr Vaillant Specialists | Same Day Service | Fixed Price Quote,text/html; charset=utf-8,false,200,0,"https://birminghamboilerrepairs.uk/sitemap.xml
https://www.birminghamboilerrepairs.uk/sitemap.xml",0,0,0,0,0,0,0,0
20,https://www.birminghamboilerrepairs.uk/buckland-end/vokera-specialists,Buckland End Vokera Specialists | Same Day Service | Fixed Price Quote,text/html; charset=utf-8,false,200,0,"https://birminghamboilerrepairs.uk/sitemap.xml
https://www.birminghamboilerrepairs.uk/sitemap.xml",0,0,0,0,0,0,0,0
20,https://www.birminghamboilerrepairs.uk/churchfield/alpha-boiler-specialists,Churchfield Alpha Specialists | Same Day Service | Fixed Price Quote,text/html; charset=utf-8,false,200,0,"https://birminghamboilerrepairs.uk/sitemap.xml
https://www.birminghamboilerrepairs.uk/sitemap.xml",0,0,0,0,0,0,0,0
20,https://www.birminghamboilerrepairs.uk/gravelly-hill/ideal-boilers-specialists,Gravelly Hill Ideal Boilers Specialists | Same Day Service | Fixed Price Quote,text/html; charset=utf-8,false,200,0,"https://birminghamboilerrepairs.uk/sitemap.xml
https://www.birminghamboilerrepairs.uk/sitemap.xml",0,0,0,0,0,0,0,0
20,https://www.birminghamboilerrepairs.uk/fox-hollies/biasi-specialists,Fox Hollies Biasi Specialists | Same Day Service | Fixed Price Quote,text/html; charset=utf-8,false,200,0,"https://birminghamboilerrepairs.uk/sitemap.xml
https://www.birminghamboilerrepairs.uk/sitemap.xml",0,0,0,0,0,0,0,0
20,https://www.birminghamboilerrepairs.uk/buckland-end/main-boiler-specialists,Buckland End Main Specialists | Same Day Service | Fixed Price Quote,text/html; charset=utf-8,false,200,0,"https://birminghamboilerrepairs.uk/sitemap.xml
https://www.birminghamboilerrepairs.uk/sitemap.xml",0,0,0,0,0,0,0,0
20,https://www.birminghamboilerrepairs.uk/frankley/ideal-boilers-specialists,Frankley Ideal Boilers Specialists | Same Day Service | Fixed Price Quote,text/html; charset=utf-8,false,200,0,"https://birminghamboilerrepairs.uk/sitemap.xml
https://www.birminghamboilerrepairs.uk/sitemap.xml",0,0,0,0,0,0,0,0
20,https://www.birminghamboilerrepairs.uk/gravelly-hill/viessmann-specialists,Gravelly Hill Viessmann Specialists | Same Day Service | Fixed Price Quote,text/html; charset=utf-8,false,200,0,"https://birminghamboilerrepairs.uk/sitemap.xml
https://www.birminghamboilerrepairs.uk/sitemap.xml",0,0,0,0,0,0,0,0
20,https://www.birminghamboilerrepairs.uk/glebe-farm/alpha-boiler-specialists,Glebe Farm Alpha Specialists | Same Day Service | Fixed Price Quote,text/html; charset=utf-8,false,200,0,"https://birminghamboilerrepairs.uk/sitemap.xml
https://www.birminghamboilerrepairs.uk/sitemap.xml",0,0,0,0,0,0,0,0
20,https://www.birminghamboilerrepairs.uk/bordesley-green/viessmann-specialists,Bordesley Green Viessmann Specialists | Same Day Service | Fixed Price Quote,text/html; charset=utf-8,false,200,0,"https://birminghamboilerrepairs.uk/sitemap.xml
https://www.birminghamboilerrepairs.uk/sitemap.xml",0,0,0,0,0,0,0,0
20,https://www.birminghamboilerrepairs.uk/birches-green/baxi-specialists,Birches Green Baxi Specialists | Same Day Service | Fixed Price Quote,text/html; charset=utf-8,false,200,0,"https://birminghamboilerrepairs.uk/sitemap.xml
https://www.birminghamboilerrepairs.uk/sitemap.xml",0,0,0,0,0,0,0,0
20,https://www.birminghamboilerrepairs.uk/brandwood-end/potterton-specialists,Brandwood End Potterton Specialists | Same Day Service | Fixed Price Quote,text/html; charset=utf-8,false,200,0,"https://birminghamboilerrepairs.uk/sitemap.xml
https://www.birminghamboilerrepairs.uk/sitemap.xml",0,0,0,0,0,0,0,0
20,https://www.birminghamboilerrepairs.uk/bordesley-green/vokera-specialists,Bordesley Green Vokera Specialists | Same Day Service | Fixed Price Quote,text/html; charset=utf-8,false,200,0,"https://birminghamboilerrepairs.uk/sitemap.xml
https://www.birminghamboilerrepairs.uk/sitemap.xml",0,0,0,0,0,0,0,0
20,https://www.birminghamboilerrepairs.uk/bordesley/heatline-specialists,Bordesley Heatline Specialists | Same Day Service | Fixed Price Quote,text/html; charset=utf-8,false,200,0,"https://birminghamboilerrepairs.uk/sitemap.xml
https://www.birminghamboilerrepairs.uk/sitemap.xml",0,0,0,0,0,0,0,0
20,https://www.birminghamboilerrepairs.uk/gilbertstone/atag-specialists,Gilbertstone Atag Specialists | Same Day Service | Fixed Price Quote,text/html; charset=utf-8,false,200,0,"https://birminghamboilerrepairs.uk/sitemap.xml
https://www.birminghamboilerrepairs.uk/sitemap.xml",0,0,0,0,0,0,0,0
20,https://www.birminghamboilerrepairs.uk/birchfield/glowworm-specialists,Birchfield Glow-worm Specialists | Same Day Service | Fixed Price Quote,text/html; charset=utf-8,false,200,0,"https://birminghamboilerrepairs.uk/sitemap.xml
https://www.birminghamboilerrepairs.uk/sitemap.xml",0,0,0,0,0,0,0,0
20,https://www.birminghamboilerrepairs.uk/glebe-farm/intergas-specialists,Glebe Farm Intergas Specialists | Same Day Service | Fixed Price Quote,text/html; charset=utf-8,false,200,0,"https://birminghamboilerrepairs.uk/sitemap.xml
https://www.birminghamboilerrepairs.uk/sitemap.xml",0,0,0,0,0,0,0,0
20,https://www.birminghamboilerrepairs.uk/deritend/vokera-specialists,Deritend Vokera Specialists | Same Day Service | Fixed Price Quote,text/html; charset=utf-8,false,200,0,"https://birminghamboilerrepairs.uk/sitemap.xml
https://www.birminghamboilerrepairs.uk/sitemap.xml",0,0,0,0,0,0,0,0
20,https://www.birminghamboilerrepairs.uk/deritend/atag-specialists,Deritend Atag Specialists | Same Day Service | Fixed Price Quote,text/html; charset=utf-8,false,200,0,"https://birminghamboilerrepairs.uk/sitemap.xml
https://www.birminghamboilerrepairs.uk/sitemap.xml",0,0,0,0,0,0,0,0
20,https://www.birminghamboilerrepairs.uk/bournville/ideal-boilers-specialists,Bournville Ideal Boilers Specialists | Same Day Service | Fixed Price Quote,text/html; charset=utf-8,false,200,0,"https://birminghamboilerrepairs.uk/sitemap.xml
https://www.birminghamboilerrepairs.uk/sitemap.xml",0,0,0,0,0,0,0,0
20,https://www.birminghamboilerrepairs.uk/gospel-oak/vaillant-specialists,Gospel Oak Vaillant Specialists | Same Day Service | Fixed Price Quote,text/html; charset=utf-8,false,200,0,"https://birminghamboilerrepairs.uk/sitemap.xml
https://www.birminghamboilerrepairs.uk/sitemap.xml",0,0,0,0,0,0,0,0
20,https://www.birminghamboilerrepairs.uk/cofton-common/viessmann-specialists,Cofton Common Viessmann Specialists | Same Day Service | Fixed Price Quote,text/html; charset=utf-8,false,200,0,"https://birminghamboilerrepairs.uk/sitemap.xml
https://www.birminghamboilerrepairs.uk/sitemap.xml",0,0,0,0,0,0,0,0
20,https://www.birminghamboilerrepairs.uk/gospel-oak/viessmann-specialists,Gospel Oak Viessmann Specialists | Same Day Service | Fixed Price Quote,text/html; charset=utf-8,false,200,0,"https://birminghamboilerrepairs.uk/sitemap.xml
https://www.birminghamboilerrepairs.uk/sitemap.xml",0,0,0,0,0,0,0,0
20,https://www.birminghamboilerrepairs.uk/chad-valley/alpha-boiler-specialists,Chad Valley Alpha Specialists | Same Day Service | Fixed Price Quote,text/html; charset=utf-8,false,200,0,"https://birminghamboilerrepairs.uk/sitemap.xml
https://www.birminghamboilerrepairs.uk/sitemap.xml",0,0,0,0,0,0,0,0
20,https://www.birminghamboilerrepairs.uk/gosta-green/atag-specialists,Gosta Green Atag Specialists | Same Day Service | Fixed Price Quote,text/html; charset=utf-8,false,200,0,"https://birminghamboilerrepairs.uk/sitemap.xml
https://www.birminghamboilerrepairs.uk/sitemap.xml",0,0,0,0,0,0,0,0
20,https://www.birminghamboilerrepairs.uk/bournville/vaillant-specialists,Bournville Vaillant Specialists | Same Day Service | Fixed Price Quote,text/html; charset=utf-8,false,200,0,"https://birminghamboilerrepairs.uk/sitemap.xml
https://www.birminghamboilerrepairs.uk/sitemap.xml",0,0,0,0,0,0,0,0
20,https://www.birminghamboilerrepairs.uk/erdington/vaillant-specialists,Erdington Vaillant Specialists | Same Day Service | Fixed Price Quote,text/html; charset=utf-8,false,200,0,"https://birminghamboilerrepairs.uk/sitemap.xml
https://www.birminghamboilerrepairs.uk/sitemap.xml",0,0,0,0,0,0,0,0
20,https://www.birminghamboilerrepairs.uk/erdington/potterton-specialists,Erdington Potterton Specialists | Same Day Service | Fixed Price Quote,text/html; charset=utf-8,false,200,0,"https://birminghamboilerrepairs.uk/sitemap.xml
https://www.birminghamboilerrepairs.uk/sitemap.xml",0,0,0,0,0,0,0,0
20,https://www.birminghamboilerrepairs.uk/gravelly-hill/potterton-specialists,Gravelly Hill Potterton Specialists | Same Day Service | Fixed Price Quote,text/html; charset=utf-8,false,200,0,"https://birminghamboilerrepairs.uk/sitemap.xml
https://www.birminghamboilerrepairs.uk/sitemap.xml",0,0,0,0,0,0,0,0
20,https://www.birminghamboilerrepairs.uk/chad-valley/main-boiler-specialists,Chad Valley Main Specialists | Same Day Service | Fixed Price Quote,text/html; charset=utf-8,false,200,0,"https://birminghamboilerrepairs.uk/sitemap.xml
https://www.birminghamboilerrepairs.uk/sitemap.xml",0,0,0,0,0,0,0,0
20,https://www.birminghamboilerrepairs.uk/glebe-farm/heatline-specialists,Glebe Farm Heatline Specialists | Same Day Service | Fixed Price Quote,text/html; charset=utf-8,false,200,0,"https://birminghamboilerrepairs.uk/sitemap.xml
https://www.birminghamboilerrepairs.uk/sitemap.xml",0,0,0,0,0,0,0,0
20,https://www.birminghamboilerrepairs.uk/bournbrook/potterton-specialists,Bournbrook Potterton Specialists | Same Day Service | Fixed Price Quote,text/html; charset=utf-8,false,200,0,"https://birminghamboilerrepairs.uk/sitemap.xml
https://www.birminghamboilerrepairs.uk/sitemap.xml",0,0,0,0,0,0,0,0
20,https://www.birminghamboilerrepairs.uk/browns-green/intergas-specialists,Browns Green Intergas Specialists | Same Day Service | Fixed Price Quote,text/html; charset=utf-8,false,200,0,"https://birminghamboilerrepairs.uk/sitemap.xml
https://www.birminghamboilerrepairs.uk/sitemap.xml",0,0,0,0,0,0,0,0
20,https://www.birminghamboilerrepairs.uk/gilbertstone/main-boiler-specialists,Gilbertstone Main Specialists | Same Day Service | Fixed Price Quote,text/html; charset=utf-8,false,200,0,"https://birminghamboilerrepairs.uk/sitemap.xml
https://www.birminghamboilerrepairs.uk/sitemap.xml",0,0,0,0,0,0,0,0
20,https://www.birminghamboilerrepairs.uk/buckland-end/viessmann-specialists,Buckland End Viessmann Specialists | Same Day Service | Fixed Price Quote,text/html; charset=utf-8,false,200,0,"https://birminghamboilerrepairs.uk/sitemap.xml
https://www.birminghamboilerrepairs.uk/sitemap.xml",0,0,0,0,0,0,0,0
20,https://www.birminghamboilerrepairs.uk/edgbaston/vokera-specialists,Edgbaston Vokera Specialists | Same Day Service | Fixed Price Quote,text/html; charset=utf-8,false,200,0,"https://birminghamboilerrepairs.uk/sitemap.xml
https://www.birminghamboilerrepairs.uk/sitemap.xml",0,0,0,0,0,0,0,0
20,https://www.birminghamboilerrepairs.uk/great-barr/vokera-specialists,Great Barr Vokera Specialists | Same Day Service | Fixed Price Quote,text/html; charset=utf-8,false,200,0,"https://birminghamboilerrepairs.uk/sitemap.xml
https://www.birminghamboilerrepairs.uk/sitemap.xml",0,0,0,0,0,0,0,0
20,https://www.birminghamboilerrepairs.uk/birchfield/intergas-specialists,Birchfield Intergas Specialists | Same Day Service | Fixed Price Quote,text/html; charset=utf-8,false,200,0,"https://birminghamboilerrepairs.uk/sitemap.xml
https://www.birminghamboilerrepairs.uk/sitemap.xml",0,0,0,0,0,0,0,0
20,https://www.birminghamboilerrepairs.uk/buckland-end/biasi-specialists,Buckland End Biasi Specialists | Same Day Service | Fixed Price Quote,text/html; charset=utf-8,false,200,0,"https://birminghamboilerrepairs.uk/sitemap.xml
https://www.birminghamboilerrepairs.uk/sitemap.xml",0,0,0,0,0,0,0,0
20,https://www.birminghamboilerrepairs.uk/buckland-end/ideal-boilers-specialists,Buckland End Ideal Boilers Specialists | Same Day Service | Fixed Price Quote,text/html; charset=utf-8,false,200,0,"https://birminghamboilerrepairs.uk/sitemap.xml
https://www.birminghamboilerrepairs.uk/sitemap.xml",0,0,0,0,0,0,0,0
20,https://www.birminghamboilerrepairs.uk/billesley/main-boiler-specialists,Billesley Main Specialists | Same Day Service | Fixed Price Quote,text/html; charset=utf-8,false,200,0,"https://birminghamboilerrepairs.uk/sitemap.xml
https://www.birminghamboilerrepairs.uk/sitemap.xml",0,0,0,0,0,0,0,0
20,https://www.birminghamboilerrepairs.uk/churchfield/potterton-specialists,Churchfield Potterton Specialists | Same Day Service | Fixed Price Quote,text/html; charset=utf-8,false,200,0,"https://birminghamboilerrepairs.uk/sitemap.xml
https://www.birminghamboilerrepairs.uk/sitemap.xml",0,0,0,0,0,0,0,0
20,https://www.birminghamboilerrepairs.uk/bordesley/main-boiler-specialists,Bordesley Main Specialists | Same Day Service | Fixed Price Quote,text/html; charset=utf-8,false,200,0,"https://birminghamboilerrepairs.uk/sitemap.xml
https://www.birminghamboilerrepairs.uk/sitemap.xml",0,0,0,0,0,0,0,0
20,https://www.birminghamboilerrepairs.uk/gib-heath/alpha-boiler-specialists,Gib Heath Alpha Specialists | Same Day Service | Fixed Price Quote,text/html; charset=utf-8,false,200,0,"https://birminghamboilerrepairs.uk/sitemap.xml
https://www.birminghamboilerrepairs.uk/sitemap.xml",0,0,0,0,0,0,0,0
20,https://www.birminghamboilerrepairs.uk/gravelly-hill/ariston-specialists,Gravelly Hill Ariston Specialists | Same Day Service | Fixed Price Quote,text/html; charset=utf-8,false,200,0,"https://birminghamboilerrepairs.uk/sitemap.xml
https://www.birminghamboilerrepairs.uk/sitemap.xml",0,0,0,0,0,0,0,0
20,https://www.birminghamboilerrepairs.uk/boldmere/ariston-specialists,Boldmere Ariston Specialists | Same Day Service | Fixed Price Quote,text/html; charset=utf-8,false,200,0,"https://birminghamboilerrepairs.uk/sitemap.xml
https://www.birminghamboilerrepairs.uk/sitemap.xml",0,0,0,0,0,0,0,0
20,https://www.birminghamboilerrepairs.uk/bordesley-green/biasi-specialists,Bordesley Green Biasi Specialists | Same Day Service | Fixed Price Quote,text/html; charset=utf-8,false,200,0,"https://birminghamboilerrepairs.uk/sitemap.xml
https://www.birminghamboilerrepairs.uk/sitemap.xml",0,0,0,0,0,0,0,0
20,https://www.birminghamboilerrepairs.uk/garretts-green/ariston-specialists,Garretts Green Ariston Specialists | Same Day Service | Fixed Price Quote,text/html; charset=utf-8,false,200,0,"https://birminghamboilerrepairs.uk/sitemap.xml
https://www.birminghamboilerrepairs.uk/sitemap.xml",0,0,0,0,0,0,0,0
20,https://www.birminghamboilerrepairs.uk/birches-green/ariston-specialists,Birches Green Ariston Specialists | Same Day Service | Fixed Price Quote,text/html; charset=utf-8,false,200,0,"https://birminghamboilerrepairs.uk/sitemap.xml
https://www.birminghamboilerrepairs.uk/sitemap.xml",0,0,0,0,0,0,0,0
20,https://www.birminghamboilerrepairs.uk/cotteridge/intergas-specialists,Cotteridge Intergas Specialists | Same Day Service | Fixed Price Quote,text/html; charset=utf-8,false,200,0,"https://birminghamboilerrepairs.uk/sitemap.xml
https://www.birminghamboilerrepairs.uk/sitemap.xml",0,0,0,0,0,0,0,0
20,https://www.birminghamboilerrepairs.uk/brandwood-end/ideal-boilers-specialists,Brandwood End Ideal Boilers Specialists | Same Day Service | Fixed Price Quote,text/html; charset=utf-8,false,200,0,"https://birminghamboilerrepairs.uk/sitemap.xml
https://www.birminghamboilerrepairs.uk/sitemap.xml",0,0,0,0,0,0,0,0
20,https://www.birminghamboilerrepairs.uk/brandwood-end/biasi-specialists,Brandwood End Biasi Specialists | Same Day Service | Fixed Price Quote,text/html; charset=utf-8,false,200,0,"https://birminghamboilerrepairs.uk/sitemap.xml
https://www.birminghamboilerrepairs.uk/sitemap.xml",0,0,0,0,0,0,0,0
20,https://www.birminghamboilerrepairs.uk/fox-hollies/glowworm-specialists,Fox Hollies Glow-worm Specialists | Same Day Service | Fixed Price Quote,text/html; charset=utf-8,false,200,0,"https://birminghamboilerrepairs.uk/sitemap.xml
https://www.birminghamboilerrepairs.uk/sitemap.xml",0,0,0,0,0,0,0,0
20,https://www.birminghamboilerrepairs.uk/gravelly-hill/heatline-specialists,Gravelly Hill Heatline Specialists | Same Day Service | Fixed Price Quote,text/html; charset=utf-8,false,200,0,"https://birminghamboilerrepairs.uk/sitemap.xml
https://www.birminghamboilerrepairs.uk/sitemap.xml",0,0,0,0,0,0,0,0
20,https://www.birminghamboilerrepairs.uk/eastside/viessmann-specialists,Eastside Viessmann Specialists | Same Day Service | Fixed Price Quote,text/html; charset=utf-8,false,200,0,"https://birminghamboilerrepairs.uk/sitemap.xml
https://www.birminghamboilerrepairs.uk/sitemap.xml",0,0,0,0,0,0,0,0
20,https://www.birminghamboilerrepairs.uk/edgbaston/atag-specialists,Edgbaston Atag Specialists | Same Day Service | Fixed Price Quote,text/html; charset=utf-8,false,200,0,"https://birminghamboilerrepairs.uk/sitemap.xml
https://www.birminghamboilerrepairs.uk/sitemap.xml",0,0,0,0,0,0,0,0
20,https://www.birminghamboilerrepairs.uk/browns-green/viessmann-specialists,Browns Green Viessmann Specialists | Same Day Service | Fixed Price Quote,text/html; charset=utf-8,false,200,0,"https://birminghamboilerrepairs.uk/sitemap.xml
https://www.birminghamboilerrepairs.uk/sitemap.xml",0,0,0,0,0,0,0,0
20,https://www.birminghamboilerrepairs.uk/chad-valley/ariston-specialists,Chad Valley Ariston Specialists | Same Day Service | Fixed Price Quote,text/html; charset=utf-8,false,200,0,"https://birminghamboilerrepairs.uk/sitemap.xml
https://www.birminghamboilerrepairs.uk/sitemap.xml",0,0,0,0,0,0,0,0
20,https://www.birminghamboilerrepairs.uk/california/ideal-boilers-specialists,California Ideal Boilers Specialists | Same Day Service | Fixed Price Quote,text/html; charset=utf-8,false,200,0,"https://birminghamboilerrepairs.uk/sitemap.xml
https://www.birminghamboilerrepairs.uk/sitemap.xml",0,0,0,0,0,0,0,0
20,https://www.birminghamboilerrepairs.uk/birches-green/vokera-specialists,Birches Green Vokera Specialists | Same Day Service | Fixed Price Quote,text/html; charset=utf-8,false,200,0,"https://birminghamboilerrepairs.uk/sitemap.xml
https://www.birminghamboilerrepairs.uk/sitemap.xml",0,0,0,0,0,0,0,0
20,https://www.birminghamboilerrepairs.uk/cofton-common/ariston-specialists,Cofton Common Ariston Specialists | Same Day Service | Fixed Price Quote,text/html; charset=utf-8,false,200,0,"https://birminghamboilerrepairs.uk/sitemap.xml
https://www.birminghamboilerrepairs.uk/sitemap.xml",0,0,0,0,0,0,0,0
20,https://www.birminghamboilerrepairs.uk/castle-vale/potterton-specialists,Castle Vale Potterton Specialists | Same Day Service | Fixed Price Quote,text/html; charset=utf-8,false,200,0,"https://birminghamboilerrepairs.uk/sitemap.xml
https://www.birminghamboilerrepairs.uk/sitemap.xml",0,0,0,0,0,0,0,0
20,https://www.birminghamboilerrepairs.uk/glebe-farm/viessmann-specialists,Glebe Farm Viessmann Specialists | Same Day Service | Fixed Price Quote,text/html; charset=utf-8,false,200,0,"https://birminghamboilerrepairs.uk/sitemap.xml
https://www.birminghamboilerrepairs.uk/sitemap.xml",0,0,0,0,0,0,0,0
20,https://www.birminghamboilerrepairs.uk/birchfield/ideal-boilers-specialists,Birchfield Ideal Boilers Specialists | Same Day Service | Fixed Price Quote,text/html; charset=utf-8,false,200,0,"https://birminghamboilerrepairs.uk/sitemap.xml
https://www.birminghamboilerrepairs.uk/sitemap.xml",0,0,0,0,0,0,0,0
20,https://www.birminghamboilerrepairs.uk/frankley/alpha-boiler-specialists,Frankley Alpha Specialists | Same Day Service | Fixed Price Quote,text/html; charset=utf-8,false,200,0,"https://birminghamboilerrepairs.uk/sitemap.xml
https://www.birminghamboilerrepairs.uk/sitemap.xml",0,0,0,0,0,0,0,0
20,https://www.birminghamboilerrepairs.uk/fox-hollies/ariston-specialists,Fox Hollies Ariston Specialists | Same Day Service | Fixed Price Quote,text/html; charset=utf-8,false,200,0,"https://birminghamboilerrepairs.uk/sitemap.xml
https://www.birminghamboilerrepairs.uk/sitemap.xml",0,0,0,0,0,0,0,0
20,https://www.birminghamboilerrepairs.uk/deritend/baxi-specialists,Deritend Baxi Specialists | Same Day Service | Fixed Price Quote,text/html; charset=utf-8,false,200,0,"https://birminghamboilerrepairs.uk/sitemap.xml
https://www.birminghamboilerrepairs.uk/sitemap.xml",0,0,0,0,0,0,0,0
20,https://www.birminghamboilerrepairs.uk/garretts-green/potterton-specialists,Garretts Green Potterton Specialists | Same Day Service | Fixed Price Quote,text/html; charset=utf-8,false,200,0,"https://birminghamboilerrepairs.uk/sitemap.xml
https://www.birminghamboilerrepairs.uk/sitemap.xml",0,0,0,0,0,0,0,0
20,https://www.birminghamboilerrepairs.uk/browns-green/main-boiler-specialists,Browns Green Main Specialists | Same Day Service | Fixed Price Quote,text/html; charset=utf-8,false,200,0,"https://birminghamboilerrepairs.uk/sitemap.xml
https://www.birminghamboilerrepairs.uk/sitemap.xml",0,0,0,0,0,0,0,0
20,https://www.birminghamboilerrepairs.uk/birches-green/viessmann-specialists,Birches Green Viessmann Specialists | Same Day Service | Fixed Price Quote,text/html; charset=utf-8,false,200,0,"https://birminghamboilerrepairs.uk/sitemap.xml
https://www.birminghamboilerrepairs.uk/sitemap.xml",0,0,0,0,0,0,0,0
20,https://www.birminghamboilerrepairs.uk/cofton-common/baxi-specialists,Cofton Common Baxi Specialists | Same Day Service | Fixed Price Quote,text/html; charset=utf-8,false,200,0,"https://birminghamboilerrepairs.uk/sitemap.xml
https://www.birminghamboilerrepairs.uk/sitemap.xml",0,0,0,0,0,0,0,0
20,https://www.birminghamboilerrepairs.uk/birchfield/baxi-specialists,Birchfield Baxi Specialists | Same Day Service | Fixed Price Quote,text/html; charset=utf-8,false,200,0,"https://birminghamboilerrepairs.uk/sitemap.xml
https://www.birminghamboilerrepairs.uk/sitemap.xml",0,0,0,0,0,0,0,0
20,https://www.birminghamboilerrepairs.uk/browns-green/heatline-specialists,Browns Green Heatline Specialists | Same Day Service | Fixed Price Quote,text/html; charset=utf-8,false,200,0,"https://birminghamboilerrepairs.uk/sitemap.xml
https://www.birminghamboilerrepairs.uk/sitemap.xml",0,0,0,0,0,0,0,0
20,https://www.birminghamboilerrepairs.uk/garretts-green/main-boiler-specialists,Garretts Green Main Specialists | Same Day Service | Fixed Price Quote,text/html; charset=utf-8,false,200,0,"https://birminghamboilerrepairs.uk/sitemap.xml
https://www.birminghamboilerrepairs.uk/sitemap.xml",0,0,0,0,0,0,0,0
20,https://www.birminghamboilerrepairs.uk/buckland-end/vaillant-specialists,Buckland End Vaillant Specialists | Same Day Service | Fixed Price Quote,text/html; charset=utf-8,false,200,0,"https://birminghamboilerrepairs.uk/sitemap.xml
https://www.birminghamboilerrepairs.uk/sitemap.xml",0,0,0,0,0,0,0,0
20,https://www.birminghamboilerrepairs.uk/birmingham/viessmann-specialists,Birmingham Viessmann Specialists | Same Day Service | Fixed Price Quote,text/html; charset=utf-8,false,200,0,"https://birminghamboilerrepairs.uk/sitemap.xml
https://www.birminghamboilerrepairs.uk/sitemap.xml",0,0,0,0,0,0,0,0
20,https://www.birminghamboilerrepairs.uk/frankley/heatline-specialists,Frankley Heatline Specialists | Same Day Service | Fixed Price Quote,text/html; charset=utf-8,false,200,0,"https://birminghamboilerrepairs.uk/sitemap.xml
https://www.birminghamboilerrepairs.uk/sitemap.xml",0,0,0,0,0,0,0,0
20,https://www.birminghamboilerrepairs.uk/four-oaks/main-boiler-specialists,Four Oaks Main Specialists | Same Day Service | Fixed Price Quote,text/html; charset=utf-8,false,200,0,"https://birminghamboilerrepairs.uk/sitemap.xml
https://www.birminghamboilerrepairs.uk/sitemap.xml",0,0,0,0,0,0,0,0
20,https://www.birminghamboilerrepairs.uk/falcon-lodge/ideal-boilers-specialists,Falcon Lodge Ideal Boilers Specialists | Same Day Service | Fixed Price Quote,text/html; charset=utf-8,false,200,0,"https://birminghamboilerrepairs.uk/sitemap.xml
https://www.birminghamboilerrepairs.uk/sitemap.xml",0,0,0,0,0,0,0,0
20,https://www.birminghamboilerrepairs.uk/buckland-end/potterton-specialists,Buckland End Potterton Specialists | Same Day Service | Fixed Price Quote,text/html; charset=utf-8,false,200,0,"https://birminghamboilerrepairs.uk/sitemap.xml
https://www.birminghamboilerrepairs.uk/sitemap.xml",0,0,0,0,0,0,0,0
20,https://www.birminghamboilerrepairs.uk/birches-green/main-boiler-specialists,Birches Green Main Specialists | Same Day Service | Fixed Price Quote,text/html; charset=utf-8,false,200,0,"https://birminghamboilerrepairs.uk/sitemap.xml
https://www.birminghamboilerrepairs.uk/sitemap.xml",0,0,0,0,0,0,0,0
20,https://www.birminghamboilerrepairs.uk/edgbaston/ideal-boilers-specialists,Edgbaston Ideal Boilers Specialists | Same Day Service | Fixed Price Quote,text/html; charset=utf-8,false,200,0,"https://birminghamboilerrepairs.uk/sitemap.xml
https://www.birminghamboilerrepairs.uk/sitemap.xml",0,0,0,0,0,0,0,0
20,https://www.birminghamboilerrepairs.uk/eastside/ariston-specialists,Eastside Ariston Specialists | Same Day Service | Fixed Price Quote,text/html; charset=utf-8,false,200,0,"https://birminghamboilerrepairs.uk/sitemap.xml
https://www.birminghamboilerrepairs.uk/sitemap.xml",0,0,0,0,0,0,0,0
20,https://www.birminghamboilerrepairs.uk/gospel-oak/intergas-specialists,Gospel Oak Intergas Specialists | Same Day Service | Fixed Price Quote,text/html; charset=utf-8,false,200,0,"https://birminghamboilerrepairs.uk/sitemap.xml
https://www.birminghamboilerrepairs.uk/sitemap.xml",0,0,0,0,0,0,0,0
20,https://www.birminghamboilerrepairs.uk/gospel-oak/ariston-specialists,Gospel Oak Ariston Specialists | Same Day Service | Fixed Price Quote,text/html; charset=utf-8,false,200,0,"https://birminghamboilerrepairs.uk/sitemap.xml
https://www.birminghamboilerrepairs.uk/sitemap.xml",0,0,0,0,0,0,0,0
20,https://www.birminghamboilerrepairs.uk/churchfield/ariston-specialists,Churchfield Ariston Specialists | Same Day Service | Fixed Price Quote,text/html; charset=utf-8,false,200,0,"https://birminghamboilerrepairs.uk/sitemap.xml
https://www.birminghamboilerrepairs.uk/sitemap.xml",0,0,0,0,0,0,0,0
20,https://www.birminghamboilerrepairs.uk/california/viessmann-specialists,California Viessmann Specialists | Same Day Service | Fixed Price Quote,text/html; charset=utf-8,false,200,0,"https://birminghamboilerrepairs.uk/sitemap.xml
https://www.birminghamboilerrepairs.uk/sitemap.xml",0,0,0,0,0,0,0,0
20,https://www.birminghamboilerrepairs.uk/cofton-common/main-boiler-specialists,Cofton Common Main Specialists | Same Day Service | Fixed Price Quote,text/html; charset=utf-8,false,200,0,"https://birminghamboilerrepairs.uk/sitemap.xml
https://www.birminghamboilerrepairs.uk/sitemap.xml",0,0,0,0,0,0,0,0
20,https://www.birminghamboilerrepairs.uk/billesley/atag-specialists,Billesley Atag Specialists | Same Day Service | Fixed Price Quote,text/html; charset=utf-8,false,200,0,"https://birminghamboilerrepairs.uk/sitemap.xml
https://www.birminghamboilerrepairs.uk/sitemap.xml",0,0,0,0,0,0,0,0
20,https://www.birminghamboilerrepairs.uk/glebe-farm/ideal-boilers-specialists,Glebe Farm Ideal Boilers Specialists | Same Day Service | Fixed Price Quote,text/html; charset=utf-8,false,200,0,"https://birminghamboilerrepairs.uk/sitemap.xml
https://www.birminghamboilerrepairs.uk/sitemap.xml",0,0,0,0,0,0,0,0
20,https://www.birminghamboilerrepairs.uk/churchfield/vokera-specialists,Churchfield Vokera Specialists | Same Day Service | Fixed Price Quote,text/html; charset=utf-8,false,200,0,"https://birminghamboilerrepairs.uk/sitemap.xml
https://www.birminghamboilerrepairs.uk/sitemap.xml",0,0,0,0,0,0,0,0
20,https://www.birminghamboilerrepairs.uk/bordesley-green/glowworm-specialists,Bordesley Green Glow-worm Specialists | Same Day Service | Fixed Price Quote,text/html; charset=utf-8,false,200,0,"https://birminghamboilerrepairs.uk/sitemap.xml
https://www.birminghamboilerrepairs.uk/sitemap.xml",0,0,0,0,0,0,0,0
20,https://www.birminghamboilerrepairs.uk/erdington/main-boiler-specialists,Erdington Main Specialists | Same Day Service | Fixed Price Quote,text/html; charset=utf-8,false,200,0,"https://birminghamboilerrepairs.uk/sitemap.xml
https://www.birminghamboilerrepairs.uk/sitemap.xml",0,0,0,0,0,0,0,0
20,https://www.birminghamboilerrepairs.uk/gosta-green/viessmann-specialists,Gosta Green Viessmann Specialists | Same Day Service | Fixed Price Quote,text/html; charset=utf-8,false,200,0,"https://birminghamboilerrepairs.uk/sitemap.xml
https://www.birminghamboilerrepairs.uk/sitemap.xml",0,0,0,0,0,0,0,0
20,https://www.birminghamboilerrepairs.uk/eastside/heatline-specialists,Eastside Heatline Specialists | Same Day Service | Fixed Price Quote,text/html; charset=utf-8,false,200,0,"https://birminghamboilerrepairs.uk/sitemap.xml
https://www.birminghamboilerrepairs.uk/sitemap.xml",0,0,0,0,0,0,0,0
20,https://www.birminghamboilerrepairs.uk/edgbaston/main-boiler-specialists,Edgbaston Main Specialists | Same Day Service | Fixed Price Quote,text/html; charset=utf-8,false,200,0,"https://birminghamboilerrepairs.uk/sitemap.xml
https://www.birminghamboilerrepairs.uk/sitemap.xml",0,0,0,0,0,0,0,0
20,https://www.birminghamboilerrepairs.uk/eastside/baxi-specialists,Eastside Baxi Specialists | Same Day Service | Fixed Price Quote,text/html; charset=utf-8,false,200,0,"https://birminghamboilerrepairs.uk/sitemap.xml
https://www.birminghamboilerrepairs.uk/sitemap.xml",0,0,0,0,0,0,0,0
20,https://www.birminghamboilerrepairs.uk/four-oaks/vaillant-specialists,Four Oaks Vaillant Specialists | Same Day Service | Fixed Price Quote,text/html; charset=utf-8,false,200,0,"https://birminghamboilerrepairs.uk/sitemap.xml
https://www.birminghamboilerrepairs.uk/sitemap.xml",0,0,0,0,0,0,0,0
20,https://www.birminghamboilerrepairs.uk/cotteridge/baxi-specialists,Cotteridge Baxi Specialists | Same Day Service | Fixed Price Quote,text/html; charset=utf-8,false,200,0,"https://birminghamboilerrepairs.uk/sitemap.xml
https://www.birminghamboilerrepairs.uk/sitemap.xml",0,0,0,0,0,0,0,0
20,https://www.birminghamboilerrepairs.uk/gilbertstone/baxi-specialists,Gilbertstone Baxi Specialists | Same Day Service | Fixed Price Quote,text/html; charset=utf-8,false,200,0,"https://birminghamboilerrepairs.uk/sitemap.xml
https://www.birminghamboilerrepairs.uk/sitemap.xml",0,0,0,0,0,0,0,0
20,https://www.birminghamboilerrepairs.uk/garretts-green/vokera-specialists,Garretts Green Vokera Specialists | Same Day Service | Fixed Price Quote,text/html; charset=utf-8,false,200,0,"https://birminghamboilerrepairs.uk/sitemap.xml
https://www.birminghamboilerrepairs.uk/sitemap.xml",0,0,0,0,0,0,0,0
20,https://www.birminghamboilerrepairs.uk/chad-valley/intergas-specialists,Chad Valley Intergas Specialists | Same Day Service | Fixed Price Quote,text/html; charset=utf-8,false,200,0,"https://birminghamboilerrepairs.uk/sitemap.xml
https://www.birminghamboilerrepairs.uk/sitemap.xml",0,0,0,0,0,0,0,0
20,https://www.birminghamboilerrepairs.uk/great-barr/main-boiler-specialists,Great Barr Main Specialists | Same Day Service | Fixed Price Quote,text/html; charset=utf-8,false,200,0,"https://birminghamboilerrepairs.uk/sitemap.xml
https://www.birminghamboilerrepairs.uk/sitemap.xml",0,0,0,0,0,0,0,0
20,https://www.birminghamboilerrepairs.uk/bournville/atag-specialists,Bournville Atag Specialists | Same Day Service | Fixed Price Quote,text/html; charset=utf-8,false,200,0,"https://birminghamboilerrepairs.uk/sitemap.xml
https://www.birminghamboilerrepairs.uk/sitemap.xml",0,0,0,0,0,0,0,0
20,https://www.birminghamboilerrepairs.uk/great-barr/heatline-specialists,Great Barr Heatline Specialists | Same Day Service | Fixed Price Quote,text/html; charset=utf-8,false,200,0,"https://birminghamboilerrepairs.uk/sitemap.xml
https://www.birminghamboilerrepairs.uk/sitemap.xml",0,0,0,0,0,0,0,0
20,https://www.birminghamboilerrepairs.uk/bordesley-green/alpha-boiler-specialists,Bordesley Green Alpha Specialists | Same Day Service | Fixed Price Quote,text/html; charset=utf-8,false,200,0,"https://birminghamboilerrepairs.uk/sitemap.xml
https://www.birminghamboilerrepairs.uk/sitemap.xml",0,0,0,0,0,0,0,0
20,https://www.birminghamboilerrepairs.uk/camp-hill/viessmann-specialists,Camp Hill Viessmann Specialists | Same Day Service | Fixed Price Quote,text/html; charset=utf-8,false,200,0,"https://birminghamboilerrepairs.uk/sitemap.xml
https://www.birminghamboilerrepairs.uk/sitemap.xml",0,0,0,0,0,0,0,0
20,https://www.birminghamboilerrepairs.uk/birchfield/alpha-boiler-specialists,Birchfield Alpha Specialists | Same Day Service | Fixed Price Quote,text/html; charset=utf-8,false,200,0,"https://birminghamboilerrepairs.uk/sitemap.xml
https://www.birminghamboilerrepairs.uk/sitemap.xml",0,0,0,0,0,0,0,0
20,https://www.birminghamboilerrepairs.uk/edgbaston/heatline-specialists,Edgbaston Heatline Specialists | Same Day Service | Fixed Price Quote,text/html; charset=utf-8,false,200,0,"https://birminghamboilerrepairs.uk/sitemap.xml
https://www.birminghamboilerrepairs.uk/sitemap.xml",0,0,0,0,0,0,0,0
20,https://www.birminghamboilerrepairs.uk/bordesley/viessmann-specialists,Bordesley Viessmann Specialists | Same Day Service | Fixed Price Quote,text/html; charset=utf-8,false,200,0,"https://birminghamboilerrepairs.uk/sitemap.xml
https://www.birminghamboilerrepairs.uk/sitemap.xml",0,0,0,0,0,0,0,0
20,https://www.birminghamboilerrepairs.uk/cofton-common/heatline-specialists,Cofton Common Heatline Specialists | Same Day Service | Fixed Price Quote,text/html; charset=utf-8,false,200,0,"https://birminghamboilerrepairs.uk/sitemap.xml
https://www.birminghamboilerrepairs.uk/sitemap.xml",0,0,0,0,0,0,0,0
20,https://www.birminghamboilerrepairs.uk/buckland-end/ariston-specialists,Buckland End Ariston Specialists | Same Day Service | Fixed Price Quote,text/html; charset=utf-8,false,200,0,"https://birminghamboilerrepairs.uk/sitemap.xml
https://www.birminghamboilerrepairs.uk/sitemap.xml",0,0,0,0,0,0,0,0
20,https://www.birminghamboilerrepairs.uk/bournbrook/viessmann-specialists,Bournbrook Viessmann Specialists | Same Day Service | Fixed Price Quote,text/html; charset=utf-8,false,200,0,"https://birminghamboilerrepairs.uk/sitemap.xml
https://www.birminghamboilerrepairs.uk/sitemap.xml",0,0,0,0,0,0,0,0
20,https://www.birminghamboilerrepairs.uk/chad-valley/atag-specialists,Chad Valley Atag Specialists | Same Day Service | Fixed Price Quote,text/html; charset=utf-8,false,200,0,"https://birminghamboilerrepairs.uk/sitemap.xml
https://www.birminghamboilerrepairs.uk/sitemap.xml",0,0,0,0,0,0,0,0
20,https://www.birminghamboilerrepairs.uk/garretts-green/alpha-boiler-specialists,Garretts Green Alpha Specialists | Same Day Service | Fixed Price Quote,text/html; charset=utf-8,false,200,0,"https://birminghamboilerrepairs.uk/sitemap.xml
https://www.birminghamboilerrepairs.uk/sitemap.xml",0,0,0,0,0,0,0,0
20,https://www.birminghamboilerrepairs.uk/glebe-farm/vokera-specialists,Glebe Farm Vokera Specialists | Same Day Service | Fixed Price Quote,text/html; charset=utf-8,false,200,0,"https://birminghamboilerrepairs.uk/sitemap.xml
https://www.birminghamboilerrepairs.uk/sitemap.xml",0,0,0,0,0,0,0,0
20,https://www.birminghamboilerrepairs.uk/four-oaks/viessmann-specialists,Four Oaks Viessmann Specialists | Same Day Service | Fixed Price Quote,text/html; charset=utf-8,false,200,0,"https://birminghamboilerrepairs.uk/sitemap.xml
https://www.birminghamboilerrepairs.uk/sitemap.xml",0,0,0,0,0,0,0,0
20,https://www.birminghamboilerrepairs.uk/edgbaston/intergas-specialists,Edgbaston Intergas Specialists | Same Day Service | Fixed Price Quote,text/html; charset=utf-8,false,200,0,"https://birminghamboilerrepairs.uk/sitemap.xml
https://www.birminghamboilerrepairs.uk/sitemap.xml",0,0,0,0,0,0,0,0
20,https://www.birminghamboilerrepairs.uk/bournville/alpha-boiler-specialists,Bournville Alpha Specialists | Same Day Service | Fixed Price Quote,text/html; charset=utf-8,false,200,0,"https://birminghamboilerrepairs.uk/sitemap.xml
https://www.birminghamboilerrepairs.uk/sitemap.xml",0,0,0,0,0,0,0,0
20,https://www.birminghamboilerrepairs.uk/bromford/main-boiler-specialists,Bromford Main Specialists | Same Day Service | Fixed Price Quote,text/html; charset=utf-8,false,200,0,"https://birminghamboilerrepairs.uk/sitemap.xml
https://www.birminghamboilerrepairs.uk/sitemap.xml",0,0,0,0,0,0,0,0
20,https://www.birminghamboilerrepairs.uk/cotteridge/viessmann-specialists,Cotteridge Viessmann Specialists | Same Day Service | Fixed Price Quote,text/html; charset=utf-8,false,200,0,"https://birminghamboilerrepairs.uk/sitemap.xml
https://www.birminghamboilerrepairs.uk/sitemap.xml",0,0,0,0,0,0,0,0
20,https://www.birminghamboilerrepairs.uk/castle-vale/intergas-specialists,Castle Vale Intergas Specialists | Same Day Service | Fixed Price Quote,text/html; charset=utf-8,false,200,0,"https://birminghamboilerrepairs.uk/sitemap.xml
https://www.birminghamboilerrepairs.uk/sitemap.xml",0,0,0,0,0,0,0,0
20,https://www.birminghamboilerrepairs.uk/bromford/ideal-boilers-specialists,Bromford Ideal Boilers Specialists | Same Day Service | Fixed Price Quote,text/html; charset=utf-8,false,200,0,"https://birminghamboilerrepairs.uk/sitemap.xml
https://www.birminghamboilerrepairs.uk/sitemap.xml",0,0,0,0,0,0,0,0
20,https://www.birminghamboilerrepairs.uk/gravelly-hill/baxi-specialists,Gravelly Hill Baxi Specialists | Same Day Service | Fixed Price Quote,text/html; charset=utf-8,false,200,0,"https://birminghamboilerrepairs.uk/sitemap.xml
https://www.birminghamboilerrepairs.uk/sitemap.xml",0,0,0,0,0,0,0,0
20,https://www.birminghamboilerrepairs.uk/birmingham/heatline-specialists,Birmingham Heatline Specialists | Same Day Service | Fixed Price Quote,text/html; charset=utf-8,false,200,0,"https://birminghamboilerrepairs.uk/sitemap.xml
https://www.birminghamboilerrepairs.uk/sitemap.xml",0,0,0,0,0,0,0,0
20,https://www.birminghamboilerrepairs.uk/cofton-common/glowworm-specialists,Cofton Common Glow-worm Specialists | Same Day Service | Fixed Price Quote,text/html; charset=utf-8,false,200,0,"https://birminghamboilerrepairs.uk/sitemap.xml
https://www.birminghamboilerrepairs.uk/sitemap.xml",0,0,0,0,0,0,0,0
20,https://www.birminghamboilerrepairs.uk/browns-green/alpha-boiler-specialists,Browns Green Alpha Specialists | Same Day Service | Fixed Price Quote,text/html; charset=utf-8,false,200,0,"https://birminghamboilerrepairs.uk/sitemap.xml
https://www.birminghamboilerrepairs.uk/sitemap.xml",0,0,0,0,0,0,0,0
20,https://www.birminghamboilerrepairs.uk/gravelly-hill/vaillant-specialists,Gravelly Hill Vaillant Specialists | Same Day Service | Fixed Price Quote,text/html; charset=utf-8,false,200,0,"https://birminghamboilerrepairs.uk/sitemap.xml
https://www.birminghamboilerrepairs.uk/sitemap.xml",0,0,0,0,0,0,0,0
20,https://www.birminghamboilerrepairs.uk/falcon-lodge/baxi-specialists,Falcon Lodge Baxi Specialists | Same Day Service | Fixed Price Quote,text/html; charset=utf-8,false,200,0,"https://birminghamboilerrepairs.uk/sitemap.xml
https://www.birminghamboilerrepairs.uk/sitemap.xml",0,0,0,0,0,0,0,0
20,https://www.birminghamboilerrepairs.uk/eastside/main-boiler-specialists,Eastside Main Specialists | Same Day Service | Fixed Price Quote,text/html; charset=utf-8,false,200,0,"https://birminghamboilerrepairs.uk/sitemap.xml
https://www.birminghamboilerrepairs.uk/sitemap.xml",0,0,0,0,0,0,0,0
20,https://www.birminghamboilerrepairs.uk/four-oaks/potterton-specialists,Four Oaks Potterton Specialists | Same Day Service | Fixed Price Quote,text/html; charset=utf-8,false,200,0,"https://birminghamboilerrepairs.uk/sitemap.xml
https://www.birminghamboilerrepairs.uk/sitemap.xml",0,0,0,0,0,0,0,0
20,https://www.birminghamboilerrepairs.uk/deritend/potterton-specialists,Deritend Potterton Specialists | Same Day Service | Fixed Price Quote,text/html; charset=utf-8,false,200,0,"https://birminghamboilerrepairs.uk/sitemap.xml
https://www.birminghamboilerrepairs.uk/sitemap.xml",0,0,0,0,0,0,0,0
20,https://www.birminghamboilerrepairs.uk/birches-green/ideal-boilers-specialists,Birches Green Ideal Boilers Specialists | Same Day Service | Fixed Price Quote,text/html; charset=utf-8,false,200,0,"https://birminghamboilerrepairs.uk/sitemap.xml
https://www.birminghamboilerrepairs.uk/sitemap.xml",0,0,0,0,0,0,0,0
20,https://www.birminghamboilerrepairs.uk/gospel-oak/baxi-specialists,Gospel Oak Baxi Specialists | Same Day Service | Fixed Price Quote,text/html; charset=utf-8,false,200,0,"https://birminghamboilerrepairs.uk/sitemap.xml
https://www.birminghamboilerrepairs.uk/sitemap.xml",0,0,0,0,0,0,0,0
20,https://www.birminghamboilerrepairs.uk/browns-green/ariston-specialists,Browns Green Ariston Specialists | Same Day Service | Fixed Price Quote,text/html; charset=utf-8,false,200,0,"https://birminghamboilerrepairs.uk/sitemap.xml
https://www.birminghamboilerrepairs.uk/sitemap.xml",0,0,0,0,0,0,0,0
20,https://www.birminghamboilerrepairs.uk/glebe-farm/glowworm-specialists,Glebe Farm Glow-worm Specialists | Same Day Service | Fixed Price Quote,text/html; charset=utf-8,false,200,0,"https://birminghamboilerrepairs.uk/sitemap.xml
https://www.birminghamboilerrepairs.uk/sitemap.xml",0,0,0,0,0,0,0,0
20,https://www.birminghamboilerrepairs.uk/bournville/main-boiler-specialists,Bournville Main Specialists | Same Day Service | Fixed Price Quote,text/html; charset=utf-8,false,200,0,"https://birminghamboilerrepairs.uk/sitemap.xml
https://www.birminghamboilerrepairs.uk/sitemap.xml",0,0,0,0,0,0,0,0
20,https://www.birminghamboilerrepairs.uk/birmingham/glowworm-specialists,Birmingham Glow-worm Specialists | Same Day Service | Fixed Price Quote,text/html; charset=utf-8,false,200,0,"https://birminghamboilerrepairs.uk/sitemap.xml
https://www.birminghamboilerrepairs.uk/sitemap.xml",0,0,0,0,0,0,0,0
20,https://www.birminghamboilerrepairs.uk/fox-hollies/alpha-boiler-specialists,Fox Hollies Alpha Specialists | Same Day Service | Fixed Price Quote,text/html; charset=utf-8,false,200,0,"https://birminghamboilerrepairs.uk/sitemap.xml
https://www.birminghamboilerrepairs.uk/sitemap.xml",0,0,0,0,0,0,0,0
20,https://www.birminghamboilerrepairs.uk/billesley/biasi-specialists,Billesley Biasi Specialists | Same Day Service | Fixed Price Quote,text/html; charset=utf-8,false,200,0,"https://birminghamboilerrepairs.uk/sitemap.xml
https://www.birminghamboilerrepairs.uk/sitemap.xml",0,0,0,0,0,0,0,0
20,https://www.birminghamboilerrepairs.uk/bordesley-green/vaillant-specialists,Bordesley Green Vaillant Specialists | Same Day Service | Fixed Price Quote,text/html; charset=utf-8,false,200,0,"https://birminghamboilerrepairs.uk/sitemap.xml
https://www.birminghamboilerrepairs.uk/sitemap.xml",0,0,0,0,0,0,0,0
20,https://www.birminghamboilerrepairs.uk/cofton-common/ideal-boilers-specialists,Cofton Common Ideal Boilers Specialists | Same Day Service | Fixed Price Quote,text/html; charset=utf-8,false,200,0,"https://birminghamboilerrepairs.uk/sitemap.xml
https://www.birminghamboilerrepairs.uk/sitemap.xml",0,0,0,0,0,0,0,0
20,https://www.birminghamboilerrepairs.uk/falcon-lodge/ariston-specialists,Falcon Lodge Ariston Specialists | Same Day Service | Fixed Price Quote,text/html; charset=utf-8,false,200,0,"https://birminghamboilerrepairs.uk/sitemap.xml
https://www.birminghamboilerrepairs.uk/sitemap.xml",0,0,0,0,0,0,0,0
20,https://www.birminghamboilerrepairs.uk/birches-green/vaillant-specialists,Birches Green Vaillant Specialists | Same Day Service | Fixed Price Quote,text/html; charset=utf-8,false,200,0,"https://birminghamboilerrepairs.uk/sitemap.xml
https://www.birminghamboilerrepairs.uk/sitemap.xml",0,0,0,0,0,0,0,0
20,https://www.birminghamboilerrepairs.uk/bromford/biasi-specialists,Bromford Biasi Specialists | Same Day Service | Fixed Price Quote,text/html; charset=utf-8,false,200,0,"https://birminghamboilerrepairs.uk/sitemap.xml
https://www.birminghamboilerrepairs.uk/sitemap.xml",0,0,0,0,0,0,0,0
20,https://www.birminghamboilerrepairs.uk/california/vokera-specialists,California Vokera Specialists | Same Day Service | Fixed Price Quote,text/html; charset=utf-8,false,200,0,"https://birminghamboilerrepairs.uk/sitemap.xml
https://www.birminghamboilerrepairs.uk/sitemap.xml",0,0,0,0,0,0,0,0
20,https://www.birminghamboilerrepairs.uk/bournbrook/ariston-specialists,Bournbrook Ariston Specialists | Same Day Service | Fixed Price Quote,text/html; charset=utf-8,false,200,0,"https://birminghamboilerrepairs.uk/sitemap.xml
https://www.birminghamboilerrepairs.uk/sitemap.xml",0,0,0,0,0,0,0,0
20,https://www.birminghamboilerrepairs.uk/garretts-green/biasi-specialists,Garretts Green Biasi Specialists | Same Day Service | Fixed Price Quote,text/html; charset=utf-8,false,200,0,"https://birminghamboilerrepairs.uk/sitemap.xml
https://www.birminghamboilerrepairs.uk/sitemap.xml",0,0,0,0,0,0,0,0
20,https://www.birminghamboilerrepairs.uk/birches-green/biasi-specialists,Birches Green Biasi Specialists | Same Day Service | Fixed Price Quote,text/html; charset=utf-8,false,200,0,"https://birminghamboilerrepairs.uk/sitemap.xml
https://www.birminghamboilerrepairs.uk/sitemap.xml",0,0,0,0,0,0,0,0
20,https://www.birminghamboilerrepairs.uk/california/main-boiler-specialists,California Main Specialists | Same Day Service | Fixed Price Quote,text/html; charset=utf-8,false,200,0,"https://birminghamboilerrepairs.uk/sitemap.xml
https://www.birminghamboilerrepairs.uk/sitemap.xml",0,0,0,0,0,0,0,0
20,https://www.birminghamboilerrepairs.uk/gilbertstone/glowworm-specialists,Gilbertstone Glow-worm Specialists | Same Day Service | Fixed Price Quote,text/html; charset=utf-8,false,200,0,"https://birminghamboilerrepairs.uk/sitemap.xml
https://www.birminghamboilerrepairs.uk/sitemap.xml",0,0,0,0,0,0,0,0
20,https://www.birminghamboilerrepairs.uk/gosta-green/potterton-specialists,Gosta Green Potterton Specialists | Same Day Service | Fixed Price Quote,text/html; charset=utf-8,false,200,0,"https://birminghamboilerrepairs.uk/sitemap.xml
https://www.birminghamboilerrepairs.uk/sitemap.xml",0,0,0,0,0,0,0,0
20,https://www.birminghamboilerrepairs.uk/frankley/baxi-specialists,Frankley Baxi Specialists | Same Day Service | Fixed Price Quote,text/html; charset=utf-8,false,200,0,"https://birminghamboilerrepairs.uk/sitemap.xml
https://www.birminghamboilerrepairs.uk/sitemap.xml",0,0,0,0,0,0,0,0
20,https://www.birminghamboilerrepairs.uk/castle-vale/main-boiler-specialists,Castle Vale Main Specialists | Same Day Service | Fixed Price Quote,text/html; charset=utf-8,false,200,0,"https://birminghamboilerrepairs.uk/sitemap.xml
https://www.birminghamboilerrepairs.uk/sitemap.xml",0,0,0,0,0,0,0,0
20,https://www.birminghamboilerrepairs.uk/cofton-common/biasi-specialists,Cofton Common Biasi Specialists | Same Day Service | Fixed Price Quote,text/html; charset=utf-8,false,200,0,"https://birminghamboilerrepairs.uk/sitemap.xml
https://www.birminghamboilerrepairs.uk/sitemap.xml",0,0,0,0,0,0,0,0
20,https://www.birminghamboilerrepairs.uk/bordesley/vokera-specialists,Bordesley Vokera Specialists | Same Day Service | Fixed Price Quote,text/html; charset=utf-8,false,200,0,"https://birminghamboilerrepairs.uk/sitemap.xml
https://www.birminghamboilerrepairs.uk/sitemap.xml",0,0,0,0,0,0,0,0
20,https://www.birminghamboilerrepairs.uk/blog/category/troubleshooting,Troubleshooting Guides | Birmingham Boiler Repairs Blog,text/html; charset=utf-8,false,200,0,"https://birminghamboilerrepairs.uk/sitemap.xml
https://www.birminghamboilerrepairs.uk/sitemap-blog.xml
https://www.birminghamboilerrepairs.uk/sitemap.xml",0,0,0,0,0,0,0,0
20,https://www.birminghamboilerrepairs.uk/buckland-end/atag-specialists,Buckland End Atag Specialists | Same Day Service | Fixed Price Quote,text/html; charset=utf-8,false,200,0,"https://birminghamboilerrepairs.uk/sitemap.xml
https://www.birminghamboilerrepairs.uk/sitemap.xml",0,0,0,0,0,0,0,0
20,https://www.birminghamboilerrepairs.uk/great-barr/viessmann-specialists,Great Barr Viessmann Specialists | Same Day Service | Fixed Price Quote,text/html; charset=utf-8,false,200,0,"https://birminghamboilerrepairs.uk/sitemap.xml
https://www.birminghamboilerrepairs.uk/sitemap.xml",0,0,0,0,0,0,0,0
20,https://www.birminghamboilerrepairs.uk/churchfield/vaillant-specialists,Churchfield Vaillant Specialists | Same Day Service | Fixed Price Quote,text/html; charset=utf-8,false,200,0,"https://birminghamboilerrepairs.uk/sitemap.xml
https://www.birminghamboilerrepairs.uk/sitemap.xml",0,0,0,0,0,0,0,0
20,https://www.birminghamboilerrepairs.uk/garretts-green/vaillant-specialists,Garretts Green Vaillant Specialists | Same Day Service | Fixed Price Quote,text/html; charset=utf-8,false,200,0,"https://birminghamboilerrepairs.uk/sitemap.xml
https://www.birminghamboilerrepairs.uk/sitemap.xml",0,0,0,0,0,0,0,0
20,https://www.birminghamboilerrepairs.uk/gravelly-hill/glowworm-specialists,Gravelly Hill Glow-worm Specialists | Same Day Service | Fixed Price Quote,text/html; charset=utf-8,false,200,0,"https://birminghamboilerrepairs.uk/sitemap.xml
https://www.birminghamboilerrepairs.uk/sitemap.xml",0,0,0,0,0,0,0,0
20,https://www.birminghamboilerrepairs.uk/birmingham/intergas-specialists,Birmingham Intergas Specialists | Same Day Service | Fixed Price Quote,text/html; charset=utf-8,false,200,0,"https://birminghamboilerrepairs.uk/sitemap.xml
https://www.birminghamboilerrepairs.uk/sitemap.xml",0,0,0,0,0,0,0,0
20,https://www.birminghamboilerrepairs.uk/gib-heath/baxi-specialists,Gib Heath Baxi Specialists | Same Day Service | Fixed Price Quote,text/html; charset=utf-8,false,200,0,"https://birminghamboilerrepairs.uk/sitemap.xml
https://www.birminghamboilerrepairs.uk/sitemap.xml",0,0,0,0,0,0,0,0
20,https://www.birminghamboilerrepairs.uk/falcon-lodge/alpha-boiler-specialists,Falcon Lodge Alpha Specialists | Same Day Service | Fixed Price Quote,text/html; charset=utf-8,false,200,0,"https://birminghamboilerrepairs.uk/sitemap.xml
https://www.birminghamboilerrepairs.uk/sitemap.xml",0,0,0,0,0,0,0,0
20,https://www.birminghamboilerrepairs.uk/chad-valley/ideal-boilers-specialists,Chad Valley Ideal Boilers Specialists | Same Day Service | Fixed Price Quote,text/html; charset=utf-8,false,200,0,"https://birminghamboilerrepairs.uk/sitemap.xml
https://www.birminghamboilerrepairs.uk/sitemap.xml",0,0,0,0,0,0,0,0
20,https://www.birminghamboilerrepairs.uk/california/glowworm-specialists,California Glow-worm Specialists | Same Day Service | Fixed Price Quote,text/html; charset=utf-8,false,200,0,"https://birminghamboilerrepairs.uk/sitemap.xml
https://www.birminghamboilerrepairs.uk/sitemap.xml",0,0,0,0,0,0,0,0
20,https://www.birminghamboilerrepairs.uk/erdington/baxi-specialists,Erdington Baxi Specialists | Same Day Service | Fixed Price Quote,text/html; charset=utf-8,false,200,0,"https://birminghamboilerrepairs.uk/sitemap.xml
https://www.birminghamboilerrepairs.uk/sitemap.xml",0,0,0,0,0,0,0,0
20,https://www.birminghamboilerrepairs.uk/erdington/vokera-specialists,Erdington Vokera Specialists | Same Day Service | Fixed Price Quote,text/html; charset=utf-8,false,200,0,"https://birminghamboilerrepairs.uk/sitemap.xml
https://www.birminghamboilerrepairs.uk/sitemap.xml",0,0,0,0,0,0,0,0
20,https://www.birminghamboilerrepairs.uk/camp-hill/heatline-specialists,Camp Hill Heatline Specialists | Same Day Service | Fixed Price Quote,text/html; charset=utf-8,false,200,0,"https://birminghamboilerrepairs.uk/sitemap.xml
https://www.birminghamboilerrepairs.uk/sitemap.xml",0,0,0,0,0,0,0,0
20,https://www.birminghamboilerrepairs.uk/bordesley-green/intergas-specialists,Bordesley Green Intergas Specialists | Same Day Service | Fixed Price Quote,text/html; charset=utf-8,false,200,0,"https://birminghamboilerrepairs.uk/sitemap.xml
https://www.birminghamboilerrepairs.uk/sitemap.xml",0,0,0,0,0,0,0,0
20,https://www.birminghamboilerrepairs.uk/gib-heath/vaillant-specialists,Gib Heath Vaillant Specialists | Same Day Service | Fixed Price Quote,text/html; charset=utf-8,false,200,0,"https://birminghamboilerrepairs.uk/sitemap.xml
https://www.birminghamboilerrepairs.uk/sitemap.xml",0,0,0,0,0,0,0,0
20,https://www.birminghamboilerrepairs.uk/chad-valley/viessmann-specialists,Chad Valley Viessmann Specialists | Same Day Service | Fixed Price Quote,text/html; charset=utf-8,false,200,0,"https://birminghamboilerrepairs.uk/sitemap.xml
https://www.birminghamboilerrepairs.uk/sitemap.xml",0,0,0,0,0,0,0,0
20,https://www.birminghamboilerrepairs.uk/browns-green/vokera-specialists,Browns Green Vokera Specialists | Same Day Service | Fixed Price Quote,text/html; charset=utf-8,false,200,0,"https://birminghamboilerrepairs.uk/sitemap.xml
https://www.birminghamboilerrepairs.uk/sitemap.xml",0,0,0,0,0,0,0,0
20,https://www.birminghamboilerrepairs.uk/edgbaston/potterton-specialists,Edgbaston Potterton Specialists | Same Day Service | Fixed Price Quote,text/html; charset=utf-8,false,200,0,"https://birminghamboilerrepairs.uk/sitemap.xml
https://www.birminghamboilerrepairs.uk/sitemap.xml",0,0,0,0,0,0,0,0
20,https://www.birminghamboilerrepairs.uk/birchfield/potterton-specialists,Birchfield Potterton Specialists | Same Day Service | Fixed Price Quote,text/html; charset=utf-8,false,200,0,"https://birminghamboilerrepairs.uk/sitemap.xml
https://www.birminghamboilerrepairs.uk/sitemap.xml",0,0,0,0,0,0,0,0
20,https://www.birminghamboilerrepairs.uk/buckland-end/intergas-specialists,Buckland End Intergas Specialists | Same Day Service | Fixed Price Quote,text/html; charset=utf-8,false,200,0,"https://birminghamboilerrepairs.uk/sitemap.xml
https://www.birminghamboilerrepairs.uk/sitemap.xml",0,0,0,0,0,0,0,0
20,https://www.birminghamboilerrepairs.uk/bordesley/intergas-specialists,Bordesley Intergas Specialists | Same Day Service | Fixed Price Quote,text/html; charset=utf-8,false,200,0,"https://birminghamboilerrepairs.uk/sitemap.xml
https://www.birminghamboilerrepairs.uk/sitemap.xml",0,0,0,0,0,0,0,0
20,https://www.birminghamboilerrepairs.uk/four-oaks/biasi-specialists,Four Oaks Biasi Specialists | Same Day Service | Fixed Price Quote,text/html; charset=utf-8,false,200,0,"https://birminghamboilerrepairs.uk/sitemap.xml
https://www.birminghamboilerrepairs.uk/sitemap.xml",0,0,0,0,0,0,0,0
20,https://www.birminghamboilerrepairs.uk/garretts-green/heatline-specialists,Garretts Green Heatline Specialists | Same Day Service | Fixed Price Quote,text/html; charset=utf-8,false,200,0,"https://birminghamboilerrepairs.uk/sitemap.xml
https://www.birminghamboilerrepairs.uk/sitemap.xml",0,0,0,0,0,0,0,0
20,https://www.birminghamboilerrepairs.uk/frankley/viessmann-specialists,Frankley Viessmann Specialists | Same Day Service | Fixed Price Quote,text/html; charset=utf-8,false,200,0,"https://birminghamboilerrepairs.uk/sitemap.xml
https://www.birminghamboilerrepairs.uk/sitemap.xml",0,0,0,0,0,0,0,0
20,https://www.birminghamboilerrepairs.uk/bournville/intergas-specialists,Bournville Intergas Specialists | Same Day Service | Fixed Price Quote,text/html; charset=utf-8,false,200,0,"https://birminghamboilerrepairs.uk/sitemap.xml
https://www.birminghamboilerrepairs.uk/sitemap.xml",0,0,0,0,0,0,0,0
20,https://www.birminghamboilerrepairs.uk/gosta-green/alpha-boiler-specialists,Gosta Green Alpha Specialists | Same Day Service | Fixed Price Quote,text/html; charset=utf-8,false,200,0,"https://birminghamboilerrepairs.uk/sitemap.xml
https://www.birminghamboilerrepairs.uk/sitemap.xml",0,0,0,0,0,0,0,0
20,https://www.birminghamboilerrepairs.uk/fox-hollies/vaillant-specialists,Fox Hollies Vaillant Specialists | Same Day Service | Fixed Price Quote,text/html; charset=utf-8,false,200,0,"https://birminghamboilerrepairs.uk/sitemap.xml
https://www.birminghamboilerrepairs.uk/sitemap.xml",0,0,0,0,0,0,0,0
20,https://www.birminghamboilerrepairs.uk/boldmere/potterton-specialists,Boldmere Potterton Specialists | Same Day Service | Fixed Price Quote,text/html; charset=utf-8,false,200,0,"https://birminghamboilerrepairs.uk/sitemap.xml
https://www.birminghamboilerrepairs.uk/sitemap.xml",0,0,0,0,0,0,0,0
20,https://www.birminghamboilerrepairs.uk/birches-green/atag-specialists,Birches Green Atag Specialists | Same Day Service | Fixed Price Quote,text/html; charset=utf-8,false,200,0,"https://birminghamboilerrepairs.uk/sitemap.xml
https://www.birminghamboilerrepairs.uk/sitemap.xml",0,0,0,0,0,0,0,0
20,https://www.birminghamboilerrepairs.uk/gib-heath/potterton-specialists,Gib Heath Potterton Specialists | Same Day Service | Fixed Price Quote,text/html; charset=utf-8,false,200,0,"https://birminghamboilerrepairs.uk/sitemap.xml
https://www.birminghamboilerrepairs.uk/sitemap.xml",0,0,0,0,0,0,0,0
20,https://www.birminghamboilerrepairs.uk/california/baxi-specialists,California Baxi Specialists | Same Day Service | Fixed Price Quote,text/html; charset=utf-8,false,200,0,"https://birminghamboilerrepairs.uk/sitemap.xml
https://www.birminghamboilerrepairs.uk/sitemap.xml",0,0,0,0,0,0,0,0
20,https://www.birminghamboilerrepairs.uk/frankley/main-boiler-specialists,Frankley Main Specialists | Same Day Service | Fixed Price Quote,text/html; charset=utf-8,false,200,0,"https://birminghamboilerrepairs.uk/sitemap.xml
https://www.birminghamboilerrepairs.uk/sitemap.xml",0,0,0,0,0,0,0,0
20,https://www.birminghamboilerrepairs.uk/four-oaks/intergas-specialists,Four Oaks Intergas Specialists | Same Day Service | Fixed Price Quote,text/html; charset=utf-8,false,200,0,"https://birminghamboilerrepairs.uk/sitemap.xml
https://www.birminghamboilerrepairs.uk/sitemap.xml",0,0,0,0,0,0,0,0
20,https://www.birminghamboilerrepairs.uk/brandwood-end/viessmann-specialists,Brandwood End Viessmann Specialists | Same Day Service | Fixed Price Quote,text/html; charset=utf-8,false,200,0,"https://birminghamboilerrepairs.uk/sitemap.xml
https://www.birminghamboilerrepairs.uk/sitemap.xml",0,0,0,0,0,0,0,0
20,https://www.birminghamboilerrepairs.uk/browns-green/baxi-specialists,Browns Green Baxi Specialists | Same Day Service | Fixed Price Quote,text/html; charset=utf-8,false,200,0,"https://birminghamboilerrepairs.uk/sitemap.xml
https://www.birminghamboilerrepairs.uk/sitemap.xml",0,0,0,0,0,0,0,0
20,https://www.birminghamboilerrepairs.uk/blog/category/seasonal,Seasonal Advice | Birmingham Boiler Repairs Blog,text/html; charset=utf-8,false,200,0,"https://birminghamboilerrepairs.uk/sitemap.xml
https://www.birminghamboilerrepairs.uk/sitemap-blog.xml
https://www.birminghamboilerrepairs.uk/sitemap.xml",0,0,0,0,0,0,0,0
20,https://www.birminghamboilerrepairs.uk/glebe-farm/baxi-specialists,Glebe Farm Baxi Specialists | Same Day Service | Fixed Price Quote,text/html; charset=utf-8,false,200,0,"https://birminghamboilerrepairs.uk/sitemap.xml
https://www.birminghamboilerrepairs.uk/sitemap.xml",0,0,0,0,0,0,0,0
20,https://www.birminghamboilerrepairs.uk/gospel-oak/main-boiler-specialists,Gospel Oak Main Specialists | Same Day Service | Fixed Price Quote,text/html; charset=utf-8,false,200,0,"https://birminghamboilerrepairs.uk/sitemap.xml
https://www.birminghamboilerrepairs.uk/sitemap.xml",0,0,0,0,0,0,0,0
20,https://www.birminghamboilerrepairs.uk/brandwood-end/baxi-specialists,Brandwood End Baxi Specialists | Same Day Service | Fixed Price Quote,text/html; charset=utf-8,false,200,0,"https://birminghamboilerrepairs.uk/sitemap.xml
https://www.birminghamboilerrepairs.uk/sitemap.xml",0,0,0,0,0,0,0,0
20,https://www.birminghamboilerrepairs.uk/eastside/glowworm-specialists,Eastside Glow-worm Specialists | Same Day Service | Fixed Price Quote,text/html; charset=utf-8,false,200,0,"https://birminghamboilerrepairs.uk/sitemap.xml
https://www.birminghamboilerrepairs.uk/sitemap.xml",0,0,0,0,0,0,0,0
20,https://www.birminghamboilerrepairs.uk/browns-green/ideal-boilers-specialists,Browns Green Ideal Boilers Specialists | Same Day Service | Fixed Price Quote,text/html; charset=utf-8,false,200,0,"https://birminghamboilerrepairs.uk/sitemap.xml
https://www.birminghamboilerrepairs.uk/sitemap.xml",0,0,0,0,0,0,0,0
20,https://www.birminghamboilerrepairs.uk/edgbaston/viessmann-specialists,Edgbaston Viessmann Specialists | Same Day Service | Fixed Price Quote,text/html; charset=utf-8,false,200,0,"https://birminghamboilerrepairs.uk/sitemap.xml
https://www.birminghamboilerrepairs.uk/sitemap.xml",0,0,0,0,0,0,0,0
20,https://www.birminghamboilerrepairs.uk/birchfield/viessmann-specialists,Birchfield Viessmann Specialists | Same Day Service | Fixed Price Quote,text/html; charset=utf-8,false,200,0,"https://birminghamboilerrepairs.uk/sitemap.xml
https://www.birminghamboilerrepairs.uk/sitemap.xml",0,0,0,0,0,0,0,0
20,https://www.birminghamboilerrepairs.uk/erdington/viessmann-specialists,Erdington Viessmann Specialists | Same Day Service | Fixed Price Quote,text/html; charset=utf-8,false,200,0,"https://birminghamboilerrepairs.uk/sitemap.xml
https://www.birminghamboilerrepairs.uk/sitemap.xml",0,0,0,0,0,0,0,0
20,https://www.birminghamboilerrepairs.uk/frankley/atag-specialists,Frankley Atag Specialists | Same Day Service | Fixed Price Quote,text/html; charset=utf-8,false,200,0,"https://birminghamboilerrepairs.uk/sitemap.xml
https://www.birminghamboilerrepairs.uk/sitemap.xml",0,0,0,0,0,0,0,0
20,https://www.birminghamboilerrepairs.uk/fox-hollies/main-boiler-specialists,Fox Hollies Main Specialists | Same Day Service | Fixed Price Quote,text/html; charset=utf-8,false,200,0,"https://birminghamboilerrepairs.uk/sitemap.xml
https://www.birminghamboilerrepairs.uk/sitemap.xml",0,0,0,0,0,0,0,0
20,https://www.birminghamboilerrepairs.uk/glebe-farm/biasi-specialists,Glebe Farm Biasi Specialists | Same Day Service | Fixed Price Quote,text/html; charset=utf-8,false,200,0,"https://birminghamboilerrepairs.uk/sitemap.xml
https://www.birminghamboilerrepairs.uk/sitemap.xml",0,0,0,0,0,0,0,0
20,https://www.birminghamboilerrepairs.uk/glebe-farm/main-boiler-specialists,Glebe Farm Main Specialists | Same Day Service | Fixed Price Quote,text/html; charset=utf-8,false,200,0,"https://birminghamboilerrepairs.uk/sitemap.xml
https://www.birminghamboilerrepairs.uk/sitemap.xml",0,0,0,0,0,0,0,0
20,https://www.birminghamboilerrepairs.uk/four-oaks/ideal-boilers-specialists,Four Oaks Ideal Boilers Specialists | Same Day Service | Fixed Price Quote,text/html; charset=utf-8,false,200,0,"https://birminghamboilerrepairs.uk/sitemap.xml
https://www.birminghamboilerrepairs.uk/sitemap.xml",0,0,0,0,0,0,0,0
20,https://www.birminghamboilerrepairs.uk/brandwood-end/main-boiler-specialists,Brandwood End Main Specialists | Same Day Service | Fixed Price Quote,text/html; charset=utf-8,false,200,0,"https://birminghamboilerrepairs.uk/sitemap.xml
https://www.birminghamboilerrepairs.uk/sitemap.xml",0,0,0,0,0,0,0,0
20,https://www.birminghamboilerrepairs.uk/billesley/vokera-specialists,Billesley Vokera Specialists | Same Day Service | Fixed Price Quote,text/html; charset=utf-8,false,200,0,"https://birminghamboilerrepairs.uk/sitemap.xml
https://www.birminghamboilerrepairs.uk/sitemap.xml",0,0,0,0,0,0,0,0
20,https://www.birminghamboilerrepairs.uk/billesley/vaillant-specialists,Billesley Vaillant Specialists | Same Day Service | Fixed Price Quote,text/html; charset=utf-8,false,200,0,"https://birminghamboilerrepairs.uk/sitemap.xml
https://www.birminghamboilerrepairs.uk/sitemap.xml",0,0,0,0,0,0,0,0
20,https://www.birminghamboilerrepairs.uk/bournbrook/baxi-specialists,Bournbrook Baxi Specialists | Same Day Service | Fixed Price Quote,text/html; charset=utf-8,false,200,0,"https://birminghamboilerrepairs.uk/sitemap.xml
https://www.birminghamboilerrepairs.uk/sitemap.xml",0,0,0,0,0,0,0,0
20,https://www.birminghamboilerrepairs.uk/boldmere/vokera-specialists,Boldmere Vokera Specialists | Same Day Service | Fixed Price Quote,text/html; charset=utf-8,false,200,0,"https://birminghamboilerrepairs.uk/sitemap.xml
https://www.birminghamboilerrepairs.uk/sitemap.xml",0,0,0,0,0,0,0,0
20,https://www.birminghamboilerrepairs.uk/gospel-oak/glowworm-specialists,Gospel Oak Glow-worm Specialists | Same Day Service | Fixed Price Quote,text/html; charset=utf-8,false,200,0,"https://birminghamboilerrepairs.uk/sitemap.xml
https://www.birminghamboilerrepairs.uk/sitemap.xml",0,0,0,0,0,0,0,0
20,https://www.birminghamboilerrepairs.uk/bournville/baxi-specialists,Bournville Baxi Specialists | Same Day Service | Fixed Price Quote,text/html; charset=utf-8,false,200,0,"https://birminghamboilerrepairs.uk/sitemap.xml
https://www.birminghamboilerrepairs.uk/sitemap.xml",0,0,0,0,0,0,0,0
20,https://www.birminghamboilerrepairs.uk/cotteridge/vokera-specialists,Cotteridge Vokera Specialists | Same Day Service | Fixed Price Quote,text/html; charset=utf-8,false,200,0,"https://birminghamboilerrepairs.uk/sitemap.xml
https://www.birminghamboilerrepairs.uk/sitemap.xml",0,0,0,0,0,0,0,0
20,https://www.birminghamboilerrepairs.uk/gib-heath/viessmann-specialists,Gib Heath Viessmann Specialists | Same Day Service | Fixed Price Quote,text/html; charset=utf-8,false,200,0,"https://birminghamboilerrepairs.uk/sitemap.xml
https://www.birminghamboilerrepairs.uk/sitemap.xml",0,0,0,0,0,0,0,0
20,https://www.birminghamboilerrepairs.uk/bordesley/vaillant-specialists,Bordesley Vaillant Specialists | Same Day Service | Fixed Price Quote,text/html; charset=utf-8,false,200,0,"https://birminghamboilerrepairs.uk/sitemap.xml
https://www.birminghamboilerrepairs.uk/sitemap.xml",0,0,0,0,0,0,0,0
20,https://www.birminghamboilerrepairs.uk/gilbertstone/viessmann-specialists,Gilbertstone Viessmann Specialists | Same Day Service | Fixed Price Quote,text/html; charset=utf-8,false,200,0,"https://birminghamboilerrepairs.uk/sitemap.xml
https://www.birminghamboilerrepairs.uk/sitemap.xml",0,0,0,0,0,0,0,0
20,https://www.birminghamboilerrepairs.uk/bordesley/ariston-specialists,Bordesley Ariston Specialists | Same Day Service | Fixed Price Quote,text/html; charset=utf-8,false,200,0,"https://birminghamboilerrepairs.uk/sitemap.xml
https://www.birminghamboilerrepairs.uk/sitemap.xml",0,0,0,0,0,0,0,0
20,https://www.birminghamboilerrepairs.uk/billesley/potterton-specialists,Billesley Potterton Specialists | Same Day Service | Fixed Price Quote,text/html; charset=utf-8,false,200,0,"https://birminghamboilerrepairs.uk/sitemap.xml
https://www.birminghamboilerrepairs.uk/sitemap.xml",0,0,0,0,0,0,0,0
20,https://www.birminghamboilerrepairs.uk/castle-vale/atag-specialists,Castle Vale Atag Specialists | Same Day Service | Fixed Price Quote,text/html; charset=utf-8,false,200,0,"https://birminghamboilerrepairs.uk/sitemap.xml
https://www.birminghamboilerrepairs.uk/sitemap.xml",0,0,0,0,0,0,0,0
20,https://www.birminghamboilerrepairs.uk/birchfield/heatline-specialists,Birchfield Heatline Specialists | Same Day Service | Fixed Price Quote,text/html; charset=utf-8,false,200,0,"https://birminghamboilerrepairs.uk/sitemap.xml
https://www.birminghamboilerrepairs.uk/sitemap.xml",0,0,0,0,0,0,0,0
20,https://www.birminghamboilerrepairs.uk/garretts-green/atag-specialists,Garretts Green Atag Specialists | Same Day Service | Fixed Price Quote,text/html; charset=utf-8,false,200,0,"https://birminghamboilerrepairs.uk/sitemap.xml
https://www.birminghamboilerrepairs.uk/sitemap.xml",0,0,0,0,0,0,0,0
20,https://www.birminghamboilerrepairs.uk/eastside/potterton-specialists,Eastside Potterton Specialists | Same Day Service | Fixed Price Quote,text/html; charset=utf-8,false,200,0,"https://birminghamboilerrepairs.uk/sitemap.xml
https://www.birminghamboilerrepairs.uk/sitemap.xml",0,0,0,0,0,0,0,0
20,https://www.birminghamboilerrepairs.uk/edgbaston/vaillant-specialists,Edgbaston Vaillant Specialists | Same Day Service | Fixed Price Quote,text/html; charset=utf-8,false,200,0,"https://birminghamboilerrepairs.uk/sitemap.xml
https://www.birminghamboilerrepairs.uk/sitemap.xml",0,0,0,0,0,0,0,0
20,https://www.birminghamboilerrepairs.uk/cofton-common/vokera-specialists,Cofton Common Vokera Specialists | Same Day Service | Fixed Price Quote,text/html; charset=utf-8,false,200,0,"https://birminghamboilerrepairs.uk/sitemap.xml
https://www.birminghamboilerrepairs.uk/sitemap.xml",0,0,0,0,0,0,0,0
20,https://www.birminghamboilerrepairs.uk/gospel-oak/heatline-specialists,Gospel Oak Heatline Specialists | Same Day Service | Fixed Price Quote,text/html; charset=utf-8,false,200,0,"https://birminghamboilerrepairs.uk/sitemap.xml
https://www.birminghamboilerrepairs.uk/sitemap.xml",0,0,0,0,0,0,0,0
20,https://www.birminghamboilerrepairs.uk/california/vaillant-specialists,California Vaillant Specialists | Same Day Service | Fixed Price Quote,text/html; charset=utf-8,false,200,0,"https://birminghamboilerrepairs.uk/sitemap.xml
https://www.birminghamboilerrepairs.uk/sitemap.xml",0,0,0,0,0,0,0,0
20,https://www.birminghamboilerrepairs.uk/gib-heath/intergas-specialists,Gib Heath Intergas Specialists | Same Day Service | Fixed Price Quote,text/html; charset=utf-8,false,200,0,"https://birminghamboilerrepairs.uk/sitemap.xml
https://www.birminghamboilerrepairs.uk/sitemap.xml",0,0,0,0,0,0,0,0
20,https://www.birminghamboilerrepairs.uk/garretts-green/intergas-specialists,Garretts Green Intergas Specialists | Same Day Service | Fixed Price Quote,text/html; charset=utf-8,false,200,0,"https://birminghamboilerrepairs.uk/sitemap.xml
https://www.birminghamboilerrepairs.uk/sitemap.xml",0,0,0,0,0,0,0,0
20,https://www.birminghamboilerrepairs.uk/birmingham/atag-specialists,Birmingham Atag Specialists | Same Day Service | Fixed Price Quote,text/html; charset=utf-8,false,200,0,"https://birminghamboilerrepairs.uk/sitemap.xml
https://www.birminghamboilerrepairs.uk/sitemap.xml",0,0,0,0,0,0,0,0
20,https://www.birminghamboilerrepairs.uk/california/potterton-specialists,California Potterton Specialists | Same Day Service | Fixed Price Quote,text/html; charset=utf-8,false,200,0,"https://birminghamboilerrepairs.uk/sitemap.xml
https://www.birminghamboilerrepairs.uk/sitemap.xml",0,0,0,0,0,0,0,0
20,https://www.birminghamboilerrepairs.uk/gilbertstone/ariston-specialists,Gilbertstone Ariston Specialists | Same Day Service | Fixed Price Quote,text/html; charset=utf-8,false,200,0,"https://birminghamboilerrepairs.uk/sitemap.xml
https://www.birminghamboilerrepairs.uk/sitemap.xml",0,0,0,0,0,0,0,0
20,https://www.birminghamboilerrepairs.uk/california/atag-specialists,California Atag Specialists | Same Day Service | Fixed Price Quote,text/html; charset=utf-8,false,200,0,"https://birminghamboilerrepairs.uk/sitemap.xml
https://www.birminghamboilerrepairs.uk/sitemap.xml",0,0,0,0,0,0,0,0
20,https://www.birminghamboilerrepairs.uk/boldmere/biasi-specialists,Boldmere Biasi Specialists | Same Day Service | Fixed Price Quote,text/html; charset=utf-8,false,200,0,"https://birminghamboilerrepairs.uk/sitemap.xml
https://www.birminghamboilerrepairs.uk/sitemap.xml",0,0,0,0,0,0,0,0
20,https://www.birminghamboilerrepairs.uk/bournbrook/biasi-specialists,Bournbrook Biasi Specialists | Same Day Service | Fixed Price Quote,text/html; charset=utf-8,false,200,0,"https://birminghamboilerrepairs.uk/sitemap.xml
https://www.birminghamboilerrepairs.uk/sitemap.xml",0,0,0,0,0,0,0,0
20,https://www.birminghamboilerrepairs.uk/birchfield/main-boiler-specialists,Birchfield Main Specialists | Same Day Service | Fixed Price Quote,text/html; charset=utf-8,false,200,0,"https://birminghamboilerrepairs.uk/sitemap.xml
https://www.birminghamboilerrepairs.uk/sitemap.xml",0,0,0,0,0,0,0,0
20,https://www.birminghamboilerrepairs.uk/bournville/ariston-specialists,Bournville Ariston Specialists | Same Day Service | Fixed Price Quote,text/html; charset=utf-8,false,200,0,"https://birminghamboilerrepairs.uk/sitemap.xml
https://www.birminghamboilerrepairs.uk/sitemap.xml",0,0,0,0,0,0,0,0
20,https://www.birminghamboilerrepairs.uk/california/heatline-specialists,California Heatline Specialists | Same Day Service | Fixed Price Quote,text/html; charset=utf-8,false,200,0,"https://birminghamboilerrepairs.uk/sitemap.xml
https://www.birminghamboilerrepairs.uk/sitemap.xml",0,0,0,0,0,0,0,0
20,https://www.birminghamboilerrepairs.uk/falcon-lodge/main-boiler-specialists,Falcon Lodge Main Specialists | Same Day Service | Fixed Price Quote,text/html; charset=utf-8,false,200,0,"https://birminghamboilerrepairs.uk/sitemap.xml
https://www.birminghamboilerrepairs.uk/sitemap.xml",0,0,0,0,0,0,0,0
20,https://www.birminghamboilerrepairs.uk/bordesley/alpha-boiler-specialists,Bordesley Alpha Specialists | Same Day Service | Fixed Price Quote,text/html; charset=utf-8,false,200,0,"https://birminghamboilerrepairs.uk/sitemap.xml
https://www.birminghamboilerrepairs.uk/sitemap.xml",0,0,0,0,0,0,0,0
20,https://www.birminghamboilerrepairs.uk/falcon-lodge/atag-specialists,Falcon Lodge Atag Specialists | Same Day Service | Fixed Price Quote,text/html; charset=utf-8,false,200,0,"https://birminghamboilerrepairs.uk/sitemap.xml
https://www.birminghamboilerrepairs.uk/sitemap.xml",0,0,0,0,0,0,0,0
20,https://www.birminghamboilerrepairs.uk/cofton-common/atag-specialists,Cofton Common Atag Specialists | Same Day Service | Fixed Price Quote,text/html; charset=utf-8,false,200,0,"https://birminghamboilerrepairs.uk/sitemap.xml
https://www.birminghamboilerrepairs.uk/sitemap.xml",0,0,0,0,0,0,0,0
20,https://www.birminghamboilerrepairs.uk/birches-green/intergas-specialists,Birches Green Intergas Specialists | Same Day Service | Fixed Price Quote,text/html; charset=utf-8,false,200,0,"https://birminghamboilerrepairs.uk/sitemap.xml
https://www.birminghamboilerrepairs.uk/sitemap.xml",0,0,0,0,0,0,0,0
20,https://www.birminghamboilerrepairs.uk/bromford/glowworm-specialists,Bromford Glow-worm Specialists | Same Day Service | Fixed Price Quote,text/html; charset=utf-8,false,200,0,"https://birminghamboilerrepairs.uk/sitemap.xml
https://www.birminghamboilerrepairs.uk/sitemap.xml",0,0,0,0,0,0,0,0
20,https://www.birminghamboilerrepairs.uk/chad-valley/vokera-specialists,Chad Valley Vokera Specialists | Same Day Service | Fixed Price Quote,text/html; charset=utf-8,false,200,0,"https://birminghamboilerrepairs.uk/sitemap.xml
https://www.birminghamboilerrepairs.uk/sitemap.xml",0,0,0,0,0,0,0,0
20,https://www.birminghamboilerrepairs.uk/falcon-lodge/glowworm-specialists,Falcon Lodge Glow-worm Specialists | Same Day Service | Fixed Price Quote,text/html; charset=utf-8,false,200,0,"https://birminghamboilerrepairs.uk/sitemap.xml
https://www.birminghamboilerrepairs.uk/sitemap.xml",0,0,0,0,0,0,0,0
20,https://www.birminghamboilerrepairs.uk/boldmere/vaillant-specialists,Boldmere Vaillant Specialists | Same Day Service | Fixed Price Quote,text/html; charset=utf-8,false,200,0,"https://birminghamboilerrepairs.uk/sitemap.xml
https://www.birminghamboilerrepairs.uk/sitemap.xml",0,0,0,0,0,0,0,0
20,https://www.birminghamboilerrepairs.uk/bromford/potterton-specialists,Bromford Potterton Specialists | Same Day Service | Fixed Price Quote,text/html; charset=utf-8,false,200,0,"https://birminghamboilerrepairs.uk/sitemap.xml
https://www.birminghamboilerrepairs.uk/sitemap.xml",0,0,0,0,0,0,0,0
20,https://www.birminghamboilerrepairs.uk/bordesley-green/potterton-specialists,Bordesley Green Potterton Specialists | Same Day Service | Fixed Price Quote,text/html; charset=utf-8,false,200,0,"https://birminghamboilerrepairs.uk/sitemap.xml
https://www.birminghamboilerrepairs.uk/sitemap.xml",0,0,0,0,0,0,0,0
20,https://www.birminghamboilerrepairs.uk/castle-vale/glowworm-specialists,Castle Vale Glow-worm Specialists | Same Day Service | Fixed Price Quote,text/html; charset=utf-8,false,200,0,"https://birminghamboilerrepairs.uk/sitemap.xml
https://www.birminghamboilerrepairs.uk/sitemap.xml",0,0,0,0,0,0,0,0
20,https://www.birminghamboilerrepairs.uk/camp-hill/alpha-boiler-specialists,Camp Hill Alpha Specialists | Same Day Service | Fixed Price Quote,text/html; charset=utf-8,false,200,0,"https://birminghamboilerrepairs.uk/sitemap.xml
https://www.birminghamboilerrepairs.uk/sitemap.xml",0,0,0,0,0,0,0,0
20,https://www.birminghamboilerrepairs.uk/great-barr/alpha-boiler-specialists,Great Barr Alpha Specialists | Same Day Service | Fixed Price Quote,text/html; charset=utf-8,false,200,0,"https://birminghamboilerrepairs.uk/sitemap.xml
https://www.birminghamboilerrepairs.uk/sitemap.xml",0,0,0,0,0,0,0,0
20,https://www.birminghamboilerrepairs.uk/eastside/alpha-boiler-specialists,Eastside Alpha Specialists | Same Day Service | Fixed Price Quote,text/html; charset=utf-8,false,200,0,"https://birminghamboilerrepairs.uk/sitemap.xml
https://www.birminghamboilerrepairs.uk/sitemap.xml",0,0,0,0,0,0,0,0
20,https://www.birminghamboilerrepairs.uk/bromford/viessmann-specialists,Bromford Viessmann Specialists | Same Day Service | Fixed Price Quote,text/html; charset=utf-8,false,200,0,"https://birminghamboilerrepairs.uk/sitemap.xml
https://www.birminghamboilerrepairs.uk/sitemap.xml",0,0,0,0,0,0,0,0
20,https://www.birminghamboilerrepairs.uk/bournbrook/alpha-boiler-specialists,Bournbrook Alpha Specialists | Same Day Service | Fixed Price Quote,text/html; charset=utf-8,false,200,0,"https://birminghamboilerrepairs.uk/sitemap.xml
https://www.birminghamboilerrepairs.uk/sitemap.xml",0,0,0,0,0,0,0,0
20,https://www.birminghamboilerrepairs.uk/churchfield/baxi-specialists,Churchfield Baxi Specialists | Same Day Service | Fixed Price Quote,text/html; charset=utf-8,false,200,0,"https://birminghamboilerrepairs.uk/sitemap.xml
https://www.birminghamboilerrepairs.uk/sitemap.xml",0,0,0,0,0,0,0,0
20,https://www.birminghamboilerrepairs.uk/camp-hill/ideal-boilers-specialists,Camp Hill Ideal Boilers Specialists | Same Day Service | Fixed Price Quote,text/html; charset=utf-8,false,200,0,"https://birminghamboilerrepairs.uk/sitemap.xml
https://www.birminghamboilerrepairs.uk/sitemap.xml",0,0,0,0,0,0,0,0
20,https://www.birminghamboilerrepairs.uk/deritend/ideal-boilers-specialists,Deritend Ideal Boilers Specialists | Same Day Service | Fixed Price Quote,text/html; charset=utf-8,false,200,0,"https://birminghamboilerrepairs.uk/sitemap.xml
https://www.birminghamboilerrepairs.uk/sitemap.xml",0,0,0,0,0,0,0,0
20,https://www.birminghamboilerrepairs.uk/fox-hollies/viessmann-specialists,Fox Hollies Viessmann Specialists | Same Day Service | Fixed Price Quote,text/html; charset=utf-8,false,200,0,"https://birminghamboilerrepairs.uk/sitemap.xml
https://www.birminghamboilerrepairs.uk/sitemap.xml",0,0,0,0,0,0,0,0
20,https://www.birminghamboilerrepairs.uk/gib-heath/biasi-specialists,Gib Heath Biasi Specialists | Same Day Service | Fixed Price Quote,text/html; charset=utf-8,false,200,0,"https://birminghamboilerrepairs.uk/sitemap.xml
https://www.birminghamboilerrepairs.uk/sitemap.xml",0,0,0,0,0,0,0,0
20,https://www.birminghamboilerrepairs.uk/gosta-green/ideal-boilers-specialists,Gosta Green Ideal Boilers Specialists | Same Day Service | Fixed Price Quote,text/html; charset=utf-8,false,200,0,"https://birminghamboilerrepairs.uk/sitemap.xml
https://www.birminghamboilerrepairs.uk/sitemap.xml",0,0,0,0,0,0,0,0
20,https://www.birminghamboilerrepairs.uk/garretts-green/glowworm-specialists,Garretts Green Glow-worm Specialists | Same Day Service | Fixed Price Quote,text/html; charset=utf-8,false,200,0,"https://birminghamboilerrepairs.uk/sitemap.xml
https://www.birminghamboilerrepairs.uk/sitemap.xml",0,0,0,0,0,0,0,0
20,https://www.birminghamboilerrepairs.uk/garretts-green/baxi-specialists,Garretts Green Baxi Specialists | Same Day Service | Fixed Price Quote,text/html; charset=utf-8,false,200,0,"https://birminghamboilerrepairs.uk/sitemap.xml
https://www.birminghamboilerrepairs.uk/sitemap.xml",0,0,0,0,0,0,0,0
20,https://www.birminghamboilerrepairs.uk/bournville/heatline-specialists,Bournville Heatline Specialists | Same Day Service | Fixed Price Quote,text/html; charset=utf-8,false,200,0,"https://birminghamboilerrepairs.uk/sitemap.xml
https://www.birminghamboilerrepairs.uk/sitemap.xml",0,0,0,0,0,0,0,0
20,https://www.birminghamboilerrepairs.uk/billesley/baxi-specialists,Billesley Baxi Specialists | Same Day Service | Fixed Price Quote,text/html; charset=utf-8,false,200,0,"https://birminghamboilerrepairs.uk/sitemap.xml
https://www.birminghamboilerrepairs.uk/sitemap.xml",0,0,0,0,0,0,0,0
20,https://www.birminghamboilerrepairs.uk/eastside/atag-specialists,Eastside Atag Specialists | Same Day Service | Fixed Price Quote,text/html; charset=utf-8,false,200,0,"https://birminghamboilerrepairs.uk/sitemap.xml
https://www.birminghamboilerrepairs.uk/sitemap.xml",0,0,0,0,0,0,0,0
20,https://www.birminghamboilerrepairs.uk/deritend/viessmann-specialists,Deritend Viessmann Specialists | Same Day Service | Fixed Price Quote,text/html; charset=utf-8,false,200,0,"https://birminghamboilerrepairs.uk/sitemap.xml
https://www.birminghamboilerrepairs.uk/sitemap.xml",0,0,0,0,0,0,0,0
20,https://www.birminghamboilerrepairs.uk/browns-green/glowworm-specialists,Browns Green Glow-worm Specialists | Same Day Service | Fixed Price Quote,text/html; charset=utf-8,false,200,0,"https://birminghamboilerrepairs.uk/sitemap.xml
https://www.birminghamboilerrepairs.uk/sitemap.xml",0,0,0,0,0,0,0,0
20,https://www.birminghamboilerrepairs.uk/bordesley-green/atag-specialists,Bordesley Green Atag Specialists | Same Day Service | Fixed Price Quote,text/html; charset=utf-8,false,200,0,"https://birminghamboilerrepairs.uk/sitemap.xml
https://www.birminghamboilerrepairs.uk/sitemap.xml",0,0,0,0,0,0,0,0
20,https://www.birminghamboilerrepairs.uk/brandwood-end/alpha-boiler-specialists,Brandwood End Alpha Specialists | Same Day Service | Fixed Price Quote,text/html; charset=utf-8,false,200,0,"https://birminghamboilerrepairs.uk/sitemap.xml
https://www.birminghamboilerrepairs.uk/sitemap.xml",0,0,0,0,0,0,0,0
20,https://www.birminghamboilerrepairs.uk/billesley/glowworm-specialists,Billesley Glow-worm Specialists | Same Day Service | Fixed Price Quote,text/html; charset=utf-8,false,200,0,"https://birminghamboilerrepairs.uk/sitemap.xml
https://www.birminghamboilerrepairs.uk/sitemap.xml",0,0,0,0,0,0,0,0
20,https://www.birminghamboilerrepairs.uk/birmingham/vaillant-specialists,Birmingham Vaillant Specialists | Same Day Service | Fixed Price Quote,text/html; charset=utf-8,false,200,0,"https://birminghamboilerrepairs.uk/sitemap.xml
https://www.birminghamboilerrepairs.uk/sitemap.xml",0,0,0,0,0,0,0,0
20,https://www.birminghamboilerrepairs.uk/birchfield/vaillant-specialists,Birchfield Vaillant Specialists | Same Day Service | Fixed Price Quote,text/html; charset=utf-8,false,200,0,"https://birminghamboilerrepairs.uk/sitemap.xml
https://www.birminghamboilerrepairs.uk/sitemap.xml",0,0,0,0,0,0,0,0
20,https://www.birminghamboilerrepairs.uk/garretts-green/viessmann-specialists,Garretts Green Viessmann Specialists | Same Day Service | Fixed Price Quote,text/html; charset=utf-8,false,200,0,"https://birminghamboilerrepairs.uk/sitemap.xml
https://www.birminghamboilerrepairs.uk/sitemap.xml",0,0,0,0,0,0,0,0
20,https://www.birminghamboilerrepairs.uk/edgbaston/biasi-specialists,Edgbaston Biasi Specialists | Same Day Service | Fixed Price Quote,text/html; charset=utf-8,false,200,0,"https://birminghamboilerrepairs.uk/sitemap.xml
https://www.birminghamboilerrepairs.uk/sitemap.xml",0,0,0,0,0,0,0,0
20,https://www.birminghamboilerrepairs.uk/churchfield/ideal-boilers-specialists,Churchfield Ideal Boilers Specialists | Same Day Service | Fixed Price Quote,text/html; charset=utf-8,false,200,0,"https://birminghamboilerrepairs.uk/sitemap.xml
https://www.birminghamboilerrepairs.uk/sitemap.xml",0,0,0,0,0,0,0,0
20,https://www.birminghamboilerrepairs.uk/brandwood-end/heatline-specialists,Brandwood End Heatline Specialists | Same Day Service | Fixed Price Quote,text/html; charset=utf-8,false,200,0,"https://birminghamboilerrepairs.uk/sitemap.xml
https://www.birminghamboilerrepairs.uk/sitemap.xml",0,0,0,0,0,0,0,0
20,https://www.birminghamboilerrepairs.uk/birmingham/ariston-specialists,Birmingham Ariston Specialists | Same Day Service | Fixed Price Quote,text/html; charset=utf-8,false,200,0,"https://birminghamboilerrepairs.uk/sitemap.xml
https://www.birminghamboilerrepairs.uk/sitemap.xml",0,0,0,0,0,0,0,0
20,https://www.birminghamboilerrepairs.uk/camp-hill/biasi-specialists,Camp Hill Biasi Specialists | Same Day Service | Fixed Price Quote,text/html; charset=utf-8,false,200,0,"https://birminghamboilerrepairs.uk/sitemap.xml
https://www.birminghamboilerrepairs.uk/sitemap.xml",0,0,0,0,0,0,0,0
20,https://www.birminghamboilerrepairs.uk/gilbertstone/ideal-boilers-specialists,Gilbertstone Ideal Boilers Specialists | Same Day Service | Fixed Price Quote,text/html; charset=utf-8,false,200,0,"https://birminghamboilerrepairs.uk/sitemap.xml
https://www.birminghamboilerrepairs.uk/sitemap.xml",0,0,0,0,0,0,0,0
20,https://www.birminghamboilerrepairs.uk/chad-valley/potterton-specialists,Chad Valley Potterton Specialists | Same Day Service | Fixed Price Quote,text/html; charset=utf-8,false,200,0,"https://birminghamboilerrepairs.uk/sitemap.xml
https://www.birminghamboilerrepairs.uk/sitemap.xml",0,0,0,0,0,0,0,0
20,https://www.birminghamboilerrepairs.uk/cotteridge/vaillant-specialists,Cotteridge Vaillant Specialists | Same Day Service | Fixed Price Quote,text/html; charset=utf-8,false,200,0,"https://birminghamboilerrepairs.uk/sitemap.xml
https://www.birminghamboilerrepairs.uk/sitemap.xml",0,0,0,0,0,0,0,0
20,https://www.birminghamboilerrepairs.uk/camp-hill/vaillant-specialists,Camp Hill Vaillant Specialists | Same Day Service | Fixed Price Quote,text/html; charset=utf-8,false,200,0,"https://birminghamboilerrepairs.uk/sitemap.xml
https://www.birminghamboilerrepairs.uk/sitemap.xml",0,0,0,0,0,0,0,0
20,https://www.birminghamboilerrepairs.uk/eastside/intergas-specialists,Eastside Intergas Specialists | Same Day Service | Fixed Price Quote,text/html; charset=utf-8,false,200,0,"https://birminghamboilerrepairs.uk/sitemap.xml
https://www.birminghamboilerrepairs.uk/sitemap.xml",0,0,0,0,0,0,0,0
20,https://www.birminghamboilerrepairs.uk/gilbertstone/vaillant-specialists,Gilbertstone Vaillant Specialists | Same Day Service | Fixed Price Quote,text/html; charset=utf-8,false,200,0,"https://birminghamboilerrepairs.uk/sitemap.xml
https://www.birminghamboilerrepairs.uk/sitemap.xml",0,0,0,0,0,0,0,0
20,https://www.birminghamboilerrepairs.uk/great-barr/biasi-specialists,Great Barr Biasi Specialists | Same Day Service | Fixed Price Quote,text/html; charset=utf-8,false,200,0,"https://birminghamboilerrepairs.uk/sitemap.xml
https://www.birminghamboilerrepairs.uk/sitemap.xml",0,0,0,0,0,0,0,0
20,https://www.birminghamboilerrepairs.uk/camp-hill/baxi-specialists,Camp Hill Baxi Specialists | Same Day Service | Fixed Price Quote,text/html; charset=utf-8,false,200,0,"https://birminghamboilerrepairs.uk/sitemap.xml
https://www.birminghamboilerrepairs.uk/sitemap.xml",0,0,0,0,0,0,0,0
20,https://www.birminghamboilerrepairs.uk/erdington/alpha-boiler-specialists,Erdington Alpha Specialists | Same Day Service | Fixed Price Quote,text/html; charset=utf-8,false,200,0,"https://birminghamboilerrepairs.uk/sitemap.xml
https://www.birminghamboilerrepairs.uk/sitemap.xml",0,0,0,0,0,0,0,0
20,https://www.birminghamboilerrepairs.uk/gosta-green/vaillant-specialists,Gosta Green Vaillant Specialists | Same Day Service | Fixed Price Quote,text/html; charset=utf-8,false,200,0,"https://birminghamboilerrepairs.uk/sitemap.xml
https://www.birminghamboilerrepairs.uk/sitemap.xml",0,0,0,0,0,0,0,0
20,https://www.birminghamboilerrepairs.uk/gravelly-hill/alpha-boiler-specialists,Gravelly Hill Alpha Specialists | Same Day Service | Fixed Price Quote,text/html; charset=utf-8,false,200,0,"https://birminghamboilerrepairs.uk/sitemap.xml
https://www.birminghamboilerrepairs.uk/sitemap.xml",0,0,0,0,0,0,0,0
20,https://www.birminghamboilerrepairs.uk/castle-vale/alpha-boiler-specialists,Castle Vale Alpha Specialists | Same Day Service | Fixed Price Quote,text/html; charset=utf-8,false,200,0,"https://birminghamboilerrepairs.uk/sitemap.xml
https://www.birminghamboilerrepairs.uk/sitemap.xml",0,0,0,0,0,0,0,0
20,https://www.birminghamboilerrepairs.uk/castle-vale/biasi-specialists,Castle Vale Biasi Specialists | Same Day Service | Fixed Price Quote,text/html; charset=utf-8,false,200,0,"https://birminghamboilerrepairs.uk/sitemap.xml
https://www.birminghamboilerrepairs.uk/sitemap.xml",0,0,0,0,0,0,0,0
20,https://www.birminghamboilerrepairs.uk/falcon-lodge/vaillant-specialists,Falcon Lodge Vaillant Specialists | Same Day Service | Fixed Price Quote,text/html; charset=utf-8,false,200,0,"https://birminghamboilerrepairs.uk/sitemap.xml
https://www.birminghamboilerrepairs.uk/sitemap.xml",0,0,0,0,0,0,0,0
20,https://www.birminghamboilerrepairs.uk/blog/category/installation,Installation Services | Birmingham Boiler Repairs Blog,text/html; charset=utf-8,false,200,0,"https://birminghamboilerrepairs.uk/sitemap.xml
https://www.birminghamboilerrepairs.uk/sitemap-blog.xml
https://www.birminghamboilerrepairs.uk/sitemap.xml",0,0,0,0,0,0,0,0
20,https://www.birminghamboilerrepairs.uk/bournville/viessmann-specialists,Bournville Viessmann Specialists | Same Day Service | Fixed Price Quote,text/html; charset=utf-8,false,200,0,"https://birminghamboilerrepairs.uk/sitemap.xml
https://www.birminghamboilerrepairs.uk/sitemap.xml",0,0,0,0,0,0,0,0
20,https://www.birminghamboilerrepairs.uk/birchfield/vokera-specialists,Birchfield Vokera Specialists | Same Day Service | Fixed Price Quote,text/html; charset=utf-8,false,200,0,"https://birminghamboilerrepairs.uk/sitemap.xml
https://www.birminghamboilerrepairs.uk/sitemap.xml",0,0,0,0,0,0,0,0
20,https://www.birminghamboilerrepairs.uk/birchfield/atag-specialists,Birchfield Atag Specialists | Same Day Service | Fixed Price Quote,text/html; charset=utf-8,false,200,0,"https://birminghamboilerrepairs.uk/sitemap.xml
https://www.birminghamboilerrepairs.uk/sitemap.xml",0,0,0,0,0,0,0,0
20,https://www.birminghamboilerrepairs.uk/great-barr/glowworm-specialists,Great Barr Glow-worm Specialists | Same Day Service | Fixed Price Quote,text/html; charset=utf-8,false,200,0,"https://birminghamboilerrepairs.uk/sitemap.xml
https://www.birminghamboilerrepairs.uk/sitemap.xml",0,0,0,0,0,0,0,0
20,https://www.birminghamboilerrepairs.uk/erdington/intergas-specialists,Erdington Intergas Specialists | Same Day Service | Fixed Price Quote,text/html; charset=utf-8,false,200,0,"https://birminghamboilerrepairs.uk/sitemap.xml
https://www.birminghamboilerrepairs.uk/sitemap.xml",0,0,0,0,0,0,0,0
20,https://www.birminghamboilerrepairs.uk/castle-vale/vokera-specialists,Castle Vale Vokera Specialists | Same Day Service | Fixed Price Quote,text/html; charset=utf-8,false,200,0,"https://birminghamboilerrepairs.uk/sitemap.xml
https://www.birminghamboilerrepairs.uk/sitemap.xml",0,0,0,0,0,0,0,0
20,https://www.birminghamboilerrepairs.uk/birchfield/biasi-specialists,Birchfield Biasi Specialists | Same Day Service | Fixed Price Quote,text/html; charset=utf-8,false,200,0,"https://birminghamboilerrepairs.uk/sitemap.xml
https://www.birminghamboilerrepairs.uk/sitemap.xml",0,0,0,0,0,0,0,0
20,https://www.birminghamboilerrepairs.uk/chad-valley/biasi-specialists,Chad Valley Biasi Specialists | Same Day Service | Fixed Price Quote,text/html; charset=utf-8,false,200,0,"https://birminghamboilerrepairs.uk/sitemap.xml
https://www.birminghamboilerrepairs.uk/sitemap.xml",0,0,0,0,0,0,0,0
20,https://www.birminghamboilerrepairs.uk/castle-vale/viessmann-specialists,Castle Vale Viessmann Specialists | Same Day Service | Fixed Price Quote,text/html; charset=utf-8,false,200,0,"https://birminghamboilerrepairs.uk/sitemap.xml
https://www.birminghamboilerrepairs.uk/sitemap.xml",0,0,0,0,0,0,0,0
20,https://www.birminghamboilerrepairs.uk/edgbaston/baxi-specialists,Edgbaston Baxi Specialists | Same Day Service | Fixed Price Quote,text/html; charset=utf-8,false,200,0,"https://birminghamboilerrepairs.uk/sitemap.xml
https://www.birminghamboilerrepairs.uk/sitemap.xml",0,0,0,0,0,0,0,0
20,https://www.birminghamboilerrepairs.uk/frankley/vaillant-specialists,Frankley Vaillant Specialists | Same Day Service | Fixed Price Quote,text/html; charset=utf-8,false,200,0,"https://birminghamboilerrepairs.uk/sitemap.xml
https://www.birminghamboilerrepairs.uk/sitemap.xml",0,0,0,0,0,0,0,0
20,https://www.birminghamboilerrepairs.uk/bordesley/baxi-specialists,Bordesley Baxi Specialists | Same Day Service | Fixed Price Quote,text/html; charset=utf-8,false,200,0,"https://birminghamboilerrepairs.uk/sitemap.xml
https://www.birminghamboilerrepairs.uk/sitemap.xml",0,0,0,0,0,0,0,0
20,https://www.birminghamboilerrepairs.uk/birmingham/potterton-specialists,Birmingham Potterton Specialists | Same Day Service | Fixed Price Quote,text/html; charset=utf-8,false,200,0,"https://birminghamboilerrepairs.uk/sitemap.xml
https://www.birminghamboilerrepairs.uk/sitemap.xml",0,0,0,0,0,0,0,0
20,https://www.birminghamboilerrepairs.uk/bournbrook/glowworm-specialists,Bournbrook Glow-worm Specialists | Same Day Service | Fixed Price Quote,text/html; charset=utf-8,false,200,0,"https://birminghamboilerrepairs.uk/sitemap.xml
https://www.birminghamboilerrepairs.uk/sitemap.xml",0,0,0,0,0,0,0,0
20,https://www.birminghamboilerrepairs.uk/boldmere/ideal-boilers-specialists,Boldmere Ideal Boilers Specialists | Same Day Service | Fixed Price Quote,text/html; charset=utf-8,false,200,0,"https://birminghamboilerrepairs.uk/sitemap.xml
https://www.birminghamboilerrepairs.uk/sitemap.xml",0,0,0,0,0,0,0,0
20,https://www.birminghamboilerrepairs.uk/buckland-end/heatline-specialists,Buckland End Heatline Specialists | Same Day Service | Fixed Price Quote,text/html; charset=utf-8,false,200,0,"https://birminghamboilerrepairs.uk/sitemap.xml
https://www.birminghamboilerrepairs.uk/sitemap.xml",0,0,0,0,0,0,0,0
20,https://www.birminghamboilerrepairs.uk/bromford/vaillant-specialists,Bromford Vaillant Specialists | Same Day Service | Fixed Price Quote,text/html; charset=utf-8,false,200,0,"https://birminghamboilerrepairs.uk/sitemap.xml
https://www.birminghamboilerrepairs.uk/sitemap.xml",0,0,0,0,0,0,0,0
20,https://www.birminghamboilerrepairs.uk/gospel-oak/vokera-specialists,Gospel Oak Vokera Specialists | Same Day Service | Fixed Price Quote,text/html; charset=utf-8,false,200,0,"https://birminghamboilerrepairs.uk/sitemap.xml
https://www.birminghamboilerrepairs.uk/sitemap.xml",0,0,0,0,0,0,0,0
20,https://www.birminghamboilerrepairs.uk/buckland-end/alpha-boiler-specialists,Buckland End Alpha Specialists | Same Day Service | Fixed Price Quote,text/html; charset=utf-8,false,200,0,"https://birminghamboilerrepairs.uk/sitemap.xml
https://www.birminghamboilerrepairs.uk/sitemap.xml",0,0,0,0,0,0,0,0
20,https://www.birminghamboilerrepairs.uk/gosta-green/main-boiler-specialists,Gosta Green Main Specialists | Same Day Service | Fixed Price Quote,text/html; charset=utf-8,false,200,0,"https://birminghamboilerrepairs.uk/sitemap.xml
https://www.birminghamboilerrepairs.uk/sitemap.xml",0,0,0,0,0,0,0,0
20,https://www.birminghamboilerrepairs.uk/gospel-oak/biasi-specialists,Gospel Oak Biasi Specialists | Same Day Service | Fixed Price Quote,text/html; charset=utf-8,false,200,0,"https://birminghamboilerrepairs.uk/sitemap.xml
https://www.birminghamboilerrepairs.uk/sitemap.xml",0,0,0,0,0,0,0,0
20,https://www.birminghamboilerrepairs.uk/california/intergas-specialists,California Intergas Specialists | Same Day Service | Fixed Price Quote,text/html; charset=utf-8,false,200,0,"https://birminghamboilerrepairs.uk/sitemap.xml
https://www.birminghamboilerrepairs.uk/sitemap.xml",0,0,0,0,0,0,0,0
20,https://www.birminghamboilerrepairs.uk/gib-heath/atag-specialists,Gib Heath Atag Specialists | Same Day Service | Fixed Price Quote,text/html; charset=utf-8,false,200,0,"https://birminghamboilerrepairs.uk/sitemap.xml
https://www.birminghamboilerrepairs.uk/sitemap.xml",0,0,0,0,0,0,0,0
20,https://www.birminghamboilerrepairs.uk/bordesley/glowworm-specialists,Bordesley Glow-worm Specialists | Same Day Service | Fixed Price Quote,text/html; charset=utf-8,false,200,0,"https://birminghamboilerrepairs.uk/sitemap.xml
https://www.birminghamboilerrepairs.uk/sitemap.xml",0,0,0,0,0,0,0,0
20,https://www.birminghamboilerrepairs.uk/bromford/intergas-specialists,Bromford Intergas Specialists | Same Day Service | Fixed Price Quote,text/html; charset=utf-8,false,200,0,"https://birminghamboilerrepairs.uk/sitemap.xml
https://www.birminghamboilerrepairs.uk/sitemap.xml",0,0,0,0,0,0,0,0
20,https://www.birminghamboilerrepairs.uk/boldmere/heatline-specialists,Boldmere Heatline Specialists | Same Day Service | Fixed Price Quote,text/html; charset=utf-8,false,200,0,"https://birminghamboilerrepairs.uk/sitemap.xml
https://www.birminghamboilerrepairs.uk/sitemap.xml",0,0,0,0,0,0,0,0
20,https://www.birminghamboilerrepairs.uk/gosta-green/vokera-specialists,Gosta Green Vokera Specialists | Same Day Service | Fixed Price Quote,text/html; charset=utf-8,false,200,0,"https://birminghamboilerrepairs.uk/sitemap.xml
https://www.birminghamboilerrepairs.uk/sitemap.xml",0,0,0,0,0,0,0,0
20,https://www.birminghamboilerrepairs.uk/birches-green/potterton-specialists,Birches Green Potterton Specialists | Same Day Service | Fixed Price Quote,text/html; charset=utf-8,false,200,0,"https://birminghamboilerrepairs.uk/sitemap.xml
https://www.birminghamboilerrepairs.uk/sitemap.xml",0,0,0,0,0,0,0,0
20,https://www.birminghamboilerrepairs.uk/billesley/heatline-specialists,Billesley Heatline Specialists | Same Day Service | Fixed Price Quote,text/html; charset=utf-8,false,200,0,"https://birminghamboilerrepairs.uk/sitemap.xml
https://www.birminghamboilerrepairs.uk/sitemap.xml",0,0,0,0,0,0,0,0
20,https://www.birminghamboilerrepairs.uk/bournbrook/atag-specialists,Bournbrook Atag Specialists | Same Day Service | Fixed Price Quote,text/html; charset=utf-8,false,200,0,"https://birminghamboilerrepairs.uk/sitemap.xml
https://www.birminghamboilerrepairs.uk/sitemap.xml",0,0,0,0,0,0,0,0
20,https://www.birminghamboilerrepairs.uk/gravelly-hill/atag-specialists,Gravelly Hill Atag Specialists | Same Day Service | Fixed Price Quote,text/html; charset=utf-8,false,200,0,"https://birminghamboilerrepairs.uk/sitemap.xml
https://www.birminghamboilerrepairs.uk/sitemap.xml",0,0,0,0,0,0,0,0
20,https://www.birminghamboilerrepairs.uk/gib-heath/ideal-boilers-specialists,Gib Heath Ideal Boilers Specialists | Same Day Service | Fixed Price Quote,text/html; charset=utf-8,false,200,0,"https://birminghamboilerrepairs.uk/sitemap.xml
https://www.birminghamboilerrepairs.uk/sitemap.xml",0,0,0,0,0,0,0,0
20,https://www.birminghamboilerrepairs.uk/bordesley/biasi-specialists,Bordesley Biasi Specialists | Same Day Service | Fixed Price Quote,text/html; charset=utf-8,false,200,0,"https://birminghamboilerrepairs.uk/sitemap.xml
https://www.birminghamboilerrepairs.uk/sitemap.xml",0,0,0,0,0,0,0,0
20,https://www.birminghamboilerrepairs.uk/birmingham/biasi-specialists,Birmingham Biasi Specialists | Same Day Service | Fixed Price Quote,text/html; charset=utf-8,false,200,0,"https://birminghamboilerrepairs.uk/sitemap.xml
https://www.birminghamboilerrepairs.uk/sitemap.xml",0,0,0,0,0,0,0,0
20,https://www.birminghamboilerrepairs.uk/erdington/heatline-specialists,Erdington Heatline Specialists | Same Day Service | Fixed Price Quote,text/html; charset=utf-8,false,200,0,"https://birminghamboilerrepairs.uk/sitemap.xml
https://www.birminghamboilerrepairs.uk/sitemap.xml",0,0,0,0,0,0,0,0
20,https://www.birminghamboilerrepairs.uk/cotteridge/potterton-specialists,Cotteridge Potterton Specialists | Same Day Service | Fixed Price Quote,text/html; charset=utf-8,false,200,0,"https://birminghamboilerrepairs.uk/sitemap.xml
https://www.birminghamboilerrepairs.uk/sitemap.xml",0,0,0,0,0,0,0,0
20,https://www.birminghamboilerrepairs.uk/four-oaks/baxi-specialists,Four Oaks Baxi Specialists | Same Day Service | Fixed Price Quote,text/html; charset=utf-8,false,200,0,"https://birminghamboilerrepairs.uk/sitemap.xml
https://www.birminghamboilerrepairs.uk/sitemap.xml",0,0,0,0,0,0,0,0
20,https://www.birminghamboilerrepairs.uk/cotteridge/glowworm-specialists,Cotteridge Glow-worm Specialists | Same Day Service | Fixed Price Quote,text/html; charset=utf-8,false,200,0,"https://birminghamboilerrepairs.uk/sitemap.xml
https://www.birminghamboilerrepairs.uk/sitemap.xml",0,0,0,0,0,0,0,0
20,https://www.birminghamboilerrepairs.uk/bordesley-green/baxi-specialists,Bordesley Green Baxi Specialists | Same Day Service | Fixed Price Quote,text/html; charset=utf-8,false,200,0,"https://birminghamboilerrepairs.uk/sitemap.xml
https://www.birminghamboilerrepairs.uk/sitemap.xml",0,0,0,0,0,0,0,0
20,https://www.birminghamboilerrepairs.uk/great-barr/ariston-specialists,Great Barr Ariston Specialists | Same Day Service | Fixed Price Quote,text/html; charset=utf-8,false,200,0,"https://birminghamboilerrepairs.uk/sitemap.xml
https://www.birminghamboilerrepairs.uk/sitemap.xml",0,0,0,0,0,0,0,0
20,https://www.birminghamboilerrepairs.uk/eastside/vokera-specialists,Eastside Vokera Specialists | Same Day Service | Fixed Price Quote,text/html; charset=utf-8,false,200,0,"https://birminghamboilerrepairs.uk/sitemap.xml
https://www.birminghamboilerrepairs.uk/sitemap.xml",0,0,0,0,0,0,0,0
20,https://www.birminghamboilerrepairs.uk/gosta-green/biasi-specialists,Gosta Green Biasi Specialists | Same Day Service | Fixed Price Quote,text/html; charset=utf-8,false,200,0,"https://birminghamboilerrepairs.uk/sitemap.xml
https://www.birminghamboilerrepairs.uk/sitemap.xml",0,0,0,0,0,0,0,0
20,https://www.birminghamboilerrepairs.uk/cotteridge/ariston-specialists,Cotteridge Ariston Specialists | Same Day Service | Fixed Price Quote,text/html; charset=utf-8,false,200,0,"https://birminghamboilerrepairs.uk/sitemap.xml
https://www.birminghamboilerrepairs.uk/sitemap.xml",0,0,0,0,0,0,0,0
20,https://www.birminghamboilerrepairs.uk/gilbertstone/vokera-specialists,Gilbertstone Vokera Specialists | Same Day Service | Fixed Price Quote,text/html; charset=utf-8,false,200,0,"https://birminghamboilerrepairs.uk/sitemap.xml
https://www.birminghamboilerrepairs.uk/sitemap.xml",0,0,0,0,0,0,0,0
20,https://www.birminghamboilerrepairs.uk/deritend/intergas-specialists,Deritend Intergas Specialists | Same Day Service | Fixed Price Quote,text/html; charset=utf-8,false,200,0,"https://birminghamboilerrepairs.uk/sitemap.xml
https://www.birminghamboilerrepairs.uk/sitemap.xml",0,0,0,0,0,0,0,0
20,https://www.birminghamboilerrepairs.uk/chad-valley/baxi-specialists,Chad Valley Baxi Specialists | Same Day Service | Fixed Price Quote,text/html; charset=utf-8,false,200,0,"https://birminghamboilerrepairs.uk/sitemap.xml
https://www.birminghamboilerrepairs.uk/sitemap.xml",0,0,0,0,0,0,0,0
20,https://www.birminghamboilerrepairs.uk/erdington/ariston-specialists,Erdington Ariston Specialists | Same Day Service | Fixed Price Quote,text/html; charset=utf-8,false,200,0,"https://birminghamboilerrepairs.uk/sitemap.xml
https://www.birminghamboilerrepairs.uk/sitemap.xml",0,0,0,0,0,0,0,0
20,https://www.birminghamboilerrepairs.uk/falcon-lodge/biasi-specialists,Falcon Lodge Biasi Specialists | Same Day Service | Fixed Price Quote,text/html; charset=utf-8,false,200,0,"https://birminghamboilerrepairs.uk/sitemap.xml
https://www.birminghamboilerrepairs.uk/sitemap.xml",0,0,0,0,0,0,0,0
20,https://www.birminghamboilerrepairs.uk/falcon-lodge/intergas-specialists,Falcon Lodge Intergas Specialists | Same Day Service | Fixed Price Quote,text/html; charset=utf-8,false,200,0,"https://birminghamboilerrepairs.uk/sitemap.xml
https://www.birminghamboilerrepairs.uk/sitemap.xml",0,0,0,0,0,0,0,0
20,https://www.birminghamboilerrepairs.uk/camp-hill/main-boiler-specialists,Camp Hill Main Specialists | Same Day Service | Fixed Price Quote,text/html; charset=utf-8,false,200,0,"https://birminghamboilerrepairs.uk/sitemap.xml
https://www.birminghamboilerrepairs.uk/sitemap.xml",0,0,0,0,0,0,0,0
20,https://www.birminghamboilerrepairs.uk/falcon-lodge/potterton-specialists,Falcon Lodge Potterton Specialists | Same Day Service | Fixed Price Quote,text/html; charset=utf-8,false,200,0,"https://birminghamboilerrepairs.uk/sitemap.xml
https://www.birminghamboilerrepairs.uk/sitemap.xml",0,0,0,0,0,0,0,0
20,https://www.birminghamboilerrepairs.uk/frankley/ariston-specialists,Frankley Ariston Specialists | Same Day Service | Fixed Price Quote,text/html; charset=utf-8,false,200,0,"https://birminghamboilerrepairs.uk/sitemap.xml
https://www.birminghamboilerrepairs.uk/sitemap.xml",0,0,0,0,0,0,0,0
20,https://www.birminghamboilerrepairs.uk/fox-hollies/potterton-specialists,Fox Hollies Potterton Specialists | Same Day Service | Fixed Price Quote,text/html; charset=utf-8,false,200,0,"https://birminghamboilerrepairs.uk/sitemap.xml
https://www.birminghamboilerrepairs.uk/sitemap.xml",0,0,0,0,0,0,0,0
20,https://www.birminghamboilerrepairs.uk/chad-valley/vaillant-specialists,Chad Valley Vaillant Specialists | Same Day Service | Fixed Price Quote,text/html; charset=utf-8,false,200,0,"https://birminghamboilerrepairs.uk/sitemap.xml
https://www.birminghamboilerrepairs.uk/sitemap.xml",0,0,0,0,0,0,0,0
20,https://www.birminghamboilerrepairs.uk/gib-heath/ariston-specialists,Gib Heath Ariston Specialists | Same Day Service | Fixed Price Quote,text/html; charset=utf-8,false,200,0,"https://birminghamboilerrepairs.uk/sitemap.xml
https://www.birminghamboilerrepairs.uk/sitemap.xml",0,0,0,0,0,0,0,0
20,https://www.birminghamboilerrepairs.uk/camp-hill/vokera-specialists,Camp Hill Vokera Specialists | Same Day Service | Fixed Price Quote,text/html; charset=utf-8,false,200,0,"https://birminghamboilerrepairs.uk/sitemap.xml
https://www.birminghamboilerrepairs.uk/sitemap.xml",0,0,0,0,0,0,0,0
20,https://www.birminghamboilerrepairs.uk/gospel-oak/potterton-specialists,Gospel Oak Potterton Specialists | Same Day Service | Fixed Price Quote,text/html; charset=utf-8,false,200,0,"https://birminghamboilerrepairs.uk/sitemap.xml
https://www.birminghamboilerrepairs.uk/sitemap.xml",0,0,0,0,0,0,0,0
20,https://www.birminghamboilerrepairs.uk/bordesley/ideal-boilers-specialists,Bordesley Ideal Boilers Specialists | Same Day Service | Fixed Price Quote,text/html; charset=utf-8,false,200,0,"https://birminghamboilerrepairs.uk/sitemap.xml
https://www.birminghamboilerrepairs.uk/sitemap.xml",0,0,0,0,0,0,0,0
20,https://www.birminghamboilerrepairs.uk/buckland-end/baxi-specialists,Buckland End Baxi Specialists | Same Day Service | Fixed Price Quote,text/html; charset=utf-8,false,200,0,"https://birminghamboilerrepairs.uk/sitemap.xml
https://www.birminghamboilerrepairs.uk/sitemap.xml",0,0,0,0,0,0,0,0
20,https://www.birminghamboilerrepairs.uk/brandwood-end/glowworm-specialists,Brandwood End Glow-worm Specialists | Same Day Service | Fixed Price Quote,text/html; charset=utf-8,false,200,0,"https://birminghamboilerrepairs.uk/sitemap.xml
https://www.birminghamboilerrepairs.uk/sitemap.xml",0,0,0,0,0,0,0,0
20,https://www.birminghamboilerrepairs.uk/fox-hollies/atag-specialists,Fox Hollies Atag Specialists | Same Day Service | Fixed Price Quote,text/html; charset=utf-8,false,200,0,"https://birminghamboilerrepairs.uk/sitemap.xml
https://www.birminghamboilerrepairs.uk/sitemap.xml",0,0,0,0,0,0,0,0
20,https://www.birminghamboilerrepairs.uk/falcon-lodge/vokera-specialists,Falcon Lodge Vokera Specialists | Same Day Service | Fixed Price Quote,text/html; charset=utf-8,false,200,0,"https://birminghamboilerrepairs.uk/sitemap.xml
https://www.birminghamboilerrepairs.uk/sitemap.xml",0,0,0,0,0,0,0,0
20,https://www.birminghamboilerrepairs.uk/glebe-farm/potterton-specialists,Glebe Farm Potterton Specialists | Same Day Service | Fixed Price Quote,text/html; charset=utf-8,false,200,0,"https://birminghamboilerrepairs.uk/sitemap.xml
https://www.birminghamboilerrepairs.uk/sitemap.xml",0,0,0,0,0,0,0,0
20,https://www.birminghamboilerrepairs.uk/great-barr/intergas-specialists,Great Barr Intergas Specialists | Same Day Service | Fixed Price Quote,text/html; charset=utf-8,false,200,0,"https://birminghamboilerrepairs.uk/sitemap.xml
https://www.birminghamboilerrepairs.uk/sitemap.xml",0,0,0,0,0,0,0,0
20,https://www.birminghamboilerrepairs.uk/brandwood-end/intergas-specialists,Brandwood End Intergas Specialists | Same Day Service | Fixed Price Quote,text/html; charset=utf-8,false,200,0,"https://birminghamboilerrepairs.uk/sitemap.xml
https://www.birminghamboilerrepairs.uk/sitemap.xml",0,0,0,0,0,0,0,0
20,https://www.birminghamboilerrepairs.uk/fox-hollies/ideal-boilers-specialists,Fox Hollies Ideal Boilers Specialists | Same Day Service | Fixed Price Quote,text/html; charset=utf-8,false,200,0,"https://birminghamboilerrepairs.uk/sitemap.xml
https://www.birminghamboilerrepairs.uk/sitemap.xml",0,0,0,0,0,0,0,0
20,https://www.birminghamboilerrepairs.uk/camp-hill/potterton-specialists,Camp Hill Potterton Specialists | Same Day Service | Fixed Price Quote,text/html; charset=utf-8,false,200,0,"https://birminghamboilerrepairs.uk/sitemap.xml
https://www.birminghamboilerrepairs.uk/sitemap.xml",0,0,0,0,0,0,0,0
20,https://www.birminghamboilerrepairs.uk/cotteridge/heatline-specialists,Cotteridge Heatline Specialists | Same Day Service | Fixed Price Quote,text/html; charset=utf-8,false,200,0,"https://birminghamboilerrepairs.uk/sitemap.xml
https://www.birminghamboilerrepairs.uk/sitemap.xml",0,0,0,0,0,0,0,0
20,https://www.birminghamboilerrepairs.uk/deritend/heatline-specialists,Deritend Heatline Specialists | Same Day Service | Fixed Price Quote,text/html; charset=utf-8,false,200,0,"https://birminghamboilerrepairs.uk/sitemap.xml
https://www.birminghamboilerrepairs.uk/sitemap.xml",0,0,0,0,0,0,0,0
20,https://www.birminghamboilerrepairs.uk/cotteridge/atag-specialists,Cotteridge Atag Specialists | Same Day Service | Fixed Price Quote,text/html; charset=utf-8,false,200,0,"https://birminghamboilerrepairs.uk/sitemap.xml
https://www.birminghamboilerrepairs.uk/sitemap.xml",0,0,0,0,0,0,0,0
20,https://www.birminghamboilerrepairs.uk/churchfield/glowworm-specialists,Churchfield Glow-worm Specialists | Same Day Service | Fixed Price Quote,text/html; charset=utf-8,false,200,0,"https://birminghamboilerrepairs.uk/sitemap.xml
https://www.birminghamboilerrepairs.uk/sitemap.xml",0,0,0,0,0,0,0,0
20,https://www.birminghamboilerrepairs.uk/frankley/potterton-specialists,Frankley Potterton Specialists | Same Day Service | Fixed Price Quote,text/html; charset=utf-8,false,200,0,"https://birminghamboilerrepairs.uk/sitemap.xml
https://www.birminghamboilerrepairs.uk/sitemap.xml",0,0,0,0,0,0,0,0
20,https://www.birminghamboilerrepairs.uk/bromford/heatline-specialists,Bromford Heatline Specialists | Same Day Service | Fixed Price Quote,text/html; charset=utf-8,false,200,0,"https://birminghamboilerrepairs.uk/sitemap.xml
https://www.birminghamboilerrepairs.uk/sitemap.xml",0,0,0,0,0,0,0,0
20,https://www.birminghamboilerrepairs.uk/bournbrook/intergas-specialists,Bournbrook Intergas Specialists | Same Day Service | Fixed Price Quote,text/html; charset=utf-8,false,200,0,"https://birminghamboilerrepairs.uk/sitemap.xml
https://www.birminghamboilerrepairs.uk/sitemap.xml",0,0,0,0,0,0,0,0
20,https://www.birminghamboilerrepairs.uk/frankley/biasi-specialists,Frankley Biasi Specialists | Same Day Service | Fixed Price Quote,text/html; charset=utf-8,false,200,0,"https://birminghamboilerrepairs.uk/sitemap.xml
https://www.birminghamboilerrepairs.uk/sitemap.xml",0,0,0,0,0,0,0,0
20,https://www.birminghamboilerrepairs.uk/gilbertstone/heatline-specialists,Gilbertstone Heatline Specialists | Same Day Service | Fixed Price Quote,text/html; charset=utf-8,false,200,0,"https://birminghamboilerrepairs.uk/sitemap.xml
https://www.birminghamboilerrepairs.uk/sitemap.xml",0,0,0,0,0,0,0,0
20,https://www.birminghamboilerrepairs.uk/deritend/vaillant-specialists,Deritend Vaillant Specialists | Same Day Service | Fixed Price Quote,text/html; charset=utf-8,false,200,0,"https://birminghamboilerrepairs.uk/sitemap.xml
https://www.birminghamboilerrepairs.uk/sitemap.xml",0,0,0,0,0,0,0,0
20,https://www.birminghamboilerrepairs.uk/gosta-green/heatline-specialists,Gosta Green Heatline Specialists | Same Day Service | Fixed Price Quote,text/html; charset=utf-8,false,200,0,"https://birminghamboilerrepairs.uk/sitemap.xml
https://www.birminghamboilerrepairs.uk/sitemap.xml",0,0,0,0,0,0,0,0
20,https://www.birminghamboilerrepairs.uk/browns-green/atag-specialists,Browns Green Atag Specialists | Same Day Service | Fixed Price Quote,text/html; charset=utf-8,false,200,0,"https://birminghamboilerrepairs.uk/sitemap.xml
https://www.birminghamboilerrepairs.uk/sitemap.xml",0,0,0,0,0,0,0,0
20,https://www.birminghamboilerrepairs.uk/bournville/vokera-specialists,Bournville Vokera Specialists | Same Day Service | Fixed Price Quote,text/html; charset=utf-8,false,200,0,"https://birminghamboilerrepairs.uk/sitemap.xml
https://www.birminghamboilerrepairs.uk/sitemap.xml",0,0,0,0,0,0,0,0
20,https://www.birminghamboilerrepairs.uk/churchfield/intergas-specialists,Churchfield Intergas Specialists | Same Day Service | Fixed Price Quote,text/html; charset=utf-8,false,200,0,"https://birminghamboilerrepairs.uk/sitemap.xml
https://www.birminghamboilerrepairs.uk/sitemap.xml",0,0,0,0,0,0,0,0
20,https://www.birminghamboilerrepairs.uk/brandwood-end/ariston-specialists,Brandwood End Ariston Specialists | Same Day Service | Fixed Price Quote,text/html; charset=utf-8,false,200,0,"https://birminghamboilerrepairs.uk/sitemap.xml
https://www.birminghamboilerrepairs.uk/sitemap.xml",0,0,0,0,0,0,0,0
20,https://www.birminghamboilerrepairs.uk/gospel-oak/atag-specialists,Gospel Oak Atag Specialists | Same Day Service | Fixed Price Quote,text/html; charset=utf-8,false,200,0,"https://birminghamboilerrepairs.uk/sitemap.xml
https://www.birminghamboilerrepairs.uk/sitemap.xml",0,0,0,0,0,0,0,0
20,https://www.birminghamboilerrepairs.uk/browns-green/potterton-specialists,Browns Green Potterton Specialists | Same Day Service | Fixed Price Quote,text/html; charset=utf-8,false,200,0,"https://birminghamboilerrepairs.uk/sitemap.xml
https://www.birminghamboilerrepairs.uk/sitemap.xml",0,0,0,0,0,0,0,0
20,https://www.birminghamboilerrepairs.uk/bromford/alpha-boiler-specialists,Bromford Alpha Specialists | Same Day Service | Fixed Price Quote,text/html; charset=utf-8,false,200,0,"https://birminghamboilerrepairs.uk/sitemap.xml
https://www.birminghamboilerrepairs.uk/sitemap.xml",0,0,0,0,0,0,0,0
20,https://www.birminghamboilerrepairs.uk/deritend/ariston-specialists,Deritend Ariston Specialists | Same Day Service | Fixed Price Quote,text/html; charset=utf-8,false,200,0,"https://birminghamboilerrepairs.uk/sitemap.xml
https://www.birminghamboilerrepairs.uk/sitemap.xml",0,0,0,0,0,0,0,0
20,https://www.birminghamboilerrepairs.uk/bromford/vokera-specialists,Bromford Vokera Specialists | Same Day Service | Fixed Price Quote,text/html; charset=utf-8,false,200,0,"https://birminghamboilerrepairs.uk/sitemap.xml
https://www.birminghamboilerrepairs.uk/sitemap.xml",0,0,0,0,0,0,0,0
20,https://www.birminghamboilerrepairs.uk/great-barr/potterton-specialists,Great Barr Potterton Specialists | Same Day Service | Fixed Price Quote,text/html; charset=utf-8,false,200,0,"https://birminghamboilerrepairs.uk/sitemap.xml
https://www.birminghamboilerrepairs.uk/sitemap.xml",0,0,0,0,0,0,0,0
20,https://www.birminghamboilerrepairs.uk/brandwood-end/atag-specialists,Brandwood End Atag Specialists | Same Day Service | Fixed Price Quote,text/html; charset=utf-8,false,200,0,"https://birminghamboilerrepairs.uk/sitemap.xml
https://www.birminghamboilerrepairs.uk/sitemap.xml",0,0,0,0,0,0,0,0
20,https://www.birminghamboilerrepairs.uk/castle-vale/heatline-specialists,Castle Vale Heatline Specialists | Same Day Service | Fixed Price Quote,text/html; charset=utf-8,false,200,0,"https://birminghamboilerrepairs.uk/sitemap.xml
https://www.birminghamboilerrepairs.uk/sitemap.xml",0,0,0,0,0,0,0,0
20,https://www.birminghamboilerrepairs.uk/buckland-end/glowworm-specialists,Buckland End Glow-worm Specialists | Same Day Service | Fixed Price Quote,text/html; charset=utf-8,false,200,0,"https://birminghamboilerrepairs.uk/sitemap.xml
https://www.birminghamboilerrepairs.uk/sitemap.xml",0,0,0,0,0,0,0,0
20,https://www.birminghamboilerrepairs.uk/churchfield/main-boiler-specialists,Churchfield Main Specialists | Same Day Service | Fixed Price Quote,text/html; charset=utf-8,false,200,0,"https://birminghamboilerrepairs.uk/sitemap.xml
https://www.birminghamboilerrepairs.uk/sitemap.xml",0,0,0,0,0,0,0,0
20,https://www.birminghamboilerrepairs.uk/gilbertstone/potterton-specialists,Gilbertstone Potterton Specialists | Same Day Service | Fixed Price Quote,text/html; charset=utf-8,false,200,0,"https://birminghamboilerrepairs.uk/sitemap.xml
https://www.birminghamboilerrepairs.uk/sitemap.xml",0,0,0,0,0,0,0,0
20,https://www.birminghamboilerrepairs.uk/fox-hollies/intergas-specialists,Fox Hollies Intergas Specialists | Same Day Service | Fixed Price Quote,text/html; charset=utf-8,false,200,0,"https://birminghamboilerrepairs.uk/sitemap.xml
https://www.birminghamboilerrepairs.uk/sitemap.xml",0,0,0,0,0,0,0,0
20,https://www.birminghamboilerrepairs.uk/bournbrook/heatline-specialists,Bournbrook Heatline Specialists | Same Day Service | Fixed Price Quote,text/html; charset=utf-8,false,200,0,"https://birminghamboilerrepairs.uk/sitemap.xml
https://www.birminghamboilerrepairs.uk/sitemap.xml",0,0,0,0,0,0,0,0
20,https://www.birminghamboilerrepairs.uk/boldmere/baxi-specialists,Boldmere Baxi Specialists | Same Day Service | Fixed Price Quote,text/html; charset=utf-8,false,200,0,"https://birminghamboilerrepairs.uk/sitemap.xml
https://www.birminghamboilerrepairs.uk/sitemap.xml",0,0,0,0,0,0,0,0
20,https://www.birminghamboilerrepairs.uk/deritend/glowworm-specialists,Deritend Glow-worm Specialists | Same Day Service | Fixed Price Quote,text/html; charset=utf-8,false,200,0,"https://birminghamboilerrepairs.uk/sitemap.xml
https://www.birminghamboilerrepairs.uk/sitemap.xml",0,0,0,0,0,0,0,0
20,https://www.birminghamboilerrepairs.uk/billesley/intergas-specialists,Billesley Intergas Specialists | Same Day Service | Fixed Price Quote,text/html; charset=utf-8,false,200,0,"https://birminghamboilerrepairs.uk/sitemap.xml
https://www.birminghamboilerrepairs.uk/sitemap.xml",0,0,0,0,0,0,0,0
20,https://www.birminghamboilerrepairs.uk/california/alpha-boiler-specialists,California Alpha Specialists | Same Day Service | Fixed Price Quote,text/html; charset=utf-8,false,200,0,"https://birminghamboilerrepairs.uk/sitemap.xml
https://www.birminghamboilerrepairs.uk/sitemap.xml",0,0,0,0,0,0,0,0
20,https://www.birminghamboilerrepairs.uk/gib-heath/heatline-specialists,Gib Heath Heatline Specialists | Same Day Service | Fixed Price Quote,text/html; charset=utf-8,false,200,0,"https://birminghamboilerrepairs.uk/sitemap.xml
https://www.birminghamboilerrepairs.uk/sitemap.xml",0,0,0,0,0,0,0,0
20,https://www.birminghamboilerrepairs.uk/boldmere/glowworm-specialists,Boldmere Glow-worm Specialists | Same Day Service | Fixed Price Quote,text/html; charset=utf-8,false,200,0,"https://birminghamboilerrepairs.uk/sitemap.xml
https://www.birminghamboilerrepairs.uk/sitemap.xml",0,0,0,0,0,0,0,0
20,https://www.birminghamboilerrepairs.uk/gib-heath/glowworm-specialists,Gib Heath Glow-worm Specialists | Same Day Service | Fixed Price Quote,text/html; charset=utf-8,false,200,0,"https://birminghamboilerrepairs.uk/sitemap.xml
https://www.birminghamboilerrepairs.uk/sitemap.xml",0,0,0,0,0,0,0,0
20,https://www.birminghamboilerrepairs.uk/gib-heath/vokera-specialists,Gib Heath Vokera Specialists | Same Day Service | Fixed Price Quote,text/html; charset=utf-8,false,200,0,"https://birminghamboilerrepairs.uk/sitemap.xml
https://www.birminghamboilerrepairs.uk/sitemap.xml",0,0,0,0,0,0,0,0
20,https://www.birminghamboilerrepairs.uk/gospel-oak/ideal-boilers-specialists,Gospel Oak Ideal Boilers Specialists | Same Day Service | Fixed Price Quote,text/html; charset=utf-8,false,200,0,"https://birminghamboilerrepairs.uk/sitemap.xml
https://www.birminghamboilerrepairs.uk/sitemap.xml",0,0,0,0,0,0,0,0
20,https://www.birminghamboilerrepairs.uk/four-oaks/glowworm-specialists,Four Oaks Glow-worm Specialists | Same Day Service | Fixed Price Quote,text/html; charset=utf-8,false,200,0,"https://birminghamboilerrepairs.uk/sitemap.xml
https://www.birminghamboilerrepairs.uk/sitemap.xml",0,0,0,0,0,0,0,0
20,https://www.birminghamboilerrepairs.uk/deritend/main-boiler-specialists,Deritend Main Specialists | Same Day Service | Fixed Price Quote,text/html; charset=utf-8,false,200,0,"https://birminghamboilerrepairs.uk/sitemap.xml
https://www.birminghamboilerrepairs.uk/sitemap.xml",0,0,0,0,0,0,0,0
20,https://www.birminghamboilerrepairs.uk/fox-hollies/baxi-specialists,Fox Hollies Baxi Specialists | Same Day Service | Fixed Price Quote,text/html; charset=utf-8,false,200,0,"https://birminghamboilerrepairs.uk/sitemap.xml
https://www.birminghamboilerrepairs.uk/sitemap.xml",0,0,0,0,0,0,0,0
20,https://www.birminghamboilerrepairs.uk/fox-hollies/vokera-specialists,Fox Hollies Vokera Specialists | Same Day Service | Fixed Price Quote,text/html; charset=utf-8,false,200,0,"https://birminghamboilerrepairs.uk/sitemap.xml
https://www.birminghamboilerrepairs.uk/sitemap.xml",0,0,0,0,0,0,0,0
20,https://www.birminghamboilerrepairs.uk/gilbertstone/alpha-boiler-specialists,Gilbertstone Alpha Specialists | Same Day Service | Fixed Price Quote,text/html; charset=utf-8,false,200,0,"https://birminghamboilerrepairs.uk/sitemap.xml
https://www.birminghamboilerrepairs.uk/sitemap.xml",0,0,0,0,0,0,0,0
20,https://www.birminghamboilerrepairs.uk/california/ariston-specialists,California Ariston Specialists | Same Day Service | Fixed Price Quote,text/html; charset=utf-8,false,200,0,"https://birminghamboilerrepairs.uk/sitemap.xml
https://www.birminghamboilerrepairs.uk/sitemap.xml",0,0,0,0,0,0,0,0
20,https://www.birminghamboilerrepairs.uk/cofton-common/potterton-specialists,Cofton Common Potterton Specialists | Same Day Service | Fixed Price Quote,text/html; charset=utf-8,false,200,0,"https://birminghamboilerrepairs.uk/sitemap.xml
https://www.birminghamboilerrepairs.uk/sitemap.xml",0,0,0,0,0,0,0,0
20,https://www.birminghamboilerrepairs.uk/great-barr/baxi-specialists,Great Barr Baxi Specialists | Same Day Service | Fixed Price Quote,text/html; charset=utf-8,false,200,0,"https://birminghamboilerrepairs.uk/sitemap.xml
https://www.birminghamboilerrepairs.uk/sitemap.xml",0,0,0,0,0,0,0,0
20,https://www.birminghamboilerrepairs.uk/gosta-green/baxi-specialists,Gosta Green Baxi Specialists | Same Day Service | Fixed Price Quote,text/html; charset=utf-8,false,200,0,"https://birminghamboilerrepairs.uk/sitemap.xml
https://www.birminghamboilerrepairs.uk/sitemap.xml",0,0,0,0,0,0,0,0
20,https://www.birminghamboilerrepairs.uk/frankley/intergas-specialists,Frankley Intergas Specialists | Same Day Service | Fixed Price Quote,text/html; charset=utf-8,false,200,0,"https://birminghamboilerrepairs.uk/sitemap.xml
https://www.birminghamboilerrepairs.uk/sitemap.xml",0,0,0,0,0,0,0,0
20,https://www.birminghamboilerrepairs.uk/gravelly-hill/main-boiler-specialists,Gravelly Hill Main Specialists | Same Day Service | Fixed Price Quote,text/html; charset=utf-8,false,200,0,"https://birminghamboilerrepairs.uk/sitemap.xml
https://www.birminghamboilerrepairs.uk/sitemap.xml",0,0,0,0,0,0,0,0
20,https://www.birminghamboilerrepairs.uk/browns-green/vaillant-specialists,Browns Green Vaillant Specialists | Same Day Service | Fixed Price Quote,text/html; charset=utf-8,false,200,0,"https://birminghamboilerrepairs.uk/sitemap.xml
https://www.birminghamboilerrepairs.uk/sitemap.xml",0,0,0,0,0,0,0,0
20,https://www.birminghamboilerrepairs.uk/edgbaston/ariston-specialists,Edgbaston Ariston Specialists | Same Day Service | Fixed Price Quote,text/html; charset=utf-8,false,200,0,"https://birminghamboilerrepairs.uk/sitemap.xml
https://www.birminghamboilerrepairs.uk/sitemap.xml",0,0,0,0,0,0,0,0
20,https://www.birminghamboilerrepairs.uk/chad-valley/glowworm-specialists,Chad Valley Glow-worm Specialists | Same Day Service | Fixed Price Quote,text/html; charset=utf-8,false,200,0,"https://birminghamboilerrepairs.uk/sitemap.xml
https://www.birminghamboilerrepairs.uk/sitemap.xml",0,0,0,0,0,0,0,0
20,https://www.birminghamboilerrepairs.uk/deritend/biasi-specialists,Deritend Biasi Specialists | Same Day Service | Fixed Price Quote,text/html; charset=utf-8,false,200,0,"https://birminghamboilerrepairs.uk/sitemap.xml
https://www.birminghamboilerrepairs.uk/sitemap.xml",0,0,0,0,0,0,0,0
20,https://www.birminghamboilerrepairs.uk/cotteridge/biasi-specialists,Cotteridge Biasi Specialists | Same Day Service | Fixed Price Quote,text/html; charset=utf-8,false,200,0,"https://birminghamboilerrepairs.uk/sitemap.xml
https://www.birminghamboilerrepairs.uk/sitemap.xml",0,0,0,0,0,0,0,0
20,https://www.birminghamboilerrepairs.uk/cofton-common/intergas-specialists,Cofton Common Intergas Specialists | Same Day Service | Fixed Price Quote,text/html; charset=utf-8,false,200,0,"https://birminghamboilerrepairs.uk/sitemap.xml
https://www.birminghamboilerrepairs.uk/sitemap.xml",0,0,0,0,0,0,0,0
20,https://www.birminghamboilerrepairs.uk/falcon-lodge/heatline-specialists,Falcon Lodge Heatline Specialists | Same Day Service | Fixed Price Quote,text/html; charset=utf-8,false,200,0,"https://birminghamboilerrepairs.uk/sitemap.xml
https://www.birminghamboilerrepairs.uk/sitemap.xml",0,0,0,0,0,0,0,0
20,https://www.birminghamboilerrepairs.uk/camp-hill/glowworm-specialists,Camp Hill Glow-worm Specialists | Same Day Service | Fixed Price Quote,text/html; charset=utf-8,false,200,0,"https://birminghamboilerrepairs.uk/sitemap.xml
https://www.birminghamboilerrepairs.uk/sitemap.xml",0,0,0,0,0,0,0,0
20,https://www.birminghamboilerrepairs.uk/birches-green/alpha-boiler-specialists,Birches Green Alpha Specialists | Same Day Service | Fixed Price Quote,text/html; charset=utf-8,false,200,0,"https://birminghamboilerrepairs.uk/sitemap.xml
https://www.birminghamboilerrepairs.uk/sitemap.xml",0,0,0,0,0,0,0,0
20,https://www.birminghamboilerrepairs.uk/bournville/biasi-specialists,Bournville Biasi Specialists | Same Day Service | Fixed Price Quote,text/html; charset=utf-8,false,200,0,"https://birminghamboilerrepairs.uk/sitemap.xml
https://www.birminghamboilerrepairs.uk/sitemap.xml",0,0,0,0,0,0,0,0
20,https://www.birminghamboilerrepairs.uk/gilbertstone/biasi-specialists,Gilbertstone Biasi Specialists | Same Day Service | Fixed Price Quote,text/html; charset=utf-8,false,200,0,"https://birminghamboilerrepairs.uk/sitemap.xml
https://www.birminghamboilerrepairs.uk/sitemap.xml",0,0,0,0,0,0,0,0
20,https://www.birminghamboilerrepairs.uk/castle-vale/vaillant-specialists,Castle Vale Vaillant Specialists | Same Day Service | Fixed Price Quote,text/html; charset=utf-8,false,200,0,"https://birminghamboilerrepairs.uk/sitemap.xml
https://www.birminghamboilerrepairs.uk/sitemap.xml",0,0,0,0,0,0,0,0
20,https://www.birminghamboilerrepairs.uk/bournville/potterton-specialists,Bournville Potterton Specialists | Same Day Service | Fixed Price Quote,text/html; charset=utf-8,false,200,0,"https://birminghamboilerrepairs.uk/sitemap.xml
https://www.birminghamboilerrepairs.uk/sitemap.xml",0,0,0,0,0,0,0,0
20,https://www.birminghamboilerrepairs.uk/gosta-green/glowworm-specialists,Gosta Green Glow-worm Specialists | Same Day Service | Fixed Price Quote,text/html; charset=utf-8,false,200,0,"https://birminghamboilerrepairs.uk/sitemap.xml
https://www.birminghamboilerrepairs.uk/sitemap.xml",0,0,0,0,0,0,0,0
20,https://www.birminghamboilerrepairs.uk/erdington/ideal-boilers-specialists,Erdington Ideal Boilers Specialists | Same Day Service | Fixed Price Quote,text/html; charset=utf-8,false,200,0,"https://birminghamboilerrepairs.uk/sitemap.xml
https://www.birminghamboilerrepairs.uk/sitemap.xml",0,0,0,0,0,0,0,0
20,https://www.birminghamboilerrepairs.uk/cotteridge/main-boiler-specialists,Cotteridge Main Specialists | Same Day Service | Fixed Price Quote,text/html; charset=utf-8,false,200,0,"https://birminghamboilerrepairs.uk/sitemap.xml
https://www.birminghamboilerrepairs.uk/sitemap.xml",0,0,0,0,0,0,0,0
20,https://www.birminghamboilerrepairs.uk/bordesley-green/ariston-specialists,Bordesley Green Ariston Specialists | Same Day Service | Fixed Price Quote,text/html; charset=utf-8,false,200,0,"https://birminghamboilerrepairs.uk/sitemap.xml
https://www.birminghamboilerrepairs.uk/sitemap.xml",0,0,0,0,0,0,0,0
