PR,URL,Title,Content type,Is rendered page,HTTP status code,Organic traffic,Depth,Internal outlinks to 4xx,Internal outlinks codes (4xx),No. of internal outlinks to 4xx,External outlinks to 4xx,External outlinks codes (4xx),No. of external outlinks to 4xx
21,https://www.birminghamboilerrepairs.uk/acocks-green/main-boiler-specialists,Acocks Green Main Specialists | Same Day Service | Fixed Price Quote,text/html; charset=utf-8,false,200,0,0,"https://www.birminghamboilerrepairs.uk/Acocks%20Green/boiler-repairs
https://www.birminghamboilerrepairs.uk/Acocks%20Green/boiler-servicing
https://www.birminghamboilerrepairs.uk/Acocks%20Green/gas-safety","404
404
404",3,,,0
21,https://www.birminghamboilerrepairs.uk/acocks-green/biasi-specialists,Acocks Green Biasi Specialists | Same Day Service | Fixed Price Quote,text/html; charset=utf-8,false,200,0,0,"https://www.birminghamboilerrepairs.uk/Acocks%20Green/boiler-repairs
https://www.birminghamboilerrepairs.uk/Acocks%20Green/boiler-servicing
https://www.birminghamboilerrepairs.uk/Acocks%20Green/gas-safety","404
404
404",3,,,0
21,https://www.birminghamboilerrepairs.uk/acocks-green/combination-boiler-repairs,Acocks Green Combination Boiler Repairs | Same Day Service | Fixed Price Quote,text/html; charset=utf-8,false,200,0,0,"https://www.birminghamboilerrepairs.uk/Acocks%20Green/boiler-repairs
https://www.birminghamboilerrepairs.uk/Acocks%20Green/boiler-servicing
https://www.birminghamboilerrepairs.uk/Acocks%20Green/gas-safety","404
404
404",3,,,0
21,https://www.birminghamboilerrepairs.uk/acocks-green/ideal-boilers-specialists,Acocks Green Ideal Boilers Specialists | Same Day Service | Fixed Price Quote,text/html; charset=utf-8,false,200,0,0,"https://www.birminghamboilerrepairs.uk/Acocks%20Green/boiler-repairs
https://www.birminghamboilerrepairs.uk/Acocks%20Green/boiler-servicing
https://www.birminghamboilerrepairs.uk/Acocks%20Green/gas-safety","404
404
404",3,,,0
21,https://www.birminghamboilerrepairs.uk/bartley-green/potterton-specialists,Bartley Green Potterton Specialists | Same Day Service | Fixed Price Quote,text/html; charset=utf-8,false,200,0,0,"https://www.birminghamboilerrepairs.uk/Bartley%20Green/boiler-repairs
https://www.birminghamboilerrepairs.uk/Bartley%20Green/boiler-servicing
https://www.birminghamboilerrepairs.uk/Bartley%20Green/gas-safety","404
404
404",3,,,0
21,https://www.birminghamboilerrepairs.uk/austin-village/main-boiler-specialists,Austin Village Main Specialists | Same Day Service | Fixed Price Quote,text/html; charset=utf-8,false,200,0,0,"https://www.birminghamboilerrepairs.uk/Austin%20Village/boiler-repairs
https://www.birminghamboilerrepairs.uk/Austin%20Village/boiler-servicing
https://www.birminghamboilerrepairs.uk/Austin%20Village/gas-safety","404
404
404",3,,,0
21,https://www.birminghamboilerrepairs.uk/acocks-green/vaillant-specialists,Acocks Green Vaillant Specialists | Same Day Service | Fixed Price Quote,text/html; charset=utf-8,false,200,0,0,"https://www.birminghamboilerrepairs.uk/Acocks%20Green/boiler-repairs
https://www.birminghamboilerrepairs.uk/Acocks%20Green/boiler-servicing
https://www.birminghamboilerrepairs.uk/Acocks%20Green/gas-safety","404
404
404",3,,,0
21,https://www.birminghamboilerrepairs.uk/austin-village/alpha-boiler-specialists,Austin Village Alpha Specialists | Same Day Service | Fixed Price Quote,text/html; charset=utf-8,false,200,0,0,"https://www.birminghamboilerrepairs.uk/Austin%20Village/boiler-repairs
https://www.birminghamboilerrepairs.uk/Austin%20Village/boiler-servicing
https://www.birminghamboilerrepairs.uk/Austin%20Village/gas-safety","404
404
404",3,,,0
21,https://www.birminghamboilerrepairs.uk/acocks-green/worcester-bosch-specialists,Acocks Green Worcester Bosch Specialists | Same Day Service | Fixed Price Quote,text/html; charset=utf-8,false,200,0,0,"https://www.birminghamboilerrepairs.uk/Acocks%20Green/boiler-repairs
https://www.birminghamboilerrepairs.uk/Acocks%20Green/boiler-servicing
https://www.birminghamboilerrepairs.uk/Acocks%20Green/gas-safety","404
404
404",3,,,0
21,https://www.birminghamboilerrepairs.uk/aston-cross/heatline-specialists,Aston Cross Heatline Specialists | Same Day Service | Fixed Price Quote,text/html; charset=utf-8,false,200,0,0,"https://www.birminghamboilerrepairs.uk/Aston%20Cross/boiler-repairs
https://www.birminghamboilerrepairs.uk/Aston%20Cross/boiler-servicing
https://www.birminghamboilerrepairs.uk/Aston%20Cross/gas-safety","404
404
404",3,,,0
21,https://www.birminghamboilerrepairs.uk/acocks-green/alpha-boiler-specialists,Acocks Green Alpha Specialists | Same Day Service | Fixed Price Quote,text/html; charset=utf-8,false,200,0,0,"https://www.birminghamboilerrepairs.uk/Acocks%20Green/boiler-repairs
https://www.birminghamboilerrepairs.uk/Acocks%20Green/boiler-servicing
https://www.birminghamboilerrepairs.uk/Acocks%20Green/gas-safety","404
404
404",3,,,0
21,https://www.birminghamboilerrepairs.uk/austin-village/potterton-specialists,Austin Village Potterton Specialists | Same Day Service | Fixed Price Quote,text/html; charset=utf-8,false,200,0,0,"https://www.birminghamboilerrepairs.uk/Austin%20Village/boiler-repairs
https://www.birminghamboilerrepairs.uk/Austin%20Village/boiler-servicing
https://www.birminghamboilerrepairs.uk/Austin%20Village/gas-safety","404
404
404",3,,,0
21,https://www.birminghamboilerrepairs.uk/acocks-green/potterton-specialists,Acocks Green Potterton Specialists | Same Day Service | Fixed Price Quote,text/html; charset=utf-8,false,200,0,0,"https://www.birminghamboilerrepairs.uk/Acocks%20Green/boiler-repairs
https://www.birminghamboilerrepairs.uk/Acocks%20Green/boiler-servicing
https://www.birminghamboilerrepairs.uk/Acocks%20Green/gas-safety","404
404
404",3,,,0
21,https://www.birminghamboilerrepairs.uk/acocks-green/heatline-specialists,Acocks Green Heatline Specialists | Same Day Service | Fixed Price Quote,text/html; charset=utf-8,false,200,0,0,"https://www.birminghamboilerrepairs.uk/Acocks%20Green/boiler-repairs
https://www.birminghamboilerrepairs.uk/Acocks%20Green/boiler-servicing
https://www.birminghamboilerrepairs.uk/Acocks%20Green/gas-safety","404
404
404",3,,,0
21,https://www.birminghamboilerrepairs.uk/aston-cross/vaillant-specialists,Aston Cross Vaillant Specialists | Same Day Service | Fixed Price Quote,text/html; charset=utf-8,false,200,0,0,"https://www.birminghamboilerrepairs.uk/Aston%20Cross/boiler-repairs
https://www.birminghamboilerrepairs.uk/Aston%20Cross/boiler-servicing
https://www.birminghamboilerrepairs.uk/Aston%20Cross/gas-safety","404
404
404",3,,,0
21,https://www.birminghamboilerrepairs.uk/bartley-green/combination-boiler-services,Bartley Green Combination Boiler Services | Same Day Service | Fixed Price Quote,text/html; charset=utf-8,false,200,0,0,"https://www.birminghamboilerrepairs.uk/Bartley%20Green/boiler-repairs
https://www.birminghamboilerrepairs.uk/Bartley%20Green/boiler-servicing
https://www.birminghamboilerrepairs.uk/Bartley%20Green/gas-safety","404
404
404",3,,,0
21,https://www.birminghamboilerrepairs.uk/bartley-green/ideal-boilers-specialists,Bartley Green Ideal Boilers Specialists | Same Day Service | Fixed Price Quote,text/html; charset=utf-8,false,200,0,0,"https://www.birminghamboilerrepairs.uk/Bartley%20Green/boiler-repairs
https://www.birminghamboilerrepairs.uk/Bartley%20Green/boiler-servicing
https://www.birminghamboilerrepairs.uk/Bartley%20Green/gas-safety","404
404
404",3,,,0
21,https://www.birminghamboilerrepairs.uk/aston-cross/boiler-repairs,Aston Cross Boiler Repairs | Same Day Service | Fixed Price Quote,text/html; charset=utf-8,false,200,0,0,"https://www.birminghamboilerrepairs.uk/Aston%20Cross/boiler-servicing
https://www.birminghamboilerrepairs.uk/Aston%20Cross/combination-boiler-repairs
https://www.birminghamboilerrepairs.uk/Aston%20Cross/gas-safety","404
404
404",3,,,0
21,https://www.birminghamboilerrepairs.uk/aston-cross/atag-specialists,Aston Cross Atag Specialists | Same Day Service | Fixed Price Quote,text/html; charset=utf-8,false,200,0,0,"https://www.birminghamboilerrepairs.uk/Aston%20Cross/boiler-repairs
https://www.birminghamboilerrepairs.uk/Aston%20Cross/boiler-servicing
https://www.birminghamboilerrepairs.uk/Aston%20Cross/gas-safety","404
404
404",3,,,0
21,https://www.birminghamboilerrepairs.uk/bartley-green/biasi-specialists,Bartley Green Biasi Specialists | Same Day Service | Fixed Price Quote,text/html; charset=utf-8,false,200,0,0,"https://www.birminghamboilerrepairs.uk/Bartley%20Green/boiler-repairs
https://www.birminghamboilerrepairs.uk/Bartley%20Green/boiler-servicing
https://www.birminghamboilerrepairs.uk/Bartley%20Green/gas-safety","404
404
404",3,,,0
21,https://www.birminghamboilerrepairs.uk/acocks-green/gas-safety,Acocks Green Gas Safety Inspections | Same Day Service | Fixed Price Quote,text/html; charset=utf-8,false,200,0,0,"https://www.birminghamboilerrepairs.uk/Acocks%20Green/boiler-repairs
https://www.birminghamboilerrepairs.uk/Acocks%20Green/boiler-servicing
https://www.birminghamboilerrepairs.uk/Acocks%20Green/combination-boiler-repairs","404
404
404",3,,,0
21,https://www.birminghamboilerrepairs.uk/aston-cross/baxi-specialists,Aston Cross Baxi Specialists | Same Day Service | Fixed Price Quote,text/html; charset=utf-8,false,200,0,0,"https://www.birminghamboilerrepairs.uk/Aston%20Cross/boiler-repairs
https://www.birminghamboilerrepairs.uk/Aston%20Cross/boiler-servicing
https://www.birminghamboilerrepairs.uk/Aston%20Cross/gas-safety","404
404
404",3,,,0
21,https://www.birminghamboilerrepairs.uk/austin-village/gas-safety,Austin Village Gas Safety Inspections | Same Day Service | Fixed Price Quote,text/html; charset=utf-8,false,200,0,0,"https://www.birminghamboilerrepairs.uk/Austin%20Village/boiler-repairs
https://www.birminghamboilerrepairs.uk/Austin%20Village/boiler-servicing
https://www.birminghamboilerrepairs.uk/Austin%20Village/combination-boiler-repairs","404
404
404",3,,,0
21,https://www.birminghamboilerrepairs.uk/bartley-green/atag-specialists,Bartley Green Atag Specialists | Same Day Service | Fixed Price Quote,text/html; charset=utf-8,false,200,0,0,"https://www.birminghamboilerrepairs.uk/Bartley%20Green/boiler-repairs
https://www.birminghamboilerrepairs.uk/Bartley%20Green/boiler-servicing
https://www.birminghamboilerrepairs.uk/Bartley%20Green/gas-safety","404
404
404",3,,,0
21,https://www.birminghamboilerrepairs.uk/acocks-green/viessmann-specialists,Acocks Green Viessmann Specialists | Same Day Service | Fixed Price Quote,text/html; charset=utf-8,false,200,0,0,"https://www.birminghamboilerrepairs.uk/Acocks%20Green/boiler-repairs
https://www.birminghamboilerrepairs.uk/Acocks%20Green/boiler-servicing
https://www.birminghamboilerrepairs.uk/Acocks%20Green/gas-safety","404
404
404",3,,,0
21,https://www.birminghamboilerrepairs.uk/acocks-green/boiler-repairs,Acocks Green Boiler Repairs | Same Day Service | Fixed Price Quote,text/html; charset=utf-8,false,200,0,0,"https://www.birminghamboilerrepairs.uk/Acocks%20Green/boiler-servicing
https://www.birminghamboilerrepairs.uk/Acocks%20Green/combination-boiler-repairs
https://www.birminghamboilerrepairs.uk/Acocks%20Green/gas-safety","404
404
404",3,,,0
21,https://www.birminghamboilerrepairs.uk/aston-cross/combination-boiler-repairs,Aston Cross Combination Boiler Repairs | Same Day Service | Fixed Price Quote,text/html; charset=utf-8,false,200,0,0,"https://www.birminghamboilerrepairs.uk/Aston%20Cross/boiler-repairs
https://www.birminghamboilerrepairs.uk/Aston%20Cross/boiler-servicing
https://www.birminghamboilerrepairs.uk/Aston%20Cross/gas-safety","404
404
404",3,,,0
21,https://www.birminghamboilerrepairs.uk/bartley-green/baxi-specialists,Bartley Green Baxi Specialists | Same Day Service | Fixed Price Quote,text/html; charset=utf-8,false,200,0,0,"https://www.birminghamboilerrepairs.uk/Bartley%20Green/boiler-repairs
https://www.birminghamboilerrepairs.uk/Bartley%20Green/boiler-servicing
https://www.birminghamboilerrepairs.uk/Bartley%20Green/gas-safety","404
404
404",3,,,0
21,https://www.birminghamboilerrepairs.uk/austin-village/boiler-servicing,Austin Village Boiler Servicing | Same Day Service | Fixed Price Quote,text/html; charset=utf-8,false,200,0,0,"https://www.birminghamboilerrepairs.uk/Austin%20Village/boiler-repairs
https://www.birminghamboilerrepairs.uk/Austin%20Village/combination-boiler-repairs
https://www.birminghamboilerrepairs.uk/Austin%20Village/gas-safety","404
404
404",3,,,0
21,https://www.birminghamboilerrepairs.uk/bartley-green/ferroli-specialists,Bartley Green Ferroli Specialists | Same Day Service | Fixed Price Quote,text/html; charset=utf-8,false,200,0,0,"https://www.birminghamboilerrepairs.uk/Bartley%20Green/boiler-repairs
https://www.birminghamboilerrepairs.uk/Bartley%20Green/boiler-servicing
https://www.birminghamboilerrepairs.uk/Bartley%20Green/gas-safety","404
404
404",3,,,0
21,https://www.birminghamboilerrepairs.uk/acocks-green/combination-boiler-services,Acocks Green Combination Boiler Services | Same Day Service | Fixed Price Quote,text/html; charset=utf-8,false,200,0,0,"https://www.birminghamboilerrepairs.uk/Acocks%20Green/boiler-repairs
https://www.birminghamboilerrepairs.uk/Acocks%20Green/boiler-servicing
https://www.birminghamboilerrepairs.uk/Acocks%20Green/gas-safety","404
404
404",3,,,0
21,https://www.birminghamboilerrepairs.uk/acocks-green/baxi-specialists,Acocks Green Baxi Specialists | Same Day Service | Fixed Price Quote,text/html; charset=utf-8,false,200,0,0,"https://www.birminghamboilerrepairs.uk/Acocks%20Green/boiler-repairs
https://www.birminghamboilerrepairs.uk/Acocks%20Green/boiler-servicing
https://www.birminghamboilerrepairs.uk/Acocks%20Green/gas-safety","404
404
404",3,,,0
21,https://www.birminghamboilerrepairs.uk/austin-village/baxi-specialists,Austin Village Baxi Specialists | Same Day Service | Fixed Price Quote,text/html; charset=utf-8,false,200,0,0,"https://www.birminghamboilerrepairs.uk/Austin%20Village/boiler-repairs
https://www.birminghamboilerrepairs.uk/Austin%20Village/boiler-servicing
https://www.birminghamboilerrepairs.uk/Austin%20Village/gas-safety","404
404
404",3,,,0
21,https://www.birminghamboilerrepairs.uk/bartley-green/alpha-boiler-specialists,Bartley Green Alpha Specialists | Same Day Service | Fixed Price Quote,text/html; charset=utf-8,false,200,0,0,"https://www.birminghamboilerrepairs.uk/Bartley%20Green/boiler-repairs
https://www.birminghamboilerrepairs.uk/Bartley%20Green/boiler-servicing
https://www.birminghamboilerrepairs.uk/Bartley%20Green/gas-safety","404
404
404",3,,,0
21,https://www.birminghamboilerrepairs.uk/austin-village/ariston-specialists,Austin Village Ariston Specialists | Same Day Service | Fixed Price Quote,text/html; charset=utf-8,false,200,0,0,"https://www.birminghamboilerrepairs.uk/Austin%20Village/boiler-repairs
https://www.birminghamboilerrepairs.uk/Austin%20Village/boiler-servicing
https://www.birminghamboilerrepairs.uk/Austin%20Village/gas-safety","404
404
404",3,,,0
21,https://www.birminghamboilerrepairs.uk/aston-cross/ideal-boilers-specialists,Aston Cross Ideal Boilers Specialists | Same Day Service | Fixed Price Quote,text/html; charset=utf-8,false,200,0,0,"https://www.birminghamboilerrepairs.uk/Aston%20Cross/boiler-repairs
https://www.birminghamboilerrepairs.uk/Aston%20Cross/boiler-servicing
https://www.birminghamboilerrepairs.uk/Aston%20Cross/gas-safety","404
404
404",3,,,0
21,https://www.birminghamboilerrepairs.uk/austin-village/combination-boiler-services,Austin Village Combination Boiler Services | Same Day Service | Fixed Price Quote,text/html; charset=utf-8,false,200,0,0,"https://www.birminghamboilerrepairs.uk/Austin%20Village/boiler-repairs
https://www.birminghamboilerrepairs.uk/Austin%20Village/boiler-servicing
https://www.birminghamboilerrepairs.uk/Austin%20Village/gas-safety","404
404
404",3,,,0
21,https://www.birminghamboilerrepairs.uk/bartley-green/ariston-specialists,Bartley Green Ariston Specialists | Same Day Service | Fixed Price Quote,text/html; charset=utf-8,false,200,0,0,"https://www.birminghamboilerrepairs.uk/Bartley%20Green/boiler-repairs
https://www.birminghamboilerrepairs.uk/Bartley%20Green/boiler-servicing
https://www.birminghamboilerrepairs.uk/Bartley%20Green/gas-safety","404
404
404",3,,,0
21,https://www.birminghamboilerrepairs.uk/austin-village/glowworm-specialists,Austin Village Glow-worm Specialists | Same Day Service | Fixed Price Quote,text/html; charset=utf-8,false,200,0,0,"https://www.birminghamboilerrepairs.uk/Austin%20Village/boiler-repairs
https://www.birminghamboilerrepairs.uk/Austin%20Village/boiler-servicing
https://www.birminghamboilerrepairs.uk/Austin%20Village/gas-safety","404
404
404",3,,,0
21,https://www.birminghamboilerrepairs.uk/bartley-green/viessmann-specialists,Bartley Green Viessmann Specialists | Same Day Service | Fixed Price Quote,text/html; charset=utf-8,false,200,0,0,"https://www.birminghamboilerrepairs.uk/Bartley%20Green/boiler-repairs
https://www.birminghamboilerrepairs.uk/Bartley%20Green/boiler-servicing
https://www.birminghamboilerrepairs.uk/Bartley%20Green/gas-safety","404
404
404",3,,,0
21,https://www.birminghamboilerrepairs.uk/austin-village/biasi-specialists,Austin Village Biasi Specialists | Same Day Service | Fixed Price Quote,text/html; charset=utf-8,false,200,0,0,"https://www.birminghamboilerrepairs.uk/Austin%20Village/boiler-repairs
https://www.birminghamboilerrepairs.uk/Austin%20Village/boiler-servicing
https://www.birminghamboilerrepairs.uk/Austin%20Village/gas-safety","404
404
404",3,,,0
21,https://www.birminghamboilerrepairs.uk/acocks-green/glowworm-specialists,Acocks Green Glow-worm Specialists | Same Day Service | Fixed Price Quote,text/html; charset=utf-8,false,200,0,0,"https://www.birminghamboilerrepairs.uk/Acocks%20Green/boiler-repairs
https://www.birminghamboilerrepairs.uk/Acocks%20Green/boiler-servicing
https://www.birminghamboilerrepairs.uk/Acocks%20Green/gas-safety","404
404
404",3,,,0
21,https://www.birminghamboilerrepairs.uk/bartley-green/glowworm-specialists,Bartley Green Glow-worm Specialists | Same Day Service | Fixed Price Quote,text/html; charset=utf-8,false,200,0,0,"https://www.birminghamboilerrepairs.uk/Bartley%20Green/boiler-repairs
https://www.birminghamboilerrepairs.uk/Bartley%20Green/boiler-servicing
https://www.birminghamboilerrepairs.uk/Bartley%20Green/gas-safety","404
404
404",3,,,0
21,https://www.birminghamboilerrepairs.uk/aston-cross/boiler-servicing,Aston Cross Boiler Servicing | Same Day Service | Fixed Price Quote,text/html; charset=utf-8,false,200,0,0,"https://www.birminghamboilerrepairs.uk/Aston%20Cross/boiler-repairs
https://www.birminghamboilerrepairs.uk/Aston%20Cross/combination-boiler-repairs
https://www.birminghamboilerrepairs.uk/Aston%20Cross/gas-safety","404
404
404",3,,,0
21,https://www.birminghamboilerrepairs.uk/austin-village/boiler-repairs,Austin Village Boiler Repairs | Same Day Service | Fixed Price Quote,text/html; charset=utf-8,false,200,0,0,"https://www.birminghamboilerrepairs.uk/Austin%20Village/boiler-servicing
https://www.birminghamboilerrepairs.uk/Austin%20Village/combination-boiler-repairs
https://www.birminghamboilerrepairs.uk/Austin%20Village/gas-safety","404
404
404",3,,,0
21,https://www.birminghamboilerrepairs.uk/bartley-green/vokera-specialists,Bartley Green Vokera Specialists | Same Day Service | Fixed Price Quote,text/html; charset=utf-8,false,200,0,0,"https://www.birminghamboilerrepairs.uk/Bartley%20Green/boiler-repairs
https://www.birminghamboilerrepairs.uk/Bartley%20Green/boiler-servicing
https://www.birminghamboilerrepairs.uk/Bartley%20Green/gas-safety","404
404
404",3,,,0
21,https://www.birminghamboilerrepairs.uk/aston-cross/worcester-bosch-specialists,Aston Cross Worcester Bosch Specialists | Same Day Service | Fixed Price Quote,text/html; charset=utf-8,false,200,0,0,"https://www.birminghamboilerrepairs.uk/Aston%20Cross/boiler-repairs
https://www.birminghamboilerrepairs.uk/Aston%20Cross/boiler-servicing
https://www.birminghamboilerrepairs.uk/Aston%20Cross/gas-safety","404
404
404",3,,,0
21,https://www.birminghamboilerrepairs.uk/bartley-green/boiler-repairs,Bartley Green Boiler Repairs | Same Day Service | Fixed Price Quote,text/html; charset=utf-8,false,200,0,0,"https://www.birminghamboilerrepairs.uk/Bartley%20Green/boiler-servicing
https://www.birminghamboilerrepairs.uk/Bartley%20Green/combination-boiler-repairs
https://www.birminghamboilerrepairs.uk/Bartley%20Green/gas-safety","404
404
404",3,,,0
21,https://www.birminghamboilerrepairs.uk/acocks-green/vokera-specialists,Acocks Green Vokera Specialists | Same Day Service | Fixed Price Quote,text/html; charset=utf-8,false,200,0,0,"https://www.birminghamboilerrepairs.uk/Acocks%20Green/boiler-repairs
https://www.birminghamboilerrepairs.uk/Acocks%20Green/boiler-servicing
https://www.birminghamboilerrepairs.uk/Acocks%20Green/gas-safety","404
404
404",3,,,0
21,https://www.birminghamboilerrepairs.uk/austin-village/ferroli-specialists,Austin Village Ferroli Specialists | Same Day Service | Fixed Price Quote,text/html; charset=utf-8,false,200,0,0,"https://www.birminghamboilerrepairs.uk/Austin%20Village/boiler-repairs
https://www.birminghamboilerrepairs.uk/Austin%20Village/boiler-servicing
https://www.birminghamboilerrepairs.uk/Austin%20Village/gas-safety","404
404
404",3,,,0
21,https://www.birminghamboilerrepairs.uk/bartley-green/vaillant-specialists,Bartley Green Vaillant Specialists | Same Day Service | Fixed Price Quote,text/html; charset=utf-8,false,200,0,0,"https://www.birminghamboilerrepairs.uk/Bartley%20Green/boiler-repairs
https://www.birminghamboilerrepairs.uk/Bartley%20Green/boiler-servicing
https://www.birminghamboilerrepairs.uk/Bartley%20Green/gas-safety","404
404
404",3,,,0
21,https://www.birminghamboilerrepairs.uk/austin-village/worcester-bosch-specialists,Austin Village Worcester Bosch Specialists | Same Day Service | Fixed Price Quote,text/html; charset=utf-8,false,200,0,0,"https://www.birminghamboilerrepairs.uk/Austin%20Village/boiler-repairs
https://www.birminghamboilerrepairs.uk/Austin%20Village/boiler-servicing
https://www.birminghamboilerrepairs.uk/Austin%20Village/gas-safety","404
404
404",3,,,0
21,https://www.birminghamboilerrepairs.uk/austin-village/combination-boiler-repairs,Austin Village Combination Boiler Repairs | Same Day Service | Fixed Price Quote,text/html; charset=utf-8,false,200,0,0,"https://www.birminghamboilerrepairs.uk/Austin%20Village/boiler-repairs
https://www.birminghamboilerrepairs.uk/Austin%20Village/boiler-servicing
https://www.birminghamboilerrepairs.uk/Austin%20Village/gas-safety","404
404
404",3,,,0
21,https://www.birminghamboilerrepairs.uk/acocks-green/ferroli-specialists,Acocks Green Ferroli Specialists | Same Day Service | Fixed Price Quote,text/html; charset=utf-8,false,200,0,0,"https://www.birminghamboilerrepairs.uk/Acocks%20Green/boiler-repairs
https://www.birminghamboilerrepairs.uk/Acocks%20Green/boiler-servicing
https://www.birminghamboilerrepairs.uk/Acocks%20Green/gas-safety","404
404
404",3,,,0
21,https://www.birminghamboilerrepairs.uk/aston-cross/gas-safety,Aston Cross Gas Safety Inspections | Same Day Service | Fixed Price Quote,text/html; charset=utf-8,false,200,0,0,"https://www.birminghamboilerrepairs.uk/Aston%20Cross/boiler-repairs
https://www.birminghamboilerrepairs.uk/Aston%20Cross/boiler-servicing
https://www.birminghamboilerrepairs.uk/Aston%20Cross/combination-boiler-repairs","404
404
404",3,,,0
21,https://www.birminghamboilerrepairs.uk/austin-village/ideal-boilers-specialists,Austin Village Ideal Boilers Specialists | Same Day Service | Fixed Price Quote,text/html; charset=utf-8,false,200,0,0,"https://www.birminghamboilerrepairs.uk/Austin%20Village/boiler-repairs
https://www.birminghamboilerrepairs.uk/Austin%20Village/boiler-servicing
https://www.birminghamboilerrepairs.uk/Austin%20Village/gas-safety","404
404
404",3,,,0
21,https://www.birminghamboilerrepairs.uk/aston-cross/intergas-specialists,Aston Cross Intergas Specialists | Same Day Service | Fixed Price Quote,text/html; charset=utf-8,false,200,0,0,"https://www.birminghamboilerrepairs.uk/Aston%20Cross/boiler-repairs
https://www.birminghamboilerrepairs.uk/Aston%20Cross/boiler-servicing
https://www.birminghamboilerrepairs.uk/Aston%20Cross/gas-safety","404
404
404",3,,,0
21,https://www.birminghamboilerrepairs.uk/aston-cross/ariston-specialists,Aston Cross Ariston Specialists | Same Day Service | Fixed Price Quote,text/html; charset=utf-8,false,200,0,0,"https://www.birminghamboilerrepairs.uk/Aston%20Cross/boiler-repairs
https://www.birminghamboilerrepairs.uk/Aston%20Cross/boiler-servicing
https://www.birminghamboilerrepairs.uk/Aston%20Cross/gas-safety","404
404
404",3,,,0
21,https://www.birminghamboilerrepairs.uk/aston-cross/alpha-boiler-specialists,Aston Cross Alpha Specialists | Same Day Service | Fixed Price Quote,text/html; charset=utf-8,false,200,0,0,"https://www.birminghamboilerrepairs.uk/Aston%20Cross/boiler-repairs
https://www.birminghamboilerrepairs.uk/Aston%20Cross/boiler-servicing
https://www.birminghamboilerrepairs.uk/Aston%20Cross/gas-safety","404
404
404",3,,,0
21,https://www.birminghamboilerrepairs.uk/austin-village/vaillant-specialists,Austin Village Vaillant Specialists | Same Day Service | Fixed Price Quote,text/html; charset=utf-8,false,200,0,0,"https://www.birminghamboilerrepairs.uk/Austin%20Village/boiler-repairs
https://www.birminghamboilerrepairs.uk/Austin%20Village/boiler-servicing
https://www.birminghamboilerrepairs.uk/Austin%20Village/gas-safety","404
404
404",3,,,0
21,https://www.birminghamboilerrepairs.uk/aston-cross/vokera-specialists,Aston Cross Vokera Specialists | Same Day Service | Fixed Price Quote,text/html; charset=utf-8,false,200,0,0,"https://www.birminghamboilerrepairs.uk/Aston%20Cross/boiler-repairs
https://www.birminghamboilerrepairs.uk/Aston%20Cross/boiler-servicing
https://www.birminghamboilerrepairs.uk/Aston%20Cross/gas-safety","404
404
404",3,,,0
21,https://www.birminghamboilerrepairs.uk/aston-cross/glowworm-specialists,Aston Cross Glow-worm Specialists | Same Day Service | Fixed Price Quote,text/html; charset=utf-8,false,200,0,0,"https://www.birminghamboilerrepairs.uk/Aston%20Cross/boiler-repairs
https://www.birminghamboilerrepairs.uk/Aston%20Cross/boiler-servicing
https://www.birminghamboilerrepairs.uk/Aston%20Cross/gas-safety","404
404
404",3,,,0
21,https://www.birminghamboilerrepairs.uk/acocks-green/ariston-specialists,Acocks Green Ariston Specialists | Same Day Service | Fixed Price Quote,text/html; charset=utf-8,false,200,0,0,"https://www.birminghamboilerrepairs.uk/Acocks%20Green/boiler-repairs
https://www.birminghamboilerrepairs.uk/Acocks%20Green/boiler-servicing
https://www.birminghamboilerrepairs.uk/Acocks%20Green/gas-safety","404
404
404",3,,,0
21,https://www.birminghamboilerrepairs.uk/bartley-green/intergas-specialists,Bartley Green Intergas Specialists | Same Day Service | Fixed Price Quote,text/html; charset=utf-8,false,200,0,0,"https://www.birminghamboilerrepairs.uk/Bartley%20Green/boiler-repairs
https://www.birminghamboilerrepairs.uk/Bartley%20Green/boiler-servicing
https://www.birminghamboilerrepairs.uk/Bartley%20Green/gas-safety","404
404
404",3,,,0
21,https://www.birminghamboilerrepairs.uk/austin-village/viessmann-specialists,Austin Village Viessmann Specialists | Same Day Service | Fixed Price Quote,text/html; charset=utf-8,false,200,0,0,"https://www.birminghamboilerrepairs.uk/Austin%20Village/boiler-repairs
https://www.birminghamboilerrepairs.uk/Austin%20Village/boiler-servicing
https://www.birminghamboilerrepairs.uk/Austin%20Village/gas-safety","404
404
404",3,,,0
21,https://www.birminghamboilerrepairs.uk/bartley-green/main-boiler-specialists,Bartley Green Main Specialists | Same Day Service | Fixed Price Quote,text/html; charset=utf-8,false,200,0,0,"https://www.birminghamboilerrepairs.uk/Bartley%20Green/boiler-repairs
https://www.birminghamboilerrepairs.uk/Bartley%20Green/boiler-servicing
https://www.birminghamboilerrepairs.uk/Bartley%20Green/gas-safety","404
404
404",3,,,0
21,https://www.birminghamboilerrepairs.uk/west-midlands/potterton-specialists,West Midlands Potterton Specialists | Same Day Service | Fixed Price Quote,text/html; charset=utf-8,false,200,18,0,"https://www.birminghamboilerrepairs.uk/West%20Midlands/boiler-repairs
https://www.birminghamboilerrepairs.uk/West%20Midlands/boiler-servicing
https://www.birminghamboilerrepairs.uk/West%20Midlands/gas-safety","404
404
404",3,,,0
21,https://www.birminghamboilerrepairs.uk/bartley-green/worcester-bosch-specialists,Bartley Green Worcester Bosch Specialists | Same Day Service | Fixed Price Quote,text/html; charset=utf-8,false,200,0,0,"https://www.birminghamboilerrepairs.uk/Bartley%20Green/boiler-repairs
https://www.birminghamboilerrepairs.uk/Bartley%20Green/boiler-servicing
https://www.birminghamboilerrepairs.uk/Bartley%20Green/gas-safety","404
404
404",3,,,0
21,https://www.birminghamboilerrepairs.uk/acocks-green/atag-specialists,Acocks Green Atag Specialists | Same Day Service | Fixed Price Quote,text/html; charset=utf-8,false,200,0,0,"https://www.birminghamboilerrepairs.uk/Acocks%20Green/boiler-repairs
https://www.birminghamboilerrepairs.uk/Acocks%20Green/boiler-servicing
https://www.birminghamboilerrepairs.uk/Acocks%20Green/gas-safety","404
404
404",3,,,0
21,https://www.birminghamboilerrepairs.uk/acocks-green/intergas-specialists,Acocks Green Intergas Specialists | Same Day Service | Fixed Price Quote,text/html; charset=utf-8,false,200,0,0,"https://www.birminghamboilerrepairs.uk/Acocks%20Green/boiler-repairs
https://www.birminghamboilerrepairs.uk/Acocks%20Green/boiler-servicing
https://www.birminghamboilerrepairs.uk/Acocks%20Green/gas-safety","404
404
404",3,,,0
21,https://www.birminghamboilerrepairs.uk/bartley-green/boiler-servicing,Bartley Green Boiler Servicing | Same Day Service | Fixed Price Quote,text/html; charset=utf-8,false,200,0,0,"https://www.birminghamboilerrepairs.uk/Bartley%20Green/boiler-repairs
https://www.birminghamboilerrepairs.uk/Bartley%20Green/combination-boiler-repairs
https://www.birminghamboilerrepairs.uk/Bartley%20Green/gas-safety","404
404
404",3,,,0
21,https://www.birminghamboilerrepairs.uk/aston-cross/potterton-specialists,Aston Cross Potterton Specialists | Same Day Service | Fixed Price Quote,text/html; charset=utf-8,false,200,0,0,"https://www.birminghamboilerrepairs.uk/Aston%20Cross/boiler-repairs
https://www.birminghamboilerrepairs.uk/Aston%20Cross/boiler-servicing
https://www.birminghamboilerrepairs.uk/Aston%20Cross/gas-safety","404
404
404",3,,,0
21,https://www.birminghamboilerrepairs.uk/acocks-green/boiler-servicing,Acocks Green Boiler Servicing | Same Day Service | Fixed Price Quote,text/html; charset=utf-8,false,200,0,0,"https://www.birminghamboilerrepairs.uk/Acocks%20Green/boiler-repairs
https://www.birminghamboilerrepairs.uk/Acocks%20Green/combination-boiler-repairs
https://www.birminghamboilerrepairs.uk/Acocks%20Green/gas-safety","404
404
404",3,,,0
21,https://www.birminghamboilerrepairs.uk/aston-cross/combination-boiler-services,Aston Cross Combination Boiler Services | Same Day Service | Fixed Price Quote,text/html; charset=utf-8,false,200,0,0,"https://www.birminghamboilerrepairs.uk/Aston%20Cross/boiler-repairs
https://www.birminghamboilerrepairs.uk/Aston%20Cross/boiler-servicing
https://www.birminghamboilerrepairs.uk/Aston%20Cross/gas-safety","404
404
404",3,,,0
21,https://www.birminghamboilerrepairs.uk/bartley-green/combination-boiler-repairs,Bartley Green Combination Boiler Repairs | Same Day Service | Fixed Price Quote,text/html; charset=utf-8,false,200,0,0,"https://www.birminghamboilerrepairs.uk/Bartley%20Green/boiler-repairs
https://www.birminghamboilerrepairs.uk/Bartley%20Green/boiler-servicing
https://www.birminghamboilerrepairs.uk/Bartley%20Green/gas-safety","404
404
404",3,,,0
21,https://www.birminghamboilerrepairs.uk/aston-cross/viessmann-specialists,Aston Cross Viessmann Specialists | Same Day Service | Fixed Price Quote,text/html; charset=utf-8,false,200,0,0,"https://www.birminghamboilerrepairs.uk/Aston%20Cross/boiler-repairs
https://www.birminghamboilerrepairs.uk/Aston%20Cross/boiler-servicing
https://www.birminghamboilerrepairs.uk/Aston%20Cross/gas-safety","404
404
404",3,,,0
21,https://www.birminghamboilerrepairs.uk/aston-cross/biasi-specialists,Aston Cross Biasi Specialists | Same Day Service | Fixed Price Quote,text/html; charset=utf-8,false,200,0,0,"https://www.birminghamboilerrepairs.uk/Aston%20Cross/boiler-repairs
https://www.birminghamboilerrepairs.uk/Aston%20Cross/boiler-servicing
https://www.birminghamboilerrepairs.uk/Aston%20Cross/gas-safety","404
404
404",3,,,0
21,https://www.birminghamboilerrepairs.uk/aston-cross/ferroli-specialists,Aston Cross Ferroli Specialists | Same Day Service | Fixed Price Quote,text/html; charset=utf-8,false,200,0,0,"https://www.birminghamboilerrepairs.uk/Aston%20Cross/boiler-repairs
https://www.birminghamboilerrepairs.uk/Aston%20Cross/boiler-servicing
https://www.birminghamboilerrepairs.uk/Aston%20Cross/gas-safety","404
404
404",3,,,0
21,https://www.birminghamboilerrepairs.uk/bartley-green/gas-safety,Bartley Green Gas Safety Inspections | Same Day Service | Fixed Price Quote,text/html; charset=utf-8,false,200,0,0,"https://www.birminghamboilerrepairs.uk/Bartley%20Green/boiler-repairs
https://www.birminghamboilerrepairs.uk/Bartley%20Green/boiler-servicing
https://www.birminghamboilerrepairs.uk/Bartley%20Green/combination-boiler-repairs","404
404
404",3,,,0
21,https://www.birminghamboilerrepairs.uk/austin-village/vokera-specialists,Austin Village Vokera Specialists | Same Day Service | Fixed Price Quote,text/html; charset=utf-8,false,200,0,0,"https://www.birminghamboilerrepairs.uk/Austin%20Village/boiler-repairs
https://www.birminghamboilerrepairs.uk/Austin%20Village/boiler-servicing
https://www.birminghamboilerrepairs.uk/Austin%20Village/gas-safety","404
404
404",3,,,0
21,https://www.birminghamboilerrepairs.uk/austin-village/atag-specialists,Austin Village Atag Specialists | Same Day Service | Fixed Price Quote,text/html; charset=utf-8,false,200,0,0,"https://www.birminghamboilerrepairs.uk/Austin%20Village/boiler-repairs
https://www.birminghamboilerrepairs.uk/Austin%20Village/boiler-servicing
https://www.birminghamboilerrepairs.uk/Austin%20Village/gas-safety","404
404
404",3,,,0
21,https://www.birminghamboilerrepairs.uk/austin-village/intergas-specialists,Austin Village Intergas Specialists | Same Day Service | Fixed Price Quote,text/html; charset=utf-8,false,200,0,0,"https://www.birminghamboilerrepairs.uk/Austin%20Village/boiler-repairs
https://www.birminghamboilerrepairs.uk/Austin%20Village/boiler-servicing
https://www.birminghamboilerrepairs.uk/Austin%20Village/gas-safety","404
404
404",3,,,0
21,https://www.birminghamboilerrepairs.uk/aston-cross/main-boiler-specialists,Aston Cross Main Specialists | Same Day Service | Fixed Price Quote,text/html; charset=utf-8,false,200,0,0,"https://www.birminghamboilerrepairs.uk/Aston%20Cross/boiler-repairs
https://www.birminghamboilerrepairs.uk/Aston%20Cross/boiler-servicing
https://www.birminghamboilerrepairs.uk/Aston%20Cross/gas-safety","404
404
404",3,,,0
21,https://www.birminghamboilerrepairs.uk/austin-village/heatline-specialists,Austin Village Heatline Specialists | Same Day Service | Fixed Price Quote,text/html; charset=utf-8,false,200,0,0,"https://www.birminghamboilerrepairs.uk/Austin%20Village/boiler-repairs
https://www.birminghamboilerrepairs.uk/Austin%20Village/boiler-servicing
https://www.birminghamboilerrepairs.uk/Austin%20Village/gas-safety","404
404
404",3,,,0
21,https://www.birminghamboilerrepairs.uk/bartley-green/heatline-specialists,Bartley Green Heatline Specialists | Same Day Service | Fixed Price Quote,text/html; charset=utf-8,false,200,0,0,"https://www.birminghamboilerrepairs.uk/Bartley%20Green/boiler-repairs
https://www.birminghamboilerrepairs.uk/Bartley%20Green/boiler-servicing
https://www.birminghamboilerrepairs.uk/Bartley%20Green/gas-safety","404
404
404",3,,,0
20,https://www.birminghamboilerrepairs.uk/perry-common/heatline-specialists,Perry Common Heatline Specialists | Same Day Service | Fixed Price Quote,text/html; charset=utf-8,false,200,0,0,"https://www.birminghamboilerrepairs.uk/Perry%20Common/boiler-repairs
https://www.birminghamboilerrepairs.uk/Perry%20Common/boiler-servicing
https://www.birminghamboilerrepairs.uk/Perry%20Common/gas-safety","404
404
404",3,,,0
20,https://www.birminghamboilerrepairs.uk/gravelly-hill/vokera-specialists,Gravelly Hill Vokera Specialists | Same Day Service | Fixed Price Quote,text/html; charset=utf-8,false,200,0,0,"https://www.birminghamboilerrepairs.uk/Gravelly%20Hill/boiler-repairs
https://www.birminghamboilerrepairs.uk/Gravelly%20Hill/boiler-servicing
https://www.birminghamboilerrepairs.uk/Gravelly%20Hill/gas-safety","404
404
404",3,,,0
20,https://www.birminghamboilerrepairs.uk/kings-heath/worcester-bosch-specialists,Kings Heath Worcester Bosch Specialists | Same Day Service | Fixed Price Quote,text/html; charset=utf-8,false,200,0,0,"https://www.birminghamboilerrepairs.uk/Kings%20Heath/boiler-repairs
https://www.birminghamboilerrepairs.uk/Kings%20Heath/boiler-servicing
https://www.birminghamboilerrepairs.uk/Kings%20Heath/gas-safety","404
404
404",3,,,0
20,https://www.birminghamboilerrepairs.uk/sutton-coldfield/intergas-specialists,Sutton Coldfield Intergas Specialists | Same Day Service | Fixed Price Quote,text/html; charset=utf-8,false,200,0,0,"https://www.birminghamboilerrepairs.uk/Sutton%20Coldfield/boiler-repairs
https://www.birminghamboilerrepairs.uk/Sutton%20Coldfield/boiler-servicing
https://www.birminghamboilerrepairs.uk/Sutton%20Coldfield/gas-safety","404
404
404",3,,,0
20,https://www.birminghamboilerrepairs.uk/rowney-green/ideal-boilers-specialists,Rowney Green Ideal Boilers Specialists | Same Day Service | Fixed Price Quote,text/html; charset=utf-8,false,200,0,0,"https://www.birminghamboilerrepairs.uk/Rowney%20Green/boiler-repairs
https://www.birminghamboilerrepairs.uk/Rowney%20Green/boiler-servicing
https://www.birminghamboilerrepairs.uk/Rowney%20Green/gas-safety","404
404
404",3,,,0
20,https://www.birminghamboilerrepairs.uk/falcon-lodge/worcester-bosch-specialists,Falcon Lodge Worcester Bosch Specialists | Same Day Service | Fixed Price Quote,text/html; charset=utf-8,false,200,0,0,"https://www.birminghamboilerrepairs.uk/Falcon%20Lodge/boiler-repairs
https://www.birminghamboilerrepairs.uk/Falcon%20Lodge/boiler-servicing
https://www.birminghamboilerrepairs.uk/Falcon%20Lodge/gas-safety","404
404
404",3,,,0
20,https://www.birminghamboilerrepairs.uk/hodge-hill/main-boiler-specialists,Hodge Hill Main Specialists | Same Day Service | Fixed Price Quote,text/html; charset=utf-8,false,200,0,0,"https://www.birminghamboilerrepairs.uk/Hodge%20Hill/boiler-repairs
https://www.birminghamboilerrepairs.uk/Hodge%20Hill/boiler-servicing
https://www.birminghamboilerrepairs.uk/Hodge%20Hill/gas-safety","404
404
404",3,,,0
20,https://www.birminghamboilerrepairs.uk/four-oaks/vokera-specialists,Four Oaks Vokera Specialists | Same Day Service | Fixed Price Quote,text/html; charset=utf-8,false,200,0,0,"https://www.birminghamboilerrepairs.uk/Four%20Oaks/boiler-repairs
https://www.birminghamboilerrepairs.uk/Four%20Oaks/boiler-servicing
https://www.birminghamboilerrepairs.uk/Four%20Oaks/gas-safety","404
404
404",3,,,0
20,https://www.birminghamboilerrepairs.uk/castle-vale/ideal-boilers-specialists,Castle Vale Ideal Boilers Specialists | Same Day Service | Fixed Price Quote,text/html; charset=utf-8,false,200,0,0,"https://www.birminghamboilerrepairs.uk/Castle%20Vale/boiler-repairs
https://www.birminghamboilerrepairs.uk/Castle%20Vale/boiler-servicing
https://www.birminghamboilerrepairs.uk/Castle%20Vale/gas-safety","404
404
404",3,,,0
20,https://www.birminghamboilerrepairs.uk/camp-hill/atag-specialists,Camp Hill Atag Specialists | Same Day Service | Fixed Price Quote,text/html; charset=utf-8,false,200,0,0,"https://www.birminghamboilerrepairs.uk/Camp%20Hill/boiler-repairs
https://www.birminghamboilerrepairs.uk/Camp%20Hill/boiler-servicing
https://www.birminghamboilerrepairs.uk/Camp%20Hill/gas-safety","404
404
404",3,,,0
20,https://www.birminghamboilerrepairs.uk/weoley-castle/heatline-specialists,Weoley Castle Heatline Specialists | Same Day Service | Fixed Price Quote,text/html; charset=utf-8,false,200,0,0,"https://www.birminghamboilerrepairs.uk/Weoley%20Castle/boiler-repairs
https://www.birminghamboilerrepairs.uk/Weoley%20Castle/boiler-servicing
https://www.birminghamboilerrepairs.uk/Weoley%20Castle/gas-safety","404
404
404",3,,,0
20,https://www.birminghamboilerrepairs.uk/thimble-end/viessmann-specialists,Thimble End Viessmann Specialists | Same Day Service | Fixed Price Quote,text/html; charset=utf-8,false,200,0,0,"https://www.birminghamboilerrepairs.uk/Thimble%20End/boiler-repairs
https://www.birminghamboilerrepairs.uk/Thimble%20End/boiler-servicing
https://www.birminghamboilerrepairs.uk/Thimble%20End/gas-safety","404
404
404",3,,,0
20,https://www.birminghamboilerrepairs.uk/weoley-castle/alpha-boiler-specialists,Weoley Castle Alpha Specialists | Same Day Service | Fixed Price Quote,text/html; charset=utf-8,false,200,0,0,"https://www.birminghamboilerrepairs.uk/Weoley%20Castle/boiler-repairs
https://www.birminghamboilerrepairs.uk/Weoley%20Castle/boiler-servicing
https://www.birminghamboilerrepairs.uk/Weoley%20Castle/gas-safety","404
404
404",3,,,0
20,https://www.birminghamboilerrepairs.uk/great-barr/ferroli-specialists,Great Barr Ferroli Specialists | Same Day Service | Fixed Price Quote,text/html; charset=utf-8,false,200,0,0,"https://www.birminghamboilerrepairs.uk/Great%20Barr/boiler-repairs
https://www.birminghamboilerrepairs.uk/Great%20Barr/boiler-servicing
https://www.birminghamboilerrepairs.uk/Great%20Barr/gas-safety","404
404
404",3,,,0
20,https://www.birminghamboilerrepairs.uk/gospel-oak/ferroli-specialists,Gospel Oak Ferroli Specialists | Same Day Service | Fixed Price Quote,text/html; charset=utf-8,false,200,0,0,"https://www.birminghamboilerrepairs.uk/Gospel%20Oak/boiler-repairs
https://www.birminghamboilerrepairs.uk/Gospel%20Oak/boiler-servicing
https://www.birminghamboilerrepairs.uk/Gospel%20Oak/gas-safety","404
404
404",3,,,0
20,https://www.birminghamboilerrepairs.uk/pype-hayes/baxi-specialists,Pype Hayes Baxi Specialists | Same Day Service | Fixed Price Quote,text/html; charset=utf-8,false,200,0,0,"https://www.birminghamboilerrepairs.uk/Pype%20Hayes/boiler-repairs
https://www.birminghamboilerrepairs.uk/Pype%20Hayes/boiler-servicing
https://www.birminghamboilerrepairs.uk/Pype%20Hayes/gas-safety","404
404
404",3,,,0
20,https://www.birminghamboilerrepairs.uk/selly-park/biasi-specialists,Selly Park Biasi Specialists | Same Day Service | Fixed Price Quote,text/html; charset=utf-8,false,200,0,0,"https://www.birminghamboilerrepairs.uk/Selly%20Park/boiler-repairs
https://www.birminghamboilerrepairs.uk/Selly%20Park/boiler-servicing
https://www.birminghamboilerrepairs.uk/Selly%20Park/gas-safety","404
404
404",3,,,0
20,https://www.birminghamboilerrepairs.uk/glebe-farm/vaillant-specialists,Glebe Farm Vaillant Specialists | Same Day Service | Fixed Price Quote,text/html; charset=utf-8,false,200,0,0,"https://www.birminghamboilerrepairs.uk/Glebe%20Farm/boiler-repairs
https://www.birminghamboilerrepairs.uk/Glebe%20Farm/boiler-servicing
https://www.birminghamboilerrepairs.uk/Glebe%20Farm/gas-safety","404
404
404",3,,,0
20,https://www.birminghamboilerrepairs.uk/old-oscott/boiler-servicing,Old Oscott Boiler Servicing | Same Day Service | Fixed Price Quote,text/html; charset=utf-8,false,200,0,0,"https://www.birminghamboilerrepairs.uk/Old%20Oscott/boiler-repairs
https://www.birminghamboilerrepairs.uk/Old%20Oscott/combination-boiler-repairs
https://www.birminghamboilerrepairs.uk/Old%20Oscott/gas-safety","404
404
404",3,,,0
20,https://www.birminghamboilerrepairs.uk/camp-hill/boiler-repairs,Camp Hill Boiler Repairs | Same Day Service | Fixed Price Quote,text/html; charset=utf-8,false,200,0,0,"https://www.birminghamboilerrepairs.uk/Camp%20Hill/boiler-servicing
https://www.birminghamboilerrepairs.uk/Camp%20Hill/combination-boiler-repairs
https://www.birminghamboilerrepairs.uk/Camp%20Hill/gas-safety","404
404
404",3,,,0
20,https://www.birminghamboilerrepairs.uk/falcon-lodge/viessmann-specialists,Falcon Lodge Viessmann Specialists | Same Day Service | Fixed Price Quote,text/html; charset=utf-8,false,200,0,0,"https://www.birminghamboilerrepairs.uk/Falcon%20Lodge/boiler-repairs
https://www.birminghamboilerrepairs.uk/Falcon%20Lodge/boiler-servicing
https://www.birminghamboilerrepairs.uk/Falcon%20Lodge/gas-safety","404
404
404",3,,,0
20,https://www.birminghamboilerrepairs.uk/old-oscott/worcester-bosch-specialists,Old Oscott Worcester Bosch Specialists | Same Day Service | Fixed Price Quote,text/html; charset=utf-8,false,200,0,0,"https://www.birminghamboilerrepairs.uk/Old%20Oscott/boiler-repairs
https://www.birminghamboilerrepairs.uk/Old%20Oscott/boiler-servicing
https://www.birminghamboilerrepairs.uk/Old%20Oscott/gas-safety","404
404
404",3,,,0
20,https://www.birminghamboilerrepairs.uk/bordesley-green/ideal-boilers-specialists,Bordesley Green Ideal Boilers Specialists | Same Day Service | Fixed Price Quote,text/html; charset=utf-8,false,200,0,0,"https://www.birminghamboilerrepairs.uk/Bordesley%20Green/boiler-repairs
https://www.birminghamboilerrepairs.uk/Bordesley%20Green/boiler-servicing
https://www.birminghamboilerrepairs.uk/Bordesley%20Green/gas-safety","404
404
404",3,,,0
20,https://www.birminghamboilerrepairs.uk/brandwood-end/vokera-specialists,Brandwood End Vokera Specialists | Same Day Service | Fixed Price Quote,text/html; charset=utf-8,false,200,0,0,"https://www.birminghamboilerrepairs.uk/Brandwood%20End/boiler-repairs
https://www.birminghamboilerrepairs.uk/Brandwood%20End/boiler-servicing
https://www.birminghamboilerrepairs.uk/Brandwood%20End/gas-safety","404
404
404",3,,,0
20,https://www.birminghamboilerrepairs.uk/gib-heath/main-boiler-specialists,Gib Heath Main Specialists | Same Day Service | Fixed Price Quote,text/html; charset=utf-8,false,200,0,0,"https://www.birminghamboilerrepairs.uk/Gib%20Heath/boiler-repairs
https://www.birminghamboilerrepairs.uk/Gib%20Heath/boiler-servicing
https://www.birminghamboilerrepairs.uk/Gib%20Heath/gas-safety","404
404
404",3,,,0
20,https://www.birminghamboilerrepairs.uk/ten-acres/boiler-repairs,Ten Acres Boiler Repairs | Same Day Service | Fixed Price Quote,text/html; charset=utf-8,false,200,0,0,"https://www.birminghamboilerrepairs.uk/Ten%20Acres/boiler-servicing
https://www.birminghamboilerrepairs.uk/Ten%20Acres/combination-boiler-repairs
https://www.birminghamboilerrepairs.uk/Ten%20Acres/gas-safety","404
404
404",3,,,0
20,https://www.birminghamboilerrepairs.uk/tower-hill/combination-boiler-repairs,Tower Hill Combination Boiler Repairs | Same Day Service | Fixed Price Quote,text/html; charset=utf-8,false,200,0,0,"https://www.birminghamboilerrepairs.uk/Tower%20Hill/boiler-repairs
https://www.birminghamboilerrepairs.uk/Tower%20Hill/boiler-servicing
https://www.birminghamboilerrepairs.uk/Tower%20Hill/gas-safety","404
404
404",3,,,0
20,https://www.birminghamboilerrepairs.uk/birches-green/gas-safety,Birches Green Gas Safety Inspections | Same Day Service | Fixed Price Quote,text/html; charset=utf-8,false,200,0,0,"https://www.birminghamboilerrepairs.uk/Birches%20Green/boiler-repairs
https://www.birminghamboilerrepairs.uk/Birches%20Green/boiler-servicing
https://www.birminghamboilerrepairs.uk/Birches%20Green/combination-boiler-repairs","404
404
404",3,,,0
20,https://www.birminghamboilerrepairs.uk/gospel-oak/alpha-boiler-specialists,Gospel Oak Alpha Specialists | Same Day Service | Fixed Price Quote,text/html; charset=utf-8,false,200,0,0,"https://www.birminghamboilerrepairs.uk/Gospel%20Oak/boiler-repairs
https://www.birminghamboilerrepairs.uk/Gospel%20Oak/boiler-servicing
https://www.birminghamboilerrepairs.uk/Gospel%20Oak/gas-safety","404
404
404",3,,,0
20,https://www.birminghamboilerrepairs.uk/west-heath/ariston-specialists,West Heath Ariston Specialists | Same Day Service | Fixed Price Quote,text/html; charset=utf-8,false,200,0,0,"https://www.birminghamboilerrepairs.uk/West%20Heath/boiler-repairs
https://www.birminghamboilerrepairs.uk/West%20Heath/boiler-servicing
https://www.birminghamboilerrepairs.uk/West%20Heath/gas-safety","404
404
404",3,,,0
20,https://www.birminghamboilerrepairs.uk/tower-hill/heatline-specialists,Tower Hill Heatline Specialists | Same Day Service | Fixed Price Quote,text/html; charset=utf-8,false,200,0,0,"https://www.birminghamboilerrepairs.uk/Tower%20Hill/boiler-repairs
https://www.birminghamboilerrepairs.uk/Tower%20Hill/boiler-servicing
https://www.birminghamboilerrepairs.uk/Tower%20Hill/gas-safety","404
404
404",3,,,0
20,https://www.birminghamboilerrepairs.uk/small-heath/potterton-specialists,Small Heath Potterton Specialists | Same Day Service | Fixed Price Quote,text/html; charset=utf-8,false,200,0,0,"https://www.birminghamboilerrepairs.uk/Small%20Heath/boiler-repairs
https://www.birminghamboilerrepairs.uk/Small%20Heath/boiler-servicing
https://www.birminghamboilerrepairs.uk/Small%20Heath/gas-safety","404
404
404",3,,,0
20,https://www.birminghamboilerrepairs.uk/thimble-end/potterton-specialists,Thimble End Potterton Specialists | Same Day Service | Fixed Price Quote,text/html; charset=utf-8,false,200,0,0,"https://www.birminghamboilerrepairs.uk/Thimble%20End/boiler-repairs
https://www.birminghamboilerrepairs.uk/Thimble%20End/boiler-servicing
https://www.birminghamboilerrepairs.uk/Thimble%20End/gas-safety","404
404
404",3,,,0
20,https://www.birminghamboilerrepairs.uk/gospel-oak/combination-boiler-services,Gospel Oak Combination Boiler Services | Same Day Service | Fixed Price Quote,text/html; charset=utf-8,false,200,0,0,"https://www.birminghamboilerrepairs.uk/Gospel%20Oak/boiler-repairs
https://www.birminghamboilerrepairs.uk/Gospel%20Oak/boiler-servicing
https://www.birminghamboilerrepairs.uk/Gospel%20Oak/gas-safety","404
404
404",3,,,0
20,https://www.birminghamboilerrepairs.uk/grimstock-hill/combination-boiler-services,Grimstock Hill Combination Boiler Services | Same Day Service | Fixed Price Quote,text/html; charset=utf-8,false,200,0,0,"https://www.birminghamboilerrepairs.uk/Grimstock%20Hill/boiler-repairs
https://www.birminghamboilerrepairs.uk/Grimstock%20Hill/boiler-servicing
https://www.birminghamboilerrepairs.uk/Grimstock%20Hill/gas-safety","404
404
404",3,,,0
20,https://www.birminghamboilerrepairs.uk/shenley-fields/baxi-specialists,Shenley Fields Baxi Specialists | Same Day Service | Fixed Price Quote,text/html; charset=utf-8,false,200,0,0,"https://www.birminghamboilerrepairs.uk/Shenley%20Fields/boiler-repairs
https://www.birminghamboilerrepairs.uk/Shenley%20Fields/boiler-servicing
https://www.birminghamboilerrepairs.uk/Shenley%20Fields/gas-safety","404
404
404",3,,,0
20,https://www.birminghamboilerrepairs.uk/kings-heath/vokera-specialists,Kings Heath Vokera Specialists | Same Day Service | Fixed Price Quote,text/html; charset=utf-8,false,200,0,0,"https://www.birminghamboilerrepairs.uk/Kings%20Heath/boiler-repairs
https://www.birminghamboilerrepairs.uk/Kings%20Heath/boiler-servicing
https://www.birminghamboilerrepairs.uk/Kings%20Heath/gas-safety","404
404
404",3,,,0
20,https://www.birminghamboilerrepairs.uk/west-heath/combination-boiler-repairs,West Heath Combination Boiler Repairs | Same Day Service | Fixed Price Quote,text/html; charset=utf-8,false,200,0,0,"https://www.birminghamboilerrepairs.uk/West%20Heath/boiler-repairs
https://www.birminghamboilerrepairs.uk/West%20Heath/boiler-servicing
https://www.birminghamboilerrepairs.uk/West%20Heath/gas-safety","404
404
404",3,,,0
20,https://www.birminghamboilerrepairs.uk/hill-hook/main-boiler-specialists,Hill Hook Main Specialists | Same Day Service | Fixed Price Quote,text/html; charset=utf-8,false,200,0,0,"https://www.birminghamboilerrepairs.uk/Hill%20Hook/boiler-repairs
https://www.birminghamboilerrepairs.uk/Hill%20Hook/boiler-servicing
https://www.birminghamboilerrepairs.uk/Hill%20Hook/gas-safety","404
404
404",3,,,0
20,https://www.birminghamboilerrepairs.uk/perry-common/viessmann-specialists,Perry Common Viessmann Specialists | Same Day Service | Fixed Price Quote,text/html; charset=utf-8,false,200,0,0,"https://www.birminghamboilerrepairs.uk/Perry%20Common/boiler-repairs
https://www.birminghamboilerrepairs.uk/Perry%20Common/boiler-servicing
https://www.birminghamboilerrepairs.uk/Perry%20Common/gas-safety","404
404
404",3,,,0
20,https://www.birminghamboilerrepairs.uk/selly-park/combination-boiler-repairs,Selly Park Combination Boiler Repairs | Same Day Service | Fixed Price Quote,text/html; charset=utf-8,false,200,0,0,"https://www.birminghamboilerrepairs.uk/Selly%20Park/boiler-repairs
https://www.birminghamboilerrepairs.uk/Selly%20Park/boiler-servicing
https://www.birminghamboilerrepairs.uk/Selly%20Park/gas-safety","404
404
404",3,,,0
20,https://www.birminghamboilerrepairs.uk/grimstock-hill/vokera-specialists,Grimstock Hill Vokera Specialists | Same Day Service | Fixed Price Quote,text/html; charset=utf-8,false,200,0,0,"https://www.birminghamboilerrepairs.uk/Grimstock%20Hill/boiler-repairs
https://www.birminghamboilerrepairs.uk/Grimstock%20Hill/boiler-servicing
https://www.birminghamboilerrepairs.uk/Grimstock%20Hill/gas-safety","404
404
404",3,,,0
20,https://www.birminghamboilerrepairs.uk/gun-quarter/alpha-boiler-specialists,Gun Quarter Alpha Specialists | Same Day Service | Fixed Price Quote,text/html; charset=utf-8,false,200,0,0,"https://www.birminghamboilerrepairs.uk/Gun%20Quarter/boiler-repairs
https://www.birminghamboilerrepairs.uk/Gun%20Quarter/boiler-servicing
https://www.birminghamboilerrepairs.uk/Gun%20Quarter/gas-safety","404
404
404",3,,,0
20,https://www.birminghamboilerrepairs.uk/tudor-hill/viessmann-specialists,Tudor Hill Viessmann Specialists | Same Day Service | Fixed Price Quote,text/html; charset=utf-8,false,200,0,0,"https://www.birminghamboilerrepairs.uk/Tudor%20Hill/boiler-repairs
https://www.birminghamboilerrepairs.uk/Tudor%20Hill/boiler-servicing
https://www.birminghamboilerrepairs.uk/Tudor%20Hill/gas-safety","404
404
404",3,,,0
20,https://www.birminghamboilerrepairs.uk/camp-hill/intergas-specialists,Camp Hill Intergas Specialists | Same Day Service | Fixed Price Quote,text/html; charset=utf-8,false,200,0,0,"https://www.birminghamboilerrepairs.uk/Camp%20Hill/boiler-repairs
https://www.birminghamboilerrepairs.uk/Camp%20Hill/boiler-servicing
https://www.birminghamboilerrepairs.uk/Camp%20Hill/gas-safety","404
404
404",3,,,0
20,https://www.birminghamboilerrepairs.uk/buckland-end/boiler-repairs,Buckland End Boiler Repairs | Same Day Service | Fixed Price Quote,text/html; charset=utf-8,false,200,0,0,"https://www.birminghamboilerrepairs.uk/Buckland%20End/boiler-servicing
https://www.birminghamboilerrepairs.uk/Buckland%20End/combination-boiler-repairs
https://www.birminghamboilerrepairs.uk/Buckland%20End/gas-safety","404
404
404",3,,,0
20,https://www.birminghamboilerrepairs.uk/cofton-common/boiler-servicing,Cofton Common Boiler Servicing | Same Day Service | Fixed Price Quote,text/html; charset=utf-8,false,200,0,0,"https://www.birminghamboilerrepairs.uk/Cofton%20Common/boiler-repairs
https://www.birminghamboilerrepairs.uk/Cofton%20Common/combination-boiler-repairs
https://www.birminghamboilerrepairs.uk/Cofton%20Common/gas-safety","404
404
404",3,,,0
20,https://www.birminghamboilerrepairs.uk/great-barr/ideal-boilers-specialists,Great Barr Ideal Boilers Specialists | Same Day Service | Fixed Price Quote,text/html; charset=utf-8,false,200,0,0,"https://www.birminghamboilerrepairs.uk/Great%20Barr/boiler-repairs
https://www.birminghamboilerrepairs.uk/Great%20Barr/boiler-servicing
https://www.birminghamboilerrepairs.uk/Great%20Barr/gas-safety","404
404
404",3,,,0
20,https://www.birminghamboilerrepairs.uk/stockland-green/boiler-repairs,Stockland Green Boiler Repairs | Same Day Service | Fixed Price Quote,text/html; charset=utf-8,false,200,0,0,"https://www.birminghamboilerrepairs.uk/Stockland%20Green/boiler-servicing
https://www.birminghamboilerrepairs.uk/Stockland%20Green/combination-boiler-repairs
https://www.birminghamboilerrepairs.uk/Stockland%20Green/gas-safety","404
404
404",3,,,0
20,https://www.birminghamboilerrepairs.uk/gosta-green/ariston-specialists,Gosta Green Ariston Specialists | Same Day Service | Fixed Price Quote,text/html; charset=utf-8,false,200,0,0,"https://www.birminghamboilerrepairs.uk/Gosta%20Green/boiler-repairs
https://www.birminghamboilerrepairs.uk/Gosta%20Green/boiler-servicing
https://www.birminghamboilerrepairs.uk/Gosta%20Green/gas-safety","404
404
404",3,,,0
20,https://www.birminghamboilerrepairs.uk/kings-norton/ideal-boilers-specialists,Kings Norton Ideal Boilers Specialists | Same Day Service | Fixed Price Quote,text/html; charset=utf-8,false,200,0,0,"https://www.birminghamboilerrepairs.uk/Kings%20Norton/boiler-repairs
https://www.birminghamboilerrepairs.uk/Kings%20Norton/boiler-servicing
https://www.birminghamboilerrepairs.uk/Kings%20Norton/gas-safety","404
404
404",3,,,0
20,https://www.birminghamboilerrepairs.uk/aston-fields/boiler-servicing,Aston Fields Boiler Servicing | Same Day Service | Fixed Price Quote,text/html; charset=utf-8,false,200,0,0,"https://www.birminghamboilerrepairs.uk/Aston%20Fields/boiler-repairs
https://www.birminghamboilerrepairs.uk/Aston%20Fields/combination-boiler-repairs
https://www.birminghamboilerrepairs.uk/Aston%20Fields/gas-safety","404
404
404",3,,,0
20,https://www.birminghamboilerrepairs.uk/gravelly-hill/intergas-specialists,Gravelly Hill Intergas Specialists | Same Day Service | Fixed Price Quote,text/html; charset=utf-8,false,200,0,0,"https://www.birminghamboilerrepairs.uk/Gravelly%20Hill/boiler-repairs
https://www.birminghamboilerrepairs.uk/Gravelly%20Hill/boiler-servicing
https://www.birminghamboilerrepairs.uk/Gravelly%20Hill/gas-safety","404
404
404",3,,,0
20,https://www.birminghamboilerrepairs.uk/fox-hollies/heatline-specialists,Fox Hollies Heatline Specialists | Same Day Service | Fixed Price Quote,text/html; charset=utf-8,false,200,0,0,"https://www.birminghamboilerrepairs.uk/Fox%20Hollies/boiler-repairs
https://www.birminghamboilerrepairs.uk/Fox%20Hollies/boiler-servicing
https://www.birminghamboilerrepairs.uk/Fox%20Hollies/gas-safety","404
404
404",3,,,0
20,https://www.birminghamboilerrepairs.uk/selly-oak/main-boiler-specialists,Selly Oak Main Specialists | Same Day Service | Fixed Price Quote,text/html; charset=utf-8,false,200,0,0,"https://www.birminghamboilerrepairs.uk/Selly%20Oak/boiler-repairs
https://www.birminghamboilerrepairs.uk/Selly%20Oak/boiler-servicing
https://www.birminghamboilerrepairs.uk/Selly%20Oak/gas-safety","404
404
404",3,,,0
20,https://www.birminghamboilerrepairs.uk/hill-wood/combination-boiler-repairs,Hill Wood Combination Boiler Repairs | Same Day Service | Fixed Price Quote,text/html; charset=utf-8,false,200,0,0,"https://www.birminghamboilerrepairs.uk/Hill%20Wood/boiler-repairs
https://www.birminghamboilerrepairs.uk/Hill%20Wood/boiler-servicing
https://www.birminghamboilerrepairs.uk/Hill%20Wood/gas-safety","404
404
404",3,,,0
20,https://www.birminghamboilerrepairs.uk/weoley-castle/vokera-specialists,Weoley Castle Vokera Specialists | Same Day Service | Fixed Price Quote,text/html; charset=utf-8,false,200,0,0,"https://www.birminghamboilerrepairs.uk/Weoley%20Castle/boiler-repairs
https://www.birminghamboilerrepairs.uk/Weoley%20Castle/boiler-servicing
https://www.birminghamboilerrepairs.uk/Weoley%20Castle/gas-safety","404
404
404",3,,,0
20,https://www.birminghamboilerrepairs.uk/hall-green/atag-specialists,Hall Green Atag Specialists | Same Day Service | Fixed Price Quote,text/html; charset=utf-8,false,200,0,0,"https://www.birminghamboilerrepairs.uk/Hall%20Green/boiler-repairs
https://www.birminghamboilerrepairs.uk/Hall%20Green/boiler-servicing
https://www.birminghamboilerrepairs.uk/Hall%20Green/gas-safety","404
404
404",3,,,0
20,https://www.birminghamboilerrepairs.uk/west-midlands/glowworm-specialists,West Midlands Glow-worm Specialists | Same Day Service | Fixed Price Quote,text/html; charset=utf-8,false,200,0,0,"https://www.birminghamboilerrepairs.uk/West%20Midlands/boiler-repairs
https://www.birminghamboilerrepairs.uk/West%20Midlands/boiler-servicing
https://www.birminghamboilerrepairs.uk/West%20Midlands/gas-safety","404
404
404",3,,,0
20,https://www.birminghamboilerrepairs.uk/hall-green/vokera-specialists,Hall Green Vokera Specialists | Same Day Service | Fixed Price Quote,text/html; charset=utf-8,false,200,0,0,"https://www.birminghamboilerrepairs.uk/Hall%20Green/boiler-repairs
https://www.birminghamboilerrepairs.uk/Hall%20Green/boiler-servicing
https://www.birminghamboilerrepairs.uk/Hall%20Green/gas-safety","404
404
404",3,,,0
20,https://www.birminghamboilerrepairs.uk/aston-fields/combination-boiler-services,Aston Fields Combination Boiler Services | Same Day Service | Fixed Price Quote,text/html; charset=utf-8,false,200,0,0,"https://www.birminghamboilerrepairs.uk/Aston%20Fields/boiler-repairs
https://www.birminghamboilerrepairs.uk/Aston%20Fields/boiler-servicing
https://www.birminghamboilerrepairs.uk/Aston%20Fields/gas-safety","404
404
404",3,,,0
20,https://www.birminghamboilerrepairs.uk/astwood-bank/atag-specialists,Astwood Bank Atag Specialists | Same Day Service | Fixed Price Quote,text/html; charset=utf-8,false,200,0,0,"https://www.birminghamboilerrepairs.uk/Astwood%20Bank/boiler-repairs
https://www.birminghamboilerrepairs.uk/Astwood%20Bank/boiler-servicing
https://www.birminghamboilerrepairs.uk/Astwood%20Bank/gas-safety","404
404
404",3,,,0
20,https://www.birminghamboilerrepairs.uk/shenley-green/alpha-boiler-specialists,Shenley Green Alpha Specialists | Same Day Service | Fixed Price Quote,text/html; charset=utf-8,false,200,0,0,"https://www.birminghamboilerrepairs.uk/Shenley%20Green/boiler-repairs
https://www.birminghamboilerrepairs.uk/Shenley%20Green/boiler-servicing
https://www.birminghamboilerrepairs.uk/Shenley%20Green/gas-safety","404
404
404",3,,,0
20,https://www.birminghamboilerrepairs.uk/small-heath/biasi-specialists,Small Heath Biasi Specialists | Same Day Service | Fixed Price Quote,text/html; charset=utf-8,false,200,0,0,"https://www.birminghamboilerrepairs.uk/Small%20Heath/boiler-repairs
https://www.birminghamboilerrepairs.uk/Small%20Heath/boiler-servicing
https://www.birminghamboilerrepairs.uk/Small%20Heath/gas-safety","404
404
404",3,,,0
20,https://www.birminghamboilerrepairs.uk/south-yardley/combination-boiler-repairs,South Yardley Combination Boiler Repairs | Same Day Service | Fixed Price Quote,text/html; charset=utf-8,false,200,0,0,"https://www.birminghamboilerrepairs.uk/South%20Yardley/boiler-repairs
https://www.birminghamboilerrepairs.uk/South%20Yardley/boiler-servicing
https://www.birminghamboilerrepairs.uk/South%20Yardley/gas-safety","404
404
404",3,,,0
20,https://www.birminghamboilerrepairs.uk/perry-beeches/glowworm-specialists,Perry Beeches Glow-worm Specialists | Same Day Service | Fixed Price Quote,text/html; charset=utf-8,false,200,0,0,"https://www.birminghamboilerrepairs.uk/Perry%20Beeches/boiler-repairs
https://www.birminghamboilerrepairs.uk/Perry%20Beeches/boiler-servicing
https://www.birminghamboilerrepairs.uk/Perry%20Beeches/gas-safety","404
404
404",3,,,0
20,https://www.birminghamboilerrepairs.uk/short-heath/boiler-servicing,Short Heath Boiler Servicing | Same Day Service | Fixed Price Quote,text/html; charset=utf-8,false,200,0,0,"https://www.birminghamboilerrepairs.uk/Short%20Heath/boiler-repairs
https://www.birminghamboilerrepairs.uk/Short%20Heath/combination-boiler-repairs
https://www.birminghamboilerrepairs.uk/Short%20Heath/gas-safety","404
404
404",3,,,0
20,https://www.birminghamboilerrepairs.uk/birches-green/glowworm-specialists,Birches Green Glow-worm Specialists | Same Day Service | Fixed Price Quote,text/html; charset=utf-8,false,200,0,0,"https://www.birminghamboilerrepairs.uk/Birches%20Green/boiler-repairs
https://www.birminghamboilerrepairs.uk/Birches%20Green/boiler-servicing
https://www.birminghamboilerrepairs.uk/Birches%20Green/gas-safety","404
404
404",3,,,0
20,https://www.birminghamboilerrepairs.uk/spring-vale/main-boiler-specialists,Spring Vale Main Specialists | Same Day Service | Fixed Price Quote,text/html; charset=utf-8,false,200,0,0,"https://www.birminghamboilerrepairs.uk/Spring%20Vale/boiler-repairs
https://www.birminghamboilerrepairs.uk/Spring%20Vale/boiler-servicing
https://www.birminghamboilerrepairs.uk/Spring%20Vale/gas-safety","404
404
404",3,,,0
20,https://www.birminghamboilerrepairs.uk/hall-green/alpha-boiler-specialists,Hall Green Alpha Specialists | Same Day Service | Fixed Price Quote,text/html; charset=utf-8,false,200,0,0,"https://www.birminghamboilerrepairs.uk/Hall%20Green/boiler-repairs
https://www.birminghamboilerrepairs.uk/Hall%20Green/boiler-servicing
https://www.birminghamboilerrepairs.uk/Hall%20Green/gas-safety","404
404
404",3,,,0
20,https://www.birminghamboilerrepairs.uk/glebe-farm/ariston-specialists,Glebe Farm Ariston Specialists | Same Day Service | Fixed Price Quote,text/html; charset=utf-8,false,200,0,0,"https://www.birminghamboilerrepairs.uk/Glebe%20Farm/boiler-repairs
https://www.birminghamboilerrepairs.uk/Glebe%20Farm/boiler-servicing
https://www.birminghamboilerrepairs.uk/Glebe%20Farm/gas-safety","404
404
404",3,,,0
20,https://www.birminghamboilerrepairs.uk/beech-lanes/baxi-specialists,Beech Lanes Baxi Specialists | Same Day Service | Fixed Price Quote,text/html; charset=utf-8,false,200,0,0,"https://www.birminghamboilerrepairs.uk/Beech%20Lanes/boiler-repairs
https://www.birminghamboilerrepairs.uk/Beech%20Lanes/boiler-servicing
https://www.birminghamboilerrepairs.uk/Beech%20Lanes/gas-safety","404
404
404",3,,,0
20,https://www.birminghamboilerrepairs.uk/beech-lanes/gas-safety,Beech Lanes Gas Safety Inspections | Same Day Service | Fixed Price Quote,text/html; charset=utf-8,false,200,0,0,"https://www.birminghamboilerrepairs.uk/Beech%20Lanes/boiler-repairs
https://www.birminghamboilerrepairs.uk/Beech%20Lanes/boiler-servicing
https://www.birminghamboilerrepairs.uk/Beech%20Lanes/combination-boiler-repairs","404
404
404",3,,,0
20,https://www.birminghamboilerrepairs.uk/tile-cross/ferroli-specialists,Tile Cross Ferroli Specialists | Same Day Service | Fixed Price Quote,text/html; charset=utf-8,false,200,0,0,"https://www.birminghamboilerrepairs.uk/Tile%20Cross/boiler-repairs
https://www.birminghamboilerrepairs.uk/Tile%20Cross/boiler-servicing
https://www.birminghamboilerrepairs.uk/Tile%20Cross/gas-safety","404
404
404",3,,,0
20,https://www.birminghamboilerrepairs.uk/shenley-green/glowworm-specialists,Shenley Green Glow-worm Specialists | Same Day Service | Fixed Price Quote,text/html; charset=utf-8,false,200,0,0,"https://www.birminghamboilerrepairs.uk/Shenley%20Green/boiler-repairs
https://www.birminghamboilerrepairs.uk/Shenley%20Green/boiler-servicing
https://www.birminghamboilerrepairs.uk/Shenley%20Green/gas-safety","404
404
404",3,,,0
20,https://www.birminghamboilerrepairs.uk/south-woodgate/worcester-bosch-specialists,South Woodgate Worcester Bosch Specialists | Same Day Service | Fixed Price Quote,text/html; charset=utf-8,false,200,0,0,"https://www.birminghamboilerrepairs.uk/South%20Woodgate/boiler-repairs
https://www.birminghamboilerrepairs.uk/South%20Woodgate/boiler-servicing
https://www.birminghamboilerrepairs.uk/South%20Woodgate/gas-safety","404
404
404",3,,,0
20,https://www.birminghamboilerrepairs.uk/glebe-farm/atag-specialists,Glebe Farm Atag Specialists | Same Day Service | Fixed Price Quote,text/html; charset=utf-8,false,200,0,0,"https://www.birminghamboilerrepairs.uk/Glebe%20Farm/boiler-repairs
https://www.birminghamboilerrepairs.uk/Glebe%20Farm/boiler-servicing
https://www.birminghamboilerrepairs.uk/Glebe%20Farm/gas-safety","404
404
404",3,,,0
20,https://www.birminghamboilerrepairs.uk/four-oaks/atag-specialists,Four Oaks Atag Specialists | Same Day Service | Fixed Price Quote,text/html; charset=utf-8,false,200,0,0,"https://www.birminghamboilerrepairs.uk/Four%20Oaks/boiler-repairs
https://www.birminghamboilerrepairs.uk/Four%20Oaks/boiler-servicing
https://www.birminghamboilerrepairs.uk/Four%20Oaks/gas-safety","404
404
404",3,,,0
20,https://www.birminghamboilerrepairs.uk/hall-green/ferroli-specialists,Hall Green Ferroli Specialists | Same Day Service | Fixed Price Quote,text/html; charset=utf-8,false,200,0,0,"https://www.birminghamboilerrepairs.uk/Hall%20Green/boiler-repairs
https://www.birminghamboilerrepairs.uk/Hall%20Green/boiler-servicing
https://www.birminghamboilerrepairs.uk/Hall%20Green/gas-safety","404
404
404",3,,,0
20,https://www.birminghamboilerrepairs.uk/rowley-regis/boiler-servicing,Rowley Regis Boiler Servicing | Same Day Service | Fixed Price Quote,text/html; charset=utf-8,false,200,0,0,"https://www.birminghamboilerrepairs.uk/Rowley%20Regis/boiler-repairs
https://www.birminghamboilerrepairs.uk/Rowley%20Regis/combination-boiler-repairs
https://www.birminghamboilerrepairs.uk/Rowley%20Regis/gas-safety","404
404
404",3,,,0
20,https://www.birminghamboilerrepairs.uk/perry-common/vokera-specialists,Perry Common Vokera Specialists | Same Day Service | Fixed Price Quote,text/html; charset=utf-8,false,200,0,0,"https://www.birminghamboilerrepairs.uk/Perry%20Common/boiler-repairs
https://www.birminghamboilerrepairs.uk/Perry%20Common/boiler-servicing
https://www.birminghamboilerrepairs.uk/Perry%20Common/gas-safety","404
404
404",3,,,0
20,https://www.birminghamboilerrepairs.uk/cofton-common/vaillant-specialists,Cofton Common Vaillant Specialists | Same Day Service | Fixed Price Quote,text/html; charset=utf-8,false,200,0,0,"https://www.birminghamboilerrepairs.uk/Cofton%20Common/boiler-repairs
https://www.birminghamboilerrepairs.uk/Cofton%20Common/boiler-servicing
https://www.birminghamboilerrepairs.uk/Cofton%20Common/gas-safety","404
404
404",3,,,0
20,https://www.birminghamboilerrepairs.uk/tile-cross/boiler-repairs,Tile Cross Boiler Repairs | Same Day Service | Fixed Price Quote,text/html; charset=utf-8,false,200,0,0,"https://www.birminghamboilerrepairs.uk/Tile%20Cross/boiler-servicing
https://www.birminghamboilerrepairs.uk/Tile%20Cross/combination-boiler-repairs
https://www.birminghamboilerrepairs.uk/Tile%20Cross/gas-safety","404
404
404",3,,,0
20,https://www.birminghamboilerrepairs.uk/tower-hill/glowworm-specialists,Tower Hill Glow-worm Specialists | Same Day Service | Fixed Price Quote,text/html; charset=utf-8,false,200,0,0,"https://www.birminghamboilerrepairs.uk/Tower%20Hill/boiler-repairs
https://www.birminghamboilerrepairs.uk/Tower%20Hill/boiler-servicing
https://www.birminghamboilerrepairs.uk/Tower%20Hill/gas-safety","404
404
404",3,,,0
20,https://www.birminghamboilerrepairs.uk/gospel-oak/gas-safety,Gospel Oak Gas Safety Inspections | Same Day Service | Fixed Price Quote,text/html; charset=utf-8,false,200,0,0,"https://www.birminghamboilerrepairs.uk/Gospel%20Oak/boiler-repairs
https://www.birminghamboilerrepairs.uk/Gospel%20Oak/boiler-servicing
https://www.birminghamboilerrepairs.uk/Gospel%20Oak/combination-boiler-repairs","404
404
404",3,,,0
20,https://www.birminghamboilerrepairs.uk/weoley-castle/ideal-boilers-specialists,Weoley Castle Ideal Boilers Specialists | Same Day Service | Fixed Price Quote,text/html; charset=utf-8,false,200,0,0,"https://www.birminghamboilerrepairs.uk/Weoley%20Castle/boiler-repairs
https://www.birminghamboilerrepairs.uk/Weoley%20Castle/boiler-servicing
https://www.birminghamboilerrepairs.uk/Weoley%20Castle/gas-safety","404
404
404",3,,,0
20,https://www.birminghamboilerrepairs.uk/four-oaks/heatline-specialists,Four Oaks Heatline Specialists | Same Day Service | Fixed Price Quote,text/html; charset=utf-8,false,200,0,0,"https://www.birminghamboilerrepairs.uk/Four%20Oaks/boiler-repairs
https://www.birminghamboilerrepairs.uk/Four%20Oaks/boiler-servicing
https://www.birminghamboilerrepairs.uk/Four%20Oaks/gas-safety","404
404
404",3,,,0
20,https://www.birminghamboilerrepairs.uk/harts-green/alpha-boiler-specialists,Harts Green Alpha Specialists | Same Day Service | Fixed Price Quote,text/html; charset=utf-8,false,200,0,0,"https://www.birminghamboilerrepairs.uk/Harts%20Green/boiler-repairs
https://www.birminghamboilerrepairs.uk/Harts%20Green/boiler-servicing
https://www.birminghamboilerrepairs.uk/Harts%20Green/gas-safety","404
404
404",3,,,0
20,https://www.birminghamboilerrepairs.uk/spring-vale/vaillant-specialists,Spring Vale Vaillant Specialists | Same Day Service | Fixed Price Quote,text/html; charset=utf-8,false,200,0,0,"https://www.birminghamboilerrepairs.uk/Spring%20Vale/boiler-repairs
https://www.birminghamboilerrepairs.uk/Spring%20Vale/boiler-servicing
https://www.birminghamboilerrepairs.uk/Spring%20Vale/gas-safety","404
404
404",3,,,0
20,https://www.birminghamboilerrepairs.uk/camp-hill/ferroli-specialists,Camp Hill Ferroli Specialists | Same Day Service | Fixed Price Quote,text/html; charset=utf-8,false,200,0,0,"https://www.birminghamboilerrepairs.uk/Camp%20Hill/boiler-repairs
https://www.birminghamboilerrepairs.uk/Camp%20Hill/boiler-servicing
https://www.birminghamboilerrepairs.uk/Camp%20Hill/gas-safety","404
404
404",3,,,0
20,https://www.birminghamboilerrepairs.uk/gun-quarter/viessmann-specialists,Gun Quarter Viessmann Specialists | Same Day Service | Fixed Price Quote,text/html; charset=utf-8,false,200,0,0,"https://www.birminghamboilerrepairs.uk/Gun%20Quarter/boiler-repairs
https://www.birminghamboilerrepairs.uk/Gun%20Quarter/boiler-servicing
https://www.birminghamboilerrepairs.uk/Gun%20Quarter/gas-safety","404
404
404",3,,,0
20,https://www.birminghamboilerrepairs.uk/yardley-wood/glowworm-specialists,Yardley Wood Glow-worm Specialists | Same Day Service | Fixed Price Quote,text/html; charset=utf-8,false,200,0,0,"https://www.birminghamboilerrepairs.uk/Yardley%20Wood/boiler-repairs
https://www.birminghamboilerrepairs.uk/Yardley%20Wood/boiler-servicing
https://www.birminghamboilerrepairs.uk/Yardley%20Wood/gas-safety","404
404
404",3,,,0
20,https://www.birminghamboilerrepairs.uk/the-parade/baxi-specialists,The Parade Baxi Specialists | Same Day Service | Fixed Price Quote,text/html; charset=utf-8,false,200,0,0,"https://www.birminghamboilerrepairs.uk/The%20Parade/boiler-repairs
https://www.birminghamboilerrepairs.uk/The%20Parade/boiler-servicing
https://www.birminghamboilerrepairs.uk/The%20Parade/gas-safety","404
404
404",3,,,0
20,https://www.birminghamboilerrepairs.uk/bordesley-green/main-boiler-specialists,Bordesley Green Main Specialists | Same Day Service | Fixed Price Quote,text/html; charset=utf-8,false,200,0,0,"https://www.birminghamboilerrepairs.uk/Bordesley%20Green/boiler-repairs
https://www.birminghamboilerrepairs.uk/Bordesley%20Green/boiler-servicing
https://www.birminghamboilerrepairs.uk/Bordesley%20Green/gas-safety","404
404
404",3,,,0
20,https://www.birminghamboilerrepairs.uk/beech-lanes/boiler-servicing,Beech Lanes Boiler Servicing | Same Day Service | Fixed Price Quote,text/html; charset=utf-8,false,200,0,0,"https://www.birminghamboilerrepairs.uk/Beech%20Lanes/boiler-repairs
https://www.birminghamboilerrepairs.uk/Beech%20Lanes/combination-boiler-repairs
https://www.birminghamboilerrepairs.uk/Beech%20Lanes/gas-safety","404
404
404",3,,,0
20,https://www.birminghamboilerrepairs.uk/short-heath/worcester-bosch-specialists,Short Heath Worcester Bosch Specialists | Same Day Service | Fixed Price Quote,text/html; charset=utf-8,false,200,0,0,"https://www.birminghamboilerrepairs.uk/Short%20Heath/boiler-repairs
https://www.birminghamboilerrepairs.uk/Short%20Heath/boiler-servicing
https://www.birminghamboilerrepairs.uk/Short%20Heath/gas-safety","404
404
404",3,,,0
20,https://www.birminghamboilerrepairs.uk/high-heath/combination-boiler-services,High Heath Combination Boiler Services | Same Day Service | Fixed Price Quote,text/html; charset=utf-8,false,200,0,0,"https://www.birminghamboilerrepairs.uk/High%20Heath/boiler-repairs
https://www.birminghamboilerrepairs.uk/High%20Heath/boiler-servicing
https://www.birminghamboilerrepairs.uk/High%20Heath/gas-safety","404
404
404",3,,,0
20,https://www.birminghamboilerrepairs.uk/highters-heath/heatline-specialists,Highters Heath Heatline Specialists | Same Day Service | Fixed Price Quote,text/html; charset=utf-8,false,200,0,0,"https://www.birminghamboilerrepairs.uk/Highters%20Heath/boiler-repairs
https://www.birminghamboilerrepairs.uk/Highters%20Heath/boiler-servicing
https://www.birminghamboilerrepairs.uk/Highters%20Heath/gas-safety","404
404
404",3,,,0
20,https://www.birminghamboilerrepairs.uk/hodge-hill/gas-safety,Hodge Hill Gas Safety Inspections | Same Day Service | Fixed Price Quote,text/html; charset=utf-8,false,200,0,0,"https://www.birminghamboilerrepairs.uk/Hodge%20Hill/boiler-repairs
https://www.birminghamboilerrepairs.uk/Hodge%20Hill/boiler-servicing
https://www.birminghamboilerrepairs.uk/Hodge%20Hill/combination-boiler-repairs","404
404
404",3,,,0
20,https://www.birminghamboilerrepairs.uk/kings-heath/combination-boiler-repairs,Kings Heath Combination Boiler Repairs | Same Day Service | Fixed Price Quote,text/html; charset=utf-8,false,200,0,0,"https://www.birminghamboilerrepairs.uk/Kings%20Heath/boiler-repairs
https://www.birminghamboilerrepairs.uk/Kings%20Heath/boiler-servicing
https://www.birminghamboilerrepairs.uk/Kings%20Heath/gas-safety","404
404
404",3,,,0
20,https://www.birminghamboilerrepairs.uk/handsworth-wood/ariston-specialists,Handsworth Wood Ariston Specialists | Same Day Service | Fixed Price Quote,text/html; charset=utf-8,false,200,0,0,"https://www.birminghamboilerrepairs.uk/Handsworth%20Wood/boiler-repairs
https://www.birminghamboilerrepairs.uk/Handsworth%20Wood/boiler-servicing
https://www.birminghamboilerrepairs.uk/Handsworth%20Wood/gas-safety","404
404
404",3,,,0
20,https://www.birminghamboilerrepairs.uk/hill-wood/heatline-specialists,Hill Wood Heatline Specialists | Same Day Service | Fixed Price Quote,text/html; charset=utf-8,false,200,0,0,"https://www.birminghamboilerrepairs.uk/Hill%20Wood/boiler-repairs
https://www.birminghamboilerrepairs.uk/Hill%20Wood/boiler-servicing
https://www.birminghamboilerrepairs.uk/Hill%20Wood/gas-safety","404
404
404",3,,,0
20,https://www.birminghamboilerrepairs.uk/astwood-bank/alpha-boiler-specialists,Astwood Bank Alpha Specialists | Same Day Service | Fixed Price Quote,text/html; charset=utf-8,false,200,0,0,"https://www.birminghamboilerrepairs.uk/Astwood%20Bank/boiler-repairs
https://www.birminghamboilerrepairs.uk/Astwood%20Bank/boiler-servicing
https://www.birminghamboilerrepairs.uk/Astwood%20Bank/gas-safety","404
404
404",3,,,0
20,https://www.birminghamboilerrepairs.uk/kings-norton/vaillant-specialists,Kings Norton Vaillant Specialists | Same Day Service | Fixed Price Quote,text/html; charset=utf-8,false,200,0,0,"https://www.birminghamboilerrepairs.uk/Kings%20Norton/boiler-repairs
https://www.birminghamboilerrepairs.uk/Kings%20Norton/boiler-servicing
https://www.birminghamboilerrepairs.uk/Kings%20Norton/gas-safety","404
404
404",3,,,0
20,https://www.birminghamboilerrepairs.uk/yardley-wood/ariston-specialists,Yardley Wood Ariston Specialists | Same Day Service | Fixed Price Quote,text/html; charset=utf-8,false,200,0,0,"https://www.birminghamboilerrepairs.uk/Yardley%20Wood/boiler-repairs
https://www.birminghamboilerrepairs.uk/Yardley%20Wood/boiler-servicing
https://www.birminghamboilerrepairs.uk/Yardley%20Wood/gas-safety","404
404
404",3,,,0
20,https://www.birminghamboilerrepairs.uk/shenley-fields/main-boiler-specialists,Shenley Fields Main Specialists | Same Day Service | Fixed Price Quote,text/html; charset=utf-8,false,200,0,0,"https://www.birminghamboilerrepairs.uk/Shenley%20Fields/boiler-repairs
https://www.birminghamboilerrepairs.uk/Shenley%20Fields/boiler-servicing
https://www.birminghamboilerrepairs.uk/Shenley%20Fields/gas-safety","404
404
404",3,,,0
20,https://www.birminghamboilerrepairs.uk/astwood-bank/boiler-servicing,Astwood Bank Boiler Servicing | Same Day Service | Fixed Price Quote,text/html; charset=utf-8,false,200,0,0,"https://www.birminghamboilerrepairs.uk/Astwood%20Bank/boiler-repairs
https://www.birminghamboilerrepairs.uk/Astwood%20Bank/combination-boiler-repairs
https://www.birminghamboilerrepairs.uk/Astwood%20Bank/gas-safety","404
404
404",3,,,0
20,https://www.birminghamboilerrepairs.uk/cradley-heath/boiler-servicing,Cradley Heath Boiler Servicing | Same Day Service | Fixed Price Quote,text/html; charset=utf-8,false,200,0,0,"https://www.birminghamboilerrepairs.uk/Cradley%20Heath/boiler-repairs
https://www.birminghamboilerrepairs.uk/Cradley%20Heath/combination-boiler-repairs
https://www.birminghamboilerrepairs.uk/Cradley%20Heath/gas-safety","404
404
404",3,,,0
20,https://www.birminghamboilerrepairs.uk/castle-vale/ariston-specialists,Castle Vale Ariston Specialists | Same Day Service | Fixed Price Quote,text/html; charset=utf-8,false,200,0,0,"https://www.birminghamboilerrepairs.uk/Castle%20Vale/boiler-repairs
https://www.birminghamboilerrepairs.uk/Castle%20Vale/boiler-servicing
https://www.birminghamboilerrepairs.uk/Castle%20Vale/gas-safety","404
404
404",3,,,0
20,https://www.birminghamboilerrepairs.uk/fox-hollies/gas-safety,Fox Hollies Gas Safety Inspections | Same Day Service | Fixed Price Quote,text/html; charset=utf-8,false,200,0,0,"https://www.birminghamboilerrepairs.uk/Fox%20Hollies/boiler-repairs
https://www.birminghamboilerrepairs.uk/Fox%20Hollies/boiler-servicing
https://www.birminghamboilerrepairs.uk/Fox%20Hollies/combination-boiler-repairs","404
404
404",3,,,0
20,https://www.birminghamboilerrepairs.uk/yardley-wood/worcester-bosch-specialists,Yardley Wood Worcester Bosch Specialists | Same Day Service | Fixed Price Quote,text/html; charset=utf-8,false,200,0,0,"https://www.birminghamboilerrepairs.uk/Yardley%20Wood/boiler-repairs
https://www.birminghamboilerrepairs.uk/Yardley%20Wood/boiler-servicing
https://www.birminghamboilerrepairs.uk/Yardley%20Wood/gas-safety","404
404
404",3,,,0
20,https://www.birminghamboilerrepairs.uk/south-yardley/boiler-servicing,South Yardley Boiler Servicing | Same Day Service | Fixed Price Quote,text/html; charset=utf-8,false,200,0,0,"https://www.birminghamboilerrepairs.uk/South%20Yardley/boiler-repairs
https://www.birminghamboilerrepairs.uk/South%20Yardley/combination-boiler-repairs
https://www.birminghamboilerrepairs.uk/South%20Yardley/gas-safety","404
404
404",3,,,0
20,https://www.birminghamboilerrepairs.uk/great-barr/atag-specialists,Great Barr Atag Specialists | Same Day Service | Fixed Price Quote,text/html; charset=utf-8,false,200,0,0,"https://www.birminghamboilerrepairs.uk/Great%20Barr/boiler-repairs
https://www.birminghamboilerrepairs.uk/Great%20Barr/boiler-servicing
https://www.birminghamboilerrepairs.uk/Great%20Barr/gas-safety","404
404
404",3,,,0
20,https://www.birminghamboilerrepairs.uk/short-heath/biasi-specialists,Short Heath Biasi Specialists | Same Day Service | Fixed Price Quote,text/html; charset=utf-8,false,200,0,0,"https://www.birminghamboilerrepairs.uk/Short%20Heath/boiler-repairs
https://www.birminghamboilerrepairs.uk/Short%20Heath/boiler-servicing
https://www.birminghamboilerrepairs.uk/Short%20Heath/gas-safety","404
404
404",3,,,0
20,https://www.birminghamboilerrepairs.uk/spring-vale/baxi-specialists,Spring Vale Baxi Specialists | Same Day Service | Fixed Price Quote,text/html; charset=utf-8,false,200,0,0,"https://www.birminghamboilerrepairs.uk/Spring%20Vale/boiler-repairs
https://www.birminghamboilerrepairs.uk/Spring%20Vale/boiler-servicing
https://www.birminghamboilerrepairs.uk/Spring%20Vale/gas-safety","404
404
404",3,,,0
20,https://www.birminghamboilerrepairs.uk/four-oaks/alpha-boiler-specialists,Four Oaks Alpha Specialists | Same Day Service | Fixed Price Quote,text/html; charset=utf-8,false,200,0,0,"https://www.birminghamboilerrepairs.uk/Four%20Oaks/boiler-repairs
https://www.birminghamboilerrepairs.uk/Four%20Oaks/boiler-servicing
https://www.birminghamboilerrepairs.uk/Four%20Oaks/gas-safety","404
404
404",3,,,0
20,https://www.birminghamboilerrepairs.uk/yardley-wood/heatline-specialists,Yardley Wood Heatline Specialists | Same Day Service | Fixed Price Quote,text/html; charset=utf-8,false,200,0,0,"https://www.birminghamboilerrepairs.uk/Yardley%20Wood/boiler-repairs
https://www.birminghamboilerrepairs.uk/Yardley%20Wood/boiler-servicing
https://www.birminghamboilerrepairs.uk/Yardley%20Wood/gas-safety","404
404
404",3,,,0
20,https://www.birminghamboilerrepairs.uk/browns-green/biasi-specialists,Browns Green Biasi Specialists | Same Day Service | Fixed Price Quote,text/html; charset=utf-8,false,200,0,0,"https://www.birminghamboilerrepairs.uk/Browns%20Green/boiler-repairs
https://www.birminghamboilerrepairs.uk/Browns%20Green/boiler-servicing
https://www.birminghamboilerrepairs.uk/Browns%20Green/gas-safety","404
404
404",3,,,0
20,https://www.birminghamboilerrepairs.uk/bordesley-green/boiler-repairs,Bordesley Green Boiler Repairs | Same Day Service | Fixed Price Quote,text/html; charset=utf-8,false,200,0,0,"https://www.birminghamboilerrepairs.uk/Bordesley%20Green/boiler-servicing
https://www.birminghamboilerrepairs.uk/Bordesley%20Green/combination-boiler-repairs
https://www.birminghamboilerrepairs.uk/Bordesley%20Green/gas-safety","404
404
404",3,,,0
20,https://www.birminghamboilerrepairs.uk/hall-green/main-boiler-specialists,Hall Green Main Specialists | Same Day Service | Fixed Price Quote,text/html; charset=utf-8,false,200,0,0,"https://www.birminghamboilerrepairs.uk/Hall%20Green/boiler-repairs
https://www.birminghamboilerrepairs.uk/Hall%20Green/boiler-servicing
https://www.birminghamboilerrepairs.uk/Hall%20Green/gas-safety","404
404
404",3,,,0
20,https://www.birminghamboilerrepairs.uk/beech-lanes/ariston-specialists,Beech Lanes Ariston Specialists | Same Day Service | Fixed Price Quote,text/html; charset=utf-8,false,200,0,0,"https://www.birminghamboilerrepairs.uk/Beech%20Lanes/boiler-repairs
https://www.birminghamboilerrepairs.uk/Beech%20Lanes/boiler-servicing
https://www.birminghamboilerrepairs.uk/Beech%20Lanes/gas-safety","404
404
404",3,,,0
20,https://www.birminghamboilerrepairs.uk/astwood-bank/ferroli-specialists,Astwood Bank Ferroli Specialists | Same Day Service | Fixed Price Quote,text/html; charset=utf-8,false,200,0,0,"https://www.birminghamboilerrepairs.uk/Astwood%20Bank/boiler-repairs
https://www.birminghamboilerrepairs.uk/Astwood%20Bank/boiler-servicing
https://www.birminghamboilerrepairs.uk/Astwood%20Bank/gas-safety","404
404
404",3,,,0
20,https://www.birminghamboilerrepairs.uk/cofton-common/alpha-boiler-specialists,Cofton Common Alpha Specialists | Same Day Service | Fixed Price Quote,text/html; charset=utf-8,false,200,0,0,"https://www.birminghamboilerrepairs.uk/Cofton%20Common/boiler-repairs
https://www.birminghamboilerrepairs.uk/Cofton%20Common/boiler-servicing
https://www.birminghamboilerrepairs.uk/Cofton%20Common/gas-safety","404
404
404",3,,,0
20,https://www.birminghamboilerrepairs.uk/selly-park/boiler-repairs,Selly Park Boiler Repairs | Same Day Service | Fixed Price Quote,text/html; charset=utf-8,false,200,0,0,"https://www.birminghamboilerrepairs.uk/Selly%20Park/boiler-servicing
https://www.birminghamboilerrepairs.uk/Selly%20Park/combination-boiler-repairs
https://www.birminghamboilerrepairs.uk/Selly%20Park/gas-safety","404
404
404",3,,,0
20,https://www.birminghamboilerrepairs.uk/harts-green/potterton-specialists,Harts Green Potterton Specialists | Same Day Service | Fixed Price Quote,text/html; charset=utf-8,false,200,0,0,"https://www.birminghamboilerrepairs.uk/Harts%20Green/boiler-repairs
https://www.birminghamboilerrepairs.uk/Harts%20Green/boiler-servicing
https://www.birminghamboilerrepairs.uk/Harts%20Green/gas-safety","404
404
404",3,,,0
20,https://www.birminghamboilerrepairs.uk/selly-oak/boiler-servicing,Selly Oak Boiler Servicing | Same Day Service | Fixed Price Quote,text/html; charset=utf-8,false,200,0,0,"https://www.birminghamboilerrepairs.uk/Selly%20Oak/boiler-repairs
https://www.birminghamboilerrepairs.uk/Selly%20Oak/combination-boiler-repairs
https://www.birminghamboilerrepairs.uk/Selly%20Oak/gas-safety","404
404
404",3,,,0
20,https://www.birminghamboilerrepairs.uk/highters-heath/potterton-specialists,Highters Heath Potterton Specialists | Same Day Service | Fixed Price Quote,text/html; charset=utf-8,false,200,0,0,"https://www.birminghamboilerrepairs.uk/Highters%20Heath/boiler-repairs
https://www.birminghamboilerrepairs.uk/Highters%20Heath/boiler-servicing
https://www.birminghamboilerrepairs.uk/Highters%20Heath/gas-safety","404
404
404",3,,,0
20,https://www.birminghamboilerrepairs.uk/shard-end/baxi-specialists,Shard End Baxi Specialists | Same Day Service | Fixed Price Quote,text/html; charset=utf-8,false,200,0,0,"https://www.birminghamboilerrepairs.uk/Shard%20End/boiler-repairs
https://www.birminghamboilerrepairs.uk/Shard%20End/boiler-servicing
https://www.birminghamboilerrepairs.uk/Shard%20End/gas-safety","404
404
404",3,,,0
20,https://www.birminghamboilerrepairs.uk/spring-vale/boiler-repairs,Spring Vale Boiler Repairs | Same Day Service | Fixed Price Quote,text/html; charset=utf-8,false,200,0,0,"https://www.birminghamboilerrepairs.uk/Spring%20Vale/boiler-servicing
https://www.birminghamboilerrepairs.uk/Spring%20Vale/combination-boiler-repairs
https://www.birminghamboilerrepairs.uk/Spring%20Vale/gas-safety","404
404
404",3,,,0
20,https://www.birminghamboilerrepairs.uk/hill-hook/viessmann-specialists,Hill Hook Viessmann Specialists | Same Day Service | Fixed Price Quote,text/html; charset=utf-8,false,200,0,0,"https://www.birminghamboilerrepairs.uk/Hill%20Hook/boiler-repairs
https://www.birminghamboilerrepairs.uk/Hill%20Hook/boiler-servicing
https://www.birminghamboilerrepairs.uk/Hill%20Hook/gas-safety","404
404
404",3,,,0
20,https://www.birminghamboilerrepairs.uk/hill-hook/potterton-specialists,Hill Hook Potterton Specialists | Same Day Service | Fixed Price Quote,text/html; charset=utf-8,false,200,0,0,"https://www.birminghamboilerrepairs.uk/Hill%20Hook/boiler-repairs
https://www.birminghamboilerrepairs.uk/Hill%20Hook/boiler-servicing
https://www.birminghamboilerrepairs.uk/Hill%20Hook/gas-safety","404
404
404",3,,,0
20,https://www.birminghamboilerrepairs.uk/shard-end/combination-boiler-services,Shard End Combination Boiler Services | Same Day Service | Fixed Price Quote,text/html; charset=utf-8,false,200,0,0,"https://www.birminghamboilerrepairs.uk/Shard%20End/boiler-repairs
https://www.birminghamboilerrepairs.uk/Shard%20End/boiler-servicing
https://www.birminghamboilerrepairs.uk/Shard%20End/gas-safety","404
404
404",3,,,0
20,https://www.birminghamboilerrepairs.uk/south-woodgate/glowworm-specialists,South Woodgate Glow-worm Specialists | Same Day Service | Fixed Price Quote,text/html; charset=utf-8,false,200,0,0,"https://www.birminghamboilerrepairs.uk/South%20Woodgate/boiler-repairs
https://www.birminghamboilerrepairs.uk/South%20Woodgate/boiler-servicing
https://www.birminghamboilerrepairs.uk/South%20Woodgate/gas-safety","404
404
404",3,,,0
20,https://www.birminghamboilerrepairs.uk/old-oscott/potterton-specialists,Old Oscott Potterton Specialists | Same Day Service | Fixed Price Quote,text/html; charset=utf-8,false,200,0,0,"https://www.birminghamboilerrepairs.uk/Old%20Oscott/boiler-repairs
https://www.birminghamboilerrepairs.uk/Old%20Oscott/boiler-servicing
https://www.birminghamboilerrepairs.uk/Old%20Oscott/gas-safety","404
404
404",3,,,0
20,https://www.birminghamboilerrepairs.uk/south-yardley/glowworm-specialists,South Yardley Glow-worm Specialists | Same Day Service | Fixed Price Quote,text/html; charset=utf-8,false,200,0,0,"https://www.birminghamboilerrepairs.uk/South%20Yardley/boiler-repairs
https://www.birminghamboilerrepairs.uk/South%20Yardley/boiler-servicing
https://www.birminghamboilerrepairs.uk/South%20Yardley/gas-safety","404
404
404",3,,,0
20,https://www.birminghamboilerrepairs.uk/hay-mills/vokera-specialists,Hay Mills Vokera Specialists | Same Day Service | Fixed Price Quote,text/html; charset=utf-8,false,200,0,0,"https://www.birminghamboilerrepairs.uk/Hay%20Mills/boiler-repairs
https://www.birminghamboilerrepairs.uk/Hay%20Mills/boiler-servicing
https://www.birminghamboilerrepairs.uk/Hay%20Mills/gas-safety","404
404
404",3,,,0
20,https://www.birminghamboilerrepairs.uk/showell-green/boiler-servicing,Showell Green Boiler Servicing | Same Day Service | Fixed Price Quote,text/html; charset=utf-8,false,200,0,0,"https://www.birminghamboilerrepairs.uk/Showell%20Green/boiler-repairs
https://www.birminghamboilerrepairs.uk/Showell%20Green/combination-boiler-repairs
https://www.birminghamboilerrepairs.uk/Showell%20Green/gas-safety","404
404
404",3,,,0
20,https://www.birminghamboilerrepairs.uk/gravelly-hill/boiler-repairs,Gravelly Hill Boiler Repairs | Same Day Service | Fixed Price Quote,text/html; charset=utf-8,false,200,0,0,"https://www.birminghamboilerrepairs.uk/Gravelly%20Hill/boiler-servicing
https://www.birminghamboilerrepairs.uk/Gravelly%20Hill/combination-boiler-repairs
https://www.birminghamboilerrepairs.uk/Gravelly%20Hill/gas-safety","404
404
404",3,,,0
20,https://www.birminghamboilerrepairs.uk/west-bromwich/boiler-repairs,West Bromwich Boiler Repairs | Same Day Service | Fixed Price Quote,text/html; charset=utf-8,false,200,0,0,"https://www.birminghamboilerrepairs.uk/West%20Bromwich/boiler-servicing
https://www.birminghamboilerrepairs.uk/West%20Bromwich/combination-boiler-repairs
https://www.birminghamboilerrepairs.uk/West%20Bromwich/gas-safety","404
404
404",3,,,0
20,https://www.birminghamboilerrepairs.uk/gospel-oak/combination-boiler-repairs,Gospel Oak Combination Boiler Repairs | Same Day Service | Fixed Price Quote,text/html; charset=utf-8,false,200,0,0,"https://www.birminghamboilerrepairs.uk/Gospel%20Oak/boiler-repairs
https://www.birminghamboilerrepairs.uk/Gospel%20Oak/boiler-servicing
https://www.birminghamboilerrepairs.uk/Gospel%20Oak/gas-safety","404
404
404",3,,,0
20,https://www.birminghamboilerrepairs.uk/cradley-heath/vaillant-specialists,Cradley Heath Vaillant Specialists | Same Day Service | Fixed Price Quote,text/html; charset=utf-8,false,200,0,0,"https://www.birminghamboilerrepairs.uk/Cradley%20Heath/boiler-repairs
https://www.birminghamboilerrepairs.uk/Cradley%20Heath/boiler-servicing
https://www.birminghamboilerrepairs.uk/Cradley%20Heath/gas-safety","404
404
404",3,,,0
20,https://www.birminghamboilerrepairs.uk/handsworth-wood/worcester-bosch-specialists,Handsworth Wood Worcester Bosch Specialists | Same Day Service | Fixed Price Quote,text/html; charset=utf-8,false,200,0,0,"https://www.birminghamboilerrepairs.uk/Handsworth%20Wood/boiler-repairs
https://www.birminghamboilerrepairs.uk/Handsworth%20Wood/boiler-servicing
https://www.birminghamboilerrepairs.uk/Handsworth%20Wood/gas-safety","404
404
404",3,,,0
20,https://www.birminghamboilerrepairs.uk/hay-mills/atag-specialists,Hay Mills Atag Specialists | Same Day Service | Fixed Price Quote,text/html; charset=utf-8,false,200,0,0,"https://www.birminghamboilerrepairs.uk/Hay%20Mills/boiler-repairs
https://www.birminghamboilerrepairs.uk/Hay%20Mills/boiler-servicing
https://www.birminghamboilerrepairs.uk/Hay%20Mills/gas-safety","404
404
404",3,,,0
20,https://www.birminghamboilerrepairs.uk/tower-hill/baxi-specialists,Tower Hill Baxi Specialists | Same Day Service | Fixed Price Quote,text/html; charset=utf-8,false,200,0,0,"https://www.birminghamboilerrepairs.uk/Tower%20Hill/boiler-repairs
https://www.birminghamboilerrepairs.uk/Tower%20Hill/boiler-servicing
https://www.birminghamboilerrepairs.uk/Tower%20Hill/gas-safety","404
404
404",3,,,0
20,https://www.birminghamboilerrepairs.uk/perry-common/boiler-repairs,Perry Common Boiler Repairs | Same Day Service | Fixed Price Quote,text/html; charset=utf-8,false,200,0,0,"https://www.birminghamboilerrepairs.uk/Perry%20Common/boiler-servicing
https://www.birminghamboilerrepairs.uk/Perry%20Common/combination-boiler-repairs
https://www.birminghamboilerrepairs.uk/Perry%20Common/gas-safety","404
404
404",3,,,0
20,https://www.birminghamboilerrepairs.uk/hill-wood/atag-specialists,Hill Wood Atag Specialists | Same Day Service | Fixed Price Quote,text/html; charset=utf-8,false,200,0,0,"https://www.birminghamboilerrepairs.uk/Hill%20Wood/boiler-repairs
https://www.birminghamboilerrepairs.uk/Hill%20Wood/boiler-servicing
https://www.birminghamboilerrepairs.uk/Hill%20Wood/gas-safety","404
404
404",3,,,0
20,https://www.birminghamboilerrepairs.uk/selly-oak/ferroli-specialists,Selly Oak Ferroli Specialists | Same Day Service | Fixed Price Quote,text/html; charset=utf-8,false,200,0,0,"https://www.birminghamboilerrepairs.uk/Selly%20Oak/boiler-repairs
https://www.birminghamboilerrepairs.uk/Selly%20Oak/boiler-servicing
https://www.birminghamboilerrepairs.uk/Selly%20Oak/gas-safety","404
404
404",3,,,0
20,https://www.birminghamboilerrepairs.uk/shenley-green/potterton-specialists,Shenley Green Potterton Specialists | Same Day Service | Fixed Price Quote,text/html; charset=utf-8,false,200,0,0,"https://www.birminghamboilerrepairs.uk/Shenley%20Green/boiler-repairs
https://www.birminghamboilerrepairs.uk/Shenley%20Green/boiler-servicing
https://www.birminghamboilerrepairs.uk/Shenley%20Green/gas-safety","404
404
404",3,,,0
20,https://www.birminghamboilerrepairs.uk/harts-green/atag-specialists,Harts Green Atag Specialists | Same Day Service | Fixed Price Quote,text/html; charset=utf-8,false,200,0,0,"https://www.birminghamboilerrepairs.uk/Harts%20Green/boiler-repairs
https://www.birminghamboilerrepairs.uk/Harts%20Green/boiler-servicing
https://www.birminghamboilerrepairs.uk/Harts%20Green/gas-safety","404
404
404",3,,,0
20,https://www.birminghamboilerrepairs.uk/castle-vale/worcester-bosch-specialists,Castle Vale Worcester Bosch Specialists | Same Day Service | Fixed Price Quote,text/html; charset=utf-8,false,200,0,0,"https://www.birminghamboilerrepairs.uk/Castle%20Vale/boiler-repairs
https://www.birminghamboilerrepairs.uk/Castle%20Vale/boiler-servicing
https://www.birminghamboilerrepairs.uk/Castle%20Vale/gas-safety","404
404
404",3,,,0
20,https://www.birminghamboilerrepairs.uk/four-oaks/ariston-specialists,Four Oaks Ariston Specialists | Same Day Service | Fixed Price Quote,text/html; charset=utf-8,false,200,0,0,"https://www.birminghamboilerrepairs.uk/Four%20Oaks/boiler-repairs
https://www.birminghamboilerrepairs.uk/Four%20Oaks/boiler-servicing
https://www.birminghamboilerrepairs.uk/Four%20Oaks/gas-safety","404
404
404",3,,,0
20,https://www.birminghamboilerrepairs.uk/perry-beeches/atag-specialists,Perry Beeches Atag Specialists | Same Day Service | Fixed Price Quote,text/html; charset=utf-8,false,200,0,0,"https://www.birminghamboilerrepairs.uk/Perry%20Beeches/boiler-repairs
https://www.birminghamboilerrepairs.uk/Perry%20Beeches/boiler-servicing
https://www.birminghamboilerrepairs.uk/Perry%20Beeches/gas-safety","404
404
404",3,,,0
20,https://www.birminghamboilerrepairs.uk/pype-hayes/combination-boiler-repairs,Pype Hayes Combination Boiler Repairs | Same Day Service | Fixed Price Quote,text/html; charset=utf-8,false,200,0,0,"https://www.birminghamboilerrepairs.uk/Pype%20Hayes/boiler-repairs
https://www.birminghamboilerrepairs.uk/Pype%20Hayes/boiler-servicing
https://www.birminghamboilerrepairs.uk/Pype%20Hayes/gas-safety","404
404
404",3,,,0
20,https://www.birminghamboilerrepairs.uk/shenley-fields/boiler-repairs,Shenley Fields Boiler Repairs | Same Day Service | Fixed Price Quote,text/html; charset=utf-8,false,200,0,0,"https://www.birminghamboilerrepairs.uk/Shenley%20Fields/boiler-servicing
https://www.birminghamboilerrepairs.uk/Shenley%20Fields/combination-boiler-repairs
https://www.birminghamboilerrepairs.uk/Shenley%20Fields/gas-safety","404
404
404",3,,,0
20,https://www.birminghamboilerrepairs.uk/tile-cross/heatline-specialists,Tile Cross Heatline Specialists | Same Day Service | Fixed Price Quote,text/html; charset=utf-8,false,200,0,0,"https://www.birminghamboilerrepairs.uk/Tile%20Cross/boiler-repairs
https://www.birminghamboilerrepairs.uk/Tile%20Cross/boiler-servicing
https://www.birminghamboilerrepairs.uk/Tile%20Cross/gas-safety","404
404
404",3,,,0
20,https://www.birminghamboilerrepairs.uk/handsworth-wood/combination-boiler-repairs,Handsworth Wood Combination Boiler Repairs | Same Day Service | Fixed Price Quote,text/html; charset=utf-8,false,200,0,0,"https://www.birminghamboilerrepairs.uk/Handsworth%20Wood/boiler-repairs
https://www.birminghamboilerrepairs.uk/Handsworth%20Wood/boiler-servicing
https://www.birminghamboilerrepairs.uk/Handsworth%20Wood/gas-safety","404
404
404",3,,,0
20,https://www.birminghamboilerrepairs.uk/gosta-green/intergas-specialists,Gosta Green Intergas Specialists | Same Day Service | Fixed Price Quote,text/html; charset=utf-8,false,200,0,0,"https://www.birminghamboilerrepairs.uk/Gosta%20Green/boiler-repairs
https://www.birminghamboilerrepairs.uk/Gosta%20Green/boiler-servicing
https://www.birminghamboilerrepairs.uk/Gosta%20Green/gas-safety","404
404
404",3,,,0
20,https://www.birminghamboilerrepairs.uk/south-yardley/potterton-specialists,South Yardley Potterton Specialists | Same Day Service | Fixed Price Quote,text/html; charset=utf-8,false,200,0,0,"https://www.birminghamboilerrepairs.uk/South%20Yardley/boiler-repairs
https://www.birminghamboilerrepairs.uk/South%20Yardley/boiler-servicing
https://www.birminghamboilerrepairs.uk/South%20Yardley/gas-safety","404
404
404",3,,,0
20,https://www.birminghamboilerrepairs.uk/ten-acres/viessmann-specialists,Ten Acres Viessmann Specialists | Same Day Service | Fixed Price Quote,text/html; charset=utf-8,false,200,0,0,"https://www.birminghamboilerrepairs.uk/Ten%20Acres/boiler-repairs
https://www.birminghamboilerrepairs.uk/Ten%20Acres/boiler-servicing
https://www.birminghamboilerrepairs.uk/Ten%20Acres/gas-safety","404
404
404",3,,,0
20,https://www.birminghamboilerrepairs.uk/beech-lanes/vaillant-specialists,Beech Lanes Vaillant Specialists | Same Day Service | Fixed Price Quote,text/html; charset=utf-8,false,200,0,0,"https://www.birminghamboilerrepairs.uk/Beech%20Lanes/boiler-repairs
https://www.birminghamboilerrepairs.uk/Beech%20Lanes/boiler-servicing
https://www.birminghamboilerrepairs.uk/Beech%20Lanes/gas-safety","404
404
404",3,,,0
20,https://www.birminghamboilerrepairs.uk/harts-green/gas-safety,Harts Green Gas Safety Inspections | Same Day Service | Fixed Price Quote,text/html; charset=utf-8,false,200,0,0,"https://www.birminghamboilerrepairs.uk/Harts%20Green/boiler-repairs
https://www.birminghamboilerrepairs.uk/Harts%20Green/boiler-servicing
https://www.birminghamboilerrepairs.uk/Harts%20Green/combination-boiler-repairs","404
404
404",3,,,0
20,https://www.birminghamboilerrepairs.uk/showell-green/ariston-specialists,Showell Green Ariston Specialists | Same Day Service | Fixed Price Quote,text/html; charset=utf-8,false,200,0,0,"https://www.birminghamboilerrepairs.uk/Showell%20Green/boiler-repairs
https://www.birminghamboilerrepairs.uk/Showell%20Green/boiler-servicing
https://www.birminghamboilerrepairs.uk/Showell%20Green/gas-safety","404
404
404",3,,,0
20,https://www.birminghamboilerrepairs.uk/stockland-green/combination-boiler-services,Stockland Green Combination Boiler Services | Same Day Service | Fixed Price Quote,text/html; charset=utf-8,false,200,0,0,"https://www.birminghamboilerrepairs.uk/Stockland%20Green/boiler-repairs
https://www.birminghamboilerrepairs.uk/Stockland%20Green/boiler-servicing
https://www.birminghamboilerrepairs.uk/Stockland%20Green/gas-safety","404
404
404",3,,,0
20,https://www.birminghamboilerrepairs.uk/pype-hayes/gas-safety,Pype Hayes Gas Safety Inspections | Same Day Service | Fixed Price Quote,text/html; charset=utf-8,false,200,0,0,"https://www.birminghamboilerrepairs.uk/Pype%20Hayes/boiler-repairs
https://www.birminghamboilerrepairs.uk/Pype%20Hayes/boiler-servicing
https://www.birminghamboilerrepairs.uk/Pype%20Hayes/combination-boiler-repairs","404
404
404",3,,,0
20,https://www.birminghamboilerrepairs.uk/gravelly-hill/biasi-specialists,Gravelly Hill Biasi Specialists | Same Day Service | Fixed Price Quote,text/html; charset=utf-8,false,200,0,0,"https://www.birminghamboilerrepairs.uk/Gravelly%20Hill/boiler-repairs
https://www.birminghamboilerrepairs.uk/Gravelly%20Hill/boiler-servicing
https://www.birminghamboilerrepairs.uk/Gravelly%20Hill/gas-safety","404
404
404",3,,,0
20,https://www.birminghamboilerrepairs.uk/shenley-green/gas-safety,Shenley Green Gas Safety Inspections | Same Day Service | Fixed Price Quote,text/html; charset=utf-8,false,200,0,0,"https://www.birminghamboilerrepairs.uk/Shenley%20Green/boiler-repairs
https://www.birminghamboilerrepairs.uk/Shenley%20Green/boiler-servicing
https://www.birminghamboilerrepairs.uk/Shenley%20Green/combination-boiler-repairs","404
404
404",3,,,0
20,https://www.birminghamboilerrepairs.uk/tile-cross/viessmann-specialists,Tile Cross Viessmann Specialists | Same Day Service | Fixed Price Quote,text/html; charset=utf-8,false,200,0,0,"https://www.birminghamboilerrepairs.uk/Tile%20Cross/boiler-repairs
https://www.birminghamboilerrepairs.uk/Tile%20Cross/boiler-servicing
https://www.birminghamboilerrepairs.uk/Tile%20Cross/gas-safety","404
404
404",3,,,0
20,https://www.birminghamboilerrepairs.uk/buckland-end/ferroli-specialists,Buckland End Ferroli Specialists | Same Day Service | Fixed Price Quote,text/html; charset=utf-8,false,200,0,0,"https://www.birminghamboilerrepairs.uk/Buckland%20End/boiler-repairs
https://www.birminghamboilerrepairs.uk/Buckland%20End/boiler-servicing
https://www.birminghamboilerrepairs.uk/Buckland%20End/gas-safety","404
404
404",3,,,0
20,https://www.birminghamboilerrepairs.uk/west-heath/boiler-repairs,West Heath Boiler Repairs | Same Day Service | Fixed Price Quote,text/html; charset=utf-8,false,200,0,0,"https://www.birminghamboilerrepairs.uk/West%20Heath/boiler-servicing
https://www.birminghamboilerrepairs.uk/West%20Heath/combination-boiler-repairs
https://www.birminghamboilerrepairs.uk/West%20Heath/gas-safety","404
404
404",3,,,0
20,https://www.birminghamboilerrepairs.uk/astwood-bank/glowworm-specialists,Astwood Bank Glow-worm Specialists | Same Day Service | Fixed Price Quote,text/html; charset=utf-8,false,200,0,0,"https://www.birminghamboilerrepairs.uk/Astwood%20Bank/boiler-repairs
https://www.birminghamboilerrepairs.uk/Astwood%20Bank/boiler-servicing
https://www.birminghamboilerrepairs.uk/Astwood%20Bank/gas-safety","404
404
404",3,,,0
20,https://www.birminghamboilerrepairs.uk/perry-beeches/intergas-specialists,Perry Beeches Intergas Specialists | Same Day Service | Fixed Price Quote,text/html; charset=utf-8,false,200,0,0,"https://www.birminghamboilerrepairs.uk/Perry%20Beeches/boiler-repairs
https://www.birminghamboilerrepairs.uk/Perry%20Beeches/boiler-servicing
https://www.birminghamboilerrepairs.uk/Perry%20Beeches/gas-safety","404
404
404",3,,,0
20,https://www.birminghamboilerrepairs.uk/stockland-green/intergas-specialists,Stockland Green Intergas Specialists | Same Day Service | Fixed Price Quote,text/html; charset=utf-8,false,200,0,0,"https://www.birminghamboilerrepairs.uk/Stockland%20Green/boiler-repairs
https://www.birminghamboilerrepairs.uk/Stockland%20Green/boiler-servicing
https://www.birminghamboilerrepairs.uk/Stockland%20Green/gas-safety","404
404
404",3,,,0
20,https://www.birminghamboilerrepairs.uk/camp-hill/ariston-specialists,Camp Hill Ariston Specialists | Same Day Service | Fixed Price Quote,text/html; charset=utf-8,false,200,0,0,"https://www.birminghamboilerrepairs.uk/Camp%20Hill/boiler-repairs
https://www.birminghamboilerrepairs.uk/Camp%20Hill/boiler-servicing
https://www.birminghamboilerrepairs.uk/Camp%20Hill/gas-safety","404
404
404",3,,,0
20,https://www.birminghamboilerrepairs.uk/stockland-green/atag-specialists,Stockland Green Atag Specialists | Same Day Service | Fixed Price Quote,text/html; charset=utf-8,false,200,0,0,"https://www.birminghamboilerrepairs.uk/Stockland%20Green/boiler-repairs
https://www.birminghamboilerrepairs.uk/Stockland%20Green/boiler-servicing
https://www.birminghamboilerrepairs.uk/Stockland%20Green/gas-safety","404
404
404",3,,,0
20,https://www.birminghamboilerrepairs.uk/over-green/boiler-servicing,Over Green Boiler Servicing | Same Day Service | Fixed Price Quote,text/html; charset=utf-8,false,200,0,0,"https://www.birminghamboilerrepairs.uk/Over%20Green/boiler-repairs
https://www.birminghamboilerrepairs.uk/Over%20Green/combination-boiler-repairs
https://www.birminghamboilerrepairs.uk/Over%20Green/gas-safety","404
404
404",3,,,0
20,https://www.birminghamboilerrepairs.uk/hill-wood/combination-boiler-services,Hill Wood Combination Boiler Services | Same Day Service | Fixed Price Quote,text/html; charset=utf-8,false,200,0,0,"https://www.birminghamboilerrepairs.uk/Hill%20Wood/boiler-repairs
https://www.birminghamboilerrepairs.uk/Hill%20Wood/boiler-servicing
https://www.birminghamboilerrepairs.uk/Hill%20Wood/gas-safety","404
404
404",3,,,0
20,https://www.birminghamboilerrepairs.uk/tile-cross/boiler-servicing,Tile Cross Boiler Servicing | Same Day Service | Fixed Price Quote,text/html; charset=utf-8,false,200,0,0,"https://www.birminghamboilerrepairs.uk/Tile%20Cross/boiler-repairs
https://www.birminghamboilerrepairs.uk/Tile%20Cross/combination-boiler-repairs
https://www.birminghamboilerrepairs.uk/Tile%20Cross/gas-safety","404
404
404",3,,,0
20,https://www.birminghamboilerrepairs.uk/over-green/viessmann-specialists,Over Green Viessmann Specialists | Same Day Service | Fixed Price Quote,text/html; charset=utf-8,false,200,0,0,"https://www.birminghamboilerrepairs.uk/Over%20Green/boiler-repairs
https://www.birminghamboilerrepairs.uk/Over%20Green/boiler-servicing
https://www.birminghamboilerrepairs.uk/Over%20Green/gas-safety","404
404
404",3,,,0
20,https://www.birminghamboilerrepairs.uk/over-green/ferroli-specialists,Over Green Ferroli Specialists | Same Day Service | Fixed Price Quote,text/html; charset=utf-8,false,200,0,0,"https://www.birminghamboilerrepairs.uk/Over%20Green/boiler-repairs
https://www.birminghamboilerrepairs.uk/Over%20Green/boiler-servicing
https://www.birminghamboilerrepairs.uk/Over%20Green/gas-safety","404
404
404",3,,,0
20,https://www.birminghamboilerrepairs.uk/yardley-wood/vaillant-specialists,Yardley Wood Vaillant Specialists | Same Day Service | Fixed Price Quote,text/html; charset=utf-8,false,200,0,0,"https://www.birminghamboilerrepairs.uk/Yardley%20Wood/boiler-repairs
https://www.birminghamboilerrepairs.uk/Yardley%20Wood/boiler-servicing
https://www.birminghamboilerrepairs.uk/Yardley%20Wood/gas-safety","404
404
404",3,,,0
20,https://www.birminghamboilerrepairs.uk/rotton-park/vaillant-specialists,Rotton Park Vaillant Specialists | Same Day Service | Fixed Price Quote,text/html; charset=utf-8,false,200,0,0,"https://www.birminghamboilerrepairs.uk/Rotton%20Park/boiler-repairs
https://www.birminghamboilerrepairs.uk/Rotton%20Park/boiler-servicing
https://www.birminghamboilerrepairs.uk/Rotton%20Park/gas-safety","404
404
404",3,,,0
20,https://www.birminghamboilerrepairs.uk/grimstock-hill/gas-safety,Grimstock Hill Gas Safety Inspections | Same Day Service | Fixed Price Quote,text/html; charset=utf-8,false,200,0,0,"https://www.birminghamboilerrepairs.uk/Grimstock%20Hill/boiler-repairs
https://www.birminghamboilerrepairs.uk/Grimstock%20Hill/boiler-servicing
https://www.birminghamboilerrepairs.uk/Grimstock%20Hill/combination-boiler-repairs","404
404
404",3,,,0
20,https://www.birminghamboilerrepairs.uk/small-heath/gas-safety,Small Heath Gas Safety Inspections | Same Day Service | Fixed Price Quote,text/html; charset=utf-8,false,200,0,0,"https://www.birminghamboilerrepairs.uk/Small%20Heath/boiler-repairs
https://www.birminghamboilerrepairs.uk/Small%20Heath/boiler-servicing
https://www.birminghamboilerrepairs.uk/Small%20Heath/combination-boiler-repairs","404
404
404",3,,,0
20,https://www.birminghamboilerrepairs.uk/astwood-bank/heatline-specialists,Astwood Bank Heatline Specialists | Same Day Service | Fixed Price Quote,text/html; charset=utf-8,false,200,0,0,"https://www.birminghamboilerrepairs.uk/Astwood%20Bank/boiler-repairs
https://www.birminghamboilerrepairs.uk/Astwood%20Bank/boiler-servicing
https://www.birminghamboilerrepairs.uk/Astwood%20Bank/gas-safety","404
404
404",3,,,0
20,https://www.birminghamboilerrepairs.uk/chad-valley/heatline-specialists,Chad Valley Heatline Specialists | Same Day Service | Fixed Price Quote,text/html; charset=utf-8,false,200,0,0,"https://www.birminghamboilerrepairs.uk/Chad%20Valley/boiler-repairs
https://www.birminghamboilerrepairs.uk/Chad%20Valley/boiler-servicing
https://www.birminghamboilerrepairs.uk/Chad%20Valley/gas-safety","404
404
404",3,,,0
20,https://www.birminghamboilerrepairs.uk/west-heath/viessmann-specialists,West Heath Viessmann Specialists | Same Day Service | Fixed Price Quote,text/html; charset=utf-8,false,200,0,0,"https://www.birminghamboilerrepairs.uk/West%20Heath/boiler-repairs
https://www.birminghamboilerrepairs.uk/West%20Heath/boiler-servicing
https://www.birminghamboilerrepairs.uk/West%20Heath/gas-safety","404
404
404",3,,,0
20,https://www.birminghamboilerrepairs.uk/weoley-castle/combination-boiler-services,Weoley Castle Combination Boiler Services | Same Day Service | Fixed Price Quote,text/html; charset=utf-8,false,200,0,0,"https://www.birminghamboilerrepairs.uk/Weoley%20Castle/boiler-repairs
https://www.birminghamboilerrepairs.uk/Weoley%20Castle/boiler-servicing
https://www.birminghamboilerrepairs.uk/Weoley%20Castle/gas-safety","404
404
404",3,,,0
20,https://www.birminghamboilerrepairs.uk/west-midlands/main-boiler-specialists,West Midlands Main Specialists | Same Day Service | Fixed Price Quote,text/html; charset=utf-8,false,200,0,0,"https://www.birminghamboilerrepairs.uk/West%20Midlands/boiler-repairs
https://www.birminghamboilerrepairs.uk/West%20Midlands/boiler-servicing
https://www.birminghamboilerrepairs.uk/West%20Midlands/gas-safety","404
404
404",3,,,0
20,https://www.birminghamboilerrepairs.uk/hill-hook/gas-safety,Hill Hook Gas Safety Inspections | Same Day Service | Fixed Price Quote,text/html; charset=utf-8,false,200,0,0,"https://www.birminghamboilerrepairs.uk/Hill%20Hook/boiler-repairs
https://www.birminghamboilerrepairs.uk/Hill%20Hook/boiler-servicing
https://www.birminghamboilerrepairs.uk/Hill%20Hook/combination-boiler-repairs","404
404
404",3,,,0
20,https://www.birminghamboilerrepairs.uk/kings-heath/main-boiler-specialists,Kings Heath Main Specialists | Same Day Service | Fixed Price Quote,text/html; charset=utf-8,false,200,0,0,"https://www.birminghamboilerrepairs.uk/Kings%20Heath/boiler-repairs
https://www.birminghamboilerrepairs.uk/Kings%20Heath/boiler-servicing
https://www.birminghamboilerrepairs.uk/Kings%20Heath/gas-safety","404
404
404",3,,,0
20,https://www.birminghamboilerrepairs.uk/astwood-bank/viessmann-specialists,Astwood Bank Viessmann Specialists | Same Day Service | Fixed Price Quote,text/html; charset=utf-8,false,200,0,0,"https://www.birminghamboilerrepairs.uk/Astwood%20Bank/boiler-repairs
https://www.birminghamboilerrepairs.uk/Astwood%20Bank/boiler-servicing
https://www.birminghamboilerrepairs.uk/Astwood%20Bank/gas-safety","404
404
404",3,,,0
20,https://www.birminghamboilerrepairs.uk/gosta-green/combination-boiler-repairs,Gosta Green Combination Boiler Repairs | Same Day Service | Fixed Price Quote,text/html; charset=utf-8,false,200,0,0,"https://www.birminghamboilerrepairs.uk/Gosta%20Green/boiler-repairs
https://www.birminghamboilerrepairs.uk/Gosta%20Green/boiler-servicing
https://www.birminghamboilerrepairs.uk/Gosta%20Green/gas-safety","404
404
404",3,,,0
20,https://www.birminghamboilerrepairs.uk/brandwood-end/vaillant-specialists,Brandwood End Vaillant Specialists | Same Day Service | Fixed Price Quote,text/html; charset=utf-8,false,200,0,0,"https://www.birminghamboilerrepairs.uk/Brandwood%20End/boiler-repairs
https://www.birminghamboilerrepairs.uk/Brandwood%20End/boiler-servicing
https://www.birminghamboilerrepairs.uk/Brandwood%20End/gas-safety","404
404
404",3,,,0
20,https://www.birminghamboilerrepairs.uk/kings-heath/biasi-specialists,Kings Heath Biasi Specialists | Same Day Service | Fixed Price Quote,text/html; charset=utf-8,false,200,0,0,"https://www.birminghamboilerrepairs.uk/Kings%20Heath/boiler-repairs
https://www.birminghamboilerrepairs.uk/Kings%20Heath/boiler-servicing
https://www.birminghamboilerrepairs.uk/Kings%20Heath/gas-safety","404
404
404",3,,,0
20,https://www.birminghamboilerrepairs.uk/west-heath/combination-boiler-services,West Heath Combination Boiler Services | Same Day Service | Fixed Price Quote,text/html; charset=utf-8,false,200,0,0,"https://www.birminghamboilerrepairs.uk/West%20Heath/boiler-repairs
https://www.birminghamboilerrepairs.uk/West%20Heath/boiler-servicing
https://www.birminghamboilerrepairs.uk/West%20Heath/gas-safety","404
404
404",3,,,0
20,https://www.birminghamboilerrepairs.uk/over-green/vaillant-specialists,Over Green Vaillant Specialists | Same Day Service | Fixed Price Quote,text/html; charset=utf-8,false,200,0,0,"https://www.birminghamboilerrepairs.uk/Over%20Green/boiler-repairs
https://www.birminghamboilerrepairs.uk/Over%20Green/boiler-servicing
https://www.birminghamboilerrepairs.uk/Over%20Green/gas-safety","404
404
404",3,,,0
20,https://www.birminghamboilerrepairs.uk/short-heath/combination-boiler-services,Short Heath Combination Boiler Services | Same Day Service | Fixed Price Quote,text/html; charset=utf-8,false,200,0,0,"https://www.birminghamboilerrepairs.uk/Short%20Heath/boiler-repairs
https://www.birminghamboilerrepairs.uk/Short%20Heath/boiler-servicing
https://www.birminghamboilerrepairs.uk/Short%20Heath/gas-safety","404
404
404",3,,,0
20,https://www.birminghamboilerrepairs.uk/spring-vale/heatline-specialists,Spring Vale Heatline Specialists | Same Day Service | Fixed Price Quote,text/html; charset=utf-8,false,200,0,0,"https://www.birminghamboilerrepairs.uk/Spring%20Vale/boiler-repairs
https://www.birminghamboilerrepairs.uk/Spring%20Vale/boiler-servicing
https://www.birminghamboilerrepairs.uk/Spring%20Vale/gas-safety","404
404
404",3,,,0
20,https://www.birminghamboilerrepairs.uk/cofton-common/boiler-repairs,Cofton Common Boiler Repairs | Same Day Service | Fixed Price Quote,text/html; charset=utf-8,false,200,0,0,"https://www.birminghamboilerrepairs.uk/Cofton%20Common/boiler-servicing
https://www.birminghamboilerrepairs.uk/Cofton%20Common/combination-boiler-repairs
https://www.birminghamboilerrepairs.uk/Cofton%20Common/gas-safety","404
404
404",3,,,0
20,https://www.birminghamboilerrepairs.uk/west-bromwich/combination-boiler-services,West Bromwich Combination Boiler Services | Same Day Service | Fixed Price Quote,text/html; charset=utf-8,false,200,0,0,"https://www.birminghamboilerrepairs.uk/West%20Bromwich/boiler-repairs
https://www.birminghamboilerrepairs.uk/West%20Bromwich/boiler-servicing
https://www.birminghamboilerrepairs.uk/West%20Bromwich/gas-safety","404
404
404",3,,,0
20,https://www.birminghamboilerrepairs.uk/kings-norton/biasi-specialists,Kings Norton Biasi Specialists | Same Day Service | Fixed Price Quote,text/html; charset=utf-8,false,200,0,0,"https://www.birminghamboilerrepairs.uk/Kings%20Norton/boiler-repairs
https://www.birminghamboilerrepairs.uk/Kings%20Norton/boiler-servicing
https://www.birminghamboilerrepairs.uk/Kings%20Norton/gas-safety","404
404
404",3,,,0
20,https://www.birminghamboilerrepairs.uk/harts-green/combination-boiler-repairs,Harts Green Combination Boiler Repairs | Same Day Service | Fixed Price Quote,text/html; charset=utf-8,false,200,0,0,"https://www.birminghamboilerrepairs.uk/Harts%20Green/boiler-repairs
https://www.birminghamboilerrepairs.uk/Harts%20Green/boiler-servicing
https://www.birminghamboilerrepairs.uk/Harts%20Green/gas-safety","404
404
404",3,,,0
20,https://www.birminghamboilerrepairs.uk/west-bromwich/worcester-bosch-specialists,West Bromwich Worcester Bosch Specialists | Same Day Service | Fixed Price Quote,text/html; charset=utf-8,false,200,0,0,"https://www.birminghamboilerrepairs.uk/West%20Bromwich/boiler-repairs
https://www.birminghamboilerrepairs.uk/West%20Bromwich/boiler-servicing
https://www.birminghamboilerrepairs.uk/West%20Bromwich/gas-safety","404
404
404",3,,,0
20,https://www.birminghamboilerrepairs.uk/hall-green/baxi-specialists,Hall Green Baxi Specialists | Same Day Service | Fixed Price Quote,text/html; charset=utf-8,false,200,0,0,"https://www.birminghamboilerrepairs.uk/Hall%20Green/boiler-repairs
https://www.birminghamboilerrepairs.uk/Hall%20Green/boiler-servicing
https://www.birminghamboilerrepairs.uk/Hall%20Green/gas-safety","404
404
404",3,,,0
20,https://www.birminghamboilerrepairs.uk/astwood-bank/worcester-bosch-specialists,Astwood Bank Worcester Bosch Specialists | Same Day Service | Fixed Price Quote,text/html; charset=utf-8,false,200,0,0,"https://www.birminghamboilerrepairs.uk/Astwood%20Bank/boiler-repairs
https://www.birminghamboilerrepairs.uk/Astwood%20Bank/boiler-servicing
https://www.birminghamboilerrepairs.uk/Astwood%20Bank/gas-safety","404
404
404",3,,,0
20,https://www.birminghamboilerrepairs.uk/bordesley-green/heatline-specialists,Bordesley Green Heatline Specialists | Same Day Service | Fixed Price Quote,text/html; charset=utf-8,false,200,0,0,"https://www.birminghamboilerrepairs.uk/Bordesley%20Green/boiler-repairs
https://www.birminghamboilerrepairs.uk/Bordesley%20Green/boiler-servicing
https://www.birminghamboilerrepairs.uk/Bordesley%20Green/gas-safety","404
404
404",3,,,0
20,https://www.birminghamboilerrepairs.uk/glebe-farm/combination-boiler-repairs,Glebe Farm Combination Boiler Repairs | Same Day Service | Fixed Price Quote,text/html; charset=utf-8,false,200,0,0,"https://www.birminghamboilerrepairs.uk/Glebe%20Farm/boiler-repairs
https://www.birminghamboilerrepairs.uk/Glebe%20Farm/boiler-servicing
https://www.birminghamboilerrepairs.uk/Glebe%20Farm/gas-safety","404
404
404",3,,,0
20,https://www.birminghamboilerrepairs.uk/hall-green/boiler-servicing,Hall Green Boiler Servicing | Same Day Service | Fixed Price Quote,text/html; charset=utf-8,false,200,0,0,"https://www.birminghamboilerrepairs.uk/Hall%20Green/boiler-repairs
https://www.birminghamboilerrepairs.uk/Hall%20Green/combination-boiler-repairs
https://www.birminghamboilerrepairs.uk/Hall%20Green/gas-safety","404
404
404",3,,,0
20,https://www.birminghamboilerrepairs.uk/kings-heath/atag-specialists,Kings Heath Atag Specialists | Same Day Service | Fixed Price Quote,text/html; charset=utf-8,false,200,0,0,"https://www.birminghamboilerrepairs.uk/Kings%20Heath/boiler-repairs
https://www.birminghamboilerrepairs.uk/Kings%20Heath/boiler-servicing
https://www.birminghamboilerrepairs.uk/Kings%20Heath/gas-safety","404
404
404",3,,,0
20,https://www.birminghamboilerrepairs.uk/gib-heath/combination-boiler-services,Gib Heath Combination Boiler Services | Same Day Service | Fixed Price Quote,text/html; charset=utf-8,false,200,0,0,"https://www.birminghamboilerrepairs.uk/Gib%20Heath/boiler-repairs
https://www.birminghamboilerrepairs.uk/Gib%20Heath/boiler-servicing
https://www.birminghamboilerrepairs.uk/Gib%20Heath/gas-safety","404
404
404",3,,,0
20,https://www.birminghamboilerrepairs.uk/weoley-castle/viessmann-specialists,Weoley Castle Viessmann Specialists | Same Day Service | Fixed Price Quote,text/html; charset=utf-8,false,200,0,0,"https://www.birminghamboilerrepairs.uk/Weoley%20Castle/boiler-repairs
https://www.birminghamboilerrepairs.uk/Weoley%20Castle/boiler-servicing
https://www.birminghamboilerrepairs.uk/Weoley%20Castle/gas-safety","404
404
404",3,,,0
20,https://www.birminghamboilerrepairs.uk/thimble-end/main-boiler-specialists,Thimble End Main Specialists | Same Day Service | Fixed Price Quote,text/html; charset=utf-8,false,200,0,0,"https://www.birminghamboilerrepairs.uk/Thimble%20End/boiler-repairs
https://www.birminghamboilerrepairs.uk/Thimble%20End/boiler-servicing
https://www.birminghamboilerrepairs.uk/Thimble%20End/gas-safety","404
404
404",3,,,0
20,https://www.birminghamboilerrepairs.uk/birches-green/heatline-specialists,Birches Green Heatline Specialists | Same Day Service | Fixed Price Quote,text/html; charset=utf-8,false,200,0,0,"https://www.birminghamboilerrepairs.uk/Birches%20Green/boiler-repairs
https://www.birminghamboilerrepairs.uk/Birches%20Green/boiler-servicing
https://www.birminghamboilerrepairs.uk/Birches%20Green/gas-safety","404
404
404",3,,,0
20,https://www.birminghamboilerrepairs.uk/highters-heath/gas-safety,Highters Heath Gas Safety Inspections | Same Day Service | Fixed Price Quote,text/html; charset=utf-8,false,200,0,0,"https://www.birminghamboilerrepairs.uk/Highters%20Heath/boiler-repairs
https://www.birminghamboilerrepairs.uk/Highters%20Heath/boiler-servicing
https://www.birminghamboilerrepairs.uk/Highters%20Heath/combination-boiler-repairs","404
404
404",3,,,0
20,https://www.birminghamboilerrepairs.uk/south-woodgate/alpha-boiler-specialists,South Woodgate Alpha Specialists | Same Day Service | Fixed Price Quote,text/html; charset=utf-8,false,200,0,0,"https://www.birminghamboilerrepairs.uk/South%20Woodgate/boiler-repairs
https://www.birminghamboilerrepairs.uk/South%20Woodgate/boiler-servicing
https://www.birminghamboilerrepairs.uk/South%20Woodgate/gas-safety","404
404
404",3,,,0
20,https://www.birminghamboilerrepairs.uk/hill-wood/vaillant-specialists,Hill Wood Vaillant Specialists | Same Day Service | Fixed Price Quote,text/html; charset=utf-8,false,200,0,0,"https://www.birminghamboilerrepairs.uk/Hill%20Wood/boiler-repairs
https://www.birminghamboilerrepairs.uk/Hill%20Wood/boiler-servicing
https://www.birminghamboilerrepairs.uk/Hill%20Wood/gas-safety","404
404
404",3,,,0
20,https://www.birminghamboilerrepairs.uk/great-barr/boiler-repairs,Great Barr Boiler Repairs | Same Day Service | Fixed Price Quote,text/html; charset=utf-8,false,200,0,0,"https://www.birminghamboilerrepairs.uk/Great%20Barr/boiler-servicing
https://www.birminghamboilerrepairs.uk/Great%20Barr/combination-boiler-repairs
https://www.birminghamboilerrepairs.uk/Great%20Barr/gas-safety","404
404
404",3,,,0
20,https://www.birminghamboilerrepairs.uk/garretts-green/ideal-boilers-specialists,Garretts Green Ideal Boilers Specialists | Same Day Service | Fixed Price Quote,text/html; charset=utf-8,false,200,0,0,"https://www.birminghamboilerrepairs.uk/Garretts%20Green/boiler-repairs
https://www.birminghamboilerrepairs.uk/Garretts%20Green/boiler-servicing
https://www.birminghamboilerrepairs.uk/Garretts%20Green/gas-safety","404
404
404",3,,,0
20,https://www.birminghamboilerrepairs.uk/showell-green/vokera-specialists,Showell Green Vokera Specialists | Same Day Service | Fixed Price Quote,text/html; charset=utf-8,false,200,0,0,"https://www.birminghamboilerrepairs.uk/Showell%20Green/boiler-repairs
https://www.birminghamboilerrepairs.uk/Showell%20Green/boiler-servicing
https://www.birminghamboilerrepairs.uk/Showell%20Green/gas-safety","404
404
404",3,,,0
20,https://www.birminghamboilerrepairs.uk/rotton-park/main-boiler-specialists,Rotton Park Main Specialists | Same Day Service | Fixed Price Quote,text/html; charset=utf-8,false,200,0,0,"https://www.birminghamboilerrepairs.uk/Rotton%20Park/boiler-repairs
https://www.birminghamboilerrepairs.uk/Rotton%20Park/boiler-servicing
https://www.birminghamboilerrepairs.uk/Rotton%20Park/gas-safety","404
404
404",3,,,0
20,https://www.birminghamboilerrepairs.uk/high-heath/combination-boiler-repairs,High Heath Combination Boiler Repairs | Same Day Service | Fixed Price Quote,text/html; charset=utf-8,false,200,0,0,"https://www.birminghamboilerrepairs.uk/High%20Heath/boiler-repairs
https://www.birminghamboilerrepairs.uk/High%20Heath/boiler-servicing
https://www.birminghamboilerrepairs.uk/High%20Heath/gas-safety","404
404
404",3,,,0
20,https://www.birminghamboilerrepairs.uk/beech-lanes/ferroli-specialists,Beech Lanes Ferroli Specialists | Same Day Service | Fixed Price Quote,text/html; charset=utf-8,false,200,0,0,"https://www.birminghamboilerrepairs.uk/Beech%20Lanes/boiler-repairs
https://www.birminghamboilerrepairs.uk/Beech%20Lanes/boiler-servicing
https://www.birminghamboilerrepairs.uk/Beech%20Lanes/gas-safety","404
404
404",3,,,0
20,https://www.birminghamboilerrepairs.uk/sutton-coldfield/vokera-specialists,Sutton Coldfield Vokera Specialists | Same Day Service | Fixed Price Quote,text/html; charset=utf-8,false,200,0,0,"https://www.birminghamboilerrepairs.uk/Sutton%20Coldfield/boiler-repairs
https://www.birminghamboilerrepairs.uk/Sutton%20Coldfield/boiler-servicing
https://www.birminghamboilerrepairs.uk/Sutton%20Coldfield/gas-safety","404
404
404",3,,,0
20,https://www.birminghamboilerrepairs.uk/tile-cross/ariston-specialists,Tile Cross Ariston Specialists | Same Day Service | Fixed Price Quote,text/html; charset=utf-8,false,200,0,0,"https://www.birminghamboilerrepairs.uk/Tile%20Cross/boiler-repairs
https://www.birminghamboilerrepairs.uk/Tile%20Cross/boiler-servicing
https://www.birminghamboilerrepairs.uk/Tile%20Cross/gas-safety","404
404
404",3,,,0
20,https://www.birminghamboilerrepairs.uk/sutton-coldfield/vaillant-specialists,Sutton Coldfield Vaillant Specialists | Same Day Service | Fixed Price Quote,text/html; charset=utf-8,false,200,0,0,"https://www.birminghamboilerrepairs.uk/Sutton%20Coldfield/boiler-repairs
https://www.birminghamboilerrepairs.uk/Sutton%20Coldfield/boiler-servicing
https://www.birminghamboilerrepairs.uk/Sutton%20Coldfield/gas-safety","404
404
404",3,,,0
20,https://www.birminghamboilerrepairs.uk/over-green/atag-specialists,Over Green Atag Specialists | Same Day Service | Fixed Price Quote,text/html; charset=utf-8,false,200,0,0,"https://www.birminghamboilerrepairs.uk/Over%20Green/boiler-repairs
https://www.birminghamboilerrepairs.uk/Over%20Green/boiler-servicing
https://www.birminghamboilerrepairs.uk/Over%20Green/gas-safety","404
404
404",3,,,0
20,https://www.birminghamboilerrepairs.uk/tudor-hill/vokera-specialists,Tudor Hill Vokera Specialists | Same Day Service | Fixed Price Quote,text/html; charset=utf-8,false,200,0,0,"https://www.birminghamboilerrepairs.uk/Tudor%20Hill/boiler-repairs
https://www.birminghamboilerrepairs.uk/Tudor%20Hill/boiler-servicing
https://www.birminghamboilerrepairs.uk/Tudor%20Hill/gas-safety","404
404
404",3,,,0
20,https://www.birminghamboilerrepairs.uk/four-oaks/boiler-servicing,Four Oaks Boiler Servicing | Same Day Service | Fixed Price Quote,text/html; charset=utf-8,false,200,0,0,"https://www.birminghamboilerrepairs.uk/Four%20Oaks/boiler-repairs
https://www.birminghamboilerrepairs.uk/Four%20Oaks/combination-boiler-repairs
https://www.birminghamboilerrepairs.uk/Four%20Oaks/gas-safety","404
404
404",3,,,0
20,https://www.birminghamboilerrepairs.uk/sutton-coldfield/ariston-specialists,Sutton Coldfield Ariston Specialists | Same Day Service | Fixed Price Quote,text/html; charset=utf-8,false,200,0,0,"https://www.birminghamboilerrepairs.uk/Sutton%20Coldfield/boiler-repairs
https://www.birminghamboilerrepairs.uk/Sutton%20Coldfield/boiler-servicing
https://www.birminghamboilerrepairs.uk/Sutton%20Coldfield/gas-safety","404
404
404",3,,,0
20,https://www.birminghamboilerrepairs.uk/birches-green/boiler-servicing,Birches Green Boiler Servicing | Same Day Service | Fixed Price Quote,text/html; charset=utf-8,false,200,0,0,"https://www.birminghamboilerrepairs.uk/Birches%20Green/boiler-repairs
https://www.birminghamboilerrepairs.uk/Birches%20Green/combination-boiler-repairs
https://www.birminghamboilerrepairs.uk/Birches%20Green/gas-safety","404
404
404",3,,,0
20,https://www.birminghamboilerrepairs.uk/perry-barr/vaillant-specialists,Perry Barr Vaillant Specialists | Same Day Service | Fixed Price Quote,text/html; charset=utf-8,false,200,0,0,"https://www.birminghamboilerrepairs.uk/Perry%20Barr/boiler-repairs
https://www.birminghamboilerrepairs.uk/Perry%20Barr/boiler-servicing
https://www.birminghamboilerrepairs.uk/Perry%20Barr/gas-safety","404
404
404",3,,,0
20,https://www.birminghamboilerrepairs.uk/castle-vale/baxi-specialists,Castle Vale Baxi Specialists | Same Day Service | Fixed Price Quote,text/html; charset=utf-8,false,200,0,0,"https://www.birminghamboilerrepairs.uk/Castle%20Vale/boiler-repairs
https://www.birminghamboilerrepairs.uk/Castle%20Vale/boiler-servicing
https://www.birminghamboilerrepairs.uk/Castle%20Vale/gas-safety","404
404
404",3,,,0
20,https://www.birminghamboilerrepairs.uk/great-barr/vaillant-specialists,Great Barr Vaillant Specialists | Same Day Service | Fixed Price Quote,text/html; charset=utf-8,false,200,0,0,"https://www.birminghamboilerrepairs.uk/Great%20Barr/boiler-repairs
https://www.birminghamboilerrepairs.uk/Great%20Barr/boiler-servicing
https://www.birminghamboilerrepairs.uk/Great%20Barr/gas-safety","404
404
404",3,,,0
20,https://www.birminghamboilerrepairs.uk/buckland-end/vokera-specialists,Buckland End Vokera Specialists | Same Day Service | Fixed Price Quote,text/html; charset=utf-8,false,200,0,0,"https://www.birminghamboilerrepairs.uk/Buckland%20End/boiler-repairs
https://www.birminghamboilerrepairs.uk/Buckland%20End/boiler-servicing
https://www.birminghamboilerrepairs.uk/Buckland%20End/gas-safety","404
404
404",3,,,0
20,https://www.birminghamboilerrepairs.uk/over-green/main-boiler-specialists,Over Green Main Specialists | Same Day Service | Fixed Price Quote,text/html; charset=utf-8,false,200,0,0,"https://www.birminghamboilerrepairs.uk/Over%20Green/boiler-repairs
https://www.birminghamboilerrepairs.uk/Over%20Green/boiler-servicing
https://www.birminghamboilerrepairs.uk/Over%20Green/gas-safety","404
404
404",3,,,0
20,https://www.birminghamboilerrepairs.uk/ten-acres/combination-boiler-services,Ten Acres Combination Boiler Services | Same Day Service | Fixed Price Quote,text/html; charset=utf-8,false,200,0,0,"https://www.birminghamboilerrepairs.uk/Ten%20Acres/boiler-repairs
https://www.birminghamboilerrepairs.uk/Ten%20Acres/boiler-servicing
https://www.birminghamboilerrepairs.uk/Ten%20Acres/gas-safety","404
404
404",3,,,0
20,https://www.birminghamboilerrepairs.uk/hay-mills/ideal-boilers-specialists,Hay Mills Ideal Boilers Specialists | Same Day Service | Fixed Price Quote,text/html; charset=utf-8,false,200,0,0,"https://www.birminghamboilerrepairs.uk/Hay%20Mills/boiler-repairs
https://www.birminghamboilerrepairs.uk/Hay%20Mills/boiler-servicing
https://www.birminghamboilerrepairs.uk/Hay%20Mills/gas-safety","404
404
404",3,,,0
20,https://www.birminghamboilerrepairs.uk/selly-park/combination-boiler-services,Selly Park Combination Boiler Services | Same Day Service | Fixed Price Quote,text/html; charset=utf-8,false,200,0,0,"https://www.birminghamboilerrepairs.uk/Selly%20Park/boiler-repairs
https://www.birminghamboilerrepairs.uk/Selly%20Park/boiler-servicing
https://www.birminghamboilerrepairs.uk/Selly%20Park/gas-safety","404
404
404",3,,,0
20,https://www.birminghamboilerrepairs.uk/highters-heath/ideal-boilers-specialists,Highters Heath Ideal Boilers Specialists | Same Day Service | Fixed Price Quote,text/html; charset=utf-8,false,200,0,0,"https://www.birminghamboilerrepairs.uk/Highters%20Heath/boiler-repairs
https://www.birminghamboilerrepairs.uk/Highters%20Heath/boiler-servicing
https://www.birminghamboilerrepairs.uk/Highters%20Heath/gas-safety","404
404
404",3,,,0
20,https://www.birminghamboilerrepairs.uk/beech-lanes/combination-boiler-repairs,Beech Lanes Combination Boiler Repairs | Same Day Service | Fixed Price Quote,text/html; charset=utf-8,false,200,0,0,"https://www.birminghamboilerrepairs.uk/Beech%20Lanes/boiler-repairs
https://www.birminghamboilerrepairs.uk/Beech%20Lanes/boiler-servicing
https://www.birminghamboilerrepairs.uk/Beech%20Lanes/gas-safety","404
404
404",3,,,0
20,https://www.birminghamboilerrepairs.uk/west-bromwich/gas-safety,West Bromwich Gas Safety Inspections | Same Day Service | Fixed Price Quote,text/html; charset=utf-8,false,200,0,0,"https://www.birminghamboilerrepairs.uk/West%20Bromwich/boiler-repairs
https://www.birminghamboilerrepairs.uk/West%20Bromwich/boiler-servicing
https://www.birminghamboilerrepairs.uk/West%20Bromwich/combination-boiler-repairs","404
404
404",3,,,0
20,https://www.birminghamboilerrepairs.uk/hodge-hill/potterton-specialists,Hodge Hill Potterton Specialists | Same Day Service | Fixed Price Quote,text/html; charset=utf-8,false,200,0,0,"https://www.birminghamboilerrepairs.uk/Hodge%20Hill/boiler-repairs
https://www.birminghamboilerrepairs.uk/Hodge%20Hill/boiler-servicing
https://www.birminghamboilerrepairs.uk/Hodge%20Hill/gas-safety","404
404
404",3,,,0
20,https://www.birminghamboilerrepairs.uk/gravelly-hill/ideal-boilers-specialists,Gravelly Hill Ideal Boilers Specialists | Same Day Service | Fixed Price Quote,text/html; charset=utf-8,false,200,0,0,"https://www.birminghamboilerrepairs.uk/Gravelly%20Hill/boiler-repairs
https://www.birminghamboilerrepairs.uk/Gravelly%20Hill/boiler-servicing
https://www.birminghamboilerrepairs.uk/Gravelly%20Hill/gas-safety","404
404
404",3,,,0
20,https://www.birminghamboilerrepairs.uk/yardley-wood/potterton-specialists,Yardley Wood Potterton Specialists | Same Day Service | Fixed Price Quote,text/html; charset=utf-8,false,200,0,0,"https://www.birminghamboilerrepairs.uk/Yardley%20Wood/boiler-repairs
https://www.birminghamboilerrepairs.uk/Yardley%20Wood/boiler-servicing
https://www.birminghamboilerrepairs.uk/Yardley%20Wood/gas-safety","404
404
404",3,,,0
20,https://www.birminghamboilerrepairs.uk/stockland-green/main-boiler-specialists,Stockland Green Main Specialists | Same Day Service | Fixed Price Quote,text/html; charset=utf-8,false,200,0,0,"https://www.birminghamboilerrepairs.uk/Stockland%20Green/boiler-repairs
https://www.birminghamboilerrepairs.uk/Stockland%20Green/boiler-servicing
https://www.birminghamboilerrepairs.uk/Stockland%20Green/gas-safety","404
404
404",3,,,0
20,https://www.birminghamboilerrepairs.uk/handsworth-wood/boiler-repairs,Handsworth Wood Boiler Repairs | Same Day Service | Fixed Price Quote,text/html; charset=utf-8,false,200,0,0,"https://www.birminghamboilerrepairs.uk/Handsworth%20Wood/boiler-servicing
https://www.birminghamboilerrepairs.uk/Handsworth%20Wood/combination-boiler-repairs
https://www.birminghamboilerrepairs.uk/Handsworth%20Wood/gas-safety","404
404
404",3,,,0
20,https://www.birminghamboilerrepairs.uk/rowley-regis/main-boiler-specialists,Rowley Regis Main Specialists | Same Day Service | Fixed Price Quote,text/html; charset=utf-8,false,200,0,0,"https://www.birminghamboilerrepairs.uk/Rowley%20Regis/boiler-repairs
https://www.birminghamboilerrepairs.uk/Rowley%20Regis/boiler-servicing
https://www.birminghamboilerrepairs.uk/Rowley%20Regis/gas-safety","404
404
404",3,,,0
20,https://www.birminghamboilerrepairs.uk/rowney-green/combination-boiler-services,Rowney Green Combination Boiler Services | Same Day Service | Fixed Price Quote,text/html; charset=utf-8,false,200,0,0,"https://www.birminghamboilerrepairs.uk/Rowney%20Green/boiler-repairs
https://www.birminghamboilerrepairs.uk/Rowney%20Green/boiler-servicing
https://www.birminghamboilerrepairs.uk/Rowney%20Green/gas-safety","404
404
404",3,,,0
20,https://www.birminghamboilerrepairs.uk/fox-hollies/biasi-specialists,Fox Hollies Biasi Specialists | Same Day Service | Fixed Price Quote,text/html; charset=utf-8,false,200,0,0,"https://www.birminghamboilerrepairs.uk/Fox%20Hollies/boiler-repairs
https://www.birminghamboilerrepairs.uk/Fox%20Hollies/boiler-servicing
https://www.birminghamboilerrepairs.uk/Fox%20Hollies/gas-safety","404
404
404",3,,,0
20,https://www.birminghamboilerrepairs.uk/buckland-end/main-boiler-specialists,Buckland End Main Specialists | Same Day Service | Fixed Price Quote,text/html; charset=utf-8,false,200,0,0,"https://www.birminghamboilerrepairs.uk/Buckland%20End/boiler-repairs
https://www.birminghamboilerrepairs.uk/Buckland%20End/boiler-servicing
https://www.birminghamboilerrepairs.uk/Buckland%20End/gas-safety","404
404
404",3,,,0
20,https://www.birminghamboilerrepairs.uk/tower-hill/ideal-boilers-specialists,Tower Hill Ideal Boilers Specialists | Same Day Service | Fixed Price Quote,text/html; charset=utf-8,false,200,0,0,"https://www.birminghamboilerrepairs.uk/Tower%20Hill/boiler-repairs
https://www.birminghamboilerrepairs.uk/Tower%20Hill/boiler-servicing
https://www.birminghamboilerrepairs.uk/Tower%20Hill/gas-safety","404
404
404",3,,,0
20,https://www.birminghamboilerrepairs.uk/hill-wood/worcester-bosch-specialists,Hill Wood Worcester Bosch Specialists | Same Day Service | Fixed Price Quote,text/html; charset=utf-8,false,200,0,0,"https://www.birminghamboilerrepairs.uk/Hill%20Wood/boiler-repairs
https://www.birminghamboilerrepairs.uk/Hill%20Wood/boiler-servicing
https://www.birminghamboilerrepairs.uk/Hill%20Wood/gas-safety","404
404
404",3,,,0
20,https://www.birminghamboilerrepairs.uk/gravelly-hill/viessmann-specialists,Gravelly Hill Viessmann Specialists | Same Day Service | Fixed Price Quote,text/html; charset=utf-8,false,200,0,0,"https://www.birminghamboilerrepairs.uk/Gravelly%20Hill/boiler-repairs
https://www.birminghamboilerrepairs.uk/Gravelly%20Hill/boiler-servicing
https://www.birminghamboilerrepairs.uk/Gravelly%20Hill/gas-safety","404
404
404",3,,,0
20,https://www.birminghamboilerrepairs.uk/cradley-heath/boiler-repairs,Cradley Heath Boiler Repairs | Same Day Service | Fixed Price Quote,text/html; charset=utf-8,false,200,0,0,"https://www.birminghamboilerrepairs.uk/Cradley%20Heath/boiler-servicing
https://www.birminghamboilerrepairs.uk/Cradley%20Heath/combination-boiler-repairs
https://www.birminghamboilerrepairs.uk/Cradley%20Heath/gas-safety","404
404
404",3,,,0
20,https://www.birminghamboilerrepairs.uk/glebe-farm/alpha-boiler-specialists,Glebe Farm Alpha Specialists | Same Day Service | Fixed Price Quote,text/html; charset=utf-8,false,200,0,0,"https://www.birminghamboilerrepairs.uk/Glebe%20Farm/boiler-repairs
https://www.birminghamboilerrepairs.uk/Glebe%20Farm/boiler-servicing
https://www.birminghamboilerrepairs.uk/Glebe%20Farm/gas-safety","404
404
404",3,,,0
20,https://www.birminghamboilerrepairs.uk/bordesley-green/viessmann-specialists,Bordesley Green Viessmann Specialists | Same Day Service | Fixed Price Quote,text/html; charset=utf-8,false,200,0,0,"https://www.birminghamboilerrepairs.uk/Bordesley%20Green/boiler-repairs
https://www.birminghamboilerrepairs.uk/Bordesley%20Green/boiler-servicing
https://www.birminghamboilerrepairs.uk/Bordesley%20Green/gas-safety","404
404
404",3,,,0
20,https://www.birminghamboilerrepairs.uk/hodge-hill/boiler-servicing,Hodge Hill Boiler Servicing | Same Day Service | Fixed Price Quote,text/html; charset=utf-8,false,200,0,0,"https://www.birminghamboilerrepairs.uk/Hodge%20Hill/boiler-repairs
https://www.birminghamboilerrepairs.uk/Hodge%20Hill/combination-boiler-repairs
https://www.birminghamboilerrepairs.uk/Hodge%20Hill/gas-safety","404
404
404",3,,,0
20,https://www.birminghamboilerrepairs.uk/handsworth-wood/viessmann-specialists,Handsworth Wood Viessmann Specialists | Same Day Service | Fixed Price Quote,text/html; charset=utf-8,false,200,0,0,"https://www.birminghamboilerrepairs.uk/Handsworth%20Wood/boiler-repairs
https://www.birminghamboilerrepairs.uk/Handsworth%20Wood/boiler-servicing
https://www.birminghamboilerrepairs.uk/Handsworth%20Wood/gas-safety","404
404
404",3,,,0
20,https://www.birminghamboilerrepairs.uk/birches-green/baxi-specialists,Birches Green Baxi Specialists | Same Day Service | Fixed Price Quote,text/html; charset=utf-8,false,200,0,0,"https://www.birminghamboilerrepairs.uk/Birches%20Green/boiler-repairs
https://www.birminghamboilerrepairs.uk/Birches%20Green/boiler-servicing
https://www.birminghamboilerrepairs.uk/Birches%20Green/gas-safety","404
404
404",3,,,0
20,https://www.birminghamboilerrepairs.uk/west-bromwich/baxi-specialists,West Bromwich Baxi Specialists | Same Day Service | Fixed Price Quote,text/html; charset=utf-8,false,200,0,0,"https://www.birminghamboilerrepairs.uk/West%20Bromwich/boiler-repairs
https://www.birminghamboilerrepairs.uk/West%20Bromwich/boiler-servicing
https://www.birminghamboilerrepairs.uk/West%20Bromwich/gas-safety","404
404
404",3,,,0
20,https://www.birminghamboilerrepairs.uk/brandwood-end/potterton-specialists,Brandwood End Potterton Specialists | Same Day Service | Fixed Price Quote,text/html; charset=utf-8,false,200,0,0,"https://www.birminghamboilerrepairs.uk/Brandwood%20End/boiler-repairs
https://www.birminghamboilerrepairs.uk/Brandwood%20End/boiler-servicing
https://www.birminghamboilerrepairs.uk/Brandwood%20End/gas-safety","404
404
404",3,,,0
20,https://www.birminghamboilerrepairs.uk/stockland-green/gas-safety,Stockland Green Gas Safety Inspections | Same Day Service | Fixed Price Quote,text/html; charset=utf-8,false,200,0,0,"https://www.birminghamboilerrepairs.uk/Stockland%20Green/boiler-repairs
https://www.birminghamboilerrepairs.uk/Stockland%20Green/boiler-servicing
https://www.birminghamboilerrepairs.uk/Stockland%20Green/combination-boiler-repairs","404
404
404",3,,,0
20,https://www.birminghamboilerrepairs.uk/bordesley-green/vokera-specialists,Bordesley Green Vokera Specialists | Same Day Service | Fixed Price Quote,text/html; charset=utf-8,false,200,0,0,"https://www.birminghamboilerrepairs.uk/Bordesley%20Green/boiler-repairs
https://www.birminghamboilerrepairs.uk/Bordesley%20Green/boiler-servicing
https://www.birminghamboilerrepairs.uk/Bordesley%20Green/gas-safety","404
404
404",3,,,0
20,https://www.birminghamboilerrepairs.uk/gun-quarter/boiler-repairs,Gun Quarter Boiler Repairs | Same Day Service | Fixed Price Quote,text/html; charset=utf-8,false,200,0,0,"https://www.birminghamboilerrepairs.uk/Gun%20Quarter/boiler-servicing
https://www.birminghamboilerrepairs.uk/Gun%20Quarter/combination-boiler-repairs
https://www.birminghamboilerrepairs.uk/Gun%20Quarter/gas-safety","404
404
404",3,,,0
20,https://www.birminghamboilerrepairs.uk/kings-norton/viessmann-specialists,Kings Norton Viessmann Specialists | Same Day Service | Fixed Price Quote,text/html; charset=utf-8,false,200,0,0,"https://www.birminghamboilerrepairs.uk/Kings%20Norton/boiler-repairs
https://www.birminghamboilerrepairs.uk/Kings%20Norton/boiler-servicing
https://www.birminghamboilerrepairs.uk/Kings%20Norton/gas-safety","404
404
404",3,,,0
20,https://www.birminghamboilerrepairs.uk/aston-fields/heatline-specialists,Aston Fields Heatline Specialists | Same Day Service | Fixed Price Quote,text/html; charset=utf-8,false,200,0,0,"https://www.birminghamboilerrepairs.uk/Aston%20Fields/boiler-repairs
https://www.birminghamboilerrepairs.uk/Aston%20Fields/boiler-servicing
https://www.birminghamboilerrepairs.uk/Aston%20Fields/gas-safety","404
404
404",3,,,0
20,https://www.birminghamboilerrepairs.uk/beech-lanes/glowworm-specialists,Beech Lanes Glow-worm Specialists | Same Day Service | Fixed Price Quote,text/html; charset=utf-8,false,200,0,0,"https://www.birminghamboilerrepairs.uk/Beech%20Lanes/boiler-repairs
https://www.birminghamboilerrepairs.uk/Beech%20Lanes/boiler-servicing
https://www.birminghamboilerrepairs.uk/Beech%20Lanes/gas-safety","404
404
404",3,,,0
20,https://www.birminghamboilerrepairs.uk/glebe-farm/intergas-specialists,Glebe Farm Intergas Specialists | Same Day Service | Fixed Price Quote,text/html; charset=utf-8,false,200,0,0,"https://www.birminghamboilerrepairs.uk/Glebe%20Farm/boiler-repairs
https://www.birminghamboilerrepairs.uk/Glebe%20Farm/boiler-servicing
https://www.birminghamboilerrepairs.uk/Glebe%20Farm/gas-safety","404
404
404",3,,,0
20,https://www.birminghamboilerrepairs.uk/yardley-wood/alpha-boiler-specialists,Yardley Wood Alpha Specialists | Same Day Service | Fixed Price Quote,text/html; charset=utf-8,false,200,0,0,"https://www.birminghamboilerrepairs.uk/Yardley%20Wood/boiler-repairs
https://www.birminghamboilerrepairs.uk/Yardley%20Wood/boiler-servicing
https://www.birminghamboilerrepairs.uk/Yardley%20Wood/gas-safety","404
404
404",3,,,0
20,https://www.birminghamboilerrepairs.uk/harts-green/vokera-specialists,Harts Green Vokera Specialists | Same Day Service | Fixed Price Quote,text/html; charset=utf-8,false,200,0,0,"https://www.birminghamboilerrepairs.uk/Harts%20Green/boiler-repairs
https://www.birminghamboilerrepairs.uk/Harts%20Green/boiler-servicing
https://www.birminghamboilerrepairs.uk/Harts%20Green/gas-safety","404
404
404",3,,,0
20,https://www.birminghamboilerrepairs.uk/selly-oak/combination-boiler-repairs,Selly Oak Combination Boiler Repairs | Same Day Service | Fixed Price Quote,text/html; charset=utf-8,false,200,0,0,"https://www.birminghamboilerrepairs.uk/Selly%20Oak/boiler-repairs
https://www.birminghamboilerrepairs.uk/Selly%20Oak/boiler-servicing
https://www.birminghamboilerrepairs.uk/Selly%20Oak/gas-safety","404
404
404",3,,,0
20,https://www.birminghamboilerrepairs.uk/grimstock-hill/viessmann-specialists,Grimstock Hill Viessmann Specialists | Same Day Service | Fixed Price Quote,text/html; charset=utf-8,false,200,0,0,"https://www.birminghamboilerrepairs.uk/Grimstock%20Hill/boiler-repairs
https://www.birminghamboilerrepairs.uk/Grimstock%20Hill/boiler-servicing
https://www.birminghamboilerrepairs.uk/Grimstock%20Hill/gas-safety","404
404
404",3,,,0
20,https://www.birminghamboilerrepairs.uk/harts-green/baxi-specialists,Harts Green Baxi Specialists | Same Day Service | Fixed Price Quote,text/html; charset=utf-8,false,200,0,0,"https://www.birminghamboilerrepairs.uk/Harts%20Green/boiler-repairs
https://www.birminghamboilerrepairs.uk/Harts%20Green/boiler-servicing
https://www.birminghamboilerrepairs.uk/Harts%20Green/gas-safety","404
404
404",3,,,0
20,https://www.birminghamboilerrepairs.uk/over-green/combination-boiler-services,Over Green Combination Boiler Services | Same Day Service | Fixed Price Quote,text/html; charset=utf-8,false,200,0,0,"https://www.birminghamboilerrepairs.uk/Over%20Green/boiler-repairs
https://www.birminghamboilerrepairs.uk/Over%20Green/boiler-servicing
https://www.birminghamboilerrepairs.uk/Over%20Green/gas-safety","404
404
404",3,,,0
20,https://www.birminghamboilerrepairs.uk/rowney-green/vokera-specialists,Rowney Green Vokera Specialists | Same Day Service | Fixed Price Quote,text/html; charset=utf-8,false,200,0,0,"https://www.birminghamboilerrepairs.uk/Rowney%20Green/boiler-repairs
https://www.birminghamboilerrepairs.uk/Rowney%20Green/boiler-servicing
https://www.birminghamboilerrepairs.uk/Rowney%20Green/gas-safety","404
404
404",3,,,0
20,https://www.birminghamboilerrepairs.uk/small-heath/glowworm-specialists,Small Heath Glow-worm Specialists | Same Day Service | Fixed Price Quote,text/html; charset=utf-8,false,200,0,0,"https://www.birminghamboilerrepairs.uk/Small%20Heath/boiler-repairs
https://www.birminghamboilerrepairs.uk/Small%20Heath/boiler-servicing
https://www.birminghamboilerrepairs.uk/Small%20Heath/gas-safety","404
404
404",3,,,0
20,https://www.birminghamboilerrepairs.uk/hay-mills/intergas-specialists,Hay Mills Intergas Specialists | Same Day Service | Fixed Price Quote,text/html; charset=utf-8,false,200,0,0,"https://www.birminghamboilerrepairs.uk/Hay%20Mills/boiler-repairs
https://www.birminghamboilerrepairs.uk/Hay%20Mills/boiler-servicing
https://www.birminghamboilerrepairs.uk/Hay%20Mills/gas-safety","404
404
404",3,,,0
20,https://www.birminghamboilerrepairs.uk/selly-park/main-boiler-specialists,Selly Park Main Specialists | Same Day Service | Fixed Price Quote,text/html; charset=utf-8,false,200,0,0,"https://www.birminghamboilerrepairs.uk/Selly%20Park/boiler-repairs
https://www.birminghamboilerrepairs.uk/Selly%20Park/boiler-servicing
https://www.birminghamboilerrepairs.uk/Selly%20Park/gas-safety","404
404
404",3,,,0
20,https://www.birminghamboilerrepairs.uk/gospel-oak/vaillant-specialists,Gospel Oak Vaillant Specialists | Same Day Service | Fixed Price Quote,text/html; charset=utf-8,false,200,0,0,"https://www.birminghamboilerrepairs.uk/Gospel%20Oak/boiler-repairs
https://www.birminghamboilerrepairs.uk/Gospel%20Oak/boiler-servicing
https://www.birminghamboilerrepairs.uk/Gospel%20Oak/gas-safety","404
404
404",3,,,0
20,https://www.birminghamboilerrepairs.uk/west-bromwich/vokera-specialists,West Bromwich Vokera Specialists | Same Day Service | Fixed Price Quote,text/html; charset=utf-8,false,200,0,0,"https://www.birminghamboilerrepairs.uk/West%20Bromwich/boiler-repairs
https://www.birminghamboilerrepairs.uk/West%20Bromwich/boiler-servicing
https://www.birminghamboilerrepairs.uk/West%20Bromwich/gas-safety","404
404
404",3,,,0
20,https://www.birminghamboilerrepairs.uk/hay-mills/potterton-specialists,Hay Mills Potterton Specialists | Same Day Service | Fixed Price Quote,text/html; charset=utf-8,false,200,0,0,"https://www.birminghamboilerrepairs.uk/Hay%20Mills/boiler-repairs
https://www.birminghamboilerrepairs.uk/Hay%20Mills/boiler-servicing
https://www.birminghamboilerrepairs.uk/Hay%20Mills/gas-safety","404
404
404",3,,,0
20,https://www.birminghamboilerrepairs.uk/gun-quarter/combination-boiler-repairs,Gun Quarter Combination Boiler Repairs | Same Day Service | Fixed Price Quote,text/html; charset=utf-8,false,200,0,0,"https://www.birminghamboilerrepairs.uk/Gun%20Quarter/boiler-repairs
https://www.birminghamboilerrepairs.uk/Gun%20Quarter/boiler-servicing
https://www.birminghamboilerrepairs.uk/Gun%20Quarter/gas-safety","404
404
404",3,,,0
20,https://www.birminghamboilerrepairs.uk/cofton-common/viessmann-specialists,Cofton Common Viessmann Specialists | Same Day Service | Fixed Price Quote,text/html; charset=utf-8,false,200,0,0,"https://www.birminghamboilerrepairs.uk/Cofton%20Common/boiler-repairs
https://www.birminghamboilerrepairs.uk/Cofton%20Common/boiler-servicing
https://www.birminghamboilerrepairs.uk/Cofton%20Common/gas-safety","404
404
404",3,,,0
20,https://www.birminghamboilerrepairs.uk/cofton-common/combination-boiler-repairs,Cofton Common Combination Boiler Repairs | Same Day Service | Fixed Price Quote,text/html; charset=utf-8,false,200,0,0,"https://www.birminghamboilerrepairs.uk/Cofton%20Common/boiler-repairs
https://www.birminghamboilerrepairs.uk/Cofton%20Common/boiler-servicing
https://www.birminghamboilerrepairs.uk/Cofton%20Common/gas-safety","404
404
404",3,,,0
20,https://www.birminghamboilerrepairs.uk/aston-fields/viessmann-specialists,Aston Fields Viessmann Specialists | Same Day Service | Fixed Price Quote,text/html; charset=utf-8,false,200,0,0,"https://www.birminghamboilerrepairs.uk/Aston%20Fields/boiler-repairs
https://www.birminghamboilerrepairs.uk/Aston%20Fields/boiler-servicing
https://www.birminghamboilerrepairs.uk/Aston%20Fields/gas-safety","404
404
404",3,,,0
20,https://www.birminghamboilerrepairs.uk/hill-hook/ferroli-specialists,Hill Hook Ferroli Specialists | Same Day Service | Fixed Price Quote,text/html; charset=utf-8,false,200,0,0,"https://www.birminghamboilerrepairs.uk/Hill%20Hook/boiler-repairs
https://www.birminghamboilerrepairs.uk/Hill%20Hook/boiler-servicing
https://www.birminghamboilerrepairs.uk/Hill%20Hook/gas-safety","404
404
404",3,,,0
20,https://www.birminghamboilerrepairs.uk/gospel-oak/viessmann-specialists,Gospel Oak Viessmann Specialists | Same Day Service | Fixed Price Quote,text/html; charset=utf-8,false,200,0,0,"https://www.birminghamboilerrepairs.uk/Gospel%20Oak/boiler-repairs
https://www.birminghamboilerrepairs.uk/Gospel%20Oak/boiler-servicing
https://www.birminghamboilerrepairs.uk/Gospel%20Oak/gas-safety","404
404
404",3,,,0
20,https://www.birminghamboilerrepairs.uk/bordesley-green/combination-boiler-services,Bordesley Green Combination Boiler Services | Same Day Service | Fixed Price Quote,text/html; charset=utf-8,false,200,0,0,"https://www.birminghamboilerrepairs.uk/Bordesley%20Green/boiler-repairs
https://www.birminghamboilerrepairs.uk/Bordesley%20Green/boiler-servicing
https://www.birminghamboilerrepairs.uk/Bordesley%20Green/gas-safety","404
404
404",3,,,0
20,https://www.birminghamboilerrepairs.uk/chad-valley/alpha-boiler-specialists,Chad Valley Alpha Specialists | Same Day Service | Fixed Price Quote,text/html; charset=utf-8,false,200,0,0,"https://www.birminghamboilerrepairs.uk/Chad%20Valley/boiler-repairs
https://www.birminghamboilerrepairs.uk/Chad%20Valley/boiler-servicing
https://www.birminghamboilerrepairs.uk/Chad%20Valley/gas-safety","404
404
404",3,,,0
20,https://www.birminghamboilerrepairs.uk/astwood-bank/vokera-specialists,Astwood Bank Vokera Specialists | Same Day Service | Fixed Price Quote,text/html; charset=utf-8,false,200,0,0,"https://www.birminghamboilerrepairs.uk/Astwood%20Bank/boiler-repairs
https://www.birminghamboilerrepairs.uk/Astwood%20Bank/boiler-servicing
https://www.birminghamboilerrepairs.uk/Astwood%20Bank/gas-safety","404
404
404",3,,,0
20,https://www.birminghamboilerrepairs.uk/old-oscott/main-boiler-specialists,Old Oscott Main Specialists | Same Day Service | Fixed Price Quote,text/html; charset=utf-8,false,200,0,0,"https://www.birminghamboilerrepairs.uk/Old%20Oscott/boiler-repairs
https://www.birminghamboilerrepairs.uk/Old%20Oscott/boiler-servicing
https://www.birminghamboilerrepairs.uk/Old%20Oscott/gas-safety","404
404
404",3,,,0
20,https://www.birminghamboilerrepairs.uk/grimstock-hill/baxi-specialists,Grimstock Hill Baxi Specialists | Same Day Service | Fixed Price Quote,text/html; charset=utf-8,false,200,0,0,"https://www.birminghamboilerrepairs.uk/Grimstock%20Hill/boiler-repairs
https://www.birminghamboilerrepairs.uk/Grimstock%20Hill/boiler-servicing
https://www.birminghamboilerrepairs.uk/Grimstock%20Hill/gas-safety","404
404
404",3,,,0
20,https://www.birminghamboilerrepairs.uk/gosta-green/atag-specialists,Gosta Green Atag Specialists | Same Day Service | Fixed Price Quote,text/html; charset=utf-8,false,200,0,0,"https://www.birminghamboilerrepairs.uk/Gosta%20Green/boiler-repairs
https://www.birminghamboilerrepairs.uk/Gosta%20Green/boiler-servicing
https://www.birminghamboilerrepairs.uk/Gosta%20Green/gas-safety","404
404
404",3,,,0
20,https://www.birminghamboilerrepairs.uk/rowney-green/intergas-specialists,Rowney Green Intergas Specialists | Same Day Service | Fixed Price Quote,text/html; charset=utf-8,false,200,0,0,"https://www.birminghamboilerrepairs.uk/Rowney%20Green/boiler-repairs
https://www.birminghamboilerrepairs.uk/Rowney%20Green/boiler-servicing
https://www.birminghamboilerrepairs.uk/Rowney%20Green/gas-safety","404
404
404",3,,,0
20,https://www.birminghamboilerrepairs.uk/short-heath/alpha-boiler-specialists,Short Heath Alpha Specialists | Same Day Service | Fixed Price Quote,text/html; charset=utf-8,false,200,0,0,"https://www.birminghamboilerrepairs.uk/Short%20Heath/boiler-repairs
https://www.birminghamboilerrepairs.uk/Short%20Heath/boiler-servicing
https://www.birminghamboilerrepairs.uk/Short%20Heath/gas-safety","404
404
404",3,,,0
20,https://www.birminghamboilerrepairs.uk/gravelly-hill/potterton-specialists,Gravelly Hill Potterton Specialists | Same Day Service | Fixed Price Quote,text/html; charset=utf-8,false,200,0,0,"https://www.birminghamboilerrepairs.uk/Gravelly%20Hill/boiler-repairs
https://www.birminghamboilerrepairs.uk/Gravelly%20Hill/boiler-servicing
https://www.birminghamboilerrepairs.uk/Gravelly%20Hill/gas-safety","404
404
404",3,,,0
20,https://www.birminghamboilerrepairs.uk/chad-valley/main-boiler-specialists,Chad Valley Main Specialists | Same Day Service | Fixed Price Quote,text/html; charset=utf-8,false,200,0,0,"https://www.birminghamboilerrepairs.uk/Chad%20Valley/boiler-repairs
https://www.birminghamboilerrepairs.uk/Chad%20Valley/boiler-servicing
https://www.birminghamboilerrepairs.uk/Chad%20Valley/gas-safety","404
404
404",3,,,0
20,https://www.birminghamboilerrepairs.uk/hay-mills/vaillant-specialists,Hay Mills Vaillant Specialists | Same Day Service | Fixed Price Quote,text/html; charset=utf-8,false,200,0,0,"https://www.birminghamboilerrepairs.uk/Hay%20Mills/boiler-repairs
https://www.birminghamboilerrepairs.uk/Hay%20Mills/boiler-servicing
https://www.birminghamboilerrepairs.uk/Hay%20Mills/gas-safety","404
404
404",3,,,0
20,https://www.birminghamboilerrepairs.uk/reddicap-heath/vaillant-specialists,Reddicap Heath Vaillant Specialists | Same Day Service | Fixed Price Quote,text/html; charset=utf-8,false,200,0,0,"https://www.birminghamboilerrepairs.uk/Reddicap%20Heath/boiler-repairs
https://www.birminghamboilerrepairs.uk/Reddicap%20Heath/boiler-servicing
https://www.birminghamboilerrepairs.uk/Reddicap%20Heath/gas-safety","404
404
404",3,,,0
20,https://www.birminghamboilerrepairs.uk/glebe-farm/heatline-specialists,Glebe Farm Heatline Specialists | Same Day Service | Fixed Price Quote,text/html; charset=utf-8,false,200,0,0,"https://www.birminghamboilerrepairs.uk/Glebe%20Farm/boiler-repairs
https://www.birminghamboilerrepairs.uk/Glebe%20Farm/boiler-servicing
https://www.birminghamboilerrepairs.uk/Glebe%20Farm/gas-safety","404
404
404",3,,,0
20,https://www.birminghamboilerrepairs.uk/weoley-castle/glowworm-specialists,Weoley Castle Glow-worm Specialists | Same Day Service | Fixed Price Quote,text/html; charset=utf-8,false,200,0,0,"https://www.birminghamboilerrepairs.uk/Weoley%20Castle/boiler-repairs
https://www.birminghamboilerrepairs.uk/Weoley%20Castle/boiler-servicing
https://www.birminghamboilerrepairs.uk/Weoley%20Castle/gas-safety","404
404
404",3,,,0
20,https://www.birminghamboilerrepairs.uk/handsworth-wood/alpha-boiler-specialists,Handsworth Wood Alpha Specialists | Same Day Service | Fixed Price Quote,text/html; charset=utf-8,false,200,0,0,"https://www.birminghamboilerrepairs.uk/Handsworth%20Wood/boiler-repairs
https://www.birminghamboilerrepairs.uk/Handsworth%20Wood/boiler-servicing
https://www.birminghamboilerrepairs.uk/Handsworth%20Wood/gas-safety","404
404
404",3,,,0
20,https://www.birminghamboilerrepairs.uk/shard-end/gas-safety,Shard End Gas Safety Inspections | Same Day Service | Fixed Price Quote,text/html; charset=utf-8,false,200,0,0,"https://www.birminghamboilerrepairs.uk/Shard%20End/boiler-repairs
https://www.birminghamboilerrepairs.uk/Shard%20End/boiler-servicing
https://www.birminghamboilerrepairs.uk/Shard%20End/combination-boiler-repairs","404
404
404",3,,,0
20,https://www.birminghamboilerrepairs.uk/rowley-regis/vaillant-specialists,Rowley Regis Vaillant Specialists | Same Day Service | Fixed Price Quote,text/html; charset=utf-8,false,200,0,0,"https://www.birminghamboilerrepairs.uk/Rowley%20Regis/boiler-repairs
https://www.birminghamboilerrepairs.uk/Rowley%20Regis/boiler-servicing
https://www.birminghamboilerrepairs.uk/Rowley%20Regis/gas-safety","404
404
404",3,,,0
20,https://www.birminghamboilerrepairs.uk/shard-end/ferroli-specialists,Shard End Ferroli Specialists | Same Day Service | Fixed Price Quote,text/html; charset=utf-8,false,200,0,0,"https://www.birminghamboilerrepairs.uk/Shard%20End/boiler-repairs
https://www.birminghamboilerrepairs.uk/Shard%20End/boiler-servicing
https://www.birminghamboilerrepairs.uk/Shard%20End/gas-safety","404
404
404",3,,,0
20,https://www.birminghamboilerrepairs.uk/weoley-castle/combination-boiler-repairs,Weoley Castle Combination Boiler Repairs | Same Day Service | Fixed Price Quote,text/html; charset=utf-8,false,200,0,0,"https://www.birminghamboilerrepairs.uk/Weoley%20Castle/boiler-repairs
https://www.birminghamboilerrepairs.uk/Weoley%20Castle/boiler-servicing
https://www.birminghamboilerrepairs.uk/Weoley%20Castle/gas-safety","404
404
404",3,,,0
20,https://www.birminghamboilerrepairs.uk/beech-lanes/potterton-specialists,Beech Lanes Potterton Specialists | Same Day Service | Fixed Price Quote,text/html; charset=utf-8,false,200,0,0,"https://www.birminghamboilerrepairs.uk/Beech%20Lanes/boiler-repairs
https://www.birminghamboilerrepairs.uk/Beech%20Lanes/boiler-servicing
https://www.birminghamboilerrepairs.uk/Beech%20Lanes/gas-safety","404
404
404",3,,,0
20,https://www.birminghamboilerrepairs.uk/west-midlands/boiler-servicing,West Midlands Boiler Servicing | Same Day Service | Fixed Price Quote,text/html; charset=utf-8,false,200,0,0,"https://www.birminghamboilerrepairs.uk/West%20Midlands/boiler-repairs
https://www.birminghamboilerrepairs.uk/West%20Midlands/combination-boiler-repairs
https://www.birminghamboilerrepairs.uk/West%20Midlands/gas-safety","404
404
404",3,,,0
20,https://www.birminghamboilerrepairs.uk/tile-cross/combination-boiler-repairs,Tile Cross Combination Boiler Repairs | Same Day Service | Fixed Price Quote,text/html; charset=utf-8,false,200,0,0,"https://www.birminghamboilerrepairs.uk/Tile%20Cross/boiler-repairs
https://www.birminghamboilerrepairs.uk/Tile%20Cross/boiler-servicing
https://www.birminghamboilerrepairs.uk/Tile%20Cross/gas-safety","404
404
404",3,,,0
20,https://www.birminghamboilerrepairs.uk/browns-green/intergas-specialists,Browns Green Intergas Specialists | Same Day Service | Fixed Price Quote,text/html; charset=utf-8,false,200,0,0,"https://www.birminghamboilerrepairs.uk/Browns%20Green/boiler-repairs
https://www.birminghamboilerrepairs.uk/Browns%20Green/boiler-servicing
https://www.birminghamboilerrepairs.uk/Browns%20Green/gas-safety","404
404
404",3,,,0
20,https://www.birminghamboilerrepairs.uk/buckland-end/viessmann-specialists,Buckland End Viessmann Specialists | Same Day Service | Fixed Price Quote,text/html; charset=utf-8,false,200,0,0,"https://www.birminghamboilerrepairs.uk/Buckland%20End/boiler-repairs
https://www.birminghamboilerrepairs.uk/Buckland%20End/boiler-servicing
https://www.birminghamboilerrepairs.uk/Buckland%20End/gas-safety","404
404
404",3,,,0
20,https://www.birminghamboilerrepairs.uk/perry-beeches/boiler-repairs,Perry Beeches Boiler Repairs | Same Day Service | Fixed Price Quote,text/html; charset=utf-8,false,200,0,0,"https://www.birminghamboilerrepairs.uk/Perry%20Beeches/boiler-servicing
https://www.birminghamboilerrepairs.uk/Perry%20Beeches/combination-boiler-repairs
https://www.birminghamboilerrepairs.uk/Perry%20Beeches/gas-safety","404
404
404",3,,,0
20,https://www.birminghamboilerrepairs.uk/hill-hook/worcester-bosch-specialists,Hill Hook Worcester Bosch Specialists | Same Day Service | Fixed Price Quote,text/html; charset=utf-8,false,200,0,0,"https://www.birminghamboilerrepairs.uk/Hill%20Hook/boiler-repairs
https://www.birminghamboilerrepairs.uk/Hill%20Hook/boiler-servicing
https://www.birminghamboilerrepairs.uk/Hill%20Hook/gas-safety","404
404
404",3,,,0
20,https://www.birminghamboilerrepairs.uk/yardley-wood/boiler-servicing,Yardley Wood Boiler Servicing | Same Day Service | Fixed Price Quote,text/html; charset=utf-8,false,200,0,0,"https://www.birminghamboilerrepairs.uk/Yardley%20Wood/boiler-repairs
https://www.birminghamboilerrepairs.uk/Yardley%20Wood/combination-boiler-repairs
https://www.birminghamboilerrepairs.uk/Yardley%20Wood/gas-safety","404
404
404",3,,,0
20,https://www.birminghamboilerrepairs.uk/thimble-end/vokera-specialists,Thimble End Vokera Specialists | Same Day Service | Fixed Price Quote,text/html; charset=utf-8,false,200,0,0,"https://www.birminghamboilerrepairs.uk/Thimble%20End/boiler-repairs
https://www.birminghamboilerrepairs.uk/Thimble%20End/boiler-servicing
https://www.birminghamboilerrepairs.uk/Thimble%20End/gas-safety","404
404
404",3,,,0
20,https://www.birminghamboilerrepairs.uk/hodge-hill/atag-specialists,Hodge Hill Atag Specialists | Same Day Service | Fixed Price Quote,text/html; charset=utf-8,false,200,0,0,"https://www.birminghamboilerrepairs.uk/Hodge%20Hill/boiler-repairs
https://www.birminghamboilerrepairs.uk/Hodge%20Hill/boiler-servicing
https://www.birminghamboilerrepairs.uk/Hodge%20Hill/gas-safety","404
404
404",3,,,0
20,https://www.birminghamboilerrepairs.uk/over-green/heatline-specialists,Over Green Heatline Specialists | Same Day Service | Fixed Price Quote,text/html; charset=utf-8,false,200,0,0,"https://www.birminghamboilerrepairs.uk/Over%20Green/boiler-repairs
https://www.birminghamboilerrepairs.uk/Over%20Green/boiler-servicing
https://www.birminghamboilerrepairs.uk/Over%20Green/gas-safety","404
404
404",3,,,0
20,https://www.birminghamboilerrepairs.uk/spring-vale/vokera-specialists,Spring Vale Vokera Specialists | Same Day Service | Fixed Price Quote,text/html; charset=utf-8,false,200,0,0,"https://www.birminghamboilerrepairs.uk/Spring%20Vale/boiler-repairs
https://www.birminghamboilerrepairs.uk/Spring%20Vale/boiler-servicing
https://www.birminghamboilerrepairs.uk/Spring%20Vale/gas-safety","404
404
404",3,,,0
20,https://www.birminghamboilerrepairs.uk/tile-cross/ideal-boilers-specialists,Tile Cross Ideal Boilers Specialists | Same Day Service | Fixed Price Quote,text/html; charset=utf-8,false,200,0,0,"https://www.birminghamboilerrepairs.uk/Tile%20Cross/boiler-repairs
https://www.birminghamboilerrepairs.uk/Tile%20Cross/boiler-servicing
https://www.birminghamboilerrepairs.uk/Tile%20Cross/gas-safety","404
404
404",3,,,0
20,https://www.birminghamboilerrepairs.uk/hill-wood/viessmann-specialists,Hill Wood Viessmann Specialists | Same Day Service | Fixed Price Quote,text/html; charset=utf-8,false,200,0,0,"https://www.birminghamboilerrepairs.uk/Hill%20Wood/boiler-repairs
https://www.birminghamboilerrepairs.uk/Hill%20Wood/boiler-servicing
https://www.birminghamboilerrepairs.uk/Hill%20Wood/gas-safety","404
404
404",3,,,0
20,https://www.birminghamboilerrepairs.uk/astwood-bank/baxi-specialists,Astwood Bank Baxi Specialists | Same Day Service | Fixed Price Quote,text/html; charset=utf-8,false,200,0,0,"https://www.birminghamboilerrepairs.uk/Astwood%20Bank/boiler-repairs
https://www.birminghamboilerrepairs.uk/Astwood%20Bank/boiler-servicing
https://www.birminghamboilerrepairs.uk/Astwood%20Bank/gas-safety","404
404
404",3,,,0
20,https://www.birminghamboilerrepairs.uk/rotton-park/ideal-boilers-specialists,Rotton Park Ideal Boilers Specialists | Same Day Service | Fixed Price Quote,text/html; charset=utf-8,false,200,0,0,"https://www.birminghamboilerrepairs.uk/Rotton%20Park/boiler-repairs
https://www.birminghamboilerrepairs.uk/Rotton%20Park/boiler-servicing
https://www.birminghamboilerrepairs.uk/Rotton%20Park/gas-safety","404
404
404",3,,,0
20,https://www.birminghamboilerrepairs.uk/handsworth-wood/combination-boiler-services,Handsworth Wood Combination Boiler Services | Same Day Service | Fixed Price Quote,text/html; charset=utf-8,false,200,0,0,"https://www.birminghamboilerrepairs.uk/Handsworth%20Wood/boiler-repairs
https://www.birminghamboilerrepairs.uk/Handsworth%20Wood/boiler-servicing
https://www.birminghamboilerrepairs.uk/Handsworth%20Wood/gas-safety","404
404
404",3,,,0
20,https://www.birminghamboilerrepairs.uk/fox-hollies/worcester-bosch-specialists,Fox Hollies Worcester Bosch Specialists | Same Day Service | Fixed Price Quote,text/html; charset=utf-8,false,200,0,0,"https://www.birminghamboilerrepairs.uk/Fox%20Hollies/boiler-repairs
https://www.birminghamboilerrepairs.uk/Fox%20Hollies/boiler-servicing
https://www.birminghamboilerrepairs.uk/Fox%20Hollies/gas-safety","404
404
404",3,,,0
20,https://www.birminghamboilerrepairs.uk/browns-green/ferroli-specialists,Browns Green Ferroli Specialists | Same Day Service | Fixed Price Quote,text/html; charset=utf-8,false,200,0,0,"https://www.birminghamboilerrepairs.uk/Browns%20Green/boiler-repairs
https://www.birminghamboilerrepairs.uk/Browns%20Green/boiler-servicing
https://www.birminghamboilerrepairs.uk/Browns%20Green/gas-safety","404
404
404",3,,,0
20,https://www.birminghamboilerrepairs.uk/rowley-regis/alpha-boiler-specialists,Rowley Regis Alpha Specialists | Same Day Service | Fixed Price Quote,text/html; charset=utf-8,false,200,0,0,"https://www.birminghamboilerrepairs.uk/Rowley%20Regis/boiler-repairs
https://www.birminghamboilerrepairs.uk/Rowley%20Regis/boiler-servicing
https://www.birminghamboilerrepairs.uk/Rowley%20Regis/gas-safety","404
404
404",3,,,0
20,https://www.birminghamboilerrepairs.uk/great-barr/vokera-specialists,Great Barr Vokera Specialists | Same Day Service | Fixed Price Quote,text/html; charset=utf-8,false,200,0,0,"https://www.birminghamboilerrepairs.uk/Great%20Barr/boiler-repairs
https://www.birminghamboilerrepairs.uk/Great%20Barr/boiler-servicing
https://www.birminghamboilerrepairs.uk/Great%20Barr/gas-safety","404
404
404",3,,,0
20,https://www.birminghamboilerrepairs.uk/perry-common/potterton-specialists,Perry Common Potterton Specialists | Same Day Service | Fixed Price Quote,text/html; charset=utf-8,false,200,0,0,"https://www.birminghamboilerrepairs.uk/Perry%20Common/boiler-repairs
https://www.birminghamboilerrepairs.uk/Perry%20Common/boiler-servicing
https://www.birminghamboilerrepairs.uk/Perry%20Common/gas-safety","404
404
404",3,,,0
20,https://www.birminghamboilerrepairs.uk/west-bromwich/boiler-servicing,West Bromwich Boiler Servicing | Same Day Service | Fixed Price Quote,text/html; charset=utf-8,false,200,0,0,"https://www.birminghamboilerrepairs.uk/West%20Bromwich/boiler-repairs
https://www.birminghamboilerrepairs.uk/West%20Bromwich/combination-boiler-repairs
https://www.birminghamboilerrepairs.uk/West%20Bromwich/gas-safety","404
404
404",3,,,0
20,https://www.birminghamboilerrepairs.uk/sutton-coldfield/viessmann-specialists,Sutton Coldfield Viessmann Specialists | Same Day Service | Fixed Price Quote,text/html; charset=utf-8,false,200,0,0,"https://www.birminghamboilerrepairs.uk/Sutton%20Coldfield/boiler-repairs
https://www.birminghamboilerrepairs.uk/Sutton%20Coldfield/boiler-servicing
https://www.birminghamboilerrepairs.uk/Sutton%20Coldfield/gas-safety","404
404
404",3,,,0
20,https://www.birminghamboilerrepairs.uk/selly-oak/ariston-specialists,Selly Oak Ariston Specialists | Same Day Service | Fixed Price Quote,text/html; charset=utf-8,false,200,0,0,"https://www.birminghamboilerrepairs.uk/Selly%20Oak/boiler-repairs
https://www.birminghamboilerrepairs.uk/Selly%20Oak/boiler-servicing
https://www.birminghamboilerrepairs.uk/Selly%20Oak/gas-safety","404
404
404",3,,,0
20,https://www.birminghamboilerrepairs.uk/hay-mills/ariston-specialists,Hay Mills Ariston Specialists | Same Day Service | Fixed Price Quote,text/html; charset=utf-8,false,200,0,0,"https://www.birminghamboilerrepairs.uk/Hay%20Mills/boiler-repairs
https://www.birminghamboilerrepairs.uk/Hay%20Mills/boiler-servicing
https://www.birminghamboilerrepairs.uk/Hay%20Mills/gas-safety","404
404
404",3,,,0
20,https://www.birminghamboilerrepairs.uk/buckland-end/biasi-specialists,Buckland End Biasi Specialists | Same Day Service | Fixed Price Quote,text/html; charset=utf-8,false,200,0,0,"https://www.birminghamboilerrepairs.uk/Buckland%20End/boiler-repairs
https://www.birminghamboilerrepairs.uk/Buckland%20End/boiler-servicing
https://www.birminghamboilerrepairs.uk/Buckland%20End/gas-safety","404
404
404",3,,,0
20,https://www.birminghamboilerrepairs.uk/buckland-end/ideal-boilers-specialists,Buckland End Ideal Boilers Specialists | Same Day Service | Fixed Price Quote,text/html; charset=utf-8,false,200,0,0,"https://www.birminghamboilerrepairs.uk/Buckland%20End/boiler-repairs
https://www.birminghamboilerrepairs.uk/Buckland%20End/boiler-servicing
https://www.birminghamboilerrepairs.uk/Buckland%20End/gas-safety","404
404
404",3,,,0
20,https://www.birminghamboilerrepairs.uk/perry-common/boiler-servicing,Perry Common Boiler Servicing | Same Day Service | Fixed Price Quote,text/html; charset=utf-8,false,200,0,0,"https://www.birminghamboilerrepairs.uk/Perry%20Common/boiler-repairs
https://www.birminghamboilerrepairs.uk/Perry%20Common/combination-boiler-repairs
https://www.birminghamboilerrepairs.uk/Perry%20Common/gas-safety","404
404
404",3,,,0
20,https://www.birminghamboilerrepairs.uk/tower-hill/atag-specialists,Tower Hill Atag Specialists | Same Day Service | Fixed Price Quote,text/html; charset=utf-8,false,200,0,0,"https://www.birminghamboilerrepairs.uk/Tower%20Hill/boiler-repairs
https://www.birminghamboilerrepairs.uk/Tower%20Hill/boiler-servicing
https://www.birminghamboilerrepairs.uk/Tower%20Hill/gas-safety","404
404
404",3,,,0
20,https://www.birminghamboilerrepairs.uk/west-bromwich/ariston-specialists,West Bromwich Ariston Specialists | Same Day Service | Fixed Price Quote,text/html; charset=utf-8,false,200,0,0,"https://www.birminghamboilerrepairs.uk/West%20Bromwich/boiler-repairs
https://www.birminghamboilerrepairs.uk/West%20Bromwich/boiler-servicing
https://www.birminghamboilerrepairs.uk/West%20Bromwich/gas-safety","404
404
404",3,,,0
20,https://www.birminghamboilerrepairs.uk/ten-acres/vokera-specialists,Ten Acres Vokera Specialists | Same Day Service | Fixed Price Quote,text/html; charset=utf-8,false,200,0,0,"https://www.birminghamboilerrepairs.uk/Ten%20Acres/boiler-repairs
https://www.birminghamboilerrepairs.uk/Ten%20Acres/boiler-servicing
https://www.birminghamboilerrepairs.uk/Ten%20Acres/gas-safety","404
404
404",3,,,0
20,https://www.birminghamboilerrepairs.uk/south-yardley/main-boiler-specialists,South Yardley Main Specialists | Same Day Service | Fixed Price Quote,text/html; charset=utf-8,false,200,0,0,"https://www.birminghamboilerrepairs.uk/South%20Yardley/boiler-repairs
https://www.birminghamboilerrepairs.uk/South%20Yardley/boiler-servicing
https://www.birminghamboilerrepairs.uk/South%20Yardley/gas-safety","404
404
404",3,,,0
20,https://www.birminghamboilerrepairs.uk/gib-heath/alpha-boiler-specialists,Gib Heath Alpha Specialists | Same Day Service | Fixed Price Quote,text/html; charset=utf-8,false,200,0,0,"https://www.birminghamboilerrepairs.uk/Gib%20Heath/boiler-repairs
https://www.birminghamboilerrepairs.uk/Gib%20Heath/boiler-servicing
https://www.birminghamboilerrepairs.uk/Gib%20Heath/gas-safety","404
404
404",3,,,0
20,https://www.birminghamboilerrepairs.uk/yardley-wood/main-boiler-specialists,Yardley Wood Main Specialists | Same Day Service | Fixed Price Quote,text/html; charset=utf-8,false,200,0,0,"https://www.birminghamboilerrepairs.uk/Yardley%20Wood/boiler-repairs
https://www.birminghamboilerrepairs.uk/Yardley%20Wood/boiler-servicing
https://www.birminghamboilerrepairs.uk/Yardley%20Wood/gas-safety","404
404
404",3,,,0
20,https://www.birminghamboilerrepairs.uk/gravelly-hill/ariston-specialists,Gravelly Hill Ariston Specialists | Same Day Service | Fixed Price Quote,text/html; charset=utf-8,false,200,0,0,"https://www.birminghamboilerrepairs.uk/Gravelly%20Hill/boiler-repairs
https://www.birminghamboilerrepairs.uk/Gravelly%20Hill/boiler-servicing
https://www.birminghamboilerrepairs.uk/Gravelly%20Hill/gas-safety","404
404
404",3,,,0
20,https://www.birminghamboilerrepairs.uk/harts-green/worcester-bosch-specialists,Harts Green Worcester Bosch Specialists | Same Day Service | Fixed Price Quote,text/html; charset=utf-8,false,200,0,0,"https://www.birminghamboilerrepairs.uk/Harts%20Green/boiler-repairs
https://www.birminghamboilerrepairs.uk/Harts%20Green/boiler-servicing
https://www.birminghamboilerrepairs.uk/Harts%20Green/gas-safety","404
404
404",3,,,0
20,https://www.birminghamboilerrepairs.uk/hodge-hill/ariston-specialists,Hodge Hill Ariston Specialists | Same Day Service | Fixed Price Quote,text/html; charset=utf-8,false,200,0,0,"https://www.birminghamboilerrepairs.uk/Hodge%20Hill/boiler-repairs
https://www.birminghamboilerrepairs.uk/Hodge%20Hill/boiler-servicing
https://www.birminghamboilerrepairs.uk/Hodge%20Hill/gas-safety","404
404
404",3,,,0
20,https://www.birminghamboilerrepairs.uk/perry-common/intergas-specialists,Perry Common Intergas Specialists | Same Day Service | Fixed Price Quote,text/html; charset=utf-8,false,200,0,0,"https://www.birminghamboilerrepairs.uk/Perry%20Common/boiler-repairs
https://www.birminghamboilerrepairs.uk/Perry%20Common/boiler-servicing
https://www.birminghamboilerrepairs.uk/Perry%20Common/gas-safety","404
404
404",3,,,0
20,https://www.birminghamboilerrepairs.uk/kings-norton/potterton-specialists,Kings Norton Potterton Specialists | Same Day Service | Fixed Price Quote,text/html; charset=utf-8,false,200,0,0,"https://www.birminghamboilerrepairs.uk/Kings%20Norton/boiler-repairs
https://www.birminghamboilerrepairs.uk/Kings%20Norton/boiler-servicing
https://www.birminghamboilerrepairs.uk/Kings%20Norton/gas-safety","404
404
404",3,,,0
20,https://www.birminghamboilerrepairs.uk/bordesley-green/biasi-specialists,Bordesley Green Biasi Specialists | Same Day Service | Fixed Price Quote,text/html; charset=utf-8,false,200,0,0,"https://www.birminghamboilerrepairs.uk/Bordesley%20Green/boiler-repairs
https://www.birminghamboilerrepairs.uk/Bordesley%20Green/boiler-servicing
https://www.birminghamboilerrepairs.uk/Bordesley%20Green/gas-safety","404
404
404",3,,,0
20,https://www.birminghamboilerrepairs.uk/old-oscott/combination-boiler-repairs,Old Oscott Combination Boiler Repairs | Same Day Service | Fixed Price Quote,text/html; charset=utf-8,false,200,0,0,"https://www.birminghamboilerrepairs.uk/Old%20Oscott/boiler-repairs
https://www.birminghamboilerrepairs.uk/Old%20Oscott/boiler-servicing
https://www.birminghamboilerrepairs.uk/Old%20Oscott/gas-safety","404
404
404",3,,,0
20,https://www.birminghamboilerrepairs.uk/west-midlands/alpha-boiler-specialists,West Midlands Alpha Specialists | Same Day Service | Fixed Price Quote,text/html; charset=utf-8,false,200,0,0,"https://www.birminghamboilerrepairs.uk/West%20Midlands/boiler-repairs
https://www.birminghamboilerrepairs.uk/West%20Midlands/boiler-servicing
https://www.birminghamboilerrepairs.uk/West%20Midlands/gas-safety","404
404
404",3,,,0
20,https://www.birminghamboilerrepairs.uk/spring-vale/ferroli-specialists,Spring Vale Ferroli Specialists | Same Day Service | Fixed Price Quote,text/html; charset=utf-8,false,200,0,0,"https://www.birminghamboilerrepairs.uk/Spring%20Vale/boiler-repairs
https://www.birminghamboilerrepairs.uk/Spring%20Vale/boiler-servicing
https://www.birminghamboilerrepairs.uk/Spring%20Vale/gas-safety","404
404
404",3,,,0
20,https://www.birminghamboilerrepairs.uk/aston-fields/main-boiler-specialists,Aston Fields Main Specialists | Same Day Service | Fixed Price Quote,text/html; charset=utf-8,false,200,0,0,"https://www.birminghamboilerrepairs.uk/Aston%20Fields/boiler-repairs
https://www.birminghamboilerrepairs.uk/Aston%20Fields/boiler-servicing
https://www.birminghamboilerrepairs.uk/Aston%20Fields/gas-safety","404
404
404",3,,,0
20,https://www.birminghamboilerrepairs.uk/garretts-green/ariston-specialists,Garretts Green Ariston Specialists | Same Day Service | Fixed Price Quote,text/html; charset=utf-8,false,200,0,0,"https://www.birminghamboilerrepairs.uk/Garretts%20Green/boiler-repairs
https://www.birminghamboilerrepairs.uk/Garretts%20Green/boiler-servicing
https://www.birminghamboilerrepairs.uk/Garretts%20Green/gas-safety","404
404
404",3,,,0
20,https://www.birminghamboilerrepairs.uk/kings-norton/worcester-bosch-specialists,Kings Norton Worcester Bosch Specialists | Same Day Service | Fixed Price Quote,text/html; charset=utf-8,false,200,0,0,"https://www.birminghamboilerrepairs.uk/Kings%20Norton/boiler-repairs
https://www.birminghamboilerrepairs.uk/Kings%20Norton/boiler-servicing
https://www.birminghamboilerrepairs.uk/Kings%20Norton/gas-safety","404
404
404",3,,,0
20,https://www.birminghamboilerrepairs.uk/shenley-green/biasi-specialists,Shenley Green Biasi Specialists | Same Day Service | Fixed Price Quote,text/html; charset=utf-8,false,200,0,0,"https://www.birminghamboilerrepairs.uk/Shenley%20Green/boiler-repairs
https://www.birminghamboilerrepairs.uk/Shenley%20Green/boiler-servicing
https://www.birminghamboilerrepairs.uk/Shenley%20Green/gas-safety","404
404
404",3,,,0
20,https://www.birminghamboilerrepairs.uk/birches-green/ariston-specialists,Birches Green Ariston Specialists | Same Day Service | Fixed Price Quote,text/html; charset=utf-8,false,200,0,0,"https://www.birminghamboilerrepairs.uk/Birches%20Green/boiler-repairs
https://www.birminghamboilerrepairs.uk/Birches%20Green/boiler-servicing
https://www.birminghamboilerrepairs.uk/Birches%20Green/gas-safety","404
404
404",3,,,0
20,https://www.birminghamboilerrepairs.uk/old-oscott/vokera-specialists,Old Oscott Vokera Specialists | Same Day Service | Fixed Price Quote,text/html; charset=utf-8,false,200,0,0,"https://www.birminghamboilerrepairs.uk/Old%20Oscott/boiler-repairs
https://www.birminghamboilerrepairs.uk/Old%20Oscott/boiler-servicing
https://www.birminghamboilerrepairs.uk/Old%20Oscott/gas-safety","404
404
404",3,,,0
20,https://www.birminghamboilerrepairs.uk/great-barr/combination-boiler-services,Great Barr Combination Boiler Services | Same Day Service | Fixed Price Quote,text/html; charset=utf-8,false,200,0,0,"https://www.birminghamboilerrepairs.uk/Great%20Barr/boiler-repairs
https://www.birminghamboilerrepairs.uk/Great%20Barr/boiler-servicing
https://www.birminghamboilerrepairs.uk/Great%20Barr/gas-safety","404
404
404",3,,,0
20,https://www.birminghamboilerrepairs.uk/rowley-regis/vokera-specialists,Rowley Regis Vokera Specialists | Same Day Service | Fixed Price Quote,text/html; charset=utf-8,false,200,0,0,"https://www.birminghamboilerrepairs.uk/Rowley%20Regis/boiler-repairs
https://www.birminghamboilerrepairs.uk/Rowley%20Regis/boiler-servicing
https://www.birminghamboilerrepairs.uk/Rowley%20Regis/gas-safety","404
404
404",3,,,0
20,https://www.birminghamboilerrepairs.uk/brandwood-end/ideal-boilers-specialists,Brandwood End Ideal Boilers Specialists | Same Day Service | Fixed Price Quote,text/html; charset=utf-8,false,200,0,0,"https://www.birminghamboilerrepairs.uk/Brandwood%20End/boiler-repairs
https://www.birminghamboilerrepairs.uk/Brandwood%20End/boiler-servicing
https://www.birminghamboilerrepairs.uk/Brandwood%20End/gas-safety","404
404
404",3,,,0
20,https://www.birminghamboilerrepairs.uk/brandwood-end/biasi-specialists,Brandwood End Biasi Specialists | Same Day Service | Fixed Price Quote,text/html; charset=utf-8,false,200,0,0,"https://www.birminghamboilerrepairs.uk/Brandwood%20End/boiler-repairs
https://www.birminghamboilerrepairs.uk/Brandwood%20End/boiler-servicing
https://www.birminghamboilerrepairs.uk/Brandwood%20End/gas-safety","404
404
404",3,,,0
20,https://www.birminghamboilerrepairs.uk/fox-hollies/glowworm-specialists,Fox Hollies Glow-worm Specialists | Same Day Service | Fixed Price Quote,text/html; charset=utf-8,false,200,0,0,"https://www.birminghamboilerrepairs.uk/Fox%20Hollies/boiler-repairs
https://www.birminghamboilerrepairs.uk/Fox%20Hollies/boiler-servicing
https://www.birminghamboilerrepairs.uk/Fox%20Hollies/gas-safety","404
404
404",3,,,0
20,https://www.birminghamboilerrepairs.uk/small-heath/vaillant-specialists,Small Heath Vaillant Specialists | Same Day Service | Fixed Price Quote,text/html; charset=utf-8,false,200,0,0,"https://www.birminghamboilerrepairs.uk/Small%20Heath/boiler-repairs
https://www.birminghamboilerrepairs.uk/Small%20Heath/boiler-servicing
https://www.birminghamboilerrepairs.uk/Small%20Heath/gas-safety","404
404
404",3,,,0
20,https://www.birminghamboilerrepairs.uk/small-heath/viessmann-specialists,Small Heath Viessmann Specialists | Same Day Service | Fixed Price Quote,text/html; charset=utf-8,false,200,0,0,"https://www.birminghamboilerrepairs.uk/Small%20Heath/boiler-repairs
https://www.birminghamboilerrepairs.uk/Small%20Heath/boiler-servicing
https://www.birminghamboilerrepairs.uk/Small%20Heath/gas-safety","404
404
404",3,,,0
20,https://www.birminghamboilerrepairs.uk/buckland-end/combination-boiler-services,Buckland End Combination Boiler Services | Same Day Service | Fixed Price Quote,text/html; charset=utf-8,false,200,0,0,"https://www.birminghamboilerrepairs.uk/Buckland%20End/boiler-repairs
https://www.birminghamboilerrepairs.uk/Buckland%20End/boiler-servicing
https://www.birminghamboilerrepairs.uk/Buckland%20End/gas-safety","404
404
404",3,,,0
20,https://www.birminghamboilerrepairs.uk/grimstock-hill/worcester-bosch-specialists,Grimstock Hill Worcester Bosch Specialists | Same Day Service | Fixed Price Quote,text/html; charset=utf-8,false,200,0,0,"https://www.birminghamboilerrepairs.uk/Grimstock%20Hill/boiler-repairs
https://www.birminghamboilerrepairs.uk/Grimstock%20Hill/boiler-servicing
https://www.birminghamboilerrepairs.uk/Grimstock%20Hill/gas-safety","404
404
404",3,,,0
20,https://www.birminghamboilerrepairs.uk/gravelly-hill/heatline-specialists,Gravelly Hill Heatline Specialists | Same Day Service | Fixed Price Quote,text/html; charset=utf-8,false,200,0,0,"https://www.birminghamboilerrepairs.uk/Gravelly%20Hill/boiler-repairs
https://www.birminghamboilerrepairs.uk/Gravelly%20Hill/boiler-servicing
https://www.birminghamboilerrepairs.uk/Gravelly%20Hill/gas-safety","404
404
404",3,,,0
20,https://www.birminghamboilerrepairs.uk/highters-heath/biasi-specialists,Highters Heath Biasi Specialists | Same Day Service | Fixed Price Quote,text/html; charset=utf-8,false,200,0,0,"https://www.birminghamboilerrepairs.uk/Highters%20Heath/boiler-repairs
https://www.birminghamboilerrepairs.uk/Highters%20Heath/boiler-servicing
https://www.birminghamboilerrepairs.uk/Highters%20Heath/gas-safety","404
404
404",3,,,0
20,https://www.birminghamboilerrepairs.uk/south-woodgate/ferroli-specialists,South Woodgate Ferroli Specialists | Same Day Service | Fixed Price Quote,text/html; charset=utf-8,false,200,0,0,"https://www.birminghamboilerrepairs.uk/South%20Woodgate/boiler-repairs
https://www.birminghamboilerrepairs.uk/South%20Woodgate/boiler-servicing
https://www.birminghamboilerrepairs.uk/South%20Woodgate/gas-safety","404
404
404",3,,,0
20,https://www.birminghamboilerrepairs.uk/perry-common/atag-specialists,Perry Common Atag Specialists | Same Day Service | Fixed Price Quote,text/html; charset=utf-8,false,200,0,0,"https://www.birminghamboilerrepairs.uk/Perry%20Common/boiler-repairs
https://www.birminghamboilerrepairs.uk/Perry%20Common/boiler-servicing
https://www.birminghamboilerrepairs.uk/Perry%20Common/gas-safety","404
404
404",3,,,0
20,https://www.birminghamboilerrepairs.uk/turves-green/vokera-specialists,Turves Green Vokera Specialists | Same Day Service | Fixed Price Quote,text/html; charset=utf-8,false,200,0,0,"https://www.birminghamboilerrepairs.uk/Turves%20Green/boiler-repairs
https://www.birminghamboilerrepairs.uk/Turves%20Green/boiler-servicing
https://www.birminghamboilerrepairs.uk/Turves%20Green/gas-safety","404
404
404",3,,,0
20,https://www.birminghamboilerrepairs.uk/shenley-green/intergas-specialists,Shenley Green Intergas Specialists | Same Day Service | Fixed Price Quote,text/html; charset=utf-8,false,200,0,0,"https://www.birminghamboilerrepairs.uk/Shenley%20Green/boiler-repairs
https://www.birminghamboilerrepairs.uk/Shenley%20Green/boiler-servicing
https://www.birminghamboilerrepairs.uk/Shenley%20Green/gas-safety","404
404
404",3,,,0
20,https://www.birminghamboilerrepairs.uk/hill-wood/ideal-boilers-specialists,Hill Wood Ideal Boilers Specialists | Same Day Service | Fixed Price Quote,text/html; charset=utf-8,false,200,0,0,"https://www.birminghamboilerrepairs.uk/Hill%20Wood/boiler-repairs
https://www.birminghamboilerrepairs.uk/Hill%20Wood/boiler-servicing
https://www.birminghamboilerrepairs.uk/Hill%20Wood/gas-safety","404
404
404",3,,,0
20,https://www.birminghamboilerrepairs.uk/browns-green/viessmann-specialists,Browns Green Viessmann Specialists | Same Day Service | Fixed Price Quote,text/html; charset=utf-8,false,200,0,0,"https://www.birminghamboilerrepairs.uk/Browns%20Green/boiler-repairs
https://www.birminghamboilerrepairs.uk/Browns%20Green/boiler-servicing
https://www.birminghamboilerrepairs.uk/Browns%20Green/gas-safety","404
404
404",3,,,0
20,https://www.birminghamboilerrepairs.uk/chad-valley/ariston-specialists,Chad Valley Ariston Specialists | Same Day Service | Fixed Price Quote,text/html; charset=utf-8,false,200,0,0,"https://www.birminghamboilerrepairs.uk/Chad%20Valley/boiler-repairs
https://www.birminghamboilerrepairs.uk/Chad%20Valley/boiler-servicing
https://www.birminghamboilerrepairs.uk/Chad%20Valley/gas-safety","404
404
404",3,,,0
20,https://www.birminghamboilerrepairs.uk/shenley-fields/ariston-specialists,Shenley Fields Ariston Specialists | Same Day Service | Fixed Price Quote,text/html; charset=utf-8,false,200,0,0,"https://www.birminghamboilerrepairs.uk/Shenley%20Fields/boiler-repairs
https://www.birminghamboilerrepairs.uk/Shenley%20Fields/boiler-servicing
https://www.birminghamboilerrepairs.uk/Shenley%20Fields/gas-safety","404
404
404",3,,,0
20,https://www.birminghamboilerrepairs.uk/selly-park/potterton-specialists,Selly Park Potterton Specialists | Same Day Service | Fixed Price Quote,text/html; charset=utf-8,false,200,0,0,"https://www.birminghamboilerrepairs.uk/Selly%20Park/boiler-repairs
https://www.birminghamboilerrepairs.uk/Selly%20Park/boiler-servicing
https://www.birminghamboilerrepairs.uk/Selly%20Park/gas-safety","404
404
404",3,,,0
20,https://www.birminghamboilerrepairs.uk/hill-hook/glowworm-specialists,Hill Hook Glow-worm Specialists | Same Day Service | Fixed Price Quote,text/html; charset=utf-8,false,200,0,0,"https://www.birminghamboilerrepairs.uk/Hill%20Hook/boiler-repairs
https://www.birminghamboilerrepairs.uk/Hill%20Hook/boiler-servicing
https://www.birminghamboilerrepairs.uk/Hill%20Hook/gas-safety","404
404
404",3,,,0
20,https://www.birminghamboilerrepairs.uk/browns-green/combination-boiler-repairs,Browns Green Combination Boiler Repairs | Same Day Service | Fixed Price Quote,text/html; charset=utf-8,false,200,0,0,"https://www.birminghamboilerrepairs.uk/Browns%20Green/boiler-repairs
https://www.birminghamboilerrepairs.uk/Browns%20Green/boiler-servicing
https://www.birminghamboilerrepairs.uk/Browns%20Green/gas-safety","404
404
404",3,,,0
20,https://www.birminghamboilerrepairs.uk/birches-green/vokera-specialists,Birches Green Vokera Specialists | Same Day Service | Fixed Price Quote,text/html; charset=utf-8,false,200,0,0,"https://www.birminghamboilerrepairs.uk/Birches%20Green/boiler-repairs
https://www.birminghamboilerrepairs.uk/Birches%20Green/boiler-servicing
https://www.birminghamboilerrepairs.uk/Birches%20Green/gas-safety","404
404
404",3,,,0
20,https://www.birminghamboilerrepairs.uk/turves-green/atag-specialists,Turves Green Atag Specialists | Same Day Service | Fixed Price Quote,text/html; charset=utf-8,false,200,0,0,"https://www.birminghamboilerrepairs.uk/Turves%20Green/boiler-repairs
https://www.birminghamboilerrepairs.uk/Turves%20Green/boiler-servicing
https://www.birminghamboilerrepairs.uk/Turves%20Green/gas-safety","404
404
404",3,,,0
20,https://www.birminghamboilerrepairs.uk/sutton-coldfield/combination-boiler-services,Sutton Coldfield Combination Boiler Services | Same Day Service | Fixed Price Quote,text/html; charset=utf-8,false,200,0,0,"https://www.birminghamboilerrepairs.uk/Sutton%20Coldfield/boiler-repairs
https://www.birminghamboilerrepairs.uk/Sutton%20Coldfield/boiler-servicing
https://www.birminghamboilerrepairs.uk/Sutton%20Coldfield/gas-safety","404
404
404",3,,,0
20,https://www.birminghamboilerrepairs.uk/cofton-common/ariston-specialists,Cofton Common Ariston Specialists | Same Day Service | Fixed Price Quote,text/html; charset=utf-8,false,200,0,0,"https://www.birminghamboilerrepairs.uk/Cofton%20Common/boiler-repairs
https://www.birminghamboilerrepairs.uk/Cofton%20Common/boiler-servicing
https://www.birminghamboilerrepairs.uk/Cofton%20Common/gas-safety","404
404
404",3,,,0
20,https://www.birminghamboilerrepairs.uk/tower-hill/vokera-specialists,Tower Hill Vokera Specialists | Same Day Service | Fixed Price Quote,text/html; charset=utf-8,false,200,0,0,"https://www.birminghamboilerrepairs.uk/Tower%20Hill/boiler-repairs
https://www.birminghamboilerrepairs.uk/Tower%20Hill/boiler-servicing
https://www.birminghamboilerrepairs.uk/Tower%20Hill/gas-safety","404
404
404",3,,,0
20,https://www.birminghamboilerrepairs.uk/west-heath/atag-specialists,West Heath Atag Specialists | Same Day Service | Fixed Price Quote,text/html; charset=utf-8,false,200,0,0,"https://www.birminghamboilerrepairs.uk/West%20Heath/boiler-repairs
https://www.birminghamboilerrepairs.uk/West%20Heath/boiler-servicing
https://www.birminghamboilerrepairs.uk/West%20Heath/gas-safety","404
404
404",3,,,0
20,https://www.birminghamboilerrepairs.uk/castle-vale/potterton-specialists,Castle Vale Potterton Specialists | Same Day Service | Fixed Price Quote,text/html; charset=utf-8,false,200,0,0,"https://www.birminghamboilerrepairs.uk/Castle%20Vale/boiler-repairs
https://www.birminghamboilerrepairs.uk/Castle%20Vale/boiler-servicing
https://www.birminghamboilerrepairs.uk/Castle%20Vale/gas-safety","404
404
404",3,,,0
20,https://www.birminghamboilerrepairs.uk/astwood-bank/ideal-boilers-specialists,Astwood Bank Ideal Boilers Specialists | Same Day Service | Fixed Price Quote,text/html; charset=utf-8,false,200,0,0,"https://www.birminghamboilerrepairs.uk/Astwood%20Bank/boiler-repairs
https://www.birminghamboilerrepairs.uk/Astwood%20Bank/boiler-servicing
https://www.birminghamboilerrepairs.uk/Astwood%20Bank/gas-safety","404
404
404",3,,,0
20,https://www.birminghamboilerrepairs.uk/rowney-green/ariston-specialists,Rowney Green Ariston Specialists | Same Day Service | Fixed Price Quote,text/html; charset=utf-8,false,200,0,0,"https://www.birminghamboilerrepairs.uk/Rowney%20Green/boiler-repairs
https://www.birminghamboilerrepairs.uk/Rowney%20Green/boiler-servicing
https://www.birminghamboilerrepairs.uk/Rowney%20Green/gas-safety","404
404
404",3,,,0
20,https://www.birminghamboilerrepairs.uk/glebe-farm/viessmann-specialists,Glebe Farm Viessmann Specialists | Same Day Service | Fixed Price Quote,text/html; charset=utf-8,false,200,0,0,"https://www.birminghamboilerrepairs.uk/Glebe%20Farm/boiler-repairs
https://www.birminghamboilerrepairs.uk/Glebe%20Farm/boiler-servicing
https://www.birminghamboilerrepairs.uk/Glebe%20Farm/gas-safety","404
404
404",3,,,0
20,https://www.birminghamboilerrepairs.uk/falcon-lodge/ferroli-specialists,Falcon Lodge Ferroli Specialists | Same Day Service | Fixed Price Quote,text/html; charset=utf-8,false,200,0,0,"https://www.birminghamboilerrepairs.uk/Falcon%20Lodge/boiler-repairs
https://www.birminghamboilerrepairs.uk/Falcon%20Lodge/boiler-servicing
https://www.birminghamboilerrepairs.uk/Falcon%20Lodge/gas-safety","404
404
404",3,,,0
20,https://www.birminghamboilerrepairs.uk/four-oaks/worcester-bosch-specialists,Four Oaks Worcester Bosch Specialists | Same Day Service | Fixed Price Quote,text/html; charset=utf-8,false,200,0,0,"https://www.birminghamboilerrepairs.uk/Four%20Oaks/boiler-repairs
https://www.birminghamboilerrepairs.uk/Four%20Oaks/boiler-servicing
https://www.birminghamboilerrepairs.uk/Four%20Oaks/gas-safety","404
404
404",3,,,0
20,https://www.birminghamboilerrepairs.uk/astwood-bank/ariston-specialists,Astwood Bank Ariston Specialists | Same Day Service | Fixed Price Quote,text/html; charset=utf-8,false,200,0,0,"https://www.birminghamboilerrepairs.uk/Astwood%20Bank/boiler-repairs
https://www.birminghamboilerrepairs.uk/Astwood%20Bank/boiler-servicing
https://www.birminghamboilerrepairs.uk/Astwood%20Bank/gas-safety","404
404
404",3,,,0
20,https://www.birminghamboilerrepairs.uk/gun-quarter/heatline-specialists,Gun Quarter Heatline Specialists | Same Day Service | Fixed Price Quote,text/html; charset=utf-8,false,200,0,0,"https://www.birminghamboilerrepairs.uk/Gun%20Quarter/boiler-repairs
https://www.birminghamboilerrepairs.uk/Gun%20Quarter/boiler-servicing
https://www.birminghamboilerrepairs.uk/Gun%20Quarter/gas-safety","404
404
404",3,,,0
20,https://www.birminghamboilerrepairs.uk/turves-green/alpha-boiler-specialists,Turves Green Alpha Specialists | Same Day Service | Fixed Price Quote,text/html; charset=utf-8,false,200,0,0,"https://www.birminghamboilerrepairs.uk/Turves%20Green/boiler-repairs
https://www.birminghamboilerrepairs.uk/Turves%20Green/boiler-servicing
https://www.birminghamboilerrepairs.uk/Turves%20Green/gas-safety","404
404
404",3,,,0
20,https://www.birminghamboilerrepairs.uk/perry-beeches/vaillant-specialists,Perry Beeches Vaillant Specialists | Same Day Service | Fixed Price Quote,text/html; charset=utf-8,false,200,0,0,"https://www.birminghamboilerrepairs.uk/Perry%20Beeches/boiler-repairs
https://www.birminghamboilerrepairs.uk/Perry%20Beeches/boiler-servicing
https://www.birminghamboilerrepairs.uk/Perry%20Beeches/gas-safety","404
404
404",3,,,0
20,https://www.birminghamboilerrepairs.uk/kings-heath/heatline-specialists,Kings Heath Heatline Specialists | Same Day Service | Fixed Price Quote,text/html; charset=utf-8,false,200,0,0,"https://www.birminghamboilerrepairs.uk/Kings%20Heath/boiler-repairs
https://www.birminghamboilerrepairs.uk/Kings%20Heath/boiler-servicing
https://www.birminghamboilerrepairs.uk/Kings%20Heath/gas-safety","404
404
404",3,,,0
20,https://www.birminghamboilerrepairs.uk/gun-quarter/atag-specialists,Gun Quarter Atag Specialists | Same Day Service | Fixed Price Quote,text/html; charset=utf-8,false,200,0,0,"https://www.birminghamboilerrepairs.uk/Gun%20Quarter/boiler-repairs
https://www.birminghamboilerrepairs.uk/Gun%20Quarter/boiler-servicing
https://www.birminghamboilerrepairs.uk/Gun%20Quarter/gas-safety","404
404
404",3,,,0
20,https://www.birminghamboilerrepairs.uk/fox-hollies/ariston-specialists,Fox Hollies Ariston Specialists | Same Day Service | Fixed Price Quote,text/html; charset=utf-8,false,200,0,0,"https://www.birminghamboilerrepairs.uk/Fox%20Hollies/boiler-repairs
https://www.birminghamboilerrepairs.uk/Fox%20Hollies/boiler-servicing
https://www.birminghamboilerrepairs.uk/Fox%20Hollies/gas-safety","404
404
404",3,,,0
20,https://www.birminghamboilerrepairs.uk/hill-hook/biasi-specialists,Hill Hook Biasi Specialists | Same Day Service | Fixed Price Quote,text/html; charset=utf-8,false,200,0,0,"https://www.birminghamboilerrepairs.uk/Hill%20Hook/boiler-repairs
https://www.birminghamboilerrepairs.uk/Hill%20Hook/boiler-servicing
https://www.birminghamboilerrepairs.uk/Hill%20Hook/gas-safety","404
404
404",3,,,0
20,https://www.birminghamboilerrepairs.uk/west-midlands/worcester-bosch-specialists,West Midlands Worcester Bosch Specialists | Same Day Service | Fixed Price Quote,text/html; charset=utf-8,false,200,0,0,"https://www.birminghamboilerrepairs.uk/West%20Midlands/boiler-repairs
https://www.birminghamboilerrepairs.uk/West%20Midlands/boiler-servicing
https://www.birminghamboilerrepairs.uk/West%20Midlands/gas-safety","404
404
404",3,,,0
20,https://www.birminghamboilerrepairs.uk/shenley-green/combination-boiler-repairs,Shenley Green Combination Boiler Repairs | Same Day Service | Fixed Price Quote,text/html; charset=utf-8,false,200,0,0,"https://www.birminghamboilerrepairs.uk/Shenley%20Green/boiler-repairs
https://www.birminghamboilerrepairs.uk/Shenley%20Green/boiler-servicing
https://www.birminghamboilerrepairs.uk/Shenley%20Green/gas-safety","404
404
404",3,,,0
20,https://www.birminghamboilerrepairs.uk/handsworth-wood/intergas-specialists,Handsworth Wood Intergas Specialists | Same Day Service | Fixed Price Quote,text/html; charset=utf-8,false,200,0,0,"https://www.birminghamboilerrepairs.uk/Handsworth%20Wood/boiler-repairs
https://www.birminghamboilerrepairs.uk/Handsworth%20Wood/boiler-servicing
https://www.birminghamboilerrepairs.uk/Handsworth%20Wood/gas-safety","404
404
404",3,,,0
20,https://www.birminghamboilerrepairs.uk/rotton-park/potterton-specialists,Rotton Park Potterton Specialists | Same Day Service | Fixed Price Quote,text/html; charset=utf-8,false,200,0,0,"https://www.birminghamboilerrepairs.uk/Rotton%20Park/boiler-repairs
https://www.birminghamboilerrepairs.uk/Rotton%20Park/boiler-servicing
https://www.birminghamboilerrepairs.uk/Rotton%20Park/gas-safety","404
404
404",3,,,0
20,https://www.birminghamboilerrepairs.uk/camp-hill/combination-boiler-repairs,Camp Hill Combination Boiler Repairs | Same Day Service | Fixed Price Quote,text/html; charset=utf-8,false,200,0,0,"https://www.birminghamboilerrepairs.uk/Camp%20Hill/boiler-repairs
https://www.birminghamboilerrepairs.uk/Camp%20Hill/boiler-servicing
https://www.birminghamboilerrepairs.uk/Camp%20Hill/gas-safety","404
404
404",3,,,0
20,https://www.birminghamboilerrepairs.uk/rowney-green/alpha-boiler-specialists,Rowney Green Alpha Specialists | Same Day Service | Fixed Price Quote,text/html; charset=utf-8,false,200,0,0,"https://www.birminghamboilerrepairs.uk/Rowney%20Green/boiler-repairs
https://www.birminghamboilerrepairs.uk/Rowney%20Green/boiler-servicing
https://www.birminghamboilerrepairs.uk/Rowney%20Green/gas-safety","404
404
404",3,,,0
20,https://www.birminghamboilerrepairs.uk/spring-vale/glowworm-specialists,Spring Vale Glow-worm Specialists | Same Day Service | Fixed Price Quote,text/html; charset=utf-8,false,200,0,0,"https://www.birminghamboilerrepairs.uk/Spring%20Vale/boiler-repairs
https://www.birminghamboilerrepairs.uk/Spring%20Vale/boiler-servicing
https://www.birminghamboilerrepairs.uk/Spring%20Vale/gas-safety","404
404
404",3,,,0
20,https://www.birminghamboilerrepairs.uk/south-woodgate/combination-boiler-repairs,South Woodgate Combination Boiler Repairs | Same Day Service | Fixed Price Quote,text/html; charset=utf-8,false,200,0,0,"https://www.birminghamboilerrepairs.uk/South%20Woodgate/boiler-repairs
https://www.birminghamboilerrepairs.uk/South%20Woodgate/boiler-servicing
https://www.birminghamboilerrepairs.uk/South%20Woodgate/gas-safety","404
404
404",3,,,0
20,https://www.birminghamboilerrepairs.uk/the-parade/vokera-specialists,The Parade Vokera Specialists | Same Day Service | Fixed Price Quote,text/html; charset=utf-8,false,200,0,0,"https://www.birminghamboilerrepairs.uk/The%20Parade/boiler-repairs
https://www.birminghamboilerrepairs.uk/The%20Parade/boiler-servicing
https://www.birminghamboilerrepairs.uk/The%20Parade/gas-safety","404
404
404",3,,,0
20,https://www.birminghamboilerrepairs.uk/south-woodgate/atag-specialists,South Woodgate Atag Specialists | Same Day Service | Fixed Price Quote,text/html; charset=utf-8,false,200,0,0,"https://www.birminghamboilerrepairs.uk/South%20Woodgate/boiler-repairs
https://www.birminghamboilerrepairs.uk/South%20Woodgate/boiler-servicing
https://www.birminghamboilerrepairs.uk/South%20Woodgate/gas-safety","404
404
404",3,,,0
20,https://www.birminghamboilerrepairs.uk/rotton-park/baxi-specialists,Rotton Park Baxi Specialists | Same Day Service | Fixed Price Quote,text/html; charset=utf-8,false,200,0,0,"https://www.birminghamboilerrepairs.uk/Rotton%20Park/boiler-repairs
https://www.birminghamboilerrepairs.uk/Rotton%20Park/boiler-servicing
https://www.birminghamboilerrepairs.uk/Rotton%20Park/gas-safety","404
404
404",3,,,0
20,https://www.birminghamboilerrepairs.uk/garretts-green/potterton-specialists,Garretts Green Potterton Specialists | Same Day Service | Fixed Price Quote,text/html; charset=utf-8,false,200,0,0,"https://www.birminghamboilerrepairs.uk/Garretts%20Green/boiler-repairs
https://www.birminghamboilerrepairs.uk/Garretts%20Green/boiler-servicing
https://www.birminghamboilerrepairs.uk/Garretts%20Green/gas-safety","404
404
404",3,,,0
20,https://www.birminghamboilerrepairs.uk/over-green/ideal-boilers-specialists,Over Green Ideal Boilers Specialists | Same Day Service | Fixed Price Quote,text/html; charset=utf-8,false,200,0,0,"https://www.birminghamboilerrepairs.uk/Over%20Green/boiler-repairs
https://www.birminghamboilerrepairs.uk/Over%20Green/boiler-servicing
https://www.birminghamboilerrepairs.uk/Over%20Green/gas-safety","404
404
404",3,,,0
20,https://www.birminghamboilerrepairs.uk/west-heath/worcester-bosch-specialists,West Heath Worcester Bosch Specialists | Same Day Service | Fixed Price Quote,text/html; charset=utf-8,false,200,0,0,"https://www.birminghamboilerrepairs.uk/West%20Heath/boiler-repairs
https://www.birminghamboilerrepairs.uk/West%20Heath/boiler-servicing
https://www.birminghamboilerrepairs.uk/West%20Heath/gas-safety","404
404
404",3,,,0
20,https://www.birminghamboilerrepairs.uk/gosta-green/worcester-bosch-specialists,Gosta Green Worcester Bosch Specialists | Same Day Service | Fixed Price Quote,text/html; charset=utf-8,false,200,0,0,"https://www.birminghamboilerrepairs.uk/Gosta%20Green/boiler-repairs
https://www.birminghamboilerrepairs.uk/Gosta%20Green/boiler-servicing
https://www.birminghamboilerrepairs.uk/Gosta%20Green/gas-safety","404
404
404",3,,,0
20,https://www.birminghamboilerrepairs.uk/shenley-fields/intergas-specialists,Shenley Fields Intergas Specialists | Same Day Service | Fixed Price Quote,text/html; charset=utf-8,false,200,0,0,"https://www.birminghamboilerrepairs.uk/Shenley%20Fields/boiler-repairs
https://www.birminghamboilerrepairs.uk/Shenley%20Fields/boiler-servicing
https://www.birminghamboilerrepairs.uk/Shenley%20Fields/gas-safety","404
404
404",3,,,0
20,https://www.birminghamboilerrepairs.uk/shard-end/heatline-specialists,Shard End Heatline Specialists | Same Day Service | Fixed Price Quote,text/html; charset=utf-8,false,200,0,0,"https://www.birminghamboilerrepairs.uk/Shard%20End/boiler-repairs
https://www.birminghamboilerrepairs.uk/Shard%20End/boiler-servicing
https://www.birminghamboilerrepairs.uk/Shard%20End/gas-safety","404
404
404",3,,,0
20,https://www.birminghamboilerrepairs.uk/grimstock-hill/intergas-specialists,Grimstock Hill Intergas Specialists | Same Day Service | Fixed Price Quote,text/html; charset=utf-8,false,200,0,0,"https://www.birminghamboilerrepairs.uk/Grimstock%20Hill/boiler-repairs
https://www.birminghamboilerrepairs.uk/Grimstock%20Hill/boiler-servicing
https://www.birminghamboilerrepairs.uk/Grimstock%20Hill/gas-safety","404
404
404",3,,,0
20,https://www.birminghamboilerrepairs.uk/south-yardley/biasi-specialists,South Yardley Biasi Specialists | Same Day Service | Fixed Price Quote,text/html; charset=utf-8,false,200,0,0,"https://www.birminghamboilerrepairs.uk/South%20Yardley/boiler-repairs
https://www.birminghamboilerrepairs.uk/South%20Yardley/boiler-servicing
https://www.birminghamboilerrepairs.uk/South%20Yardley/gas-safety","404
404
404",3,,,0
20,https://www.birminghamboilerrepairs.uk/browns-green/main-boiler-specialists,Browns Green Main Specialists | Same Day Service | Fixed Price Quote,text/html; charset=utf-8,false,200,0,0,"https://www.birminghamboilerrepairs.uk/Browns%20Green/boiler-repairs
https://www.birminghamboilerrepairs.uk/Browns%20Green/boiler-servicing
https://www.birminghamboilerrepairs.uk/Browns%20Green/gas-safety","404
404
404",3,,,0
20,https://www.birminghamboilerrepairs.uk/birches-green/viessmann-specialists,Birches Green Viessmann Specialists | Same Day Service | Fixed Price Quote,text/html; charset=utf-8,false,200,0,0,"https://www.birminghamboilerrepairs.uk/Birches%20Green/boiler-repairs
https://www.birminghamboilerrepairs.uk/Birches%20Green/boiler-servicing
https://www.birminghamboilerrepairs.uk/Birches%20Green/gas-safety","404
404
404",3,,,0
20,https://www.birminghamboilerrepairs.uk/cofton-common/baxi-specialists,Cofton Common Baxi Specialists | Same Day Service | Fixed Price Quote,text/html; charset=utf-8,false,200,0,0,"https://www.birminghamboilerrepairs.uk/Cofton%20Common/boiler-repairs
https://www.birminghamboilerrepairs.uk/Cofton%20Common/boiler-servicing
https://www.birminghamboilerrepairs.uk/Cofton%20Common/gas-safety","404
404
404",3,,,0
20,https://www.birminghamboilerrepairs.uk/grimstock-hill/heatline-specialists,Grimstock Hill Heatline Specialists | Same Day Service | Fixed Price Quote,text/html; charset=utf-8,false,200,0,0,"https://www.birminghamboilerrepairs.uk/Grimstock%20Hill/boiler-repairs
https://www.birminghamboilerrepairs.uk/Grimstock%20Hill/boiler-servicing
https://www.birminghamboilerrepairs.uk/Grimstock%20Hill/gas-safety","404
404
404",3,,,0
20,https://www.birminghamboilerrepairs.uk/astwood-bank/biasi-specialists,Astwood Bank Biasi Specialists | Same Day Service | Fixed Price Quote,text/html; charset=utf-8,false,200,0,0,"https://www.birminghamboilerrepairs.uk/Astwood%20Bank/boiler-repairs
https://www.birminghamboilerrepairs.uk/Astwood%20Bank/boiler-servicing
https://www.birminghamboilerrepairs.uk/Astwood%20Bank/gas-safety","404
404
404",3,,,0
20,https://www.birminghamboilerrepairs.uk/tile-cross/main-boiler-specialists,Tile Cross Main Specialists | Same Day Service | Fixed Price Quote,text/html; charset=utf-8,false,200,0,0,"https://www.birminghamboilerrepairs.uk/Tile%20Cross/boiler-repairs
https://www.birminghamboilerrepairs.uk/Tile%20Cross/boiler-servicing
https://www.birminghamboilerrepairs.uk/Tile%20Cross/gas-safety","404
404
404",3,,,0
20,https://www.birminghamboilerrepairs.uk/gosta-green/boiler-servicing,Gosta Green Boiler Servicing | Same Day Service | Fixed Price Quote,text/html; charset=utf-8,false,200,0,0,"https://www.birminghamboilerrepairs.uk/Gosta%20Green/boiler-repairs
https://www.birminghamboilerrepairs.uk/Gosta%20Green/combination-boiler-repairs
https://www.birminghamboilerrepairs.uk/Gosta%20Green/gas-safety","404
404
404",3,,,0
20,https://www.birminghamboilerrepairs.uk/west-midlands/ferroli-specialists,West Midlands Ferroli Specialists | Same Day Service | Fixed Price Quote,text/html; charset=utf-8,false,200,0,0,"https://www.birminghamboilerrepairs.uk/West%20Midlands/boiler-repairs
https://www.birminghamboilerrepairs.uk/West%20Midlands/boiler-servicing
https://www.birminghamboilerrepairs.uk/West%20Midlands/gas-safety","404
404
404",3,,,0
20,https://www.birminghamboilerrepairs.uk/stockland-green/biasi-specialists,Stockland Green Biasi Specialists | Same Day Service | Fixed Price Quote,text/html; charset=utf-8,false,200,0,0,"https://www.birminghamboilerrepairs.uk/Stockland%20Green/boiler-repairs
https://www.birminghamboilerrepairs.uk/Stockland%20Green/boiler-servicing
https://www.birminghamboilerrepairs.uk/Stockland%20Green/gas-safety","404
404
404",3,,,0
20,https://www.birminghamboilerrepairs.uk/browns-green/heatline-specialists,Browns Green Heatline Specialists | Same Day Service | Fixed Price Quote,text/html; charset=utf-8,false,200,0,0,"https://www.birminghamboilerrepairs.uk/Browns%20Green/boiler-repairs
https://www.birminghamboilerrepairs.uk/Browns%20Green/boiler-servicing
https://www.birminghamboilerrepairs.uk/Browns%20Green/gas-safety","404
404
404",3,,,0
20,https://www.birminghamboilerrepairs.uk/aston-fields/glowworm-specialists,Aston Fields Glow-worm Specialists | Same Day Service | Fixed Price Quote,text/html; charset=utf-8,false,200,0,0,"https://www.birminghamboilerrepairs.uk/Aston%20Fields/boiler-repairs
https://www.birminghamboilerrepairs.uk/Aston%20Fields/boiler-servicing
https://www.birminghamboilerrepairs.uk/Aston%20Fields/gas-safety","404
404
404",3,,,0
20,https://www.birminghamboilerrepairs.uk/garretts-green/main-boiler-specialists,Garretts Green Main Specialists | Same Day Service | Fixed Price Quote,text/html; charset=utf-8,false,200,0,0,"https://www.birminghamboilerrepairs.uk/Garretts%20Green/boiler-repairs
https://www.birminghamboilerrepairs.uk/Garretts%20Green/boiler-servicing
https://www.birminghamboilerrepairs.uk/Garretts%20Green/gas-safety","404
404
404",3,,,0
20,https://www.birminghamboilerrepairs.uk/buckland-end/vaillant-specialists,Buckland End Vaillant Specialists | Same Day Service | Fixed Price Quote,text/html; charset=utf-8,false,200,0,0,"https://www.birminghamboilerrepairs.uk/Buckland%20End/boiler-repairs
https://www.birminghamboilerrepairs.uk/Buckland%20End/boiler-servicing
https://www.birminghamboilerrepairs.uk/Buckland%20End/gas-safety","404
404
404",3,,,0
20,https://www.birminghamboilerrepairs.uk/ten-acres/gas-safety,Ten Acres Gas Safety Inspections | Same Day Service | Fixed Price Quote,text/html; charset=utf-8,false,200,0,0,"https://www.birminghamboilerrepairs.uk/Ten%20Acres/boiler-repairs
https://www.birminghamboilerrepairs.uk/Ten%20Acres/boiler-servicing
https://www.birminghamboilerrepairs.uk/Ten%20Acres/combination-boiler-repairs","404
404
404",3,,,0
20,https://www.birminghamboilerrepairs.uk/cradley-heath/atag-specialists,Cradley Heath Atag Specialists | Same Day Service | Fixed Price Quote,text/html; charset=utf-8,false,200,0,0,"https://www.birminghamboilerrepairs.uk/Cradley%20Heath/boiler-repairs
https://www.birminghamboilerrepairs.uk/Cradley%20Heath/boiler-servicing
https://www.birminghamboilerrepairs.uk/Cradley%20Heath/gas-safety","404
404
404",3,,,0
20,https://www.birminghamboilerrepairs.uk/harts-green/main-boiler-specialists,Harts Green Main Specialists | Same Day Service | Fixed Price Quote,text/html; charset=utf-8,false,200,0,0,"https://www.birminghamboilerrepairs.uk/Harts%20Green/boiler-repairs
https://www.birminghamboilerrepairs.uk/Harts%20Green/boiler-servicing
https://www.birminghamboilerrepairs.uk/Harts%20Green/gas-safety","404
404
404",3,,,0
20,https://www.birminghamboilerrepairs.uk/west-midlands/viessmann-specialists,West Midlands Viessmann Specialists | Same Day Service | Fixed Price Quote,text/html; charset=utf-8,false,200,1,0,"https://www.birminghamboilerrepairs.uk/West%20Midlands/boiler-repairs
https://www.birminghamboilerrepairs.uk/West%20Midlands/boiler-servicing
https://www.birminghamboilerrepairs.uk/West%20Midlands/gas-safety","404
404
404",3,,,0
20,https://www.birminghamboilerrepairs.uk/four-oaks/ferroli-specialists,Four Oaks Ferroli Specialists | Same Day Service | Fixed Price Quote,text/html; charset=utf-8,false,200,0,0,"https://www.birminghamboilerrepairs.uk/Four%20Oaks/boiler-repairs
https://www.birminghamboilerrepairs.uk/Four%20Oaks/boiler-servicing
https://www.birminghamboilerrepairs.uk/Four%20Oaks/gas-safety","404
404
404",3,,,0
20,https://www.birminghamboilerrepairs.uk/south-woodgate/heatline-specialists,South Woodgate Heatline Specialists | Same Day Service | Fixed Price Quote,text/html; charset=utf-8,false,200,0,0,"https://www.birminghamboilerrepairs.uk/South%20Woodgate/boiler-repairs
https://www.birminghamboilerrepairs.uk/South%20Woodgate/boiler-servicing
https://www.birminghamboilerrepairs.uk/South%20Woodgate/gas-safety","404
404
404",3,,,0
20,https://www.birminghamboilerrepairs.uk/short-heath/viessmann-specialists,Short Heath Viessmann Specialists | Same Day Service | Fixed Price Quote,text/html; charset=utf-8,false,200,0,0,"https://www.birminghamboilerrepairs.uk/Short%20Heath/boiler-repairs
https://www.birminghamboilerrepairs.uk/Short%20Heath/boiler-servicing
https://www.birminghamboilerrepairs.uk/Short%20Heath/gas-safety","404
404
404",3,,,0
20,https://www.birminghamboilerrepairs.uk/tudor-hill/potterton-specialists,Tudor Hill Potterton Specialists | Same Day Service | Fixed Price Quote,text/html; charset=utf-8,false,200,0,0,"https://www.birminghamboilerrepairs.uk/Tudor%20Hill/boiler-repairs
https://www.birminghamboilerrepairs.uk/Tudor%20Hill/boiler-servicing
https://www.birminghamboilerrepairs.uk/Tudor%20Hill/gas-safety","404
404
404",3,,,0
20,https://www.birminghamboilerrepairs.uk/four-oaks/main-boiler-specialists,Four Oaks Main Specialists | Same Day Service | Fixed Price Quote,text/html; charset=utf-8,false,200,0,0,"https://www.birminghamboilerrepairs.uk/Four%20Oaks/boiler-repairs
https://www.birminghamboilerrepairs.uk/Four%20Oaks/boiler-servicing
https://www.birminghamboilerrepairs.uk/Four%20Oaks/gas-safety","404
404
404",3,,,0
20,https://www.birminghamboilerrepairs.uk/falcon-lodge/ideal-boilers-specialists,Falcon Lodge Ideal Boilers Specialists | Same Day Service | Fixed Price Quote,text/html; charset=utf-8,false,200,0,0,"https://www.birminghamboilerrepairs.uk/Falcon%20Lodge/boiler-repairs
https://www.birminghamboilerrepairs.uk/Falcon%20Lodge/boiler-servicing
https://www.birminghamboilerrepairs.uk/Falcon%20Lodge/gas-safety","404
404
404",3,,,0
20,https://www.birminghamboilerrepairs.uk/hill-hook/boiler-repairs,Hill Hook Boiler Repairs | Same Day Service | Fixed Price Quote,text/html; charset=utf-8,false,200,0,0,"https://www.birminghamboilerrepairs.uk/Hill%20Hook/boiler-servicing
https://www.birminghamboilerrepairs.uk/Hill%20Hook/combination-boiler-repairs
https://www.birminghamboilerrepairs.uk/Hill%20Hook/gas-safety","404
404
404",3,,,0
20,https://www.birminghamboilerrepairs.uk/small-heath/ideal-boilers-specialists,Small Heath Ideal Boilers Specialists | Same Day Service | Fixed Price Quote,text/html; charset=utf-8,false,200,0,0,"https://www.birminghamboilerrepairs.uk/Small%20Heath/boiler-repairs
https://www.birminghamboilerrepairs.uk/Small%20Heath/boiler-servicing
https://www.birminghamboilerrepairs.uk/Small%20Heath/gas-safety","404
404
404",3,,,0
20,https://www.birminghamboilerrepairs.uk/grimstock-hill/biasi-specialists,Grimstock Hill Biasi Specialists | Same Day Service | Fixed Price Quote,text/html; charset=utf-8,false,200,0,0,"https://www.birminghamboilerrepairs.uk/Grimstock%20Hill/boiler-repairs
https://www.birminghamboilerrepairs.uk/Grimstock%20Hill/boiler-servicing
https://www.birminghamboilerrepairs.uk/Grimstock%20Hill/gas-safety","404
404
404",3,,,0
20,https://www.birminghamboilerrepairs.uk/rotton-park/biasi-specialists,Rotton Park Biasi Specialists | Same Day Service | Fixed Price Quote,text/html; charset=utf-8,false,200,0,0,"https://www.birminghamboilerrepairs.uk/Rotton%20Park/boiler-repairs
https://www.birminghamboilerrepairs.uk/Rotton%20Park/boiler-servicing
https://www.birminghamboilerrepairs.uk/Rotton%20Park/gas-safety","404
404
404",3,,,0
20,https://www.birminghamboilerrepairs.uk/garretts-green/boiler-servicing,Garretts Green Boiler Servicing | Same Day Service | Fixed Price Quote,text/html; charset=utf-8,false,200,0,0,"https://www.birminghamboilerrepairs.uk/Garretts%20Green/boiler-repairs
https://www.birminghamboilerrepairs.uk/Garretts%20Green/combination-boiler-repairs
https://www.birminghamboilerrepairs.uk/Garretts%20Green/gas-safety","404
404
404",3,,,0
20,https://www.birminghamboilerrepairs.uk/yardley-wood/atag-specialists,Yardley Wood Atag Specialists | Same Day Service | Fixed Price Quote,text/html; charset=utf-8,false,200,0,0,"https://www.birminghamboilerrepairs.uk/Yardley%20Wood/boiler-repairs
https://www.birminghamboilerrepairs.uk/Yardley%20Wood/boiler-servicing
https://www.birminghamboilerrepairs.uk/Yardley%20Wood/gas-safety","404
404
404",3,,,0
20,https://www.birminghamboilerrepairs.uk/rotton-park/atag-specialists,Rotton Park Atag Specialists | Same Day Service | Fixed Price Quote,text/html; charset=utf-8,false,200,0,0,"https://www.birminghamboilerrepairs.uk/Rotton%20Park/boiler-repairs
https://www.birminghamboilerrepairs.uk/Rotton%20Park/boiler-servicing
https://www.birminghamboilerrepairs.uk/Rotton%20Park/gas-safety","404
404
404",3,,,0
20,https://www.birminghamboilerrepairs.uk/browns-green/boiler-servicing,Browns Green Boiler Servicing | Same Day Service | Fixed Price Quote,text/html; charset=utf-8,false,200,0,0,"https://www.birminghamboilerrepairs.uk/Browns%20Green/boiler-repairs
https://www.birminghamboilerrepairs.uk/Browns%20Green/combination-boiler-repairs
https://www.birminghamboilerrepairs.uk/Browns%20Green/gas-safety","404
404
404",3,,,0
20,https://www.birminghamboilerrepairs.uk/buckland-end/potterton-specialists,Buckland End Potterton Specialists | Same Day Service | Fixed Price Quote,text/html; charset=utf-8,false,200,0,0,"https://www.birminghamboilerrepairs.uk/Buckland%20End/boiler-repairs
https://www.birminghamboilerrepairs.uk/Buckland%20End/boiler-servicing
https://www.birminghamboilerrepairs.uk/Buckland%20End/gas-safety","404
404
404",3,,,0
20,https://www.birminghamboilerrepairs.uk/cradley-heath/biasi-specialists,Cradley Heath Biasi Specialists | Same Day Service | Fixed Price Quote,text/html; charset=utf-8,false,200,0,0,"https://www.birminghamboilerrepairs.uk/Cradley%20Heath/boiler-repairs
https://www.birminghamboilerrepairs.uk/Cradley%20Heath/boiler-servicing
https://www.birminghamboilerrepairs.uk/Cradley%20Heath/gas-safety","404
404
404",3,,,0
20,https://www.birminghamboilerrepairs.uk/birches-green/main-boiler-specialists,Birches Green Main Specialists | Same Day Service | Fixed Price Quote,text/html; charset=utf-8,false,200,0,0,"https://www.birminghamboilerrepairs.uk/Birches%20Green/boiler-repairs
https://www.birminghamboilerrepairs.uk/Birches%20Green/boiler-servicing
https://www.birminghamboilerrepairs.uk/Birches%20Green/gas-safety","404
404
404",3,,,0
20,https://www.birminghamboilerrepairs.uk/highters-heath/glowworm-specialists,Highters Heath Glow-worm Specialists | Same Day Service | Fixed Price Quote,text/html; charset=utf-8,false,200,0,0,"https://www.birminghamboilerrepairs.uk/Highters%20Heath/boiler-repairs
https://www.birminghamboilerrepairs.uk/Highters%20Heath/boiler-servicing
https://www.birminghamboilerrepairs.uk/Highters%20Heath/gas-safety","404
404
404",3,,,0
20,https://www.birminghamboilerrepairs.uk/tudor-hill/biasi-specialists,Tudor Hill Biasi Specialists | Same Day Service | Fixed Price Quote,text/html; charset=utf-8,false,200,0,0,"https://www.birminghamboilerrepairs.uk/Tudor%20Hill/boiler-repairs
https://www.birminghamboilerrepairs.uk/Tudor%20Hill/boiler-servicing
https://www.birminghamboilerrepairs.uk/Tudor%20Hill/gas-safety","404
404
404",3,,,0
20,https://www.birminghamboilerrepairs.uk/kings-heath/glowworm-specialists,Kings Heath Glow-worm Specialists | Same Day Service | Fixed Price Quote,text/html; charset=utf-8,false,200,0,0,"https://www.birminghamboilerrepairs.uk/Kings%20Heath/boiler-repairs
https://www.birminghamboilerrepairs.uk/Kings%20Heath/boiler-servicing
https://www.birminghamboilerrepairs.uk/Kings%20Heath/gas-safety","404
404
404",3,,,0
20,https://www.birminghamboilerrepairs.uk/bordesley-green/boiler-servicing,Bordesley Green Boiler Servicing | Same Day Service | Fixed Price Quote,text/html; charset=utf-8,false,200,0,0,"https://www.birminghamboilerrepairs.uk/Bordesley%20Green/boiler-repairs
https://www.birminghamboilerrepairs.uk/Bordesley%20Green/combination-boiler-repairs
https://www.birminghamboilerrepairs.uk/Bordesley%20Green/gas-safety","404
404
404",3,,,0
20,https://www.birminghamboilerrepairs.uk/turves-green/ideal-boilers-specialists,Turves Green Ideal Boilers Specialists | Same Day Service | Fixed Price Quote,text/html; charset=utf-8,false,200,0,0,"https://www.birminghamboilerrepairs.uk/Turves%20Green/boiler-repairs
https://www.birminghamboilerrepairs.uk/Turves%20Green/boiler-servicing
https://www.birminghamboilerrepairs.uk/Turves%20Green/gas-safety","404
404
404",3,,,0
20,https://www.birminghamboilerrepairs.uk/old-oscott/baxi-specialists,Old Oscott Baxi Specialists | Same Day Service | Fixed Price Quote,text/html; charset=utf-8,false,200,0,0,"https://www.birminghamboilerrepairs.uk/Old%20Oscott/boiler-repairs
https://www.birminghamboilerrepairs.uk/Old%20Oscott/boiler-servicing
https://www.birminghamboilerrepairs.uk/Old%20Oscott/gas-safety","404
404
404",3,,,0
20,https://www.birminghamboilerrepairs.uk/gospel-oak/worcester-bosch-specialists,Gospel Oak Worcester Bosch Specialists | Same Day Service | Fixed Price Quote,text/html; charset=utf-8,false,200,0,0,"https://www.birminghamboilerrepairs.uk/Gospel%20Oak/boiler-repairs
https://www.birminghamboilerrepairs.uk/Gospel%20Oak/boiler-servicing
https://www.birminghamboilerrepairs.uk/Gospel%20Oak/gas-safety","404
404
404",3,,,0
20,https://www.birminghamboilerrepairs.uk/hall-green/ideal-boilers-specialists,Hall Green Ideal Boilers Specialists | Same Day Service | Fixed Price Quote,text/html; charset=utf-8,false,200,0,0,"https://www.birminghamboilerrepairs.uk/Hall%20Green/boiler-repairs
https://www.birminghamboilerrepairs.uk/Hall%20Green/boiler-servicing
https://www.birminghamboilerrepairs.uk/Hall%20Green/gas-safety","404
404
404",3,,,0
20,https://www.birminghamboilerrepairs.uk/spring-vale/viessmann-specialists,Spring Vale Viessmann Specialists | Same Day Service | Fixed Price Quote,text/html; charset=utf-8,false,200,0,0,"https://www.birminghamboilerrepairs.uk/Spring%20Vale/boiler-repairs
https://www.birminghamboilerrepairs.uk/Spring%20Vale/boiler-servicing
https://www.birminghamboilerrepairs.uk/Spring%20Vale/gas-safety","404
404
404",3,,,0
20,https://www.birminghamboilerrepairs.uk/pype-hayes/boiler-repairs,Pype Hayes Boiler Repairs | Same Day Service | Fixed Price Quote,text/html; charset=utf-8,false,200,0,0,"https://www.birminghamboilerrepairs.uk/Pype%20Hayes/boiler-servicing
https://www.birminghamboilerrepairs.uk/Pype%20Hayes/combination-boiler-repairs
https://www.birminghamboilerrepairs.uk/Pype%20Hayes/gas-safety","404
404
404",3,,,0
20,https://www.birminghamboilerrepairs.uk/the-parade/biasi-specialists,The Parade Biasi Specialists | Same Day Service | Fixed Price Quote,text/html; charset=utf-8,false,200,0,0,"https://www.birminghamboilerrepairs.uk/The%20Parade/boiler-repairs
https://www.birminghamboilerrepairs.uk/The%20Parade/boiler-servicing
https://www.birminghamboilerrepairs.uk/The%20Parade/gas-safety","404
404
404",3,,,0
20,https://www.birminghamboilerrepairs.uk/west-bromwich/ideal-boilers-specialists,West Bromwich Ideal Boilers Specialists | Same Day Service | Fixed Price Quote,text/html; charset=utf-8,false,200,0,0,"https://www.birminghamboilerrepairs.uk/West%20Bromwich/boiler-repairs
https://www.birminghamboilerrepairs.uk/West%20Bromwich/boiler-servicing
https://www.birminghamboilerrepairs.uk/West%20Bromwich/gas-safety","404
404
404",3,,,0
20,https://www.birminghamboilerrepairs.uk/gospel-oak/intergas-specialists,Gospel Oak Intergas Specialists | Same Day Service | Fixed Price Quote,text/html; charset=utf-8,false,200,0,0,"https://www.birminghamboilerrepairs.uk/Gospel%20Oak/boiler-repairs
https://www.birminghamboilerrepairs.uk/Gospel%20Oak/boiler-servicing
https://www.birminghamboilerrepairs.uk/Gospel%20Oak/gas-safety","404
404
404",3,,,0
20,https://www.birminghamboilerrepairs.uk/gospel-oak/ariston-specialists,Gospel Oak Ariston Specialists | Same Day Service | Fixed Price Quote,text/html; charset=utf-8,false,200,0,0,"https://www.birminghamboilerrepairs.uk/Gospel%20Oak/boiler-repairs
https://www.birminghamboilerrepairs.uk/Gospel%20Oak/boiler-servicing
https://www.birminghamboilerrepairs.uk/Gospel%20Oak/gas-safety","404
404
404",3,,,0
20,https://www.birminghamboilerrepairs.uk/gospel-oak/boiler-repairs,Gospel Oak Boiler Repairs | Same Day Service | Fixed Price Quote,text/html; charset=utf-8,false,200,0,0,"https://www.birminghamboilerrepairs.uk/Gospel%20Oak/boiler-servicing
https://www.birminghamboilerrepairs.uk/Gospel%20Oak/combination-boiler-repairs
https://www.birminghamboilerrepairs.uk/Gospel%20Oak/gas-safety","404
404
404",3,,,0
20,https://www.birminghamboilerrepairs.uk/cradley-heath/ideal-boilers-specialists,Cradley Heath Ideal Boilers Specialists | Same Day Service | Fixed Price Quote,text/html; charset=utf-8,false,200,0,0,"https://www.birminghamboilerrepairs.uk/Cradley%20Heath/boiler-repairs
https://www.birminghamboilerrepairs.uk/Cradley%20Heath/boiler-servicing
https://www.birminghamboilerrepairs.uk/Cradley%20Heath/gas-safety","404
404
404",3,,,0
20,https://www.birminghamboilerrepairs.uk/high-heath/main-boiler-specialists,High Heath Main Specialists | Same Day Service | Fixed Price Quote,text/html; charset=utf-8,false,200,0,0,"https://www.birminghamboilerrepairs.uk/High%20Heath/boiler-repairs
https://www.birminghamboilerrepairs.uk/High%20Heath/boiler-servicing
https://www.birminghamboilerrepairs.uk/High%20Heath/gas-safety","404
404
404",3,,,0
20,https://www.birminghamboilerrepairs.uk/tile-cross/alpha-boiler-specialists,Tile Cross Alpha Specialists | Same Day Service | Fixed Price Quote,text/html; charset=utf-8,false,200,0,0,"https://www.birminghamboilerrepairs.uk/Tile%20Cross/boiler-repairs
https://www.birminghamboilerrepairs.uk/Tile%20Cross/boiler-servicing
https://www.birminghamboilerrepairs.uk/Tile%20Cross/gas-safety","404
404
404",3,,,0
20,https://www.birminghamboilerrepairs.uk/spring-vale/atag-specialists,Spring Vale Atag Specialists | Same Day Service | Fixed Price Quote,text/html; charset=utf-8,false,200,0,0,"https://www.birminghamboilerrepairs.uk/Spring%20Vale/boiler-repairs
https://www.birminghamboilerrepairs.uk/Spring%20Vale/boiler-servicing
https://www.birminghamboilerrepairs.uk/Spring%20Vale/gas-safety","404
404
404",3,,,0
20,https://www.birminghamboilerrepairs.uk/cofton-common/main-boiler-specialists,Cofton Common Main Specialists | Same Day Service | Fixed Price Quote,text/html; charset=utf-8,false,200,0,0,"https://www.birminghamboilerrepairs.uk/Cofton%20Common/boiler-repairs
https://www.birminghamboilerrepairs.uk/Cofton%20Common/boiler-servicing
https://www.birminghamboilerrepairs.uk/Cofton%20Common/gas-safety","404
404
404",3,,,0
20,https://www.birminghamboilerrepairs.uk/selly-park/baxi-specialists,Selly Park Baxi Specialists | Same Day Service | Fixed Price Quote,text/html; charset=utf-8,false,200,0,0,"https://www.birminghamboilerrepairs.uk/Selly%20Park/boiler-repairs
https://www.birminghamboilerrepairs.uk/Selly%20Park/boiler-servicing
https://www.birminghamboilerrepairs.uk/Selly%20Park/gas-safety","404
404
404",3,,,0
20,https://www.birminghamboilerrepairs.uk/spring-vale/alpha-boiler-specialists,Spring Vale Alpha Specialists | Same Day Service | Fixed Price Quote,text/html; charset=utf-8,false,200,0,0,"https://www.birminghamboilerrepairs.uk/Spring%20Vale/boiler-repairs
https://www.birminghamboilerrepairs.uk/Spring%20Vale/boiler-servicing
https://www.birminghamboilerrepairs.uk/Spring%20Vale/gas-safety","404
404
404",3,,,0
20,https://www.birminghamboilerrepairs.uk/tile-cross/baxi-specialists,Tile Cross Baxi Specialists | Same Day Service | Fixed Price Quote,text/html; charset=utf-8,false,200,0,0,"https://www.birminghamboilerrepairs.uk/Tile%20Cross/boiler-repairs
https://www.birminghamboilerrepairs.uk/Tile%20Cross/boiler-servicing
https://www.birminghamboilerrepairs.uk/Tile%20Cross/gas-safety","404
404
404",3,,,0
20,https://www.birminghamboilerrepairs.uk/sutton-coldfield/potterton-specialists,Sutton Coldfield Potterton Specialists | Same Day Service | Fixed Price Quote,text/html; charset=utf-8,false,200,7,0,"https://www.birminghamboilerrepairs.uk/Sutton%20Coldfield/boiler-repairs
https://www.birminghamboilerrepairs.uk/Sutton%20Coldfield/boiler-servicing
https://www.birminghamboilerrepairs.uk/Sutton%20Coldfield/gas-safety","404
404
404",3,,,0
20,https://www.birminghamboilerrepairs.uk/shard-end/vokera-specialists,Shard End Vokera Specialists | Same Day Service | Fixed Price Quote,text/html; charset=utf-8,false,200,0,0,"https://www.birminghamboilerrepairs.uk/Shard%20End/boiler-repairs
https://www.birminghamboilerrepairs.uk/Shard%20End/boiler-servicing
https://www.birminghamboilerrepairs.uk/Shard%20End/gas-safety","404
404
404",3,,,0
20,https://www.birminghamboilerrepairs.uk/shenley-fields/viessmann-specialists,Shenley Fields Viessmann Specialists | Same Day Service | Fixed Price Quote,text/html; charset=utf-8,false,200,0,0,"https://www.birminghamboilerrepairs.uk/Shenley%20Fields/boiler-repairs
https://www.birminghamboilerrepairs.uk/Shenley%20Fields/boiler-servicing
https://www.birminghamboilerrepairs.uk/Shenley%20Fields/gas-safety","404
404
404",3,,,0
20,https://www.birminghamboilerrepairs.uk/glebe-farm/ideal-boilers-specialists,Glebe Farm Ideal Boilers Specialists | Same Day Service | Fixed Price Quote,text/html; charset=utf-8,false,200,0,0,"https://www.birminghamboilerrepairs.uk/Glebe%20Farm/boiler-repairs
https://www.birminghamboilerrepairs.uk/Glebe%20Farm/boiler-servicing
https://www.birminghamboilerrepairs.uk/Glebe%20Farm/gas-safety","404
404
404",3,,,0
20,https://www.birminghamboilerrepairs.uk/rowley-regis/biasi-specialists,Rowley Regis Biasi Specialists | Same Day Service | Fixed Price Quote,text/html; charset=utf-8,false,200,0,0,"https://www.birminghamboilerrepairs.uk/Rowley%20Regis/boiler-repairs
https://www.birminghamboilerrepairs.uk/Rowley%20Regis/boiler-servicing
https://www.birminghamboilerrepairs.uk/Rowley%20Regis/gas-safety","404
404
404",3,,,0
20,https://www.birminghamboilerrepairs.uk/buckland-end/combination-boiler-repairs,Buckland End Combination Boiler Repairs | Same Day Service | Fixed Price Quote,text/html; charset=utf-8,false,200,0,0,"https://www.birminghamboilerrepairs.uk/Buckland%20End/boiler-repairs
https://www.birminghamboilerrepairs.uk/Buckland%20End/boiler-servicing
https://www.birminghamboilerrepairs.uk/Buckland%20End/gas-safety","404
404
404",3,,,0
20,https://www.birminghamboilerrepairs.uk/bordesley-green/glowworm-specialists,Bordesley Green Glow-worm Specialists | Same Day Service | Fixed Price Quote,text/html; charset=utf-8,false,200,0,0,"https://www.birminghamboilerrepairs.uk/Bordesley%20Green/boiler-repairs
https://www.birminghamboilerrepairs.uk/Bordesley%20Green/boiler-servicing
https://www.birminghamboilerrepairs.uk/Bordesley%20Green/gas-safety","404
404
404",3,,,0
20,https://www.birminghamboilerrepairs.uk/hall-green/glowworm-specialists,Hall Green Glow-worm Specialists | Same Day Service | Fixed Price Quote,text/html; charset=utf-8,false,200,0,0,"https://www.birminghamboilerrepairs.uk/Hall%20Green/boiler-repairs
https://www.birminghamboilerrepairs.uk/Hall%20Green/boiler-servicing
https://www.birminghamboilerrepairs.uk/Hall%20Green/gas-safety","404
404
404",3,,,0
20,https://www.birminghamboilerrepairs.uk/rotton-park/gas-safety,Rotton Park Gas Safety Inspections | Same Day Service | Fixed Price Quote,text/html; charset=utf-8,false,200,0,0,"https://www.birminghamboilerrepairs.uk/Rotton%20Park/boiler-repairs
https://www.birminghamboilerrepairs.uk/Rotton%20Park/boiler-servicing
https://www.birminghamboilerrepairs.uk/Rotton%20Park/combination-boiler-repairs","404
404
404",3,,,0
20,https://www.birminghamboilerrepairs.uk/selly-park/intergas-specialists,Selly Park Intergas Specialists | Same Day Service | Fixed Price Quote,text/html; charset=utf-8,false,200,0,0,"https://www.birminghamboilerrepairs.uk/Selly%20Park/boiler-repairs
https://www.birminghamboilerrepairs.uk/Selly%20Park/boiler-servicing
https://www.birminghamboilerrepairs.uk/Selly%20Park/gas-safety","404
404
404",3,,,0
20,https://www.birminghamboilerrepairs.uk/old-oscott/atag-specialists,Old Oscott Atag Specialists | Same Day Service | Fixed Price Quote,text/html; charset=utf-8,false,200,0,0,"https://www.birminghamboilerrepairs.uk/Old%20Oscott/boiler-repairs
https://www.birminghamboilerrepairs.uk/Old%20Oscott/boiler-servicing
https://www.birminghamboilerrepairs.uk/Old%20Oscott/gas-safety","404
404
404",3,,,0
20,https://www.birminghamboilerrepairs.uk/perry-beeches/combination-boiler-repairs,Perry Beeches Combination Boiler Repairs | Same Day Service | Fixed Price Quote,text/html; charset=utf-8,false,200,0,0,"https://www.birminghamboilerrepairs.uk/Perry%20Beeches/boiler-repairs
https://www.birminghamboilerrepairs.uk/Perry%20Beeches/boiler-servicing
https://www.birminghamboilerrepairs.uk/Perry%20Beeches/gas-safety","404
404
404",3,,,0
20,https://www.birminghamboilerrepairs.uk/yardley-wood/vokera-specialists,Yardley Wood Vokera Specialists | Same Day Service | Fixed Price Quote,text/html; charset=utf-8,false,200,0,0,"https://www.birminghamboilerrepairs.uk/Yardley%20Wood/boiler-repairs
https://www.birminghamboilerrepairs.uk/Yardley%20Wood/boiler-servicing
https://www.birminghamboilerrepairs.uk/Yardley%20Wood/gas-safety","404
404
404",3,,,0
20,https://www.birminghamboilerrepairs.uk/hill-hook/boiler-servicing,Hill Hook Boiler Servicing | Same Day Service | Fixed Price Quote,text/html; charset=utf-8,false,200,0,0,"https://www.birminghamboilerrepairs.uk/Hill%20Hook/boiler-repairs
https://www.birminghamboilerrepairs.uk/Hill%20Hook/combination-boiler-repairs
https://www.birminghamboilerrepairs.uk/Hill%20Hook/gas-safety","404
404
404",3,,,0
20,https://www.birminghamboilerrepairs.uk/gib-heath/ferroli-specialists,Gib Heath Ferroli Specialists | Same Day Service | Fixed Price Quote,text/html; charset=utf-8,false,200,0,0,"https://www.birminghamboilerrepairs.uk/Gib%20Heath/boiler-repairs
https://www.birminghamboilerrepairs.uk/Gib%20Heath/boiler-servicing
https://www.birminghamboilerrepairs.uk/Gib%20Heath/gas-safety","404
404
404",3,,,0
20,https://www.birminghamboilerrepairs.uk/showell-green/glowworm-specialists,Showell Green Glow-worm Specialists | Same Day Service | Fixed Price Quote,text/html; charset=utf-8,false,200,0,0,"https://www.birminghamboilerrepairs.uk/Showell%20Green/boiler-repairs
https://www.birminghamboilerrepairs.uk/Showell%20Green/boiler-servicing
https://www.birminghamboilerrepairs.uk/Showell%20Green/gas-safety","404
404
404",3,,,0
20,https://www.birminghamboilerrepairs.uk/hill-hook/vaillant-specialists,Hill Hook Vaillant Specialists | Same Day Service | Fixed Price Quote,text/html; charset=utf-8,false,200,0,0,"https://www.birminghamboilerrepairs.uk/Hill%20Hook/boiler-repairs
https://www.birminghamboilerrepairs.uk/Hill%20Hook/boiler-servicing
https://www.birminghamboilerrepairs.uk/Hill%20Hook/gas-safety","404
404
404",3,,,0
20,https://www.birminghamboilerrepairs.uk/the-parade/main-boiler-specialists,The Parade Main Specialists | Same Day Service | Fixed Price Quote,text/html; charset=utf-8,false,200,0,0,"https://www.birminghamboilerrepairs.uk/The%20Parade/boiler-repairs
https://www.birminghamboilerrepairs.uk/The%20Parade/boiler-servicing
https://www.birminghamboilerrepairs.uk/The%20Parade/gas-safety","404
404
404",3,,,0
20,https://www.birminghamboilerrepairs.uk/reddicap-heath/boiler-repairs,Reddicap Heath Boiler Repairs | Same Day Service | Fixed Price Quote,text/html; charset=utf-8,false,200,0,0,"https://www.birminghamboilerrepairs.uk/Reddicap%20Heath/boiler-servicing
https://www.birminghamboilerrepairs.uk/Reddicap%20Heath/combination-boiler-repairs
https://www.birminghamboilerrepairs.uk/Reddicap%20Heath/gas-safety","404
404
404",3,,,0
20,https://www.birminghamboilerrepairs.uk/aston-fields/alpha-boiler-specialists,Aston Fields Alpha Specialists | Same Day Service | Fixed Price Quote,text/html; charset=utf-8,false,200,0,0,"https://www.birminghamboilerrepairs.uk/Aston%20Fields/boiler-repairs
https://www.birminghamboilerrepairs.uk/Aston%20Fields/boiler-servicing
https://www.birminghamboilerrepairs.uk/Aston%20Fields/gas-safety","404
404
404",3,,,0
20,https://www.birminghamboilerrepairs.uk/over-green/biasi-specialists,Over Green Biasi Specialists | Same Day Service | Fixed Price Quote,text/html; charset=utf-8,false,200,0,0,"https://www.birminghamboilerrepairs.uk/Over%20Green/boiler-repairs
https://www.birminghamboilerrepairs.uk/Over%20Green/boiler-servicing
https://www.birminghamboilerrepairs.uk/Over%20Green/gas-safety","404
404
404",3,,,0
20,https://www.birminghamboilerrepairs.uk/spring-vale/ariston-specialists,Spring Vale Ariston Specialists | Same Day Service | Fixed Price Quote,text/html; charset=utf-8,false,200,0,0,"https://www.birminghamboilerrepairs.uk/Spring%20Vale/boiler-repairs
https://www.birminghamboilerrepairs.uk/Spring%20Vale/boiler-servicing
https://www.birminghamboilerrepairs.uk/Spring%20Vale/gas-safety","404
404
404",3,,,0
20,https://www.birminghamboilerrepairs.uk/ten-acres/atag-specialists,Ten Acres Atag Specialists | Same Day Service | Fixed Price Quote,text/html; charset=utf-8,false,200,0,0,"https://www.birminghamboilerrepairs.uk/Ten%20Acres/boiler-repairs
https://www.birminghamboilerrepairs.uk/Ten%20Acres/boiler-servicing
https://www.birminghamboilerrepairs.uk/Ten%20Acres/gas-safety","404
404
404",3,,,0
20,https://www.birminghamboilerrepairs.uk/gosta-green/viessmann-specialists,Gosta Green Viessmann Specialists | Same Day Service | Fixed Price Quote,text/html; charset=utf-8,false,200,0,0,"https://www.birminghamboilerrepairs.uk/Gosta%20Green/boiler-repairs
https://www.birminghamboilerrepairs.uk/Gosta%20Green/boiler-servicing
https://www.birminghamboilerrepairs.uk/Gosta%20Green/gas-safety","404
404
404",3,,,0
20,https://www.birminghamboilerrepairs.uk/turves-green/worcester-bosch-specialists,Turves Green Worcester Bosch Specialists | Same Day Service | Fixed Price Quote,text/html; charset=utf-8,false,200,0,0,"https://www.birminghamboilerrepairs.uk/Turves%20Green/boiler-repairs
https://www.birminghamboilerrepairs.uk/Turves%20Green/boiler-servicing
https://www.birminghamboilerrepairs.uk/Turves%20Green/gas-safety","404
404
404",3,,,0
20,https://www.birminghamboilerrepairs.uk/selly-park/boiler-servicing,Selly Park Boiler Servicing | Same Day Service | Fixed Price Quote,text/html; charset=utf-8,false,200,0,0,"https://www.birminghamboilerrepairs.uk/Selly%20Park/boiler-repairs
https://www.birminghamboilerrepairs.uk/Selly%20Park/combination-boiler-repairs
https://www.birminghamboilerrepairs.uk/Selly%20Park/gas-safety","404
404
404",3,,,0
20,https://www.birminghamboilerrepairs.uk/highters-heath/main-boiler-specialists,Highters Heath Main Specialists | Same Day Service | Fixed Price Quote,text/html; charset=utf-8,false,200,0,0,"https://www.birminghamboilerrepairs.uk/Highters%20Heath/boiler-repairs
https://www.birminghamboilerrepairs.uk/Highters%20Heath/boiler-servicing
https://www.birminghamboilerrepairs.uk/Highters%20Heath/gas-safety","404
404
404",3,,,0
20,https://www.birminghamboilerrepairs.uk/south-woodgate/potterton-specialists,South Woodgate Potterton Specialists | Same Day Service | Fixed Price Quote,text/html; charset=utf-8,false,200,0,0,"https://www.birminghamboilerrepairs.uk/South%20Woodgate/boiler-repairs
https://www.birminghamboilerrepairs.uk/South%20Woodgate/boiler-servicing
https://www.birminghamboilerrepairs.uk/South%20Woodgate/gas-safety","404
404
404",3,,,0
20,https://www.birminghamboilerrepairs.uk/sutton-coldfield/heatline-specialists,Sutton Coldfield Heatline Specialists | Same Day Service | Fixed Price Quote,text/html; charset=utf-8,false,200,0,0,"https://www.birminghamboilerrepairs.uk/Sutton%20Coldfield/boiler-repairs
https://www.birminghamboilerrepairs.uk/Sutton%20Coldfield/boiler-servicing
https://www.birminghamboilerrepairs.uk/Sutton%20Coldfield/gas-safety","404
404
404",3,,,0
20,https://www.birminghamboilerrepairs.uk/handsworth-wood/biasi-specialists,Handsworth Wood Biasi Specialists | Same Day Service | Fixed Price Quote,text/html; charset=utf-8,false,200,0,0,"https://www.birminghamboilerrepairs.uk/Handsworth%20Wood/boiler-repairs
https://www.birminghamboilerrepairs.uk/Handsworth%20Wood/boiler-servicing
https://www.birminghamboilerrepairs.uk/Handsworth%20Wood/gas-safety","404
404
404",3,,,0
20,https://www.birminghamboilerrepairs.uk/yardley-wood/combination-boiler-services,Yardley Wood Combination Boiler Services | Same Day Service | Fixed Price Quote,text/html; charset=utf-8,false,200,0,0,"https://www.birminghamboilerrepairs.uk/Yardley%20Wood/boiler-repairs
https://www.birminghamboilerrepairs.uk/Yardley%20Wood/boiler-servicing
https://www.birminghamboilerrepairs.uk/Yardley%20Wood/gas-safety","404
404
404",3,,,0
20,https://www.birminghamboilerrepairs.uk/hall-green/combination-boiler-services,Hall Green Combination Boiler Services | Same Day Service | Fixed Price Quote,text/html; charset=utf-8,false,200,0,0,"https://www.birminghamboilerrepairs.uk/Hall%20Green/boiler-repairs
https://www.birminghamboilerrepairs.uk/Hall%20Green/boiler-servicing
https://www.birminghamboilerrepairs.uk/Hall%20Green/gas-safety","404
404
404",3,,,0
20,https://www.birminghamboilerrepairs.uk/shard-end/boiler-repairs,Shard End Boiler Repairs | Same Day Service | Fixed Price Quote,text/html; charset=utf-8,false,200,0,0,"https://www.birminghamboilerrepairs.uk/Shard%20End/boiler-servicing
https://www.birminghamboilerrepairs.uk/Shard%20End/combination-boiler-repairs
https://www.birminghamboilerrepairs.uk/Shard%20End/gas-safety","404
404
404",3,,,0
20,https://www.birminghamboilerrepairs.uk/tower-hill/intergas-specialists,Tower Hill Intergas Specialists | Same Day Service | Fixed Price Quote,text/html; charset=utf-8,false,200,0,0,"https://www.birminghamboilerrepairs.uk/Tower%20Hill/boiler-repairs
https://www.birminghamboilerrepairs.uk/Tower%20Hill/boiler-servicing
https://www.birminghamboilerrepairs.uk/Tower%20Hill/gas-safety","404
404
404",3,,,0
20,https://www.birminghamboilerrepairs.uk/cradley-heath/glowworm-specialists,Cradley Heath Glow-worm Specialists | Same Day Service | Fixed Price Quote,text/html; charset=utf-8,false,200,0,0,"https://www.birminghamboilerrepairs.uk/Cradley%20Heath/boiler-repairs
https://www.birminghamboilerrepairs.uk/Cradley%20Heath/boiler-servicing
https://www.birminghamboilerrepairs.uk/Cradley%20Heath/gas-safety","404
404
404",3,,,0
20,https://www.birminghamboilerrepairs.uk/four-oaks/vaillant-specialists,Four Oaks Vaillant Specialists | Same Day Service | Fixed Price Quote,text/html; charset=utf-8,false,200,0,0,"https://www.birminghamboilerrepairs.uk/Four%20Oaks/boiler-repairs
https://www.birminghamboilerrepairs.uk/Four%20Oaks/boiler-servicing
https://www.birminghamboilerrepairs.uk/Four%20Oaks/gas-safety","404
404
404",3,,,0
20,https://www.birminghamboilerrepairs.uk/short-heath/heatline-specialists,Short Heath Heatline Specialists | Same Day Service | Fixed Price Quote,text/html; charset=utf-8,false,200,0,0,"https://www.birminghamboilerrepairs.uk/Short%20Heath/boiler-repairs
https://www.birminghamboilerrepairs.uk/Short%20Heath/boiler-servicing
https://www.birminghamboilerrepairs.uk/Short%20Heath/gas-safety","404
404
404",3,,,0
20,https://www.birminghamboilerrepairs.uk/harts-green/combination-boiler-services,Harts Green Combination Boiler Services | Same Day Service | Fixed Price Quote,text/html; charset=utf-8,false,200,0,0,"https://www.birminghamboilerrepairs.uk/Harts%20Green/boiler-repairs
https://www.birminghamboilerrepairs.uk/Harts%20Green/boiler-servicing
https://www.birminghamboilerrepairs.uk/Harts%20Green/gas-safety","404
404
404",3,,,0
20,https://www.birminghamboilerrepairs.uk/gun-quarter/intergas-specialists,Gun Quarter Intergas Specialists | Same Day Service | Fixed Price Quote,text/html; charset=utf-8,false,200,0,0,"https://www.birminghamboilerrepairs.uk/Gun%20Quarter/boiler-repairs
https://www.birminghamboilerrepairs.uk/Gun%20Quarter/boiler-servicing
https://www.birminghamboilerrepairs.uk/Gun%20Quarter/gas-safety","404
404
404",3,,,0
20,https://www.birminghamboilerrepairs.uk/shenley-green/main-boiler-specialists,Shenley Green Main Specialists | Same Day Service | Fixed Price Quote,text/html; charset=utf-8,false,200,0,0,"https://www.birminghamboilerrepairs.uk/Shenley%20Green/boiler-repairs
https://www.birminghamboilerrepairs.uk/Shenley%20Green/boiler-servicing
https://www.birminghamboilerrepairs.uk/Shenley%20Green/gas-safety","404
404
404",3,,,0
20,https://www.birminghamboilerrepairs.uk/garretts-green/vokera-specialists,Garretts Green Vokera Specialists | Same Day Service | Fixed Price Quote,text/html; charset=utf-8,false,200,0,0,"https://www.birminghamboilerrepairs.uk/Garretts%20Green/boiler-repairs
https://www.birminghamboilerrepairs.uk/Garretts%20Green/boiler-servicing
https://www.birminghamboilerrepairs.uk/Garretts%20Green/gas-safety","404
404
404",3,,,0
20,https://www.birminghamboilerrepairs.uk/chad-valley/intergas-specialists,Chad Valley Intergas Specialists | Same Day Service | Fixed Price Quote,text/html; charset=utf-8,false,200,0,0,"https://www.birminghamboilerrepairs.uk/Chad%20Valley/boiler-repairs
https://www.birminghamboilerrepairs.uk/Chad%20Valley/boiler-servicing
https://www.birminghamboilerrepairs.uk/Chad%20Valley/gas-safety","404
404
404",3,,,0
20,https://www.birminghamboilerrepairs.uk/great-barr/main-boiler-specialists,Great Barr Main Specialists | Same Day Service | Fixed Price Quote,text/html; charset=utf-8,false,200,0,0,"https://www.birminghamboilerrepairs.uk/Great%20Barr/boiler-repairs
https://www.birminghamboilerrepairs.uk/Great%20Barr/boiler-servicing
https://www.birminghamboilerrepairs.uk/Great%20Barr/gas-safety","404
404
404",3,,,0
20,https://www.birminghamboilerrepairs.uk/selly-oak/glowworm-specialists,Selly Oak Glow-worm Specialists | Same Day Service | Fixed Price Quote,text/html; charset=utf-8,false,200,0,0,"https://www.birminghamboilerrepairs.uk/Selly%20Oak/boiler-repairs
https://www.birminghamboilerrepairs.uk/Selly%20Oak/boiler-servicing
https://www.birminghamboilerrepairs.uk/Selly%20Oak/gas-safety","404
404
404",3,,,0
20,https://www.birminghamboilerrepairs.uk/four-oaks/combination-boiler-repairs,Four Oaks Combination Boiler Repairs | Same Day Service | Fixed Price Quote,text/html; charset=utf-8,false,200,0,0,"https://www.birminghamboilerrepairs.uk/Four%20Oaks/boiler-repairs
https://www.birminghamboilerrepairs.uk/Four%20Oaks/boiler-servicing
https://www.birminghamboilerrepairs.uk/Four%20Oaks/gas-safety","404
404
404",3,,,0
20,https://www.birminghamboilerrepairs.uk/great-barr/heatline-specialists,Great Barr Heatline Specialists | Same Day Service | Fixed Price Quote,text/html; charset=utf-8,false,200,0,0,"https://www.birminghamboilerrepairs.uk/Great%20Barr/boiler-repairs
https://www.birminghamboilerrepairs.uk/Great%20Barr/boiler-servicing
https://www.birminghamboilerrepairs.uk/Great%20Barr/gas-safety","404
404
404",3,,,0
20,https://www.birminghamboilerrepairs.uk/bordesley-green/alpha-boiler-specialists,Bordesley Green Alpha Specialists | Same Day Service | Fixed Price Quote,text/html; charset=utf-8,false,200,0,0,"https://www.birminghamboilerrepairs.uk/Bordesley%20Green/boiler-repairs
https://www.birminghamboilerrepairs.uk/Bordesley%20Green/boiler-servicing
https://www.birminghamboilerrepairs.uk/Bordesley%20Green/gas-safety","404
404
404",3,,,0
20,https://www.birminghamboilerrepairs.uk/selly-oak/intergas-specialists,Selly Oak Intergas Specialists | Same Day Service | Fixed Price Quote,text/html; charset=utf-8,false,200,0,0,"https://www.birminghamboilerrepairs.uk/Selly%20Oak/boiler-repairs
https://www.birminghamboilerrepairs.uk/Selly%20Oak/boiler-servicing
https://www.birminghamboilerrepairs.uk/Selly%20Oak/gas-safety","404
404
404",3,,,0
20,https://www.birminghamboilerrepairs.uk/camp-hill/viessmann-specialists,Camp Hill Viessmann Specialists | Same Day Service | Fixed Price Quote,text/html; charset=utf-8,false,200,0,0,"https://www.birminghamboilerrepairs.uk/Camp%20Hill/boiler-repairs
https://www.birminghamboilerrepairs.uk/Camp%20Hill/boiler-servicing
https://www.birminghamboilerrepairs.uk/Camp%20Hill/gas-safety","404
404
404",3,,,0
20,https://www.birminghamboilerrepairs.uk/selly-oak/combination-boiler-services,Selly Oak Combination Boiler Services | Same Day Service | Fixed Price Quote,text/html; charset=utf-8,false,200,0,0,"https://www.birminghamboilerrepairs.uk/Selly%20Oak/boiler-repairs
https://www.birminghamboilerrepairs.uk/Selly%20Oak/boiler-servicing
https://www.birminghamboilerrepairs.uk/Selly%20Oak/gas-safety","404
404
404",3,,,0
20,https://www.birminghamboilerrepairs.uk/over-green/gas-safety,Over Green Gas Safety Inspections | Same Day Service | Fixed Price Quote,text/html; charset=utf-8,false,200,0,0,"https://www.birminghamboilerrepairs.uk/Over%20Green/boiler-repairs
https://www.birminghamboilerrepairs.uk/Over%20Green/boiler-servicing
https://www.birminghamboilerrepairs.uk/Over%20Green/combination-boiler-repairs","404
404
404",3,,,0
20,https://www.birminghamboilerrepairs.uk/handsworth-wood/vaillant-specialists,Handsworth Wood Vaillant Specialists | Same Day Service | Fixed Price Quote,text/html; charset=utf-8,false,200,0,0,"https://www.birminghamboilerrepairs.uk/Handsworth%20Wood/boiler-repairs
https://www.birminghamboilerrepairs.uk/Handsworth%20Wood/boiler-servicing
https://www.birminghamboilerrepairs.uk/Handsworth%20Wood/gas-safety","404
404
404",3,,,0
20,https://www.birminghamboilerrepairs.uk/tile-cross/intergas-specialists,Tile Cross Intergas Specialists | Same Day Service | Fixed Price Quote,text/html; charset=utf-8,false,200,0,0,"https://www.birminghamboilerrepairs.uk/Tile%20Cross/boiler-repairs
https://www.birminghamboilerrepairs.uk/Tile%20Cross/boiler-servicing
https://www.birminghamboilerrepairs.uk/Tile%20Cross/gas-safety","404
404
404",3,,,0
20,https://www.birminghamboilerrepairs.uk/pype-hayes/vokera-specialists,Pype Hayes Vokera Specialists | Same Day Service | Fixed Price Quote,text/html; charset=utf-8,false,200,0,0,"https://www.birminghamboilerrepairs.uk/Pype%20Hayes/boiler-repairs
https://www.birminghamboilerrepairs.uk/Pype%20Hayes/boiler-servicing
https://www.birminghamboilerrepairs.uk/Pype%20Hayes/gas-safety","404
404
404",3,,,0
20,https://www.birminghamboilerrepairs.uk/rowley-regis/gas-safety,Rowley Regis Gas Safety Inspections | Same Day Service | Fixed Price Quote,text/html; charset=utf-8,false,200,0,0,"https://www.birminghamboilerrepairs.uk/Rowley%20Regis/boiler-repairs
https://www.birminghamboilerrepairs.uk/Rowley%20Regis/boiler-servicing
https://www.birminghamboilerrepairs.uk/Rowley%20Regis/combination-boiler-repairs","404
404
404",3,,,0
20,https://www.birminghamboilerrepairs.uk/hodge-hill/boiler-repairs,Hodge Hill Boiler Repairs | Same Day Service | Fixed Price Quote,text/html; charset=utf-8,false,200,0,0,"https://www.birminghamboilerrepairs.uk/Hodge%20Hill/boiler-servicing
https://www.birminghamboilerrepairs.uk/Hodge%20Hill/combination-boiler-repairs
https://www.birminghamboilerrepairs.uk/Hodge%20Hill/gas-safety","404
404
404",3,,,0
20,https://www.birminghamboilerrepairs.uk/grimstock-hill/alpha-boiler-specialists,Grimstock Hill Alpha Specialists | Same Day Service | Fixed Price Quote,text/html; charset=utf-8,false,200,0,0,"https://www.birminghamboilerrepairs.uk/Grimstock%20Hill/boiler-repairs
https://www.birminghamboilerrepairs.uk/Grimstock%20Hill/boiler-servicing
https://www.birminghamboilerrepairs.uk/Grimstock%20Hill/gas-safety","404
404
404",3,,,0
20,https://www.birminghamboilerrepairs.uk/shenley-green/vokera-specialists,Shenley Green Vokera Specialists | Same Day Service | Fixed Price Quote,text/html; charset=utf-8,false,200,0,0,"https://www.birminghamboilerrepairs.uk/Shenley%20Green/boiler-repairs
https://www.birminghamboilerrepairs.uk/Shenley%20Green/boiler-servicing
https://www.birminghamboilerrepairs.uk/Shenley%20Green/gas-safety","404
404
404",3,,,0
20,https://www.birminghamboilerrepairs.uk/tile-cross/gas-safety,Tile Cross Gas Safety Inspections | Same Day Service | Fixed Price Quote,text/html; charset=utf-8,false,200,0,0,"https://www.birminghamboilerrepairs.uk/Tile%20Cross/boiler-repairs
https://www.birminghamboilerrepairs.uk/Tile%20Cross/boiler-servicing
https://www.birminghamboilerrepairs.uk/Tile%20Cross/combination-boiler-repairs","404
404
404",3,,,0
20,https://www.birminghamboilerrepairs.uk/cofton-common/heatline-specialists,Cofton Common Heatline Specialists | Same Day Service | Fixed Price Quote,text/html; charset=utf-8,false,200,0,0,"https://www.birminghamboilerrepairs.uk/Cofton%20Common/boiler-repairs
https://www.birminghamboilerrepairs.uk/Cofton%20Common/boiler-servicing
https://www.birminghamboilerrepairs.uk/Cofton%20Common/gas-safety","404
404
404",3,,,0
20,https://www.birminghamboilerrepairs.uk/shard-end/boiler-servicing,Shard End Boiler Servicing | Same Day Service | Fixed Price Quote,text/html; charset=utf-8,false,200,0,0,"https://www.birminghamboilerrepairs.uk/Shard%20End/boiler-repairs
https://www.birminghamboilerrepairs.uk/Shard%20End/combination-boiler-repairs
https://www.birminghamboilerrepairs.uk/Shard%20End/gas-safety","404
404
404",3,,,0
20,https://www.birminghamboilerrepairs.uk/fox-hollies/combination-boiler-services,Fox Hollies Combination Boiler Services | Same Day Service | Fixed Price Quote,text/html; charset=utf-8,false,200,0,0,"https://www.birminghamboilerrepairs.uk/Fox%20Hollies/boiler-repairs
https://www.birminghamboilerrepairs.uk/Fox%20Hollies/boiler-servicing
https://www.birminghamboilerrepairs.uk/Fox%20Hollies/gas-safety","404
404
404",3,,,0
20,https://www.birminghamboilerrepairs.uk/rotton-park/intergas-specialists,Rotton Park Intergas Specialists | Same Day Service | Fixed Price Quote,text/html; charset=utf-8,false,200,0,0,"https://www.birminghamboilerrepairs.uk/Rotton%20Park/boiler-repairs
https://www.birminghamboilerrepairs.uk/Rotton%20Park/boiler-servicing
https://www.birminghamboilerrepairs.uk/Rotton%20Park/gas-safety","404
404
404",3,,,0
20,https://www.birminghamboilerrepairs.uk/buckland-end/ariston-specialists,Buckland End Ariston Specialists | Same Day Service | Fixed Price Quote,text/html; charset=utf-8,false,200,0,0,"https://www.birminghamboilerrepairs.uk/Buckland%20End/boiler-repairs
https://www.birminghamboilerrepairs.uk/Buckland%20End/boiler-servicing
https://www.birminghamboilerrepairs.uk/Buckland%20End/gas-safety","404
404
404",3,,,0
20,https://www.birminghamboilerrepairs.uk/shenley-fields/worcester-bosch-specialists,Shenley Fields Worcester Bosch Specialists | Same Day Service | Fixed Price Quote,text/html; charset=utf-8,false,200,0,0,"https://www.birminghamboilerrepairs.uk/Shenley%20Fields/boiler-repairs
https://www.birminghamboilerrepairs.uk/Shenley%20Fields/boiler-servicing
https://www.birminghamboilerrepairs.uk/Shenley%20Fields/gas-safety","404
404
404",3,,,0
20,https://www.birminghamboilerrepairs.uk/hill-wood/vokera-specialists,Hill Wood Vokera Specialists | Same Day Service | Fixed Price Quote,text/html; charset=utf-8,false,200,0,0,"https://www.birminghamboilerrepairs.uk/Hill%20Wood/boiler-repairs
https://www.birminghamboilerrepairs.uk/Hill%20Wood/boiler-servicing
https://www.birminghamboilerrepairs.uk/Hill%20Wood/gas-safety","404
404
404",3,,,0
20,https://www.birminghamboilerrepairs.uk/reddicap-heath/viessmann-specialists,Reddicap Heath Viessmann Specialists | Same Day Service | Fixed Price Quote,text/html; charset=utf-8,false,200,0,0,"https://www.birminghamboilerrepairs.uk/Reddicap%20Heath/boiler-repairs
https://www.birminghamboilerrepairs.uk/Reddicap%20Heath/boiler-servicing
https://www.birminghamboilerrepairs.uk/Reddicap%20Heath/gas-safety","404
404
404",3,,,0
20,https://www.birminghamboilerrepairs.uk/thimble-end/boiler-repairs,Thimble End Boiler Repairs | Same Day Service | Fixed Price Quote,text/html; charset=utf-8,false,200,0,0,"https://www.birminghamboilerrepairs.uk/Thimble%20End/boiler-servicing
https://www.birminghamboilerrepairs.uk/Thimble%20End/combination-boiler-repairs
https://www.birminghamboilerrepairs.uk/Thimble%20End/gas-safety","404
404
404",3,,,0
20,https://www.birminghamboilerrepairs.uk/perry-beeches/boiler-servicing,Perry Beeches Boiler Servicing | Same Day Service | Fixed Price Quote,text/html; charset=utf-8,false,200,0,0,"https://www.birminghamboilerrepairs.uk/Perry%20Beeches/boiler-repairs
https://www.birminghamboilerrepairs.uk/Perry%20Beeches/combination-boiler-repairs
https://www.birminghamboilerrepairs.uk/Perry%20Beeches/gas-safety","404
404
404",3,,,0
20,https://www.birminghamboilerrepairs.uk/kings-heath/intergas-specialists,Kings Heath Intergas Specialists | Same Day Service | Fixed Price Quote,text/html; charset=utf-8,false,200,0,0,"https://www.birminghamboilerrepairs.uk/Kings%20Heath/boiler-repairs
https://www.birminghamboilerrepairs.uk/Kings%20Heath/boiler-servicing
https://www.birminghamboilerrepairs.uk/Kings%20Heath/gas-safety","404
404
404",3,,,0
20,https://www.birminghamboilerrepairs.uk/over-green/worcester-bosch-specialists,Over Green Worcester Bosch Specialists | Same Day Service | Fixed Price Quote,text/html; charset=utf-8,false,200,0,0,"https://www.birminghamboilerrepairs.uk/Over%20Green/boiler-repairs
https://www.birminghamboilerrepairs.uk/Over%20Green/boiler-servicing
https://www.birminghamboilerrepairs.uk/Over%20Green/gas-safety","404
404
404",3,,,0
20,https://www.birminghamboilerrepairs.uk/tudor-hill/worcester-bosch-specialists,Tudor Hill Worcester Bosch Specialists | Same Day Service | Fixed Price Quote,text/html; charset=utf-8,false,200,0,0,"https://www.birminghamboilerrepairs.uk/Tudor%20Hill/boiler-repairs
https://www.birminghamboilerrepairs.uk/Tudor%20Hill/boiler-servicing
https://www.birminghamboilerrepairs.uk/Tudor%20Hill/gas-safety","404
404
404",3,,,0
20,https://www.birminghamboilerrepairs.uk/chad-valley/atag-specialists,Chad Valley Atag Specialists | Same Day Service | Fixed Price Quote,text/html; charset=utf-8,false,200,0,0,"https://www.birminghamboilerrepairs.uk/Chad%20Valley/boiler-repairs
https://www.birminghamboilerrepairs.uk/Chad%20Valley/boiler-servicing
https://www.birminghamboilerrepairs.uk/Chad%20Valley/gas-safety","404
404
404",3,,,0
20,https://www.birminghamboilerrepairs.uk/rotton-park/ferroli-specialists,Rotton Park Ferroli Specialists | Same Day Service | Fixed Price Quote,text/html; charset=utf-8,false,200,0,0,"https://www.birminghamboilerrepairs.uk/Rotton%20Park/boiler-repairs
https://www.birminghamboilerrepairs.uk/Rotton%20Park/boiler-servicing
https://www.birminghamboilerrepairs.uk/Rotton%20Park/gas-safety","404
404
404",3,,,0
20,https://www.birminghamboilerrepairs.uk/pype-hayes/ferroli-specialists,Pype Hayes Ferroli Specialists | Same Day Service | Fixed Price Quote,text/html; charset=utf-8,false,200,0,0,"https://www.birminghamboilerrepairs.uk/Pype%20Hayes/boiler-repairs
https://www.birminghamboilerrepairs.uk/Pype%20Hayes/boiler-servicing
https://www.birminghamboilerrepairs.uk/Pype%20Hayes/gas-safety","404
404
404",3,,,0
20,https://www.birminghamboilerrepairs.uk/small-heath/ariston-specialists,Small Heath Ariston Specialists | Same Day Service | Fixed Price Quote,text/html; charset=utf-8,false,200,0,0,"https://www.birminghamboilerrepairs.uk/Small%20Heath/boiler-repairs
https://www.birminghamboilerrepairs.uk/Small%20Heath/boiler-servicing
https://www.birminghamboilerrepairs.uk/Small%20Heath/gas-safety","404
404
404",3,,,0
20,https://www.birminghamboilerrepairs.uk/south-woodgate/gas-safety,South Woodgate Gas Safety Inspections | Same Day Service | Fixed Price Quote,text/html; charset=utf-8,false,200,0,0,"https://www.birminghamboilerrepairs.uk/South%20Woodgate/boiler-repairs
https://www.birminghamboilerrepairs.uk/South%20Woodgate/boiler-servicing
https://www.birminghamboilerrepairs.uk/South%20Woodgate/combination-boiler-repairs","404
404
404",3,,,0
20,https://www.birminghamboilerrepairs.uk/aston-fields/boiler-repairs,Aston Fields Boiler Repairs | Same Day Service | Fixed Price Quote,text/html; charset=utf-8,false,200,0,0,"https://www.birminghamboilerrepairs.uk/Aston%20Fields/boiler-servicing
https://www.birminghamboilerrepairs.uk/Aston%20Fields/combination-boiler-repairs
https://www.birminghamboilerrepairs.uk/Aston%20Fields/gas-safety","404
404
404",3,,,0
20,https://www.birminghamboilerrepairs.uk/pype-hayes/main-boiler-specialists,Pype Hayes Main Specialists | Same Day Service | Fixed Price Quote,text/html; charset=utf-8,false,200,0,0,"https://www.birminghamboilerrepairs.uk/Pype%20Hayes/boiler-repairs
https://www.birminghamboilerrepairs.uk/Pype%20Hayes/boiler-servicing
https://www.birminghamboilerrepairs.uk/Pype%20Hayes/gas-safety","404
404
404",3,,,0
20,https://www.birminghamboilerrepairs.uk/turves-green/biasi-specialists,Turves Green Biasi Specialists | Same Day Service | Fixed Price Quote,text/html; charset=utf-8,false,200,0,0,"https://www.birminghamboilerrepairs.uk/Turves%20Green/boiler-repairs
https://www.birminghamboilerrepairs.uk/Turves%20Green/boiler-servicing
https://www.birminghamboilerrepairs.uk/Turves%20Green/gas-safety","404
404
404",3,,,0
20,https://www.birminghamboilerrepairs.uk/garretts-green/alpha-boiler-specialists,Garretts Green Alpha Specialists | Same Day Service | Fixed Price Quote,text/html; charset=utf-8,false,200,0,0,"https://www.birminghamboilerrepairs.uk/Garretts%20Green/boiler-repairs
https://www.birminghamboilerrepairs.uk/Garretts%20Green/boiler-servicing
https://www.birminghamboilerrepairs.uk/Garretts%20Green/gas-safety","404
404
404",3,,,0
20,https://www.birminghamboilerrepairs.uk/glebe-farm/vokera-specialists,Glebe Farm Vokera Specialists | Same Day Service | Fixed Price Quote,text/html; charset=utf-8,false,200,0,0,"https://www.birminghamboilerrepairs.uk/Glebe%20Farm/boiler-repairs
https://www.birminghamboilerrepairs.uk/Glebe%20Farm/boiler-servicing
https://www.birminghamboilerrepairs.uk/Glebe%20Farm/gas-safety","404
404
404",3,,,0
20,https://www.birminghamboilerrepairs.uk/short-heath/atag-specialists,Short Heath Atag Specialists | Same Day Service | Fixed Price Quote,text/html; charset=utf-8,false,200,0,0,"https://www.birminghamboilerrepairs.uk/Short%20Heath/boiler-repairs
https://www.birminghamboilerrepairs.uk/Short%20Heath/boiler-servicing
https://www.birminghamboilerrepairs.uk/Short%20Heath/gas-safety","404
404
404",3,,,0
20,https://www.birminghamboilerrepairs.uk/four-oaks/viessmann-specialists,Four Oaks Viessmann Specialists | Same Day Service | Fixed Price Quote,text/html; charset=utf-8,false,200,0,0,"https://www.birminghamboilerrepairs.uk/Four%20Oaks/boiler-repairs
https://www.birminghamboilerrepairs.uk/Four%20Oaks/boiler-servicing
https://www.birminghamboilerrepairs.uk/Four%20Oaks/gas-safety","404
404
404",3,,,0
20,https://www.birminghamboilerrepairs.uk/brandwood-end/boiler-repairs,Brandwood End Boiler Repairs | Same Day Service | Fixed Price Quote,text/html; charset=utf-8,false,200,0,0,"https://www.birminghamboilerrepairs.uk/Brandwood%20End/boiler-servicing
https://www.birminghamboilerrepairs.uk/Brandwood%20End/combination-boiler-repairs
https://www.birminghamboilerrepairs.uk/Brandwood%20End/gas-safety","404
404
404",3,,,0
20,https://www.birminghamboilerrepairs.uk/small-heath/main-boiler-specialists,Small Heath Main Specialists | Same Day Service | Fixed Price Quote,text/html; charset=utf-8,false,200,0,0,"https://www.birminghamboilerrepairs.uk/Small%20Heath/boiler-repairs
https://www.birminghamboilerrepairs.uk/Small%20Heath/boiler-servicing
https://www.birminghamboilerrepairs.uk/Small%20Heath/gas-safety","404
404
404",3,,,0
20,https://www.birminghamboilerrepairs.uk/castle-vale/boiler-repairs,Castle Vale Boiler Repairs | Same Day Service | Fixed Price Quote,text/html; charset=utf-8,false,200,0,0,"https://www.birminghamboilerrepairs.uk/Castle%20Vale/boiler-servicing
https://www.birminghamboilerrepairs.uk/Castle%20Vale/combination-boiler-repairs
https://www.birminghamboilerrepairs.uk/Castle%20Vale/gas-safety","404
404
404",3,,,0
20,https://www.birminghamboilerrepairs.uk/turves-green/main-boiler-specialists,Turves Green Main Specialists | Same Day Service | Fixed Price Quote,text/html; charset=utf-8,false,200,0,0,"https://www.birminghamboilerrepairs.uk/Turves%20Green/boiler-repairs
https://www.birminghamboilerrepairs.uk/Turves%20Green/boiler-servicing
https://www.birminghamboilerrepairs.uk/Turves%20Green/gas-safety","404
404
404",3,,,0
20,https://www.birminghamboilerrepairs.uk/fox-hollies/combination-boiler-repairs,Fox Hollies Combination Boiler Repairs | Same Day Service | Fixed Price Quote,text/html; charset=utf-8,false,200,0,0,"https://www.birminghamboilerrepairs.uk/Fox%20Hollies/boiler-repairs
https://www.birminghamboilerrepairs.uk/Fox%20Hollies/boiler-servicing
https://www.birminghamboilerrepairs.uk/Fox%20Hollies/gas-safety","404
404
404",3,,,0
20,https://www.birminghamboilerrepairs.uk/gun-quarter/ariston-specialists,Gun Quarter Ariston Specialists | Same Day Service | Fixed Price Quote,text/html; charset=utf-8,false,200,0,0,"https://www.birminghamboilerrepairs.uk/Gun%20Quarter/boiler-repairs
https://www.birminghamboilerrepairs.uk/Gun%20Quarter/boiler-servicing
https://www.birminghamboilerrepairs.uk/Gun%20Quarter/gas-safety","404
404
404",3,,,0
20,https://www.birminghamboilerrepairs.uk/west-heath/biasi-specialists,West Heath Biasi Specialists | Same Day Service | Fixed Price Quote,text/html; charset=utf-8,false,200,0,0,"https://www.birminghamboilerrepairs.uk/West%20Heath/boiler-repairs
https://www.birminghamboilerrepairs.uk/West%20Heath/boiler-servicing
https://www.birminghamboilerrepairs.uk/West%20Heath/gas-safety","404
404
404",3,,,0
20,https://www.birminghamboilerrepairs.uk/gib-heath/gas-safety,Gib Heath Gas Safety Inspections | Same Day Service | Fixed Price Quote,text/html; charset=utf-8,false,200,0,0,"https://www.birminghamboilerrepairs.uk/Gib%20Heath/boiler-repairs
https://www.birminghamboilerrepairs.uk/Gib%20Heath/boiler-servicing
https://www.birminghamboilerrepairs.uk/Gib%20Heath/combination-boiler-repairs","404
404
404",3,,,0
20,https://www.birminghamboilerrepairs.uk/old-oscott/biasi-specialists,Old Oscott Biasi Specialists | Same Day Service | Fixed Price Quote,text/html; charset=utf-8,false,200,0,0,"https://www.birminghamboilerrepairs.uk/Old%20Oscott/boiler-repairs
https://www.birminghamboilerrepairs.uk/Old%20Oscott/boiler-servicing
https://www.birminghamboilerrepairs.uk/Old%20Oscott/gas-safety","404
404
404",3,,,0
20,https://www.birminghamboilerrepairs.uk/aston-fields/atag-specialists,Aston Fields Atag Specialists | Same Day Service | Fixed Price Quote,text/html; charset=utf-8,false,200,0,0,"https://www.birminghamboilerrepairs.uk/Aston%20Fields/boiler-repairs
https://www.birminghamboilerrepairs.uk/Aston%20Fields/boiler-servicing
https://www.birminghamboilerrepairs.uk/Aston%20Fields/gas-safety","404
404
404",3,,,0
20,https://www.birminghamboilerrepairs.uk/ten-acres/heatline-specialists,Ten Acres Heatline Specialists | Same Day Service | Fixed Price Quote,text/html; charset=utf-8,false,200,0,0,"https://www.birminghamboilerrepairs.uk/Ten%20Acres/boiler-repairs
https://www.birminghamboilerrepairs.uk/Ten%20Acres/boiler-servicing
https://www.birminghamboilerrepairs.uk/Ten%20Acres/gas-safety","404
404
404",3,,,0
20,https://www.birminghamboilerrepairs.uk/castle-vale/intergas-specialists,Castle Vale Intergas Specialists | Same Day Service | Fixed Price Quote,text/html; charset=utf-8,false,200,0,0,"https://www.birminghamboilerrepairs.uk/Castle%20Vale/boiler-repairs
https://www.birminghamboilerrepairs.uk/Castle%20Vale/boiler-servicing
https://www.birminghamboilerrepairs.uk/Castle%20Vale/gas-safety","404
404
404",3,,,0
20,https://www.birminghamboilerrepairs.uk/cofton-common/gas-safety,Cofton Common Gas Safety Inspections | Same Day Service | Fixed Price Quote,text/html; charset=utf-8,false,200,0,0,"https://www.birminghamboilerrepairs.uk/Cofton%20Common/boiler-repairs
https://www.birminghamboilerrepairs.uk/Cofton%20Common/boiler-servicing
https://www.birminghamboilerrepairs.uk/Cofton%20Common/combination-boiler-repairs","404
404
404",3,,,0
20,https://www.birminghamboilerrepairs.uk/old-oscott/ferroli-specialists,Old Oscott Ferroli Specialists | Same Day Service | Fixed Price Quote,text/html; charset=utf-8,false,200,0,0,"https://www.birminghamboilerrepairs.uk/Old%20Oscott/boiler-repairs
https://www.birminghamboilerrepairs.uk/Old%20Oscott/boiler-servicing
https://www.birminghamboilerrepairs.uk/Old%20Oscott/gas-safety","404
404
404",3,,,0
20,https://www.birminghamboilerrepairs.uk/pype-hayes/viessmann-specialists,Pype Hayes Viessmann Specialists | Same Day Service | Fixed Price Quote,text/html; charset=utf-8,false,200,0,0,"https://www.birminghamboilerrepairs.uk/Pype%20Hayes/boiler-repairs
https://www.birminghamboilerrepairs.uk/Pype%20Hayes/boiler-servicing
https://www.birminghamboilerrepairs.uk/Pype%20Hayes/gas-safety","404
404
404",3,,,0
20,https://www.birminghamboilerrepairs.uk/high-heath/worcester-bosch-specialists,High Heath Worcester Bosch Specialists | Same Day Service | Fixed Price Quote,text/html; charset=utf-8,false,200,0,0,"https://www.birminghamboilerrepairs.uk/High%20Heath/boiler-repairs
https://www.birminghamboilerrepairs.uk/High%20Heath/boiler-servicing
https://www.birminghamboilerrepairs.uk/High%20Heath/gas-safety","404
404
404",3,,,0
20,https://www.birminghamboilerrepairs.uk/over-green/baxi-specialists,Over Green Baxi Specialists | Same Day Service | Fixed Price Quote,text/html; charset=utf-8,false,200,0,0,"https://www.birminghamboilerrepairs.uk/Over%20Green/boiler-repairs
https://www.birminghamboilerrepairs.uk/Over%20Green/boiler-servicing
https://www.birminghamboilerrepairs.uk/Over%20Green/gas-safety","404
404
404",3,,,0
20,https://www.birminghamboilerrepairs.uk/castle-vale/gas-safety,Castle Vale Gas Safety Inspections | Same Day Service | Fixed Price Quote,text/html; charset=utf-8,false,200,0,0,"https://www.birminghamboilerrepairs.uk/Castle%20Vale/boiler-repairs
https://www.birminghamboilerrepairs.uk/Castle%20Vale/boiler-servicing
https://www.birminghamboilerrepairs.uk/Castle%20Vale/combination-boiler-repairs","404
404
404",3,,,0
20,https://www.birminghamboilerrepairs.uk/west-bromwich/main-boiler-specialists,West Bromwich Main Specialists | Same Day Service | Fixed Price Quote,text/html; charset=utf-8,false,200,0,0,"https://www.birminghamboilerrepairs.uk/West%20Bromwich/boiler-repairs
https://www.birminghamboilerrepairs.uk/West%20Bromwich/boiler-servicing
https://www.birminghamboilerrepairs.uk/West%20Bromwich/gas-safety","404
404
404",3,,,0
20,https://www.birminghamboilerrepairs.uk/beech-lanes/vokera-specialists,Beech Lanes Vokera Specialists | Same Day Service | Fixed Price Quote,text/html; charset=utf-8,false,200,0,0,"https://www.birminghamboilerrepairs.uk/Beech%20Lanes/boiler-repairs
https://www.birminghamboilerrepairs.uk/Beech%20Lanes/boiler-servicing
https://www.birminghamboilerrepairs.uk/Beech%20Lanes/gas-safety","404
404
404",3,,,0
20,https://www.birminghamboilerrepairs.uk/falcon-lodge/gas-safety,Falcon Lodge Gas Safety Inspections | Same Day Service | Fixed Price Quote,text/html; charset=utf-8,false,200,0,0,"https://www.birminghamboilerrepairs.uk/Falcon%20Lodge/boiler-repairs
https://www.birminghamboilerrepairs.uk/Falcon%20Lodge/boiler-servicing
https://www.birminghamboilerrepairs.uk/Falcon%20Lodge/combination-boiler-repairs","404
404
404",3,,,0
20,https://www.birminghamboilerrepairs.uk/rowley-regis/glowworm-specialists,Rowley Regis Glow-worm Specialists | Same Day Service | Fixed Price Quote,text/html; charset=utf-8,false,200,0,0,"https://www.birminghamboilerrepairs.uk/Rowley%20Regis/boiler-repairs
https://www.birminghamboilerrepairs.uk/Rowley%20Regis/boiler-servicing
https://www.birminghamboilerrepairs.uk/Rowley%20Regis/gas-safety","404
404
404",3,,,0
20,https://www.birminghamboilerrepairs.uk/gravelly-hill/baxi-specialists,Gravelly Hill Baxi Specialists | Same Day Service | Fixed Price Quote,text/html; charset=utf-8,false,200,0,0,"https://www.birminghamboilerrepairs.uk/Gravelly%20Hill/boiler-repairs
https://www.birminghamboilerrepairs.uk/Gravelly%20Hill/boiler-servicing
https://www.birminghamboilerrepairs.uk/Gravelly%20Hill/gas-safety","404
404
404",3,,,0
20,https://www.birminghamboilerrepairs.uk/kings-norton/ferroli-specialists,Kings Norton Ferroli Specialists | Same Day Service | Fixed Price Quote,text/html; charset=utf-8,false,200,0,0,"https://www.birminghamboilerrepairs.uk/Kings%20Norton/boiler-repairs
https://www.birminghamboilerrepairs.uk/Kings%20Norton/boiler-servicing
https://www.birminghamboilerrepairs.uk/Kings%20Norton/gas-safety","404
404
404",3,,,0
20,https://www.birminghamboilerrepairs.uk/cofton-common/glowworm-specialists,Cofton Common Glow-worm Specialists | Same Day Service | Fixed Price Quote,text/html; charset=utf-8,false,200,0,0,"https://www.birminghamboilerrepairs.uk/Cofton%20Common/boiler-repairs
https://www.birminghamboilerrepairs.uk/Cofton%20Common/boiler-servicing
https://www.birminghamboilerrepairs.uk/Cofton%20Common/gas-safety","404
404
404",3,,,0
20,https://www.birminghamboilerrepairs.uk/spring-vale/combination-boiler-repairs,Spring Vale Combination Boiler Repairs | Same Day Service | Fixed Price Quote,text/html; charset=utf-8,false,200,0,0,"https://www.birminghamboilerrepairs.uk/Spring%20Vale/boiler-repairs
https://www.birminghamboilerrepairs.uk/Spring%20Vale/boiler-servicing
https://www.birminghamboilerrepairs.uk/Spring%20Vale/gas-safety","404
404
404",3,,,0
20,https://www.birminghamboilerrepairs.uk/shenley-fields/boiler-servicing,Shenley Fields Boiler Servicing | Same Day Service | Fixed Price Quote,text/html; charset=utf-8,false,200,0,0,"https://www.birminghamboilerrepairs.uk/Shenley%20Fields/boiler-repairs
https://www.birminghamboilerrepairs.uk/Shenley%20Fields/combination-boiler-repairs
https://www.birminghamboilerrepairs.uk/Shenley%20Fields/gas-safety","404
404
404",3,,,0
20,https://www.birminghamboilerrepairs.uk/browns-green/alpha-boiler-specialists,Browns Green Alpha Specialists | Same Day Service | Fixed Price Quote,text/html; charset=utf-8,false,200,0,0,"https://www.birminghamboilerrepairs.uk/Browns%20Green/boiler-repairs
https://www.birminghamboilerrepairs.uk/Browns%20Green/boiler-servicing
https://www.birminghamboilerrepairs.uk/Browns%20Green/gas-safety","404
404
404",3,,,0
20,https://www.birminghamboilerrepairs.uk/the-parade/viessmann-specialists,The Parade Viessmann Specialists | Same Day Service | Fixed Price Quote,text/html; charset=utf-8,false,200,0,0,"https://www.birminghamboilerrepairs.uk/The%20Parade/boiler-repairs
https://www.birminghamboilerrepairs.uk/The%20Parade/boiler-servicing
https://www.birminghamboilerrepairs.uk/The%20Parade/gas-safety","404
404
404",3,,,0
20,https://www.birminghamboilerrepairs.uk/turves-green/viessmann-specialists,Turves Green Viessmann Specialists | Same Day Service | Fixed Price Quote,text/html; charset=utf-8,false,200,0,0,"https://www.birminghamboilerrepairs.uk/Turves%20Green/boiler-repairs
https://www.birminghamboilerrepairs.uk/Turves%20Green/boiler-servicing
https://www.birminghamboilerrepairs.uk/Turves%20Green/gas-safety","404
404
404",3,,,0
20,https://www.birminghamboilerrepairs.uk/cofton-common/combination-boiler-services,Cofton Common Combination Boiler Services | Same Day Service | Fixed Price Quote,text/html; charset=utf-8,false,200,0,0,"https://www.birminghamboilerrepairs.uk/Cofton%20Common/boiler-repairs
https://www.birminghamboilerrepairs.uk/Cofton%20Common/boiler-servicing
https://www.birminghamboilerrepairs.uk/Cofton%20Common/gas-safety","404
404
404",3,,,0
20,https://www.birminghamboilerrepairs.uk/thimble-end/vaillant-specialists,Thimble End Vaillant Specialists | Same Day Service | Fixed Price Quote,text/html; charset=utf-8,false,200,0,0,"https://www.birminghamboilerrepairs.uk/Thimble%20End/boiler-repairs
https://www.birminghamboilerrepairs.uk/Thimble%20End/boiler-servicing
https://www.birminghamboilerrepairs.uk/Thimble%20End/gas-safety","404
404
404",3,,,0
20,https://www.birminghamboilerrepairs.uk/hill-hook/alpha-boiler-specialists,Hill Hook Alpha Specialists | Same Day Service | Fixed Price Quote,text/html; charset=utf-8,false,200,0,0,"https://www.birminghamboilerrepairs.uk/Hill%20Hook/boiler-repairs
https://www.birminghamboilerrepairs.uk/Hill%20Hook/boiler-servicing
https://www.birminghamboilerrepairs.uk/Hill%20Hook/gas-safety","404
404
404",3,,,0
20,https://www.birminghamboilerrepairs.uk/gravelly-hill/vaillant-specialists,Gravelly Hill Vaillant Specialists | Same Day Service | Fixed Price Quote,text/html; charset=utf-8,false,200,0,0,"https://www.birminghamboilerrepairs.uk/Gravelly%20Hill/boiler-repairs
https://www.birminghamboilerrepairs.uk/Gravelly%20Hill/boiler-servicing
https://www.birminghamboilerrepairs.uk/Gravelly%20Hill/gas-safety","404
404
404",3,,,0
20,https://www.birminghamboilerrepairs.uk/rotton-park/combination-boiler-repairs,Rotton Park Combination Boiler Repairs | Same Day Service | Fixed Price Quote,text/html; charset=utf-8,false,200,0,0,"https://www.birminghamboilerrepairs.uk/Rotton%20Park/boiler-repairs
https://www.birminghamboilerrepairs.uk/Rotton%20Park/boiler-servicing
https://www.birminghamboilerrepairs.uk/Rotton%20Park/gas-safety","404
404
404",3,,,0
20,https://www.birminghamboilerrepairs.uk/reddicap-heath/potterton-specialists,Reddicap Heath Potterton Specialists | Same Day Service | Fixed Price Quote,text/html; charset=utf-8,false,200,0,0,"https://www.birminghamboilerrepairs.uk/Reddicap%20Heath/boiler-repairs
https://www.birminghamboilerrepairs.uk/Reddicap%20Heath/boiler-servicing
https://www.birminghamboilerrepairs.uk/Reddicap%20Heath/gas-safety","404
404
404",3,,,0
20,https://www.birminghamboilerrepairs.uk/perry-common/vaillant-specialists,Perry Common Vaillant Specialists | Same Day Service | Fixed Price Quote,text/html; charset=utf-8,false,200,0,0,"https://www.birminghamboilerrepairs.uk/Perry%20Common/boiler-repairs
https://www.birminghamboilerrepairs.uk/Perry%20Common/boiler-servicing
https://www.birminghamboilerrepairs.uk/Perry%20Common/gas-safety","404
404
404",3,,,0
20,https://www.birminghamboilerrepairs.uk/yardley-wood/intergas-specialists,Yardley Wood Intergas Specialists | Same Day Service | Fixed Price Quote,text/html; charset=utf-8,false,200,0,0,"https://www.birminghamboilerrepairs.uk/Yardley%20Wood/boiler-repairs
https://www.birminghamboilerrepairs.uk/Yardley%20Wood/boiler-servicing
https://www.birminghamboilerrepairs.uk/Yardley%20Wood/gas-safety","404
404
404",3,,,0
20,https://www.birminghamboilerrepairs.uk/short-heath/combination-boiler-repairs,Short Heath Combination Boiler Repairs | Same Day Service | Fixed Price Quote,text/html; charset=utf-8,false,200,0,0,"https://www.birminghamboilerrepairs.uk/Short%20Heath/boiler-repairs
https://www.birminghamboilerrepairs.uk/Short%20Heath/boiler-servicing
https://www.birminghamboilerrepairs.uk/Short%20Heath/gas-safety","404
404
404",3,,,0
20,https://www.birminghamboilerrepairs.uk/falcon-lodge/baxi-specialists,Falcon Lodge Baxi Specialists | Same Day Service | Fixed Price Quote,text/html; charset=utf-8,false,200,0,0,"https://www.birminghamboilerrepairs.uk/Falcon%20Lodge/boiler-repairs
https://www.birminghamboilerrepairs.uk/Falcon%20Lodge/boiler-servicing
https://www.birminghamboilerrepairs.uk/Falcon%20Lodge/gas-safety","404
404
404",3,,,0
20,https://www.birminghamboilerrepairs.uk/gospel-oak/boiler-servicing,Gospel Oak Boiler Servicing | Same Day Service | Fixed Price Quote,text/html; charset=utf-8,false,200,0,0,"https://www.birminghamboilerrepairs.uk/Gospel%20Oak/boiler-repairs
https://www.birminghamboilerrepairs.uk/Gospel%20Oak/combination-boiler-repairs
https://www.birminghamboilerrepairs.uk/Gospel%20Oak/gas-safety","404
404
404",3,,,0
20,https://www.birminghamboilerrepairs.uk/castle-vale/combination-boiler-repairs,Castle Vale Combination Boiler Repairs | Same Day Service | Fixed Price Quote,text/html; charset=utf-8,false,200,0,0,"https://www.birminghamboilerrepairs.uk/Castle%20Vale/boiler-repairs
https://www.birminghamboilerrepairs.uk/Castle%20Vale/boiler-servicing
https://www.birminghamboilerrepairs.uk/Castle%20Vale/gas-safety","404
404
404",3,,,0
20,https://www.birminghamboilerrepairs.uk/selly-park/ideal-boilers-specialists,Selly Park Ideal Boilers Specialists | Same Day Service | Fixed Price Quote,text/html; charset=utf-8,false,200,0,0,"https://www.birminghamboilerrepairs.uk/Selly%20Park/boiler-repairs
https://www.birminghamboilerrepairs.uk/Selly%20Park/boiler-servicing
https://www.birminghamboilerrepairs.uk/Selly%20Park/gas-safety","404
404
404",3,,,0
20,https://www.birminghamboilerrepairs.uk/west-midlands/ideal-boilers-specialists,West Midlands Ideal Boilers Specialists | Same Day Service | Fixed Price Quote,text/html; charset=utf-8,false,200,0,0,"https://www.birminghamboilerrepairs.uk/West%20Midlands/boiler-repairs
https://www.birminghamboilerrepairs.uk/West%20Midlands/boiler-servicing
https://www.birminghamboilerrepairs.uk/West%20Midlands/gas-safety","404
404
404",3,,,0
20,https://www.birminghamboilerrepairs.uk/four-oaks/potterton-specialists,Four Oaks Potterton Specialists | Same Day Service | Fixed Price Quote,text/html; charset=utf-8,false,200,0,0,"https://www.birminghamboilerrepairs.uk/Four%20Oaks/boiler-repairs
https://www.birminghamboilerrepairs.uk/Four%20Oaks/boiler-servicing
https://www.birminghamboilerrepairs.uk/Four%20Oaks/gas-safety","404
404
404",3,,,0
20,https://www.birminghamboilerrepairs.uk/small-heath/alpha-boiler-specialists,Small Heath Alpha Specialists | Same Day Service | Fixed Price Quote,text/html; charset=utf-8,false,200,0,0,"https://www.birminghamboilerrepairs.uk/Small%20Heath/boiler-repairs
https://www.birminghamboilerrepairs.uk/Small%20Heath/boiler-servicing
https://www.birminghamboilerrepairs.uk/Small%20Heath/gas-safety","404
404
404",3,,,0
20,https://www.birminghamboilerrepairs.uk/aston-fields/ferroli-specialists,Aston Fields Ferroli Specialists | Same Day Service | Fixed Price Quote,text/html; charset=utf-8,false,200,0,0,"https://www.birminghamboilerrepairs.uk/Aston%20Fields/boiler-repairs
https://www.birminghamboilerrepairs.uk/Aston%20Fields/boiler-servicing
https://www.birminghamboilerrepairs.uk/Aston%20Fields/gas-safety","404
404
404",3,,,0
20,https://www.birminghamboilerrepairs.uk/cradley-heath/ferroli-specialists,Cradley Heath Ferroli Specialists | Same Day Service | Fixed Price Quote,text/html; charset=utf-8,false,200,0,0,"https://www.birminghamboilerrepairs.uk/Cradley%20Heath/boiler-repairs
https://www.birminghamboilerrepairs.uk/Cradley%20Heath/boiler-servicing
https://www.birminghamboilerrepairs.uk/Cradley%20Heath/gas-safety","404
404
404",3,,,0
20,https://www.birminghamboilerrepairs.uk/hall-green/gas-safety,Hall Green Gas Safety Inspections | Same Day Service | Fixed Price Quote,text/html; charset=utf-8,false,200,0,0,"https://www.birminghamboilerrepairs.uk/Hall%20Green/boiler-repairs
https://www.birminghamboilerrepairs.uk/Hall%20Green/boiler-servicing
https://www.birminghamboilerrepairs.uk/Hall%20Green/combination-boiler-repairs","404
404
404",3,,,0
20,https://www.birminghamboilerrepairs.uk/west-bromwich/potterton-specialists,West Bromwich Potterton Specialists | Same Day Service | Fixed Price Quote,text/html; charset=utf-8,false,200,0,0,"https://www.birminghamboilerrepairs.uk/West%20Bromwich/boiler-repairs
https://www.birminghamboilerrepairs.uk/West%20Bromwich/boiler-servicing
https://www.birminghamboilerrepairs.uk/West%20Bromwich/gas-safety","404
404
404",3,,,0
20,https://www.birminghamboilerrepairs.uk/birches-green/ideal-boilers-specialists,Birches Green Ideal Boilers Specialists | Same Day Service | Fixed Price Quote,text/html; charset=utf-8,false,200,0,0,"https://www.birminghamboilerrepairs.uk/Birches%20Green/boiler-repairs
https://www.birminghamboilerrepairs.uk/Birches%20Green/boiler-servicing
https://www.birminghamboilerrepairs.uk/Birches%20Green/gas-safety","404
404
404",3,,,0
20,https://www.birminghamboilerrepairs.uk/tudor-hill/main-boiler-specialists,Tudor Hill Main Specialists | Same Day Service | Fixed Price Quote,text/html; charset=utf-8,false,200,0,0,"https://www.birminghamboilerrepairs.uk/Tudor%20Hill/boiler-repairs
https://www.birminghamboilerrepairs.uk/Tudor%20Hill/boiler-servicing
https://www.birminghamboilerrepairs.uk/Tudor%20Hill/gas-safety","404
404
404",3,,,0
20,https://www.birminghamboilerrepairs.uk/thimble-end/heatline-specialists,Thimble End Heatline Specialists | Same Day Service | Fixed Price Quote,text/html; charset=utf-8,false,200,0,0,"https://www.birminghamboilerrepairs.uk/Thimble%20End/boiler-repairs
https://www.birminghamboilerrepairs.uk/Thimble%20End/boiler-servicing
https://www.birminghamboilerrepairs.uk/Thimble%20End/gas-safety","404
404
404",3,,,0
20,https://www.birminghamboilerrepairs.uk/chad-valley/combination-boiler-repairs,Chad Valley Combination Boiler Repairs | Same Day Service | Fixed Price Quote,text/html; charset=utf-8,false,200,0,0,"https://www.birminghamboilerrepairs.uk/Chad%20Valley/boiler-repairs
https://www.birminghamboilerrepairs.uk/Chad%20Valley/boiler-servicing
https://www.birminghamboilerrepairs.uk/Chad%20Valley/gas-safety","404
404
404",3,,,0
20,https://www.birminghamboilerrepairs.uk/gun-quarter/baxi-specialists,Gun Quarter Baxi Specialists | Same Day Service | Fixed Price Quote,text/html; charset=utf-8,false,200,0,0,"https://www.birminghamboilerrepairs.uk/Gun%20Quarter/boiler-repairs
https://www.birminghamboilerrepairs.uk/Gun%20Quarter/boiler-servicing
https://www.birminghamboilerrepairs.uk/Gun%20Quarter/gas-safety","404
404
404",3,,,0
20,https://www.birminghamboilerrepairs.uk/gospel-oak/baxi-specialists,Gospel Oak Baxi Specialists | Same Day Service | Fixed Price Quote,text/html; charset=utf-8,false,200,0,0,"https://www.birminghamboilerrepairs.uk/Gospel%20Oak/boiler-repairs
https://www.birminghamboilerrepairs.uk/Gospel%20Oak/boiler-servicing
https://www.birminghamboilerrepairs.uk/Gospel%20Oak/gas-safety","404
404
404",3,,,0
20,https://www.birminghamboilerrepairs.uk/browns-green/ariston-specialists,Browns Green Ariston Specialists | Same Day Service | Fixed Price Quote,text/html; charset=utf-8,false,200,0,0,"https://www.birminghamboilerrepairs.uk/Browns%20Green/boiler-repairs
https://www.birminghamboilerrepairs.uk/Browns%20Green/boiler-servicing
https://www.birminghamboilerrepairs.uk/Browns%20Green/gas-safety","404
404
404",3,,,0
20,https://www.birminghamboilerrepairs.uk/showell-green/biasi-specialists,Showell Green Biasi Specialists | Same Day Service | Fixed Price Quote,text/html; charset=utf-8,false,200,0,0,"https://www.birminghamboilerrepairs.uk/Showell%20Green/boiler-repairs
https://www.birminghamboilerrepairs.uk/Showell%20Green/boiler-servicing
https://www.birminghamboilerrepairs.uk/Showell%20Green/gas-safety","404
404
404",3,,,0
20,https://www.birminghamboilerrepairs.uk/harts-green/ariston-specialists,Harts Green Ariston Specialists | Same Day Service | Fixed Price Quote,text/html; charset=utf-8,false,200,0,0,"https://www.birminghamboilerrepairs.uk/Harts%20Green/boiler-repairs
https://www.birminghamboilerrepairs.uk/Harts%20Green/boiler-servicing
https://www.birminghamboilerrepairs.uk/Harts%20Green/gas-safety","404
404
404",3,,,0
20,https://www.birminghamboilerrepairs.uk/tower-hill/ariston-specialists,Tower Hill Ariston Specialists | Same Day Service | Fixed Price Quote,text/html; charset=utf-8,false,200,0,0,"https://www.birminghamboilerrepairs.uk/Tower%20Hill/boiler-repairs
https://www.birminghamboilerrepairs.uk/Tower%20Hill/boiler-servicing
https://www.birminghamboilerrepairs.uk/Tower%20Hill/gas-safety","404
404
404",3,,,0
20,https://www.birminghamboilerrepairs.uk/shard-end/vaillant-specialists,Shard End Vaillant Specialists | Same Day Service | Fixed Price Quote,text/html; charset=utf-8,false,200,0,0,"https://www.birminghamboilerrepairs.uk/Shard%20End/boiler-repairs
https://www.birminghamboilerrepairs.uk/Shard%20End/boiler-servicing
https://www.birminghamboilerrepairs.uk/Shard%20End/gas-safety","404
404
404",3,,,0
20,https://www.birminghamboilerrepairs.uk/shard-end/potterton-specialists,Shard End Potterton Specialists | Same Day Service | Fixed Price Quote,text/html; charset=utf-8,false,200,0,0,"https://www.birminghamboilerrepairs.uk/Shard%20End/boiler-repairs
https://www.birminghamboilerrepairs.uk/Shard%20End/boiler-servicing
https://www.birminghamboilerrepairs.uk/Shard%20End/gas-safety","404
404
404",3,,,0
20,https://www.birminghamboilerrepairs.uk/glebe-farm/glowworm-specialists,Glebe Farm Glow-worm Specialists | Same Day Service | Fixed Price Quote,text/html; charset=utf-8,false,200,0,0,"https://www.birminghamboilerrepairs.uk/Glebe%20Farm/boiler-repairs
https://www.birminghamboilerrepairs.uk/Glebe%20Farm/boiler-servicing
https://www.birminghamboilerrepairs.uk/Glebe%20Farm/gas-safety","404
404
404",3,,,0
20,https://www.birminghamboilerrepairs.uk/perry-barr/ferroli-specialists,Perry Barr Ferroli Specialists | Same Day Service | Fixed Price Quote,text/html; charset=utf-8,false,200,0,0,"https://www.birminghamboilerrepairs.uk/Perry%20Barr/boiler-repairs
https://www.birminghamboilerrepairs.uk/Perry%20Barr/boiler-servicing
https://www.birminghamboilerrepairs.uk/Perry%20Barr/gas-safety","404
404
404",3,,,0
20,https://www.birminghamboilerrepairs.uk/yardley-wood/biasi-specialists,Yardley Wood Biasi Specialists | Same Day Service | Fixed Price Quote,text/html; charset=utf-8,false,200,0,0,"https://www.birminghamboilerrepairs.uk/Yardley%20Wood/boiler-repairs
https://www.birminghamboilerrepairs.uk/Yardley%20Wood/boiler-servicing
https://www.birminghamboilerrepairs.uk/Yardley%20Wood/gas-safety","404
404
404",3,,,0
20,https://www.birminghamboilerrepairs.uk/short-heath/glowworm-specialists,Short Heath Glow-worm Specialists | Same Day Service | Fixed Price Quote,text/html; charset=utf-8,false,200,0,0,"https://www.birminghamboilerrepairs.uk/Short%20Heath/boiler-repairs
https://www.birminghamboilerrepairs.uk/Short%20Heath/boiler-servicing
https://www.birminghamboilerrepairs.uk/Short%20Heath/gas-safety","404
404
404",3,,,0
20,https://www.birminghamboilerrepairs.uk/pype-hayes/intergas-specialists,Pype Hayes Intergas Specialists | Same Day Service | Fixed Price Quote,text/html; charset=utf-8,false,200,0,0,"https://www.birminghamboilerrepairs.uk/Pype%20Hayes/boiler-repairs
https://www.birminghamboilerrepairs.uk/Pype%20Hayes/boiler-servicing
https://www.birminghamboilerrepairs.uk/Pype%20Hayes/gas-safety","404
404
404",3,,,0
20,https://www.birminghamboilerrepairs.uk/astwood-bank/boiler-repairs,Astwood Bank Boiler Repairs | Same Day Service | Fixed Price Quote,text/html; charset=utf-8,false,200,0,0,"https://www.birminghamboilerrepairs.uk/Astwood%20Bank/boiler-servicing
https://www.birminghamboilerrepairs.uk/Astwood%20Bank/combination-boiler-repairs
https://www.birminghamboilerrepairs.uk/Astwood%20Bank/gas-safety","404
404
404",3,,,0
20,https://www.birminghamboilerrepairs.uk/rowney-green/worcester-bosch-specialists,Rowney Green Worcester Bosch Specialists | Same Day Service | Fixed Price Quote,text/html; charset=utf-8,false,200,0,0,"https://www.birminghamboilerrepairs.uk/Rowney%20Green/boiler-repairs
https://www.birminghamboilerrepairs.uk/Rowney%20Green/boiler-servicing
https://www.birminghamboilerrepairs.uk/Rowney%20Green/gas-safety","404
404
404",3,,,0
20,https://www.birminghamboilerrepairs.uk/short-heath/boiler-repairs,Short Heath Boiler Repairs | Same Day Service | Fixed Price Quote,text/html; charset=utf-8,false,200,0,0,"https://www.birminghamboilerrepairs.uk/Short%20Heath/boiler-servicing
https://www.birminghamboilerrepairs.uk/Short%20Heath/combination-boiler-repairs
https://www.birminghamboilerrepairs.uk/Short%20Heath/gas-safety","404
404
404",3,,,0
20,https://www.birminghamboilerrepairs.uk/fox-hollies/alpha-boiler-specialists,Fox Hollies Alpha Specialists | Same Day Service | Fixed Price Quote,text/html; charset=utf-8,false,200,0,0,"https://www.birminghamboilerrepairs.uk/Fox%20Hollies/boiler-repairs
https://www.birminghamboilerrepairs.uk/Fox%20Hollies/boiler-servicing
https://www.birminghamboilerrepairs.uk/Fox%20Hollies/gas-safety","404
404
404",3,,,0
20,https://www.birminghamboilerrepairs.uk/harts-green/heatline-specialists,Harts Green Heatline Specialists | Same Day Service | Fixed Price Quote,text/html; charset=utf-8,false,200,0,0,"https://www.birminghamboilerrepairs.uk/Harts%20Green/boiler-repairs
https://www.birminghamboilerrepairs.uk/Harts%20Green/boiler-servicing
https://www.birminghamboilerrepairs.uk/Harts%20Green/gas-safety","404
404
404",3,,,0
20,https://www.birminghamboilerrepairs.uk/handsworth-wood/heatline-specialists,Handsworth Wood Heatline Specialists | Same Day Service | Fixed Price Quote,text/html; charset=utf-8,false,200,0,0,"https://www.birminghamboilerrepairs.uk/Handsworth%20Wood/boiler-repairs
https://www.birminghamboilerrepairs.uk/Handsworth%20Wood/boiler-servicing
https://www.birminghamboilerrepairs.uk/Handsworth%20Wood/gas-safety","404
404
404",3,,,0
20,https://www.birminghamboilerrepairs.uk/perry-beeches/potterton-specialists,Perry Beeches Potterton Specialists | Same Day Service | Fixed Price Quote,text/html; charset=utf-8,false,200,0,0,"https://www.birminghamboilerrepairs.uk/Perry%20Beeches/boiler-repairs
https://www.birminghamboilerrepairs.uk/Perry%20Beeches/boiler-servicing
https://www.birminghamboilerrepairs.uk/Perry%20Beeches/gas-safety","404
404
404",3,,,0
20,https://www.birminghamboilerrepairs.uk/short-heath/ferroli-specialists,Short Heath Ferroli Specialists | Same Day Service | Fixed Price Quote,text/html; charset=utf-8,false,200,0,0,"https://www.birminghamboilerrepairs.uk/Short%20Heath/boiler-repairs
https://www.birminghamboilerrepairs.uk/Short%20Heath/boiler-servicing
https://www.birminghamboilerrepairs.uk/Short%20Heath/gas-safety","404
404
404",3,,,0
20,https://www.birminghamboilerrepairs.uk/brandwood-end/worcester-bosch-specialists,Brandwood End Worcester Bosch Specialists | Same Day Service | Fixed Price Quote,text/html; charset=utf-8,false,200,0,0,"https://www.birminghamboilerrepairs.uk/Brandwood%20End/boiler-repairs
https://www.birminghamboilerrepairs.uk/Brandwood%20End/boiler-servicing
https://www.birminghamboilerrepairs.uk/Brandwood%20End/gas-safety","404
404
404",3,,,0
20,https://www.birminghamboilerrepairs.uk/aston-fields/gas-safety,Aston Fields Gas Safety Inspections | Same Day Service | Fixed Price Quote,text/html; charset=utf-8,false,200,0,0,"https://www.birminghamboilerrepairs.uk/Aston%20Fields/boiler-repairs
https://www.birminghamboilerrepairs.uk/Aston%20Fields/boiler-servicing
https://www.birminghamboilerrepairs.uk/Aston%20Fields/combination-boiler-repairs","404
404
404",3,,,0
20,https://www.birminghamboilerrepairs.uk/hay-mills/gas-safety,Hay Mills Gas Safety Inspections | Same Day Service | Fixed Price Quote,text/html; charset=utf-8,false,200,0,0,"https://www.birminghamboilerrepairs.uk/Hay%20Mills/boiler-repairs
https://www.birminghamboilerrepairs.uk/Hay%20Mills/boiler-servicing
https://www.birminghamboilerrepairs.uk/Hay%20Mills/combination-boiler-repairs","404
404
404",3,,,0
20,https://www.birminghamboilerrepairs.uk/over-green/vokera-specialists,Over Green Vokera Specialists | Same Day Service | Fixed Price Quote,text/html; charset=utf-8,false,200,0,0,"https://www.birminghamboilerrepairs.uk/Over%20Green/boiler-repairs
https://www.birminghamboilerrepairs.uk/Over%20Green/boiler-servicing
https://www.birminghamboilerrepairs.uk/Over%20Green/gas-safety","404
404
404",3,,,0
20,https://www.birminghamboilerrepairs.uk/bordesley-green/vaillant-specialists,Bordesley Green Vaillant Specialists | Same Day Service | Fixed Price Quote,text/html; charset=utf-8,false,200,0,0,"https://www.birminghamboilerrepairs.uk/Bordesley%20Green/boiler-repairs
https://www.birminghamboilerrepairs.uk/Bordesley%20Green/boiler-servicing
https://www.birminghamboilerrepairs.uk/Bordesley%20Green/gas-safety","404
404
404",3,,,0
20,https://www.birminghamboilerrepairs.uk/cofton-common/worcester-bosch-specialists,Cofton Common Worcester Bosch Specialists | Same Day Service | Fixed Price Quote,text/html; charset=utf-8,false,200,0,0,"https://www.birminghamboilerrepairs.uk/Cofton%20Common/boiler-repairs
https://www.birminghamboilerrepairs.uk/Cofton%20Common/boiler-servicing
https://www.birminghamboilerrepairs.uk/Cofton%20Common/gas-safety","404
404
404",3,,,0
20,https://www.birminghamboilerrepairs.uk/west-midlands/intergas-specialists,West Midlands Intergas Specialists | Same Day Service | Fixed Price Quote,text/html; charset=utf-8,false,200,0,0,"https://www.birminghamboilerrepairs.uk/West%20Midlands/boiler-repairs
https://www.birminghamboilerrepairs.uk/West%20Midlands/boiler-servicing
https://www.birminghamboilerrepairs.uk/West%20Midlands/gas-safety","404
404
404",3,,,0
20,https://www.birminghamboilerrepairs.uk/the-parade/ariston-specialists,The Parade Ariston Specialists | Same Day Service | Fixed Price Quote,text/html; charset=utf-8,false,200,0,0,"https://www.birminghamboilerrepairs.uk/The%20Parade/boiler-repairs
https://www.birminghamboilerrepairs.uk/The%20Parade/boiler-servicing
https://www.birminghamboilerrepairs.uk/The%20Parade/gas-safety","404
404
404",3,,,0
20,https://www.birminghamboilerrepairs.uk/tower-hill/viessmann-specialists,Tower Hill Viessmann Specialists | Same Day Service | Fixed Price Quote,text/html; charset=utf-8,false,200,0,0,"https://www.birminghamboilerrepairs.uk/Tower%20Hill/boiler-repairs
https://www.birminghamboilerrepairs.uk/Tower%20Hill/boiler-servicing
https://www.birminghamboilerrepairs.uk/Tower%20Hill/gas-safety","404
404
404",3,,,0
20,https://www.birminghamboilerrepairs.uk/cofton-common/ideal-boilers-specialists,Cofton Common Ideal Boilers Specialists | Same Day Service | Fixed Price Quote,text/html; charset=utf-8,false,200,0,0,"https://www.birminghamboilerrepairs.uk/Cofton%20Common/boiler-repairs
https://www.birminghamboilerrepairs.uk/Cofton%20Common/boiler-servicing
https://www.birminghamboilerrepairs.uk/Cofton%20Common/gas-safety","404
404
404",3,,,0
20,https://www.birminghamboilerrepairs.uk/falcon-lodge/ariston-specialists,Falcon Lodge Ariston Specialists | Same Day Service | Fixed Price Quote,text/html; charset=utf-8,false,200,0,0,"https://www.birminghamboilerrepairs.uk/Falcon%20Lodge/boiler-repairs
https://www.birminghamboilerrepairs.uk/Falcon%20Lodge/boiler-servicing
https://www.birminghamboilerrepairs.uk/Falcon%20Lodge/gas-safety","404
404
404",3,,,0
20,https://www.birminghamboilerrepairs.uk/small-heath/boiler-servicing,Small Heath Boiler Servicing | Same Day Service | Fixed Price Quote,text/html; charset=utf-8,false,200,0,0,"https://www.birminghamboilerrepairs.uk/Small%20Heath/boiler-repairs
https://www.birminghamboilerrepairs.uk/Small%20Heath/combination-boiler-repairs
https://www.birminghamboilerrepairs.uk/Small%20Heath/gas-safety","404
404
404",3,,,0
20,https://www.birminghamboilerrepairs.uk/turves-green/glowworm-specialists,Turves Green Glow-worm Specialists | Same Day Service | Fixed Price Quote,text/html; charset=utf-8,false,200,0,0,"https://www.birminghamboilerrepairs.uk/Turves%20Green/boiler-repairs
https://www.birminghamboilerrepairs.uk/Turves%20Green/boiler-servicing
https://www.birminghamboilerrepairs.uk/Turves%20Green/gas-safety","404
404
404",3,,,0
20,https://www.birminghamboilerrepairs.uk/rowley-regis/worcester-bosch-specialists,Rowley Regis Worcester Bosch Specialists | Same Day Service | Fixed Price Quote,text/html; charset=utf-8,false,200,0,0,"https://www.birminghamboilerrepairs.uk/Rowley%20Regis/boiler-repairs
https://www.birminghamboilerrepairs.uk/Rowley%20Regis/boiler-servicing
https://www.birminghamboilerrepairs.uk/Rowley%20Regis/gas-safety","404
404
404",3,,,0
20,https://www.birminghamboilerrepairs.uk/hill-wood/main-boiler-specialists,Hill Wood Main Specialists | Same Day Service | Fixed Price Quote,text/html; charset=utf-8,false,200,0,0,"https://www.birminghamboilerrepairs.uk/Hill%20Wood/boiler-repairs
https://www.birminghamboilerrepairs.uk/Hill%20Wood/boiler-servicing
https://www.birminghamboilerrepairs.uk/Hill%20Wood/gas-safety","404
404
404",3,,,0
20,https://www.birminghamboilerrepairs.uk/birches-green/vaillant-specialists,Birches Green Vaillant Specialists | Same Day Service | Fixed Price Quote,text/html; charset=utf-8,false,200,0,0,"https://www.birminghamboilerrepairs.uk/Birches%20Green/boiler-repairs
https://www.birminghamboilerrepairs.uk/Birches%20Green/boiler-servicing
https://www.birminghamboilerrepairs.uk/Birches%20Green/gas-safety","404
404
404",3,,,0
20,https://www.birminghamboilerrepairs.uk/aston-fields/biasi-specialists,Aston Fields Biasi Specialists | Same Day Service | Fixed Price Quote,text/html; charset=utf-8,false,200,0,0,"https://www.birminghamboilerrepairs.uk/Aston%20Fields/boiler-repairs
https://www.birminghamboilerrepairs.uk/Aston%20Fields/boiler-servicing
https://www.birminghamboilerrepairs.uk/Aston%20Fields/gas-safety","404
404
404",3,,,0
20,https://www.birminghamboilerrepairs.uk/tower-hill/boiler-servicing,Tower Hill Boiler Servicing | Same Day Service | Fixed Price Quote,text/html; charset=utf-8,false,200,0,0,"https://www.birminghamboilerrepairs.uk/Tower%20Hill/boiler-repairs
https://www.birminghamboilerrepairs.uk/Tower%20Hill/combination-boiler-repairs
https://www.birminghamboilerrepairs.uk/Tower%20Hill/gas-safety","404
404
404",3,,,0
20,https://www.birminghamboilerrepairs.uk/south-yardley/gas-safety,South Yardley Gas Safety Inspections | Same Day Service | Fixed Price Quote,text/html; charset=utf-8,false,200,0,0,"https://www.birminghamboilerrepairs.uk/South%20Yardley/boiler-repairs
https://www.birminghamboilerrepairs.uk/South%20Yardley/boiler-servicing
https://www.birminghamboilerrepairs.uk/South%20Yardley/combination-boiler-repairs","404
404
404",3,,,0
20,https://www.birminghamboilerrepairs.uk/tudor-hill/combination-boiler-services,Tudor Hill Combination Boiler Services | Same Day Service | Fixed Price Quote,text/html; charset=utf-8,false,200,0,0,"https://www.birminghamboilerrepairs.uk/Tudor%20Hill/boiler-repairs
https://www.birminghamboilerrepairs.uk/Tudor%20Hill/boiler-servicing
https://www.birminghamboilerrepairs.uk/Tudor%20Hill/gas-safety","404
404
404",3,,,0
20,https://www.birminghamboilerrepairs.uk/rowney-green/ferroli-specialists,Rowney Green Ferroli Specialists | Same Day Service | Fixed Price Quote,text/html; charset=utf-8,false,200,0,0,"https://www.birminghamboilerrepairs.uk/Rowney%20Green/boiler-repairs
https://www.birminghamboilerrepairs.uk/Rowney%20Green/boiler-servicing
https://www.birminghamboilerrepairs.uk/Rowney%20Green/gas-safety","404
404
404",3,,,0
20,https://www.birminghamboilerrepairs.uk/thimble-end/gas-safety,Thimble End Gas Safety Inspections | Same Day Service | Fixed Price Quote,text/html; charset=utf-8,false,200,0,0,"https://www.birminghamboilerrepairs.uk/Thimble%20End/boiler-repairs
https://www.birminghamboilerrepairs.uk/Thimble%20End/boiler-servicing
https://www.birminghamboilerrepairs.uk/Thimble%20End/combination-boiler-repairs","404
404
404",3,,,0
20,https://www.birminghamboilerrepairs.uk/cradley-heath/combination-boiler-services,Cradley Heath Combination Boiler Services | Same Day Service | Fixed Price Quote,text/html; charset=utf-8,false,200,0,0,"https://www.birminghamboilerrepairs.uk/Cradley%20Heath/boiler-repairs
https://www.birminghamboilerrepairs.uk/Cradley%20Heath/boiler-servicing
https://www.birminghamboilerrepairs.uk/Cradley%20Heath/gas-safety","404
404
404",3,,,0
20,https://www.birminghamboilerrepairs.uk/astwood-bank/intergas-specialists,Astwood Bank Intergas Specialists | Same Day Service | Fixed Price Quote,text/html; charset=utf-8,false,200,0,0,"https://www.birminghamboilerrepairs.uk/Astwood%20Bank/boiler-repairs
https://www.birminghamboilerrepairs.uk/Astwood%20Bank/boiler-servicing
https://www.birminghamboilerrepairs.uk/Astwood%20Bank/gas-safety","404
404
404",3,,,0
20,https://www.birminghamboilerrepairs.uk/small-heath/heatline-specialists,Small Heath Heatline Specialists | Same Day Service | Fixed Price Quote,text/html; charset=utf-8,false,200,0,0,"https://www.birminghamboilerrepairs.uk/Small%20Heath/boiler-repairs
https://www.birminghamboilerrepairs.uk/Small%20Heath/boiler-servicing
https://www.birminghamboilerrepairs.uk/Small%20Heath/gas-safety","404
404
404",3,,,0
20,https://www.birminghamboilerrepairs.uk/rowney-green/viessmann-specialists,Rowney Green Viessmann Specialists | Same Day Service | Fixed Price Quote,text/html; charset=utf-8,false,200,0,0,"https://www.birminghamboilerrepairs.uk/Rowney%20Green/boiler-repairs
https://www.birminghamboilerrepairs.uk/Rowney%20Green/boiler-servicing
https://www.birminghamboilerrepairs.uk/Rowney%20Green/gas-safety","404
404
404",3,,,0
20,https://www.birminghamboilerrepairs.uk/beech-lanes/viessmann-specialists,Beech Lanes Viessmann Specialists | Same Day Service | Fixed Price Quote,text/html; charset=utf-8,false,200,0,0,"https://www.birminghamboilerrepairs.uk/Beech%20Lanes/boiler-repairs
https://www.birminghamboilerrepairs.uk/Beech%20Lanes/boiler-servicing
https://www.birminghamboilerrepairs.uk/Beech%20Lanes/gas-safety","404
404
404",3,,,0
20,https://www.birminghamboilerrepairs.uk/hall-green/vaillant-specialists,Hall Green Vaillant Specialists | Same Day Service | Fixed Price Quote,text/html; charset=utf-8,false,200,0,0,"https://www.birminghamboilerrepairs.uk/Hall%20Green/boiler-repairs
https://www.birminghamboilerrepairs.uk/Hall%20Green/boiler-servicing
https://www.birminghamboilerrepairs.uk/Hall%20Green/gas-safety","404
404
404",3,,,0
20,https://www.birminghamboilerrepairs.uk/sutton-coldfield/baxi-specialists,Sutton Coldfield Baxi Specialists | Same Day Service | Fixed Price Quote,text/html; charset=utf-8,false,200,0,0,"https://www.birminghamboilerrepairs.uk/Sutton%20Coldfield/boiler-repairs
https://www.birminghamboilerrepairs.uk/Sutton%20Coldfield/boiler-servicing
https://www.birminghamboilerrepairs.uk/Sutton%20Coldfield/gas-safety","404
404
404",3,,,0
20,https://www.birminghamboilerrepairs.uk/west-bromwich/viessmann-specialists,West Bromwich Viessmann Specialists | Same Day Service | Fixed Price Quote,text/html; charset=utf-8,false,200,0,0,"https://www.birminghamboilerrepairs.uk/West%20Bromwich/boiler-repairs
https://www.birminghamboilerrepairs.uk/West%20Bromwich/boiler-servicing
https://www.birminghamboilerrepairs.uk/West%20Bromwich/gas-safety","404
404
404",3,,,0
20,https://www.birminghamboilerrepairs.uk/pype-hayes/boiler-servicing,Pype Hayes Boiler Servicing | Same Day Service | Fixed Price Quote,text/html; charset=utf-8,false,200,0,0,"https://www.birminghamboilerrepairs.uk/Pype%20Hayes/boiler-repairs
https://www.birminghamboilerrepairs.uk/Pype%20Hayes/combination-boiler-repairs
https://www.birminghamboilerrepairs.uk/Pype%20Hayes/gas-safety","404
404
404",3,,,0
20,https://www.birminghamboilerrepairs.uk/garretts-green/biasi-specialists,Garretts Green Biasi Specialists | Same Day Service | Fixed Price Quote,text/html; charset=utf-8,false,200,0,0,"https://www.birminghamboilerrepairs.uk/Garretts%20Green/boiler-repairs
https://www.birminghamboilerrepairs.uk/Garretts%20Green/boiler-servicing
https://www.birminghamboilerrepairs.uk/Garretts%20Green/gas-safety","404
404
404",3,,,0
20,https://www.birminghamboilerrepairs.uk/south-yardley/vokera-specialists,South Yardley Vokera Specialists | Same Day Service | Fixed Price Quote,text/html; charset=utf-8,false,200,0,0,"https://www.birminghamboilerrepairs.uk/South%20Yardley/boiler-repairs
https://www.birminghamboilerrepairs.uk/South%20Yardley/boiler-servicing
https://www.birminghamboilerrepairs.uk/South%20Yardley/gas-safety","404
404
404",3,,,0
20,https://www.birminghamboilerrepairs.uk/birches-green/biasi-specialists,Birches Green Biasi Specialists | Same Day Service | Fixed Price Quote,text/html; charset=utf-8,false,200,0,0,"https://www.birminghamboilerrepairs.uk/Birches%20Green/boiler-repairs
https://www.birminghamboilerrepairs.uk/Birches%20Green/boiler-servicing
https://www.birminghamboilerrepairs.uk/Birches%20Green/gas-safety","404
404
404",3,,,0
20,https://www.birminghamboilerrepairs.uk/kings-heath/ariston-specialists,Kings Heath Ariston Specialists | Same Day Service | Fixed Price Quote,text/html; charset=utf-8,false,200,0,0,"https://www.birminghamboilerrepairs.uk/Kings%20Heath/boiler-repairs
https://www.birminghamboilerrepairs.uk/Kings%20Heath/boiler-servicing
https://www.birminghamboilerrepairs.uk/Kings%20Heath/gas-safety","404
404
404",3,,,0
20,https://www.birminghamboilerrepairs.uk/gravelly-hill/boiler-servicing,Gravelly Hill Boiler Servicing | Same Day Service | Fixed Price Quote,text/html; charset=utf-8,false,200,0,0,"https://www.birminghamboilerrepairs.uk/Gravelly%20Hill/boiler-repairs
https://www.birminghamboilerrepairs.uk/Gravelly%20Hill/combination-boiler-repairs
https://www.birminghamboilerrepairs.uk/Gravelly%20Hill/gas-safety","404
404
404",3,,,0
20,https://www.birminghamboilerrepairs.uk/fox-hollies/boiler-repairs,Fox Hollies Boiler Repairs | Same Day Service | Fixed Price Quote,text/html; charset=utf-8,false,200,0,0,"https://www.birminghamboilerrepairs.uk/Fox%20Hollies/boiler-servicing
https://www.birminghamboilerrepairs.uk/Fox%20Hollies/combination-boiler-repairs
https://www.birminghamboilerrepairs.uk/Fox%20Hollies/gas-safety","404
404
404",3,,,0
20,https://www.birminghamboilerrepairs.uk/perry-beeches/ariston-specialists,Perry Beeches Ariston Specialists | Same Day Service | Fixed Price Quote,text/html; charset=utf-8,false,200,0,0,"https://www.birminghamboilerrepairs.uk/Perry%20Beeches/boiler-repairs
https://www.birminghamboilerrepairs.uk/Perry%20Beeches/boiler-servicing
https://www.birminghamboilerrepairs.uk/Perry%20Beeches/gas-safety","404
404
404",3,,,0
20,https://www.birminghamboilerrepairs.uk/over-green/potterton-specialists,Over Green Potterton Specialists | Same Day Service | Fixed Price Quote,text/html; charset=utf-8,false,200,0,0,"https://www.birminghamboilerrepairs.uk/Over%20Green/boiler-repairs
https://www.birminghamboilerrepairs.uk/Over%20Green/boiler-servicing
https://www.birminghamboilerrepairs.uk/Over%20Green/gas-safety","404
404
404",3,,,0
20,https://www.birminghamboilerrepairs.uk/shard-end/biasi-specialists,Shard End Biasi Specialists | Same Day Service | Fixed Price Quote,text/html; charset=utf-8,false,200,0,0,"https://www.birminghamboilerrepairs.uk/Shard%20End/boiler-repairs
https://www.birminghamboilerrepairs.uk/Shard%20End/boiler-servicing
https://www.birminghamboilerrepairs.uk/Shard%20End/gas-safety","404
404
404",3,,,0
20,https://www.birminghamboilerrepairs.uk/selly-oak/alpha-boiler-specialists,Selly Oak Alpha Specialists | Same Day Service | Fixed Price Quote,text/html; charset=utf-8,false,200,0,0,"https://www.birminghamboilerrepairs.uk/Selly%20Oak/boiler-repairs
https://www.birminghamboilerrepairs.uk/Selly%20Oak/boiler-servicing
https://www.birminghamboilerrepairs.uk/Selly%20Oak/gas-safety","404
404
404",3,,,0
20,https://www.birminghamboilerrepairs.uk/the-parade/glowworm-specialists,The Parade Glow-worm Specialists | Same Day Service | Fixed Price Quote,text/html; charset=utf-8,false,200,0,0,"https://www.birminghamboilerrepairs.uk/The%20Parade/boiler-repairs
https://www.birminghamboilerrepairs.uk/The%20Parade/boiler-servicing
https://www.birminghamboilerrepairs.uk/The%20Parade/gas-safety","404
404
404",3,,,0
20,https://www.birminghamboilerrepairs.uk/gosta-green/potterton-specialists,Gosta Green Potterton Specialists | Same Day Service | Fixed Price Quote,text/html; charset=utf-8,false,200,0,0,"https://www.birminghamboilerrepairs.uk/Gosta%20Green/boiler-repairs
https://www.birminghamboilerrepairs.uk/Gosta%20Green/boiler-servicing
https://www.birminghamboilerrepairs.uk/Gosta%20Green/gas-safety","404
404
404",3,,,0
20,https://www.birminghamboilerrepairs.uk/south-yardley/heatline-specialists,South Yardley Heatline Specialists | Same Day Service | Fixed Price Quote,text/html; charset=utf-8,false,200,0,0,"https://www.birminghamboilerrepairs.uk/South%20Yardley/boiler-repairs
https://www.birminghamboilerrepairs.uk/South%20Yardley/boiler-servicing
https://www.birminghamboilerrepairs.uk/South%20Yardley/gas-safety","404
404
404",3,,,0
20,https://www.birminghamboilerrepairs.uk/birches-green/combination-boiler-repairs,Birches Green Combination Boiler Repairs | Same Day Service | Fixed Price Quote,text/html; charset=utf-8,false,200,0,0,"https://www.birminghamboilerrepairs.uk/Birches%20Green/boiler-repairs
https://www.birminghamboilerrepairs.uk/Birches%20Green/boiler-servicing
https://www.birminghamboilerrepairs.uk/Birches%20Green/gas-safety","404
404
404",3,,,0
20,https://www.birminghamboilerrepairs.uk/small-heath/ferroli-specialists,Small Heath Ferroli Specialists | Same Day Service | Fixed Price Quote,text/html; charset=utf-8,false,200,0,0,"https://www.birminghamboilerrepairs.uk/Small%20Heath/boiler-repairs
https://www.birminghamboilerrepairs.uk/Small%20Heath/boiler-servicing
https://www.birminghamboilerrepairs.uk/Small%20Heath/gas-safety","404
404
404",3,,,0
20,https://www.birminghamboilerrepairs.uk/rotton-park/worcester-bosch-specialists,Rotton Park Worcester Bosch Specialists | Same Day Service | Fixed Price Quote,text/html; charset=utf-8,false,200,0,0,"https://www.birminghamboilerrepairs.uk/Rotton%20Park/boiler-repairs
https://www.birminghamboilerrepairs.uk/Rotton%20Park/boiler-servicing
https://www.birminghamboilerrepairs.uk/Rotton%20Park/gas-safety","404
404
404",3,,,0
20,https://www.birminghamboilerrepairs.uk/old-oscott/glowworm-specialists,Old Oscott Glow-worm Specialists | Same Day Service | Fixed Price Quote,text/html; charset=utf-8,false,200,0,0,"https://www.birminghamboilerrepairs.uk/Old%20Oscott/boiler-repairs
https://www.birminghamboilerrepairs.uk/Old%20Oscott/boiler-servicing
https://www.birminghamboilerrepairs.uk/Old%20Oscott/gas-safety","404
404
404",3,,,0
20,https://www.birminghamboilerrepairs.uk/castle-vale/main-boiler-specialists,Castle Vale Main Specialists | Same Day Service | Fixed Price Quote,text/html; charset=utf-8,false,200,0,0,"https://www.birminghamboilerrepairs.uk/Castle%20Vale/boiler-repairs
https://www.birminghamboilerrepairs.uk/Castle%20Vale/boiler-servicing
https://www.birminghamboilerrepairs.uk/Castle%20Vale/gas-safety","404
404
404",3,,,0
20,https://www.birminghamboilerrepairs.uk/hay-mills/baxi-specialists,Hay Mills Baxi Specialists | Same Day Service | Fixed Price Quote,text/html; charset=utf-8,false,200,0,0,"https://www.birminghamboilerrepairs.uk/Hay%20Mills/boiler-repairs
https://www.birminghamboilerrepairs.uk/Hay%20Mills/boiler-servicing
https://www.birminghamboilerrepairs.uk/Hay%20Mills/gas-safety","404
404
404",3,,,0
20,https://www.birminghamboilerrepairs.uk/perry-barr/boiler-servicing,Perry Barr Boiler Servicing | Same Day Service | Fixed Price Quote,text/html; charset=utf-8,false,200,0,0,"https://www.birminghamboilerrepairs.uk/Perry%20Barr/boiler-repairs
https://www.birminghamboilerrepairs.uk/Perry%20Barr/combination-boiler-repairs
https://www.birminghamboilerrepairs.uk/Perry%20Barr/gas-safety","404
404
404",3,,,0
20,https://www.birminghamboilerrepairs.uk/high-heath/ferroli-specialists,High Heath Ferroli Specialists | Same Day Service | Fixed Price Quote,text/html; charset=utf-8,false,200,0,0,"https://www.birminghamboilerrepairs.uk/High%20Heath/boiler-repairs
https://www.birminghamboilerrepairs.uk/High%20Heath/boiler-servicing
https://www.birminghamboilerrepairs.uk/High%20Heath/gas-safety","404
404
404",3,,,0
20,https://www.birminghamboilerrepairs.uk/cradley-heath/intergas-specialists,Cradley Heath Intergas Specialists | Same Day Service | Fixed Price Quote,text/html; charset=utf-8,false,200,0,0,"https://www.birminghamboilerrepairs.uk/Cradley%20Heath/boiler-repairs
https://www.birminghamboilerrepairs.uk/Cradley%20Heath/boiler-servicing
https://www.birminghamboilerrepairs.uk/Cradley%20Heath/gas-safety","404
404
404",3,,,0
20,https://www.birminghamboilerrepairs.uk/kings-norton/main-boiler-specialists,Kings Norton Main Specialists | Same Day Service | Fixed Price Quote,text/html; charset=utf-8,false,200,0,0,"https://www.birminghamboilerrepairs.uk/Kings%20Norton/boiler-repairs
https://www.birminghamboilerrepairs.uk/Kings%20Norton/boiler-servicing
https://www.birminghamboilerrepairs.uk/Kings%20Norton/gas-safety","404
404
404",3,,,0
20,https://www.birminghamboilerrepairs.uk/weoley-castle/intergas-specialists,Weoley Castle Intergas Specialists | Same Day Service | Fixed Price Quote,text/html; charset=utf-8,false,200,0,0,"https://www.birminghamboilerrepairs.uk/Weoley%20Castle/boiler-repairs
https://www.birminghamboilerrepairs.uk/Weoley%20Castle/boiler-servicing
https://www.birminghamboilerrepairs.uk/Weoley%20Castle/gas-safety","404
404
404",3,,,0
20,https://www.birminghamboilerrepairs.uk/thimble-end/biasi-specialists,Thimble End Biasi Specialists | Same Day Service | Fixed Price Quote,text/html; charset=utf-8,false,200,0,0,"https://www.birminghamboilerrepairs.uk/Thimble%20End/boiler-repairs
https://www.birminghamboilerrepairs.uk/Thimble%20End/boiler-servicing
https://www.birminghamboilerrepairs.uk/Thimble%20End/gas-safety","404
404
404",3,,,0
20,https://www.birminghamboilerrepairs.uk/cofton-common/biasi-specialists,Cofton Common Biasi Specialists | Same Day Service | Fixed Price Quote,text/html; charset=utf-8,false,200,0,0,"https://www.birminghamboilerrepairs.uk/Cofton%20Common/boiler-repairs
https://www.birminghamboilerrepairs.uk/Cofton%20Common/boiler-servicing
https://www.birminghamboilerrepairs.uk/Cofton%20Common/gas-safety","404
404
404",3,,,0
20,https://www.birminghamboilerrepairs.uk/south-yardley/ariston-specialists,South Yardley Ariston Specialists | Same Day Service | Fixed Price Quote,text/html; charset=utf-8,false,200,0,0,"https://www.birminghamboilerrepairs.uk/South%20Yardley/boiler-repairs
https://www.birminghamboilerrepairs.uk/South%20Yardley/boiler-servicing
https://www.birminghamboilerrepairs.uk/South%20Yardley/gas-safety","404
404
404",3,,,0
20,https://www.birminghamboilerrepairs.uk/weoley-castle/worcester-bosch-specialists,Weoley Castle Worcester Bosch Specialists | Same Day Service | Fixed Price Quote,text/html; charset=utf-8,false,200,0,0,"https://www.birminghamboilerrepairs.uk/Weoley%20Castle/boiler-repairs
https://www.birminghamboilerrepairs.uk/Weoley%20Castle/boiler-servicing
https://www.birminghamboilerrepairs.uk/Weoley%20Castle/gas-safety","404
404
404",3,,,0
20,https://www.birminghamboilerrepairs.uk/sutton-coldfield/boiler-servicing,Sutton Coldfield Boiler Servicing | Same Day Service | Fixed Price Quote,text/html; charset=utf-8,false,200,0,0,"https://www.birminghamboilerrepairs.uk/Sutton%20Coldfield/boiler-repairs
https://www.birminghamboilerrepairs.uk/Sutton%20Coldfield/combination-boiler-repairs
https://www.birminghamboilerrepairs.uk/Sutton%20Coldfield/gas-safety","404
404
404",3,,,0
20,https://www.birminghamboilerrepairs.uk/selly-oak/gas-safety,Selly Oak Gas Safety Inspections | Same Day Service | Fixed Price Quote,text/html; charset=utf-8,false,200,0,0,"https://www.birminghamboilerrepairs.uk/Selly%20Oak/boiler-repairs
https://www.birminghamboilerrepairs.uk/Selly%20Oak/boiler-servicing
https://www.birminghamboilerrepairs.uk/Selly%20Oak/combination-boiler-repairs","404
404
404",3,,,0
20,https://www.birminghamboilerrepairs.uk/west-bromwich/alpha-boiler-specialists,West Bromwich Alpha Specialists | Same Day Service | Fixed Price Quote,text/html; charset=utf-8,false,200,0,0,"https://www.birminghamboilerrepairs.uk/West%20Bromwich/boiler-repairs
https://www.birminghamboilerrepairs.uk/West%20Bromwich/boiler-servicing
https://www.birminghamboilerrepairs.uk/West%20Bromwich/gas-safety","404
404
404",3,,,0
20,https://www.birminghamboilerrepairs.uk/hill-wood/intergas-specialists,Hill Wood Intergas Specialists | Same Day Service | Fixed Price Quote,text/html; charset=utf-8,false,200,0,0,"https://www.birminghamboilerrepairs.uk/Hill%20Wood/boiler-repairs
https://www.birminghamboilerrepairs.uk/Hill%20Wood/boiler-servicing
https://www.birminghamboilerrepairs.uk/Hill%20Wood/gas-safety","404
404
404",3,,,0
20,https://www.birminghamboilerrepairs.uk/gun-quarter/worcester-bosch-specialists,Gun Quarter Worcester Bosch Specialists | Same Day Service | Fixed Price Quote,text/html; charset=utf-8,false,200,0,0,"https://www.birminghamboilerrepairs.uk/Gun%20Quarter/boiler-repairs
https://www.birminghamboilerrepairs.uk/Gun%20Quarter/boiler-servicing
https://www.birminghamboilerrepairs.uk/Gun%20Quarter/gas-safety","404
404
404",3,,,0
20,https://www.birminghamboilerrepairs.uk/buckland-end/atag-specialists,Buckland End Atag Specialists | Same Day Service | Fixed Price Quote,text/html; charset=utf-8,false,200,0,0,"https://www.birminghamboilerrepairs.uk/Buckland%20End/boiler-repairs
https://www.birminghamboilerrepairs.uk/Buckland%20End/boiler-servicing
https://www.birminghamboilerrepairs.uk/Buckland%20End/gas-safety","404
404
404",3,,,0
20,https://www.birminghamboilerrepairs.uk/grimstock-hill/boiler-servicing,Grimstock Hill Boiler Servicing | Same Day Service | Fixed Price Quote,text/html; charset=utf-8,false,200,0,0,"https://www.birminghamboilerrepairs.uk/Grimstock%20Hill/boiler-repairs
https://www.birminghamboilerrepairs.uk/Grimstock%20Hill/combination-boiler-repairs
https://www.birminghamboilerrepairs.uk/Grimstock%20Hill/gas-safety","404
404
404",3,,,0
20,https://www.birminghamboilerrepairs.uk/aston-fields/potterton-specialists,Aston Fields Potterton Specialists | Same Day Service | Fixed Price Quote,text/html; charset=utf-8,false,200,0,0,"https://www.birminghamboilerrepairs.uk/Aston%20Fields/boiler-repairs
https://www.birminghamboilerrepairs.uk/Aston%20Fields/boiler-servicing
https://www.birminghamboilerrepairs.uk/Aston%20Fields/gas-safety","404
404
404",3,,,0
20,https://www.birminghamboilerrepairs.uk/gravelly-hill/combination-boiler-repairs,Gravelly Hill Combination Boiler Repairs | Same Day Service | Fixed Price Quote,text/html; charset=utf-8,false,200,0,0,"https://www.birminghamboilerrepairs.uk/Gravelly%20Hill/boiler-repairs
https://www.birminghamboilerrepairs.uk/Gravelly%20Hill/boiler-servicing
https://www.birminghamboilerrepairs.uk/Gravelly%20Hill/gas-safety","404
404
404",3,,,0
20,https://www.birminghamboilerrepairs.uk/high-heath/boiler-servicing,High Heath Boiler Servicing | Same Day Service | Fixed Price Quote,text/html; charset=utf-8,false,200,0,0,"https://www.birminghamboilerrepairs.uk/High%20Heath/boiler-repairs
https://www.birminghamboilerrepairs.uk/High%20Heath/combination-boiler-repairs
https://www.birminghamboilerrepairs.uk/High%20Heath/gas-safety","404
404
404",3,,,0
20,https://www.birminghamboilerrepairs.uk/great-barr/viessmann-specialists,Great Barr Viessmann Specialists | Same Day Service | Fixed Price Quote,text/html; charset=utf-8,false,200,0,0,"https://www.birminghamboilerrepairs.uk/Great%20Barr/boiler-repairs
https://www.birminghamboilerrepairs.uk/Great%20Barr/boiler-servicing
https://www.birminghamboilerrepairs.uk/Great%20Barr/gas-safety","404
404
404",3,,,0
20,https://www.birminghamboilerrepairs.uk/south-yardley/combination-boiler-services,South Yardley Combination Boiler Services | Same Day Service | Fixed Price Quote,text/html; charset=utf-8,false,200,0,0,"https://www.birminghamboilerrepairs.uk/South%20Yardley/boiler-repairs
https://www.birminghamboilerrepairs.uk/South%20Yardley/boiler-servicing
https://www.birminghamboilerrepairs.uk/South%20Yardley/gas-safety","404
404
404",3,,,0
20,https://www.birminghamboilerrepairs.uk/birches-green/ferroli-specialists,Birches Green Ferroli Specialists | Same Day Service | Fixed Price Quote,text/html; charset=utf-8,false,200,0,0,"https://www.birminghamboilerrepairs.uk/Birches%20Green/boiler-repairs
https://www.birminghamboilerrepairs.uk/Birches%20Green/boiler-servicing
https://www.birminghamboilerrepairs.uk/Birches%20Green/gas-safety","404
404
404",3,,,0
20,https://www.birminghamboilerrepairs.uk/perry-common/ideal-boilers-specialists,Perry Common Ideal Boilers Specialists | Same Day Service | Fixed Price Quote,text/html; charset=utf-8,false,200,0,0,"https://www.birminghamboilerrepairs.uk/Perry%20Common/boiler-repairs
https://www.birminghamboilerrepairs.uk/Perry%20Common/boiler-servicing
https://www.birminghamboilerrepairs.uk/Perry%20Common/gas-safety","404
404
404",3,,,0
20,https://www.birminghamboilerrepairs.uk/turves-green/ariston-specialists,Turves Green Ariston Specialists | Same Day Service | Fixed Price Quote,text/html; charset=utf-8,false,200,0,0,"https://www.birminghamboilerrepairs.uk/Turves%20Green/boiler-repairs
https://www.birminghamboilerrepairs.uk/Turves%20Green/boiler-servicing
https://www.birminghamboilerrepairs.uk/Turves%20Green/gas-safety","404
404
404",3,,,0
20,https://www.birminghamboilerrepairs.uk/buckland-end/boiler-servicing,Buckland End Boiler Servicing | Same Day Service | Fixed Price Quote,text/html; charset=utf-8,false,200,0,0,"https://www.birminghamboilerrepairs.uk/Buckland%20End/boiler-repairs
https://www.birminghamboilerrepairs.uk/Buckland%20End/combination-boiler-repairs
https://www.birminghamboilerrepairs.uk/Buckland%20End/gas-safety","404
404
404",3,,,0
20,https://www.birminghamboilerrepairs.uk/high-heath/ideal-boilers-specialists,High Heath Ideal Boilers Specialists | Same Day Service | Fixed Price Quote,text/html; charset=utf-8,false,200,0,0,"https://www.birminghamboilerrepairs.uk/High%20Heath/boiler-repairs
https://www.birminghamboilerrepairs.uk/High%20Heath/boiler-servicing
https://www.birminghamboilerrepairs.uk/High%20Heath/gas-safety","404
404
404",3,,,0
20,https://www.birminghamboilerrepairs.uk/garretts-green/vaillant-specialists,Garretts Green Vaillant Specialists | Same Day Service | Fixed Price Quote,text/html; charset=utf-8,false,200,0,0,"https://www.birminghamboilerrepairs.uk/Garretts%20Green/boiler-repairs
https://www.birminghamboilerrepairs.uk/Garretts%20Green/boiler-servicing
https://www.birminghamboilerrepairs.uk/Garretts%20Green/gas-safety","404
404
404",3,,,0
20,https://www.birminghamboilerrepairs.uk/thimble-end/worcester-bosch-specialists,Thimble End Worcester Bosch Specialists | Same Day Service | Fixed Price Quote,text/html; charset=utf-8,false,200,0,0,"https://www.birminghamboilerrepairs.uk/Thimble%20End/boiler-repairs
https://www.birminghamboilerrepairs.uk/Thimble%20End/boiler-servicing
https://www.birminghamboilerrepairs.uk/Thimble%20End/gas-safety","404
404
404",3,,,0
20,https://www.birminghamboilerrepairs.uk/kings-heath/potterton-specialists,Kings Heath Potterton Specialists | Same Day Service | Fixed Price Quote,text/html; charset=utf-8,false,200,0,0,"https://www.birminghamboilerrepairs.uk/Kings%20Heath/boiler-repairs
https://www.birminghamboilerrepairs.uk/Kings%20Heath/boiler-servicing
https://www.birminghamboilerrepairs.uk/Kings%20Heath/gas-safety","404
404
404",3,,,0
20,https://www.birminghamboilerrepairs.uk/gravelly-hill/glowworm-specialists,Gravelly Hill Glow-worm Specialists | Same Day Service | Fixed Price Quote,text/html; charset=utf-8,false,200,0,0,"https://www.birminghamboilerrepairs.uk/Gravelly%20Hill/boiler-repairs
https://www.birminghamboilerrepairs.uk/Gravelly%20Hill/boiler-servicing
https://www.birminghamboilerrepairs.uk/Gravelly%20Hill/gas-safety","404
404
404",3,,,0
20,https://www.birminghamboilerrepairs.uk/bordesley-green/worcester-bosch-specialists,Bordesley Green Worcester Bosch Specialists | Same Day Service | Fixed Price Quote,text/html; charset=utf-8,false,200,0,0,"https://www.birminghamboilerrepairs.uk/Bordesley%20Green/boiler-repairs
https://www.birminghamboilerrepairs.uk/Bordesley%20Green/boiler-servicing
https://www.birminghamboilerrepairs.uk/Bordesley%20Green/gas-safety","404
404
404",3,,,0
20,https://www.birminghamboilerrepairs.uk/showell-green/gas-safety,Showell Green Gas Safety Inspections | Same Day Service | Fixed Price Quote,text/html; charset=utf-8,false,200,0,0,"https://www.birminghamboilerrepairs.uk/Showell%20Green/boiler-repairs
https://www.birminghamboilerrepairs.uk/Showell%20Green/boiler-servicing
https://www.birminghamboilerrepairs.uk/Showell%20Green/combination-boiler-repairs","404
404
404",3,,,0
20,https://www.birminghamboilerrepairs.uk/perry-common/ferroli-specialists,Perry Common Ferroli Specialists | Same Day Service | Fixed Price Quote,text/html; charset=utf-8,false,200,0,0,"https://www.birminghamboilerrepairs.uk/Perry%20Common/boiler-repairs
https://www.birminghamboilerrepairs.uk/Perry%20Common/boiler-servicing
https://www.birminghamboilerrepairs.uk/Perry%20Common/gas-safety","404
404
404",3,,,0
20,https://www.birminghamboilerrepairs.uk/chad-valley/boiler-repairs,Chad Valley Boiler Repairs | Same Day Service | Fixed Price Quote,text/html; charset=utf-8,false,200,0,0,"https://www.birminghamboilerrepairs.uk/Chad%20Valley/boiler-servicing
https://www.birminghamboilerrepairs.uk/Chad%20Valley/combination-boiler-repairs
https://www.birminghamboilerrepairs.uk/Chad%20Valley/gas-safety","404
404
404",3,,,0
20,https://www.birminghamboilerrepairs.uk/short-heath/baxi-specialists,Short Heath Baxi Specialists | Same Day Service | Fixed Price Quote,text/html; charset=utf-8,false,200,0,0,"https://www.birminghamboilerrepairs.uk/Short%20Heath/boiler-repairs
https://www.birminghamboilerrepairs.uk/Short%20Heath/boiler-servicing
https://www.birminghamboilerrepairs.uk/Short%20Heath/gas-safety","404
404
404",3,,,0
20,https://www.birminghamboilerrepairs.uk/beech-lanes/intergas-specialists,Beech Lanes Intergas Specialists | Same Day Service | Fixed Price Quote,text/html; charset=utf-8,false,200,0,0,"https://www.birminghamboilerrepairs.uk/Beech%20Lanes/boiler-repairs
https://www.birminghamboilerrepairs.uk/Beech%20Lanes/boiler-servicing
https://www.birminghamboilerrepairs.uk/Beech%20Lanes/gas-safety","404
404
404",3,,,0
20,https://www.birminghamboilerrepairs.uk/ten-acres/boiler-servicing,Ten Acres Boiler Servicing | Same Day Service | Fixed Price Quote,text/html; charset=utf-8,false,200,0,0,"https://www.birminghamboilerrepairs.uk/Ten%20Acres/boiler-repairs
https://www.birminghamboilerrepairs.uk/Ten%20Acres/combination-boiler-repairs
https://www.birminghamboilerrepairs.uk/Ten%20Acres/gas-safety","404
404
404",3,,,0
20,https://www.birminghamboilerrepairs.uk/gravelly-hill/gas-safety,Gravelly Hill Gas Safety Inspections | Same Day Service | Fixed Price Quote,text/html; charset=utf-8,false,200,0,0,"https://www.birminghamboilerrepairs.uk/Gravelly%20Hill/boiler-repairs
https://www.birminghamboilerrepairs.uk/Gravelly%20Hill/boiler-servicing
https://www.birminghamboilerrepairs.uk/Gravelly%20Hill/combination-boiler-repairs","404
404
404",3,,,0
20,https://www.birminghamboilerrepairs.uk/hay-mills/worcester-bosch-specialists,Hay Mills Worcester Bosch Specialists | Same Day Service | Fixed Price Quote,text/html; charset=utf-8,false,200,0,0,"https://www.birminghamboilerrepairs.uk/Hay%20Mills/boiler-repairs
https://www.birminghamboilerrepairs.uk/Hay%20Mills/boiler-servicing
https://www.birminghamboilerrepairs.uk/Hay%20Mills/gas-safety","404
404
404",3,,,0
20,https://www.birminghamboilerrepairs.uk/south-yardley/intergas-specialists,South Yardley Intergas Specialists | Same Day Service | Fixed Price Quote,text/html; charset=utf-8,false,200,0,0,"https://www.birminghamboilerrepairs.uk/South%20Yardley/boiler-repairs
https://www.birminghamboilerrepairs.uk/South%20Yardley/boiler-servicing
https://www.birminghamboilerrepairs.uk/South%20Yardley/gas-safety","404
404
404",3,,,0
20,https://www.birminghamboilerrepairs.uk/high-heath/heatline-specialists,High Heath Heatline Specialists | Same Day Service | Fixed Price Quote,text/html; charset=utf-8,false,200,0,0,"https://www.birminghamboilerrepairs.uk/High%20Heath/boiler-repairs
https://www.birminghamboilerrepairs.uk/High%20Heath/boiler-servicing
https://www.birminghamboilerrepairs.uk/High%20Heath/gas-safety","404
404
404",3,,,0
20,https://www.birminghamboilerrepairs.uk/kings-heath/boiler-servicing,Kings Heath Boiler Servicing | Same Day Service | Fixed Price Quote,text/html; charset=utf-8,false,200,0,0,"https://www.birminghamboilerrepairs.uk/Kings%20Heath/boiler-repairs
https://www.birminghamboilerrepairs.uk/Kings%20Heath/combination-boiler-repairs
https://www.birminghamboilerrepairs.uk/Kings%20Heath/gas-safety","404
404
404",3,,,0
20,https://www.birminghamboilerrepairs.uk/tudor-hill/heatline-specialists,Tudor Hill Heatline Specialists | Same Day Service | Fixed Price Quote,text/html; charset=utf-8,false,200,0,0,"https://www.birminghamboilerrepairs.uk/Tudor%20Hill/boiler-repairs
https://www.birminghamboilerrepairs.uk/Tudor%20Hill/boiler-servicing
https://www.birminghamboilerrepairs.uk/Tudor%20Hill/gas-safety","404
404
404",3,,,0
20,https://www.birminghamboilerrepairs.uk/gosta-green/gas-safety,Gosta Green Gas Safety Inspections | Same Day Service | Fixed Price Quote,text/html; charset=utf-8,false,200,0,0,"https://www.birminghamboilerrepairs.uk/Gosta%20Green/boiler-repairs
https://www.birminghamboilerrepairs.uk/Gosta%20Green/boiler-servicing
https://www.birminghamboilerrepairs.uk/Gosta%20Green/combination-boiler-repairs","404
404
404",3,,,0
20,https://www.birminghamboilerrepairs.uk/selly-park/alpha-boiler-specialists,Selly Park Alpha Specialists | Same Day Service | Fixed Price Quote,text/html; charset=utf-8,false,200,0,0,"https://www.birminghamboilerrepairs.uk/Selly%20Park/boiler-repairs
https://www.birminghamboilerrepairs.uk/Selly%20Park/boiler-servicing
https://www.birminghamboilerrepairs.uk/Selly%20Park/gas-safety","404
404
404",3,,,0
20,https://www.birminghamboilerrepairs.uk/gib-heath/baxi-specialists,Gib Heath Baxi Specialists | Same Day Service | Fixed Price Quote,text/html; charset=utf-8,false,200,0,0,"https://www.birminghamboilerrepairs.uk/Gib%20Heath/boiler-repairs
https://www.birminghamboilerrepairs.uk/Gib%20Heath/boiler-servicing
https://www.birminghamboilerrepairs.uk/Gib%20Heath/gas-safety","404
404
404",3,,,0
20,https://www.birminghamboilerrepairs.uk/over-green/intergas-specialists,Over Green Intergas Specialists | Same Day Service | Fixed Price Quote,text/html; charset=utf-8,false,200,0,0,"https://www.birminghamboilerrepairs.uk/Over%20Green/boiler-repairs
https://www.birminghamboilerrepairs.uk/Over%20Green/boiler-servicing
https://www.birminghamboilerrepairs.uk/Over%20Green/gas-safety","404
404
404",3,,,0
20,https://www.birminghamboilerrepairs.uk/selly-park/vokera-specialists,Selly Park Vokera Specialists | Same Day Service | Fixed Price Quote,text/html; charset=utf-8,false,200,0,0,"https://www.birminghamboilerrepairs.uk/Selly%20Park/boiler-repairs
https://www.birminghamboilerrepairs.uk/Selly%20Park/boiler-servicing
https://www.birminghamboilerrepairs.uk/Selly%20Park/gas-safety","404
404
404",3,,,0
20,https://www.birminghamboilerrepairs.uk/falcon-lodge/alpha-boiler-specialists,Falcon Lodge Alpha Specialists | Same Day Service | Fixed Price Quote,text/html; charset=utf-8,false,200,0,0,"https://www.birminghamboilerrepairs.uk/Falcon%20Lodge/boiler-repairs
https://www.birminghamboilerrepairs.uk/Falcon%20Lodge/boiler-servicing
https://www.birminghamboilerrepairs.uk/Falcon%20Lodge/gas-safety","404
404
404",3,,,0
20,https://www.birminghamboilerrepairs.uk/cradley-heath/ariston-specialists,Cradley Heath Ariston Specialists | Same Day Service | Fixed Price Quote,text/html; charset=utf-8,false,200,0,0,"https://www.birminghamboilerrepairs.uk/Cradley%20Heath/boiler-repairs
https://www.birminghamboilerrepairs.uk/Cradley%20Heath/boiler-servicing
https://www.birminghamboilerrepairs.uk/Cradley%20Heath/gas-safety","404
404
404",3,,,0
20,https://www.birminghamboilerrepairs.uk/tudor-hill/boiler-servicing,Tudor Hill Boiler Servicing | Same Day Service | Fixed Price Quote,text/html; charset=utf-8,false,200,0,0,"https://www.birminghamboilerrepairs.uk/Tudor%20Hill/boiler-repairs
https://www.birminghamboilerrepairs.uk/Tudor%20Hill/combination-boiler-repairs
https://www.birminghamboilerrepairs.uk/Tudor%20Hill/gas-safety","404
404
404",3,,,0
20,https://www.birminghamboilerrepairs.uk/glebe-farm/ferroli-specialists,Glebe Farm Ferroli Specialists | Same Day Service | Fixed Price Quote,text/html; charset=utf-8,false,200,0,0,"https://www.birminghamboilerrepairs.uk/Glebe%20Farm/boiler-repairs
https://www.birminghamboilerrepairs.uk/Glebe%20Farm/boiler-servicing
https://www.birminghamboilerrepairs.uk/Glebe%20Farm/gas-safety","404
404
404",3,,,0
20,https://www.birminghamboilerrepairs.uk/hay-mills/biasi-specialists,Hay Mills Biasi Specialists | Same Day Service | Fixed Price Quote,text/html; charset=utf-8,false,200,0,0,"https://www.birminghamboilerrepairs.uk/Hay%20Mills/boiler-repairs
https://www.birminghamboilerrepairs.uk/Hay%20Mills/boiler-servicing
https://www.birminghamboilerrepairs.uk/Hay%20Mills/gas-safety","404
404
404",3,,,0
20,https://www.birminghamboilerrepairs.uk/short-heath/intergas-specialists,Short Heath Intergas Specialists | Same Day Service | Fixed Price Quote,text/html; charset=utf-8,false,200,0,0,"https://www.birminghamboilerrepairs.uk/Short%20Heath/boiler-repairs
https://www.birminghamboilerrepairs.uk/Short%20Heath/boiler-servicing
https://www.birminghamboilerrepairs.uk/Short%20Heath/gas-safety","404
404
404",3,,,0
20,https://www.birminghamboilerrepairs.uk/chad-valley/ideal-boilers-specialists,Chad Valley Ideal Boilers Specialists | Same Day Service | Fixed Price Quote,text/html; charset=utf-8,false,200,0,0,"https://www.birminghamboilerrepairs.uk/Chad%20Valley/boiler-repairs
https://www.birminghamboilerrepairs.uk/Chad%20Valley/boiler-servicing
https://www.birminghamboilerrepairs.uk/Chad%20Valley/gas-safety","404
404
404",3,,,0
20,https://www.birminghamboilerrepairs.uk/the-parade/worcester-bosch-specialists,The Parade Worcester Bosch Specialists | Same Day Service | Fixed Price Quote,text/html; charset=utf-8,false,200,0,0,"https://www.birminghamboilerrepairs.uk/The%20Parade/boiler-repairs
https://www.birminghamboilerrepairs.uk/The%20Parade/boiler-servicing
https://www.birminghamboilerrepairs.uk/The%20Parade/gas-safety","404
404
404",3,,,0
20,https://www.birminghamboilerrepairs.uk/west-midlands/biasi-specialists,West Midlands Biasi Specialists | Same Day Service | Fixed Price Quote,text/html; charset=utf-8,false,200,0,0,"https://www.birminghamboilerrepairs.uk/West%20Midlands/boiler-repairs
https://www.birminghamboilerrepairs.uk/West%20Midlands/boiler-servicing
https://www.birminghamboilerrepairs.uk/West%20Midlands/gas-safety","404
404
404",3,,,0
20,https://www.birminghamboilerrepairs.uk/weoley-castle/ferroli-specialists,Weoley Castle Ferroli Specialists | Same Day Service | Fixed Price Quote,text/html; charset=utf-8,false,200,0,0,"https://www.birminghamboilerrepairs.uk/Weoley%20Castle/boiler-repairs
https://www.birminghamboilerrepairs.uk/Weoley%20Castle/boiler-servicing
https://www.birminghamboilerrepairs.uk/Weoley%20Castle/gas-safety","404
404
404",3,,,0
20,https://www.birminghamboilerrepairs.uk/reddicap-heath/intergas-specialists,Reddicap Heath Intergas Specialists | Same Day Service | Fixed Price Quote,text/html; charset=utf-8,false,200,0,0,"https://www.birminghamboilerrepairs.uk/Reddicap%20Heath/boiler-repairs
https://www.birminghamboilerrepairs.uk/Reddicap%20Heath/boiler-servicing
https://www.birminghamboilerrepairs.uk/Reddicap%20Heath/gas-safety","404
404
404",3,,,0
20,https://www.birminghamboilerrepairs.uk/highters-heath/atag-specialists,Highters Heath Atag Specialists | Same Day Service | Fixed Price Quote,text/html; charset=utf-8,false,200,0,0,"https://www.birminghamboilerrepairs.uk/Highters%20Heath/boiler-repairs
https://www.birminghamboilerrepairs.uk/Highters%20Heath/boiler-servicing
https://www.birminghamboilerrepairs.uk/Highters%20Heath/gas-safety","404
404
404",3,,,0
20,https://www.birminghamboilerrepairs.uk/camp-hill/heatline-specialists,Camp Hill Heatline Specialists | Same Day Service | Fixed Price Quote,text/html; charset=utf-8,false,200,0,0,"https://www.birminghamboilerrepairs.uk/Camp%20Hill/boiler-repairs
https://www.birminghamboilerrepairs.uk/Camp%20Hill/boiler-servicing
https://www.birminghamboilerrepairs.uk/Camp%20Hill/gas-safety","404
404
404",3,,,0
20,https://www.birminghamboilerrepairs.uk/south-yardley/ferroli-specialists,South Yardley Ferroli Specialists | Same Day Service | Fixed Price Quote,text/html; charset=utf-8,false,200,0,0,"https://www.birminghamboilerrepairs.uk/South%20Yardley/boiler-repairs
https://www.birminghamboilerrepairs.uk/South%20Yardley/boiler-servicing
https://www.birminghamboilerrepairs.uk/South%20Yardley/gas-safety","404
404
404",3,,,0
20,https://www.birminghamboilerrepairs.uk/the-parade/heatline-specialists,The Parade Heatline Specialists | Same Day Service | Fixed Price Quote,text/html; charset=utf-8,false,200,0,0,"https://www.birminghamboilerrepairs.uk/The%20Parade/boiler-repairs
https://www.birminghamboilerrepairs.uk/The%20Parade/boiler-servicing
https://www.birminghamboilerrepairs.uk/The%20Parade/gas-safety","404
404
404",3,,,0
20,https://www.birminghamboilerrepairs.uk/beech-lanes/boiler-repairs,Beech Lanes Boiler Repairs | Same Day Service | Fixed Price Quote,text/html; charset=utf-8,false,200,0,0,"https://www.birminghamboilerrepairs.uk/Beech%20Lanes/boiler-servicing
https://www.birminghamboilerrepairs.uk/Beech%20Lanes/combination-boiler-repairs
https://www.birminghamboilerrepairs.uk/Beech%20Lanes/gas-safety","404
404
404",3,,,0
20,https://www.birminghamboilerrepairs.uk/perry-barr/main-boiler-specialists,Perry Barr Main Specialists | Same Day Service | Fixed Price Quote,text/html; charset=utf-8,false,200,0,0,"https://www.birminghamboilerrepairs.uk/Perry%20Barr/boiler-repairs
https://www.birminghamboilerrepairs.uk/Perry%20Barr/boiler-servicing
https://www.birminghamboilerrepairs.uk/Perry%20Barr/gas-safety","404
404
404",3,,,0
20,https://www.birminghamboilerrepairs.uk/bordesley-green/intergas-specialists,Bordesley Green Intergas Specialists | Same Day Service | Fixed Price Quote,text/html; charset=utf-8,false,200,0,0,"https://www.birminghamboilerrepairs.uk/Bordesley%20Green/boiler-repairs
https://www.birminghamboilerrepairs.uk/Bordesley%20Green/boiler-servicing
https://www.birminghamboilerrepairs.uk/Bordesley%20Green/gas-safety","404
404
404",3,,,0
20,https://www.birminghamboilerrepairs.uk/old-oscott/ideal-boilers-specialists,Old Oscott Ideal Boilers Specialists | Same Day Service | Fixed Price Quote,text/html; charset=utf-8,false,200,0,0,"https://www.birminghamboilerrepairs.uk/Old%20Oscott/boiler-repairs
https://www.birminghamboilerrepairs.uk/Old%20Oscott/boiler-servicing
https://www.birminghamboilerrepairs.uk/Old%20Oscott/gas-safety","404
404
404",3,,,0
20,https://www.birminghamboilerrepairs.uk/harts-green/viessmann-specialists,Harts Green Viessmann Specialists | Same Day Service | Fixed Price Quote,text/html; charset=utf-8,false,200,0,0,"https://www.birminghamboilerrepairs.uk/Harts%20Green/boiler-repairs
https://www.birminghamboilerrepairs.uk/Harts%20Green/boiler-servicing
https://www.birminghamboilerrepairs.uk/Harts%20Green/gas-safety","404
404
404",3,,,0
20,https://www.birminghamboilerrepairs.uk/showell-green/combination-boiler-services,Showell Green Combination Boiler Services | Same Day Service | Fixed Price Quote,text/html; charset=utf-8,false,200,0,0,"https://www.birminghamboilerrepairs.uk/Showell%20Green/boiler-repairs
https://www.birminghamboilerrepairs.uk/Showell%20Green/boiler-servicing
https://www.birminghamboilerrepairs.uk/Showell%20Green/gas-safety","404
404
404",3,,,0
20,https://www.birminghamboilerrepairs.uk/hall-green/potterton-specialists,Hall Green Potterton Specialists | Same Day Service | Fixed Price Quote,text/html; charset=utf-8,false,200,0,0,"https://www.birminghamboilerrepairs.uk/Hall%20Green/boiler-repairs
https://www.birminghamboilerrepairs.uk/Hall%20Green/boiler-servicing
https://www.birminghamboilerrepairs.uk/Hall%20Green/gas-safety","404
404
404",3,,,0
20,https://www.birminghamboilerrepairs.uk/highters-heath/vokera-specialists,Highters Heath Vokera Specialists | Same Day Service | Fixed Price Quote,text/html; charset=utf-8,false,200,0,0,"https://www.birminghamboilerrepairs.uk/Highters%20Heath/boiler-repairs
https://www.birminghamboilerrepairs.uk/Highters%20Heath/boiler-servicing
https://www.birminghamboilerrepairs.uk/Highters%20Heath/gas-safety","404
404
404",3,,,0
20,https://www.birminghamboilerrepairs.uk/rowney-green/glowworm-specialists,Rowney Green Glow-worm Specialists | Same Day Service | Fixed Price Quote,text/html; charset=utf-8,false,200,0,0,"https://www.birminghamboilerrepairs.uk/Rowney%20Green/boiler-repairs
https://www.birminghamboilerrepairs.uk/Rowney%20Green/boiler-servicing
https://www.birminghamboilerrepairs.uk/Rowney%20Green/gas-safety","404
404
404",3,,,0
20,https://www.birminghamboilerrepairs.uk/gib-heath/vaillant-specialists,Gib Heath Vaillant Specialists | Same Day Service | Fixed Price Quote,text/html; charset=utf-8,false,200,0,0,"https://www.birminghamboilerrepairs.uk/Gib%20Heath/boiler-repairs
https://www.birminghamboilerrepairs.uk/Gib%20Heath/boiler-servicing
https://www.birminghamboilerrepairs.uk/Gib%20Heath/gas-safety","404
404
404",3,,,0
20,https://www.birminghamboilerrepairs.uk/chad-valley/viessmann-specialists,Chad Valley Viessmann Specialists | Same Day Service | Fixed Price Quote,text/html; charset=utf-8,false,200,0,0,"https://www.birminghamboilerrepairs.uk/Chad%20Valley/boiler-repairs
https://www.birminghamboilerrepairs.uk/Chad%20Valley/boiler-servicing
https://www.birminghamboilerrepairs.uk/Chad%20Valley/gas-safety","404
404
404",3,,,0
20,https://www.birminghamboilerrepairs.uk/west-midlands/vaillant-specialists,West Midlands Vaillant Specialists | Same Day Service | Fixed Price Quote,text/html; charset=utf-8,false,200,0,0,"https://www.birminghamboilerrepairs.uk/West%20Midlands/boiler-repairs
https://www.birminghamboilerrepairs.uk/West%20Midlands/boiler-servicing
https://www.birminghamboilerrepairs.uk/West%20Midlands/gas-safety","404
404
404",3,,,0
20,https://www.birminghamboilerrepairs.uk/tower-hill/boiler-repairs,Tower Hill Boiler Repairs | Same Day Service | Fixed Price Quote,text/html; charset=utf-8,false,200,0,0,"https://www.birminghamboilerrepairs.uk/Tower%20Hill/boiler-servicing
https://www.birminghamboilerrepairs.uk/Tower%20Hill/combination-boiler-repairs
https://www.birminghamboilerrepairs.uk/Tower%20Hill/gas-safety","404
404
404",3,,,0
20,https://www.birminghamboilerrepairs.uk/garretts-green/boiler-repairs,Garretts Green Boiler Repairs | Same Day Service | Fixed Price Quote,text/html; charset=utf-8,false,200,0,0,"https://www.birminghamboilerrepairs.uk/Garretts%20Green/boiler-servicing
https://www.birminghamboilerrepairs.uk/Garretts%20Green/combination-boiler-repairs
https://www.birminghamboilerrepairs.uk/Garretts%20Green/gas-safety","404
404
404",3,,,0
20,https://www.birminghamboilerrepairs.uk/tile-cross/vaillant-specialists,Tile Cross Vaillant Specialists | Same Day Service | Fixed Price Quote,text/html; charset=utf-8,false,200,0,0,"https://www.birminghamboilerrepairs.uk/Tile%20Cross/boiler-repairs
https://www.birminghamboilerrepairs.uk/Tile%20Cross/boiler-servicing
https://www.birminghamboilerrepairs.uk/Tile%20Cross/gas-safety","404
404
404",3,,,0
20,https://www.birminghamboilerrepairs.uk/perry-common/worcester-bosch-specialists,Perry Common Worcester Bosch Specialists | Same Day Service | Fixed Price Quote,text/html; charset=utf-8,false,200,0,0,"https://www.birminghamboilerrepairs.uk/Perry%20Common/boiler-repairs
https://www.birminghamboilerrepairs.uk/Perry%20Common/boiler-servicing
https://www.birminghamboilerrepairs.uk/Perry%20Common/gas-safety","404
404
404",3,,,0
20,https://www.birminghamboilerrepairs.uk/shenley-fields/combination-boiler-repairs,Shenley Fields Combination Boiler Repairs | Same Day Service | Fixed Price Quote,text/html; charset=utf-8,false,200,0,0,"https://www.birminghamboilerrepairs.uk/Shenley%20Fields/boiler-repairs
https://www.birminghamboilerrepairs.uk/Shenley%20Fields/boiler-servicing
https://www.birminghamboilerrepairs.uk/Shenley%20Fields/gas-safety","404
404
404",3,,,0
20,https://www.birminghamboilerrepairs.uk/south-yardley/alpha-boiler-specialists,South Yardley Alpha Specialists | Same Day Service | Fixed Price Quote,text/html; charset=utf-8,false,200,0,0,"https://www.birminghamboilerrepairs.uk/South%20Yardley/boiler-repairs
https://www.birminghamboilerrepairs.uk/South%20Yardley/boiler-servicing
https://www.birminghamboilerrepairs.uk/South%20Yardley/gas-safety","404
404
404",3,,,0
20,https://www.birminghamboilerrepairs.uk/browns-green/vokera-specialists,Browns Green Vokera Specialists | Same Day Service | Fixed Price Quote,text/html; charset=utf-8,false,200,0,0,"https://www.birminghamboilerrepairs.uk/Browns%20Green/boiler-repairs
https://www.birminghamboilerrepairs.uk/Browns%20Green/boiler-servicing
https://www.birminghamboilerrepairs.uk/Browns%20Green/gas-safety","404
404
404",3,,,0
20,https://www.birminghamboilerrepairs.uk/hodge-hill/worcester-bosch-specialists,Hodge Hill Worcester Bosch Specialists | Same Day Service | Fixed Price Quote,text/html; charset=utf-8,false,200,0,0,"https://www.birminghamboilerrepairs.uk/Hodge%20Hill/boiler-repairs
https://www.birminghamboilerrepairs.uk/Hodge%20Hill/boiler-servicing
https://www.birminghamboilerrepairs.uk/Hodge%20Hill/gas-safety","404
404
404",3,,,0
20,https://www.birminghamboilerrepairs.uk/ten-acres/ferroli-specialists,Ten Acres Ferroli Specialists | Same Day Service | Fixed Price Quote,text/html; charset=utf-8,false,200,0,0,"https://www.birminghamboilerrepairs.uk/Ten%20Acres/boiler-repairs
https://www.birminghamboilerrepairs.uk/Ten%20Acres/boiler-servicing
https://www.birminghamboilerrepairs.uk/Ten%20Acres/gas-safety","404
404
404",3,,,0
20,https://www.birminghamboilerrepairs.uk/buckland-end/intergas-specialists,Buckland End Intergas Specialists | Same Day Service | Fixed Price Quote,text/html; charset=utf-8,false,200,0,0,"https://www.birminghamboilerrepairs.uk/Buckland%20End/boiler-repairs
https://www.birminghamboilerrepairs.uk/Buckland%20End/boiler-servicing
https://www.birminghamboilerrepairs.uk/Buckland%20End/gas-safety","404
404
404",3,,,0
20,https://www.birminghamboilerrepairs.uk/grimstock-hill/main-boiler-specialists,Grimstock Hill Main Specialists | Same Day Service | Fixed Price Quote,text/html; charset=utf-8,false,200,0,0,"https://www.birminghamboilerrepairs.uk/Grimstock%20Hill/boiler-repairs
https://www.birminghamboilerrepairs.uk/Grimstock%20Hill/boiler-servicing
https://www.birminghamboilerrepairs.uk/Grimstock%20Hill/gas-safety","404
404
404",3,,,0
20,https://www.birminghamboilerrepairs.uk/grimstock-hill/atag-specialists,Grimstock Hill Atag Specialists | Same Day Service | Fixed Price Quote,text/html; charset=utf-8,false,200,0,0,"https://www.birminghamboilerrepairs.uk/Grimstock%20Hill/boiler-repairs
https://www.birminghamboilerrepairs.uk/Grimstock%20Hill/boiler-servicing
https://www.birminghamboilerrepairs.uk/Grimstock%20Hill/gas-safety","404
404
404",3,,,0
20,https://www.birminghamboilerrepairs.uk/reddicap-heath/glowworm-specialists,Reddicap Heath Glow-worm Specialists | Same Day Service | Fixed Price Quote,text/html; charset=utf-8,false,200,0,0,"https://www.birminghamboilerrepairs.uk/Reddicap%20Heath/boiler-repairs
https://www.birminghamboilerrepairs.uk/Reddicap%20Heath/boiler-servicing
https://www.birminghamboilerrepairs.uk/Reddicap%20Heath/gas-safety","404
404
404",3,,,0
20,https://www.birminghamboilerrepairs.uk/tudor-hill/ariston-specialists,Tudor Hill Ariston Specialists | Same Day Service | Fixed Price Quote,text/html; charset=utf-8,false,200,0,0,"https://www.birminghamboilerrepairs.uk/Tudor%20Hill/boiler-repairs
https://www.birminghamboilerrepairs.uk/Tudor%20Hill/boiler-servicing
https://www.birminghamboilerrepairs.uk/Tudor%20Hill/gas-safety","404
404
404",3,,,0
20,https://www.birminghamboilerrepairs.uk/rowley-regis/potterton-specialists,Rowley Regis Potterton Specialists | Same Day Service | Fixed Price Quote,text/html; charset=utf-8,false,200,0,0,"https://www.birminghamboilerrepairs.uk/Rowley%20Regis/boiler-repairs
https://www.birminghamboilerrepairs.uk/Rowley%20Regis/boiler-servicing
https://www.birminghamboilerrepairs.uk/Rowley%20Regis/gas-safety","404
404
404",3,,,0
20,https://www.birminghamboilerrepairs.uk/hodge-hill/biasi-specialists,Hodge Hill Biasi Specialists | Same Day Service | Fixed Price Quote,text/html; charset=utf-8,false,200,0,0,"https://www.birminghamboilerrepairs.uk/Hodge%20Hill/boiler-repairs
https://www.birminghamboilerrepairs.uk/Hodge%20Hill/boiler-servicing
https://www.birminghamboilerrepairs.uk/Hodge%20Hill/gas-safety","404
404
404",3,,,0
20,https://www.birminghamboilerrepairs.uk/four-oaks/biasi-specialists,Four Oaks Biasi Specialists | Same Day Service | Fixed Price Quote,text/html; charset=utf-8,false,200,0,0,"https://www.birminghamboilerrepairs.uk/Four%20Oaks/boiler-repairs
https://www.birminghamboilerrepairs.uk/Four%20Oaks/boiler-servicing
https://www.birminghamboilerrepairs.uk/Four%20Oaks/gas-safety","404
404
404",3,,,0
20,https://www.birminghamboilerrepairs.uk/perry-barr/gas-safety,Perry Barr Gas Safety Inspections | Same Day Service | Fixed Price Quote,text/html; charset=utf-8,false,200,0,0,"https://www.birminghamboilerrepairs.uk/Perry%20Barr/boiler-repairs
https://www.birminghamboilerrepairs.uk/Perry%20Barr/boiler-servicing
https://www.birminghamboilerrepairs.uk/Perry%20Barr/combination-boiler-repairs","404
404
404",3,,,0
20,https://www.birminghamboilerrepairs.uk/four-oaks/gas-safety,Four Oaks Gas Safety Inspections | Same Day Service | Fixed Price Quote,text/html; charset=utf-8,false,200,0,0,"https://www.birminghamboilerrepairs.uk/Four%20Oaks/boiler-repairs
https://www.birminghamboilerrepairs.uk/Four%20Oaks/boiler-servicing
https://www.birminghamboilerrepairs.uk/Four%20Oaks/combination-boiler-repairs","404
404
404",3,,,0
20,https://www.birminghamboilerrepairs.uk/shenley-fields/vokera-specialists,Shenley Fields Vokera Specialists | Same Day Service | Fixed Price Quote,text/html; charset=utf-8,false,200,0,0,"https://www.birminghamboilerrepairs.uk/Shenley%20Fields/boiler-repairs
https://www.birminghamboilerrepairs.uk/Shenley%20Fields/boiler-servicing
https://www.birminghamboilerrepairs.uk/Shenley%20Fields/gas-safety","404
404
404",3,,,0
20,https://www.birminghamboilerrepairs.uk/sutton-coldfield/glowworm-specialists,Sutton Coldfield Glow-worm Specialists | Same Day Service | Fixed Price Quote,text/html; charset=utf-8,false,200,0,0,"https://www.birminghamboilerrepairs.uk/Sutton%20Coldfield/boiler-repairs
https://www.birminghamboilerrepairs.uk/Sutton%20Coldfield/boiler-servicing
https://www.birminghamboilerrepairs.uk/Sutton%20Coldfield/gas-safety","404
404
404",3,,,0
20,https://www.birminghamboilerrepairs.uk/short-heath/ideal-boilers-specialists,Short Heath Ideal Boilers Specialists | Same Day Service | Fixed Price Quote,text/html; charset=utf-8,false,200,0,0,"https://www.birminghamboilerrepairs.uk/Short%20Heath/boiler-repairs
https://www.birminghamboilerrepairs.uk/Short%20Heath/boiler-servicing
https://www.birminghamboilerrepairs.uk/Short%20Heath/gas-safety","404
404
404",3,,,0
20,https://www.birminghamboilerrepairs.uk/shenley-green/ariston-specialists,Shenley Green Ariston Specialists | Same Day Service | Fixed Price Quote,text/html; charset=utf-8,false,200,0,0,"https://www.birminghamboilerrepairs.uk/Shenley%20Green/boiler-repairs
https://www.birminghamboilerrepairs.uk/Shenley%20Green/boiler-servicing
https://www.birminghamboilerrepairs.uk/Shenley%20Green/gas-safety","404
404
404",3,,,0
20,https://www.birminghamboilerrepairs.uk/aston-fields/baxi-specialists,Aston Fields Baxi Specialists | Same Day Service | Fixed Price Quote,text/html; charset=utf-8,false,200,0,0,"https://www.birminghamboilerrepairs.uk/Aston%20Fields/boiler-repairs
https://www.birminghamboilerrepairs.uk/Aston%20Fields/boiler-servicing
https://www.birminghamboilerrepairs.uk/Aston%20Fields/gas-safety","404
404
404",3,,,0
20,https://www.birminghamboilerrepairs.uk/selly-park/vaillant-specialists,Selly Park Vaillant Specialists | Same Day Service | Fixed Price Quote,text/html; charset=utf-8,false,200,0,0,"https://www.birminghamboilerrepairs.uk/Selly%20Park/boiler-repairs
https://www.birminghamboilerrepairs.uk/Selly%20Park/boiler-servicing
https://www.birminghamboilerrepairs.uk/Selly%20Park/gas-safety","404
404
404",3,,,0
20,https://www.birminghamboilerrepairs.uk/reddicap-heath/ferroli-specialists,Reddicap Heath Ferroli Specialists | Same Day Service | Fixed Price Quote,text/html; charset=utf-8,false,200,0,0,"https://www.birminghamboilerrepairs.uk/Reddicap%20Heath/boiler-repairs
https://www.birminghamboilerrepairs.uk/Reddicap%20Heath/boiler-servicing
https://www.birminghamboilerrepairs.uk/Reddicap%20Heath/gas-safety","404
404
404",3,,,0
20,https://www.birminghamboilerrepairs.uk/grimstock-hill/vaillant-specialists,Grimstock Hill Vaillant Specialists | Same Day Service | Fixed Price Quote,text/html; charset=utf-8,false,200,0,0,"https://www.birminghamboilerrepairs.uk/Grimstock%20Hill/boiler-repairs
https://www.birminghamboilerrepairs.uk/Grimstock%20Hill/boiler-servicing
https://www.birminghamboilerrepairs.uk/Grimstock%20Hill/gas-safety","404
404
404",3,,,0
20,https://www.birminghamboilerrepairs.uk/pype-hayes/vaillant-specialists,Pype Hayes Vaillant Specialists | Same Day Service | Fixed Price Quote,text/html; charset=utf-8,false,200,0,0,"https://www.birminghamboilerrepairs.uk/Pype%20Hayes/boiler-repairs
https://www.birminghamboilerrepairs.uk/Pype%20Hayes/boiler-servicing
https://www.birminghamboilerrepairs.uk/Pype%20Hayes/gas-safety","404
404
404",3,,,0
20,https://www.birminghamboilerrepairs.uk/sutton-coldfield/main-boiler-specialists,Sutton Coldfield Main Specialists | Same Day Service | Fixed Price Quote,text/html; charset=utf-8,false,200,0,0,"https://www.birminghamboilerrepairs.uk/Sutton%20Coldfield/boiler-repairs
https://www.birminghamboilerrepairs.uk/Sutton%20Coldfield/boiler-servicing
https://www.birminghamboilerrepairs.uk/Sutton%20Coldfield/gas-safety","404
404
404",3,,,0
20,https://www.birminghamboilerrepairs.uk/south-woodgate/viessmann-specialists,South Woodgate Viessmann Specialists | Same Day Service | Fixed Price Quote,text/html; charset=utf-8,false,200,0,0,"https://www.birminghamboilerrepairs.uk/South%20Woodgate/boiler-repairs
https://www.birminghamboilerrepairs.uk/South%20Woodgate/boiler-servicing
https://www.birminghamboilerrepairs.uk/South%20Woodgate/gas-safety","404
404
404",3,,,0
20,https://www.birminghamboilerrepairs.uk/rowney-green/baxi-specialists,Rowney Green Baxi Specialists | Same Day Service | Fixed Price Quote,text/html; charset=utf-8,false,200,0,0,"https://www.birminghamboilerrepairs.uk/Rowney%20Green/boiler-repairs
https://www.birminghamboilerrepairs.uk/Rowney%20Green/boiler-servicing
https://www.birminghamboilerrepairs.uk/Rowney%20Green/gas-safety","404
404
404",3,,,0
20,https://www.birminghamboilerrepairs.uk/ten-acres/glowworm-specialists,Ten Acres Glow-worm Specialists | Same Day Service | Fixed Price Quote,text/html; charset=utf-8,false,200,0,0,"https://www.birminghamboilerrepairs.uk/Ten%20Acres/boiler-repairs
https://www.birminghamboilerrepairs.uk/Ten%20Acres/boiler-servicing
https://www.birminghamboilerrepairs.uk/Ten%20Acres/gas-safety","404
404
404",3,,,0
20,https://www.birminghamboilerrepairs.uk/rotton-park/heatline-specialists,Rotton Park Heatline Specialists | Same Day Service | Fixed Price Quote,text/html; charset=utf-8,false,200,0,0,"https://www.birminghamboilerrepairs.uk/Rotton%20Park/boiler-repairs
https://www.birminghamboilerrepairs.uk/Rotton%20Park/boiler-servicing
https://www.birminghamboilerrepairs.uk/Rotton%20Park/gas-safety","404
404
404",3,,,0
20,https://www.birminghamboilerrepairs.uk/weoley-castle/atag-specialists,Weoley Castle Atag Specialists | Same Day Service | Fixed Price Quote,text/html; charset=utf-8,false,200,0,0,"https://www.birminghamboilerrepairs.uk/Weoley%20Castle/boiler-repairs
https://www.birminghamboilerrepairs.uk/Weoley%20Castle/boiler-servicing
https://www.birminghamboilerrepairs.uk/Weoley%20Castle/gas-safety","404
404
404",3,,,0
20,https://www.birminghamboilerrepairs.uk/glebe-farm/boiler-servicing,Glebe Farm Boiler Servicing | Same Day Service | Fixed Price Quote,text/html; charset=utf-8,false,200,0,0,"https://www.birminghamboilerrepairs.uk/Glebe%20Farm/boiler-repairs
https://www.birminghamboilerrepairs.uk/Glebe%20Farm/combination-boiler-repairs
https://www.birminghamboilerrepairs.uk/Glebe%20Farm/gas-safety","404
404
404",3,,,0
20,https://www.birminghamboilerrepairs.uk/stockland-green/ideal-boilers-specialists,Stockland Green Ideal Boilers Specialists | Same Day Service | Fixed Price Quote,text/html; charset=utf-8,false,200,0,0,"https://www.birminghamboilerrepairs.uk/Stockland%20Green/boiler-repairs
https://www.birminghamboilerrepairs.uk/Stockland%20Green/boiler-servicing
https://www.birminghamboilerrepairs.uk/Stockland%20Green/gas-safety","404
404
404",3,,,0
20,https://www.birminghamboilerrepairs.uk/harts-green/boiler-repairs,Harts Green Boiler Repairs | Same Day Service | Fixed Price Quote,text/html; charset=utf-8,false,200,0,0,"https://www.birminghamboilerrepairs.uk/Harts%20Green/boiler-servicing
https://www.birminghamboilerrepairs.uk/Harts%20Green/combination-boiler-repairs
https://www.birminghamboilerrepairs.uk/Harts%20Green/gas-safety","404
404
404",3,,,0
20,https://www.birminghamboilerrepairs.uk/kings-norton/ariston-specialists,Kings Norton Ariston Specialists | Same Day Service | Fixed Price Quote,text/html; charset=utf-8,false,200,0,0,"https://www.birminghamboilerrepairs.uk/Kings%20Norton/boiler-repairs
https://www.birminghamboilerrepairs.uk/Kings%20Norton/boiler-servicing
https://www.birminghamboilerrepairs.uk/Kings%20Norton/gas-safety","404
404
404",3,,,0
20,https://www.birminghamboilerrepairs.uk/garretts-green/heatline-specialists,Garretts Green Heatline Specialists | Same Day Service | Fixed Price Quote,text/html; charset=utf-8,false,200,0,0,"https://www.birminghamboilerrepairs.uk/Garretts%20Green/boiler-repairs
https://www.birminghamboilerrepairs.uk/Garretts%20Green/boiler-servicing
https://www.birminghamboilerrepairs.uk/Garretts%20Green/gas-safety","404
404
404",3,,,0
20,https://www.birminghamboilerrepairs.uk/spring-vale/boiler-servicing,Spring Vale Boiler Servicing | Same Day Service | Fixed Price Quote,text/html; charset=utf-8,false,200,0,0,"https://www.birminghamboilerrepairs.uk/Spring%20Vale/boiler-repairs
https://www.birminghamboilerrepairs.uk/Spring%20Vale/combination-boiler-repairs
https://www.birminghamboilerrepairs.uk/Spring%20Vale/gas-safety","404
404
404",3,,,0
20,https://www.birminghamboilerrepairs.uk/the-parade/alpha-boiler-specialists,The Parade Alpha Specialists | Same Day Service | Fixed Price Quote,text/html; charset=utf-8,false,200,0,0,"https://www.birminghamboilerrepairs.uk/The%20Parade/boiler-repairs
https://www.birminghamboilerrepairs.uk/The%20Parade/boiler-servicing
https://www.birminghamboilerrepairs.uk/The%20Parade/gas-safety","404
404
404",3,,,0
20,https://www.birminghamboilerrepairs.uk/kings-heath/baxi-specialists,Kings Heath Baxi Specialists | Same Day Service | Fixed Price Quote,text/html; charset=utf-8,false,200,0,0,"https://www.birminghamboilerrepairs.uk/Kings%20Heath/boiler-repairs
https://www.birminghamboilerrepairs.uk/Kings%20Heath/boiler-servicing
https://www.birminghamboilerrepairs.uk/Kings%20Heath/gas-safety","404
404
404",3,,,0
20,https://www.birminghamboilerrepairs.uk/stockland-green/ferroli-specialists,Stockland Green Ferroli Specialists | Same Day Service | Fixed Price Quote,text/html; charset=utf-8,false,200,0,0,"https://www.birminghamboilerrepairs.uk/Stockland%20Green/boiler-repairs
https://www.birminghamboilerrepairs.uk/Stockland%20Green/boiler-servicing
https://www.birminghamboilerrepairs.uk/Stockland%20Green/gas-safety","404
404
404",3,,,0
20,https://www.birminghamboilerrepairs.uk/shenley-green/ferroli-specialists,Shenley Green Ferroli Specialists | Same Day Service | Fixed Price Quote,text/html; charset=utf-8,false,200,0,0,"https://www.birminghamboilerrepairs.uk/Shenley%20Green/boiler-repairs
https://www.birminghamboilerrepairs.uk/Shenley%20Green/boiler-servicing
https://www.birminghamboilerrepairs.uk/Shenley%20Green/gas-safety","404
404
404",3,,,0
20,https://www.birminghamboilerrepairs.uk/gravelly-hill/combination-boiler-services,Gravelly Hill Combination Boiler Services | Same Day Service | Fixed Price Quote,text/html; charset=utf-8,false,200,0,0,"https://www.birminghamboilerrepairs.uk/Gravelly%20Hill/boiler-repairs
https://www.birminghamboilerrepairs.uk/Gravelly%20Hill/boiler-servicing
https://www.birminghamboilerrepairs.uk/Gravelly%20Hill/gas-safety","404
404
404",3,,,0
20,https://www.birminghamboilerrepairs.uk/garretts-green/ferroli-specialists,Garretts Green Ferroli Specialists | Same Day Service | Fixed Price Quote,text/html; charset=utf-8,false,200,0,0,"https://www.birminghamboilerrepairs.uk/Garretts%20Green/boiler-repairs
https://www.birminghamboilerrepairs.uk/Garretts%20Green/boiler-servicing
https://www.birminghamboilerrepairs.uk/Garretts%20Green/gas-safety","404
404
404",3,,,0
20,https://www.birminghamboilerrepairs.uk/bordesley-green/gas-safety,Bordesley Green Gas Safety Inspections | Same Day Service | Fixed Price Quote,text/html; charset=utf-8,false,200,0,0,"https://www.birminghamboilerrepairs.uk/Bordesley%20Green/boiler-repairs
https://www.birminghamboilerrepairs.uk/Bordesley%20Green/boiler-servicing
https://www.birminghamboilerrepairs.uk/Bordesley%20Green/combination-boiler-repairs","404
404
404",3,,,0
20,https://www.birminghamboilerrepairs.uk/gosta-green/alpha-boiler-specialists,Gosta Green Alpha Specialists | Same Day Service | Fixed Price Quote,text/html; charset=utf-8,false,200,0,0,"https://www.birminghamboilerrepairs.uk/Gosta%20Green/boiler-repairs
https://www.birminghamboilerrepairs.uk/Gosta%20Green/boiler-servicing
https://www.birminghamboilerrepairs.uk/Gosta%20Green/gas-safety","404
404
404",3,,,0
20,https://www.birminghamboilerrepairs.uk/shard-end/glowworm-specialists,Shard End Glow-worm Specialists | Same Day Service | Fixed Price Quote,text/html; charset=utf-8,false,200,0,0,"https://www.birminghamboilerrepairs.uk/Shard%20End/boiler-repairs
https://www.birminghamboilerrepairs.uk/Shard%20End/boiler-servicing
https://www.birminghamboilerrepairs.uk/Shard%20End/gas-safety","404
404
404",3,,,0
20,https://www.birminghamboilerrepairs.uk/fox-hollies/vaillant-specialists,Fox Hollies Vaillant Specialists | Same Day Service | Fixed Price Quote,text/html; charset=utf-8,false,200,0,0,"https://www.birminghamboilerrepairs.uk/Fox%20Hollies/boiler-repairs
https://www.birminghamboilerrepairs.uk/Fox%20Hollies/boiler-servicing
https://www.birminghamboilerrepairs.uk/Fox%20Hollies/gas-safety","404
404
404",3,,,0
20,https://www.birminghamboilerrepairs.uk/perry-barr/ariston-specialists,Perry Barr Ariston Specialists | Same Day Service | Fixed Price Quote,text/html; charset=utf-8,false,200,0,0,"https://www.birminghamboilerrepairs.uk/Perry%20Barr/boiler-repairs
https://www.birminghamboilerrepairs.uk/Perry%20Barr/boiler-servicing
https://www.birminghamboilerrepairs.uk/Perry%20Barr/gas-safety","404
404
404",3,,,0
20,https://www.birminghamboilerrepairs.uk/short-heath/gas-safety,Short Heath Gas Safety Inspections | Same Day Service | Fixed Price Quote,text/html; charset=utf-8,false,200,0,0,"https://www.birminghamboilerrepairs.uk/Short%20Heath/boiler-repairs
https://www.birminghamboilerrepairs.uk/Short%20Heath/boiler-servicing
https://www.birminghamboilerrepairs.uk/Short%20Heath/combination-boiler-repairs","404
404
404",3,,,0
20,https://www.birminghamboilerrepairs.uk/south-yardley/vaillant-specialists,South Yardley Vaillant Specialists | Same Day Service | Fixed Price Quote,text/html; charset=utf-8,false,200,0,0,"https://www.birminghamboilerrepairs.uk/South%20Yardley/boiler-repairs
https://www.birminghamboilerrepairs.uk/South%20Yardley/boiler-servicing
https://www.birminghamboilerrepairs.uk/South%20Yardley/gas-safety","404
404
404",3,,,0
20,https://www.birminghamboilerrepairs.uk/kings-norton/intergas-specialists,Kings Norton Intergas Specialists | Same Day Service | Fixed Price Quote,text/html; charset=utf-8,false,200,0,0,"https://www.birminghamboilerrepairs.uk/Kings%20Norton/boiler-repairs
https://www.birminghamboilerrepairs.uk/Kings%20Norton/boiler-servicing
https://www.birminghamboilerrepairs.uk/Kings%20Norton/gas-safety","404
404
404",3,,,0
20,https://www.birminghamboilerrepairs.uk/gun-quarter/glowworm-specialists,Gun Quarter Glow-worm Specialists | Same Day Service | Fixed Price Quote,text/html; charset=utf-8,false,200,0,0,"https://www.birminghamboilerrepairs.uk/Gun%20Quarter/boiler-repairs
https://www.birminghamboilerrepairs.uk/Gun%20Quarter/boiler-servicing
https://www.birminghamboilerrepairs.uk/Gun%20Quarter/gas-safety","404
404
404",3,,,0
20,https://www.birminghamboilerrepairs.uk/gib-heath/boiler-servicing,Gib Heath Boiler Servicing | Same Day Service | Fixed Price Quote,text/html; charset=utf-8,false,200,0,0,"https://www.birminghamboilerrepairs.uk/Gib%20Heath/boiler-repairs
https://www.birminghamboilerrepairs.uk/Gib%20Heath/combination-boiler-repairs
https://www.birminghamboilerrepairs.uk/Gib%20Heath/gas-safety","404
404
404",3,,,0
20,https://www.birminghamboilerrepairs.uk/handsworth-wood/ideal-boilers-specialists,Handsworth Wood Ideal Boilers Specialists | Same Day Service | Fixed Price Quote,text/html; charset=utf-8,false,200,0,0,"https://www.birminghamboilerrepairs.uk/Handsworth%20Wood/boiler-repairs
https://www.birminghamboilerrepairs.uk/Handsworth%20Wood/boiler-servicing
https://www.birminghamboilerrepairs.uk/Handsworth%20Wood/gas-safety","404
404
404",3,,,0
20,https://www.birminghamboilerrepairs.uk/shenley-green/combination-boiler-services,Shenley Green Combination Boiler Services | Same Day Service | Fixed Price Quote,text/html; charset=utf-8,false,200,0,0,"https://www.birminghamboilerrepairs.uk/Shenley%20Green/boiler-repairs
https://www.birminghamboilerrepairs.uk/Shenley%20Green/boiler-servicing
https://www.birminghamboilerrepairs.uk/Shenley%20Green/gas-safety","404
404
404",3,,,0
20,https://www.birminghamboilerrepairs.uk/south-woodgate/combination-boiler-services,South Woodgate Combination Boiler Services | Same Day Service | Fixed Price Quote,text/html; charset=utf-8,false,200,0,0,"https://www.birminghamboilerrepairs.uk/South%20Woodgate/boiler-repairs
https://www.birminghamboilerrepairs.uk/South%20Woodgate/boiler-servicing
https://www.birminghamboilerrepairs.uk/South%20Woodgate/gas-safety","404
404
404",3,,,0
20,https://www.birminghamboilerrepairs.uk/ten-acres/ariston-specialists,Ten Acres Ariston Specialists | Same Day Service | Fixed Price Quote,text/html; charset=utf-8,false,200,0,0,"https://www.birminghamboilerrepairs.uk/Ten%20Acres/boiler-repairs
https://www.birminghamboilerrepairs.uk/Ten%20Acres/boiler-servicing
https://www.birminghamboilerrepairs.uk/Ten%20Acres/gas-safety","404
404
404",3,,,0
20,https://www.birminghamboilerrepairs.uk/west-bromwich/glowworm-specialists,West Bromwich Glow-worm Specialists | Same Day Service | Fixed Price Quote,text/html; charset=utf-8,false,200,0,0,"https://www.birminghamboilerrepairs.uk/West%20Bromwich/boiler-repairs
https://www.birminghamboilerrepairs.uk/West%20Bromwich/boiler-servicing
https://www.birminghamboilerrepairs.uk/West%20Bromwich/gas-safety","404
404
404",3,,,0
20,https://www.birminghamboilerrepairs.uk/highters-heath/ferroli-specialists,Highters Heath Ferroli Specialists | Same Day Service | Fixed Price Quote,text/html; charset=utf-8,false,200,0,0,"https://www.birminghamboilerrepairs.uk/Highters%20Heath/boiler-repairs
https://www.birminghamboilerrepairs.uk/Highters%20Heath/boiler-servicing
https://www.birminghamboilerrepairs.uk/Highters%20Heath/gas-safety","404
404
404",3,,,0
20,https://www.birminghamboilerrepairs.uk/rotton-park/vokera-specialists,Rotton Park Vokera Specialists | Same Day Service | Fixed Price Quote,text/html; charset=utf-8,false,200,0,0,"https://www.birminghamboilerrepairs.uk/Rotton%20Park/boiler-repairs
https://www.birminghamboilerrepairs.uk/Rotton%20Park/boiler-servicing
https://www.birminghamboilerrepairs.uk/Rotton%20Park/gas-safety","404
404
404",3,,,0
20,https://www.birminghamboilerrepairs.uk/birches-green/atag-specialists,Birches Green Atag Specialists | Same Day Service | Fixed Price Quote,text/html; charset=utf-8,false,200,0,0,"https://www.birminghamboilerrepairs.uk/Birches%20Green/boiler-repairs
https://www.birminghamboilerrepairs.uk/Birches%20Green/boiler-servicing
https://www.birminghamboilerrepairs.uk/Birches%20Green/gas-safety","404
404
404",3,,,0
20,https://www.birminghamboilerrepairs.uk/turves-green/combination-boiler-services,Turves Green Combination Boiler Services | Same Day Service | Fixed Price Quote,text/html; charset=utf-8,false,200,0,0,"https://www.birminghamboilerrepairs.uk/Turves%20Green/boiler-repairs
https://www.birminghamboilerrepairs.uk/Turves%20Green/boiler-servicing
https://www.birminghamboilerrepairs.uk/Turves%20Green/gas-safety","404
404
404",3,,,0
20,https://www.birminghamboilerrepairs.uk/highters-heath/baxi-specialists,Highters Heath Baxi Specialists | Same Day Service | Fixed Price Quote,text/html; charset=utf-8,false,200,0,0,"https://www.birminghamboilerrepairs.uk/Highters%20Heath/boiler-repairs
https://www.birminghamboilerrepairs.uk/Highters%20Heath/boiler-servicing
https://www.birminghamboilerrepairs.uk/Highters%20Heath/gas-safety","404
404
404",3,,,0
20,https://www.birminghamboilerrepairs.uk/grimstock-hill/ferroli-specialists,Grimstock Hill Ferroli Specialists | Same Day Service | Fixed Price Quote,text/html; charset=utf-8,false,200,0,0,"https://www.birminghamboilerrepairs.uk/Grimstock%20Hill/boiler-repairs
https://www.birminghamboilerrepairs.uk/Grimstock%20Hill/boiler-servicing
https://www.birminghamboilerrepairs.uk/Grimstock%20Hill/gas-safety","404
404
404",3,,,0
20,https://www.birminghamboilerrepairs.uk/shenley-green/ideal-boilers-specialists,Shenley Green Ideal Boilers Specialists | Same Day Service | Fixed Price Quote,text/html; charset=utf-8,false,200,0,0,"https://www.birminghamboilerrepairs.uk/Shenley%20Green/boiler-repairs
https://www.birminghamboilerrepairs.uk/Shenley%20Green/boiler-servicing
https://www.birminghamboilerrepairs.uk/Shenley%20Green/gas-safety","404
404
404",3,,,0
20,https://www.birminghamboilerrepairs.uk/gib-heath/potterton-specialists,Gib Heath Potterton Specialists | Same Day Service | Fixed Price Quote,text/html; charset=utf-8,false,200,0,0,"https://www.birminghamboilerrepairs.uk/Gib%20Heath/boiler-repairs
https://www.birminghamboilerrepairs.uk/Gib%20Heath/boiler-servicing
https://www.birminghamboilerrepairs.uk/Gib%20Heath/gas-safety","404
404
404",3,,,0
20,https://www.birminghamboilerrepairs.uk/short-heath/vokera-specialists,Short Heath Vokera Specialists | Same Day Service | Fixed Price Quote,text/html; charset=utf-8,false,200,0,0,"https://www.birminghamboilerrepairs.uk/Short%20Heath/boiler-repairs
https://www.birminghamboilerrepairs.uk/Short%20Heath/boiler-servicing
https://www.birminghamboilerrepairs.uk/Short%20Heath/gas-safety","404
404
404",3,,,0
20,https://www.birminghamboilerrepairs.uk/high-heath/glowworm-specialists,High Heath Glow-worm Specialists | Same Day Service | Fixed Price Quote,text/html; charset=utf-8,false,200,0,0,"https://www.birminghamboilerrepairs.uk/High%20Heath/boiler-repairs
https://www.birminghamboilerrepairs.uk/High%20Heath/boiler-servicing
https://www.birminghamboilerrepairs.uk/High%20Heath/gas-safety","404
404
404",3,,,0
20,https://www.birminghamboilerrepairs.uk/selly-park/ariston-specialists,Selly Park Ariston Specialists | Same Day Service | Fixed Price Quote,text/html; charset=utf-8,false,200,0,0,"https://www.birminghamboilerrepairs.uk/Selly%20Park/boiler-repairs
https://www.birminghamboilerrepairs.uk/Selly%20Park/boiler-servicing
https://www.birminghamboilerrepairs.uk/Selly%20Park/gas-safety","404
404
404",3,,,0
20,https://www.birminghamboilerrepairs.uk/shenley-green/worcester-bosch-specialists,Shenley Green Worcester Bosch Specialists | Same Day Service | Fixed Price Quote,text/html; charset=utf-8,false,200,0,0,"https://www.birminghamboilerrepairs.uk/Shenley%20Green/boiler-repairs
https://www.birminghamboilerrepairs.uk/Shenley%20Green/boiler-servicing
https://www.birminghamboilerrepairs.uk/Shenley%20Green/gas-safety","404
404
404",3,,,0
20,https://www.birminghamboilerrepairs.uk/old-oscott/boiler-repairs,Old Oscott Boiler Repairs | Same Day Service | Fixed Price Quote,text/html; charset=utf-8,false,200,0,0,"https://www.birminghamboilerrepairs.uk/Old%20Oscott/boiler-servicing
https://www.birminghamboilerrepairs.uk/Old%20Oscott/combination-boiler-repairs
https://www.birminghamboilerrepairs.uk/Old%20Oscott/gas-safety","404
404
404",3,,,0
20,https://www.birminghamboilerrepairs.uk/ten-acres/combination-boiler-repairs,Ten Acres Combination Boiler Repairs | Same Day Service | Fixed Price Quote,text/html; charset=utf-8,false,200,0,0,"https://www.birminghamboilerrepairs.uk/Ten%20Acres/boiler-repairs
https://www.birminghamboilerrepairs.uk/Ten%20Acres/boiler-servicing
https://www.birminghamboilerrepairs.uk/Ten%20Acres/gas-safety","404
404
404",3,,,0
20,https://www.birminghamboilerrepairs.uk/selly-oak/atag-specialists,Selly Oak Atag Specialists | Same Day Service | Fixed Price Quote,text/html; charset=utf-8,false,200,0,0,"https://www.birminghamboilerrepairs.uk/Selly%20Oak/boiler-repairs
https://www.birminghamboilerrepairs.uk/Selly%20Oak/boiler-servicing
https://www.birminghamboilerrepairs.uk/Selly%20Oak/gas-safety","404
404
404",3,,,0
20,https://www.birminghamboilerrepairs.uk/kings-heath/viessmann-specialists,Kings Heath Viessmann Specialists | Same Day Service | Fixed Price Quote,text/html; charset=utf-8,false,200,0,0,"https://www.birminghamboilerrepairs.uk/Kings%20Heath/boiler-repairs
https://www.birminghamboilerrepairs.uk/Kings%20Heath/boiler-servicing
https://www.birminghamboilerrepairs.uk/Kings%20Heath/gas-safety","404
404
404",3,,,0
20,https://www.birminghamboilerrepairs.uk/grimstock-hill/glowworm-specialists,Grimstock Hill Glow-worm Specialists | Same Day Service | Fixed Price Quote,text/html; charset=utf-8,false,200,0,0,"https://www.birminghamboilerrepairs.uk/Grimstock%20Hill/boiler-repairs
https://www.birminghamboilerrepairs.uk/Grimstock%20Hill/boiler-servicing
https://www.birminghamboilerrepairs.uk/Grimstock%20Hill/gas-safety","404
404
404",3,,,0
20,https://www.birminghamboilerrepairs.uk/four-oaks/intergas-specialists,Four Oaks Intergas Specialists | Same Day Service | Fixed Price Quote,text/html; charset=utf-8,false,200,0,0,"https://www.birminghamboilerrepairs.uk/Four%20Oaks/boiler-repairs
https://www.birminghamboilerrepairs.uk/Four%20Oaks/boiler-servicing
https://www.birminghamboilerrepairs.uk/Four%20Oaks/gas-safety","404
404
404",3,,,0
20,https://www.birminghamboilerrepairs.uk/tower-hill/potterton-specialists,Tower Hill Potterton Specialists | Same Day Service | Fixed Price Quote,text/html; charset=utf-8,false,200,0,0,"https://www.birminghamboilerrepairs.uk/Tower%20Hill/boiler-repairs
https://www.birminghamboilerrepairs.uk/Tower%20Hill/boiler-servicing
https://www.birminghamboilerrepairs.uk/Tower%20Hill/gas-safety","404
404
404",3,,,0
20,https://www.birminghamboilerrepairs.uk/falcon-lodge/combination-boiler-services,Falcon Lodge Combination Boiler Services | Same Day Service | Fixed Price Quote,text/html; charset=utf-8,false,200,0,0,"https://www.birminghamboilerrepairs.uk/Falcon%20Lodge/boiler-repairs
https://www.birminghamboilerrepairs.uk/Falcon%20Lodge/boiler-servicing
https://www.birminghamboilerrepairs.uk/Falcon%20Lodge/gas-safety","404
404
404",3,,,0
20,https://www.birminghamboilerrepairs.uk/gun-quarter/vaillant-specialists,Gun Quarter Vaillant Specialists | Same Day Service | Fixed Price Quote,text/html; charset=utf-8,false,200,0,0,"https://www.birminghamboilerrepairs.uk/Gun%20Quarter/boiler-repairs
https://www.birminghamboilerrepairs.uk/Gun%20Quarter/boiler-servicing
https://www.birminghamboilerrepairs.uk/Gun%20Quarter/gas-safety","404
404
404",3,,,0
20,https://www.birminghamboilerrepairs.uk/turves-green/heatline-specialists,Turves Green Heatline Specialists | Same Day Service | Fixed Price Quote,text/html; charset=utf-8,false,200,0,0,"https://www.birminghamboilerrepairs.uk/Turves%20Green/boiler-repairs
https://www.birminghamboilerrepairs.uk/Turves%20Green/boiler-servicing
https://www.birminghamboilerrepairs.uk/Turves%20Green/gas-safety","404
404
404",3,,,0
20,https://www.birminghamboilerrepairs.uk/hill-hook/ariston-specialists,Hill Hook Ariston Specialists | Same Day Service | Fixed Price Quote,text/html; charset=utf-8,false,200,0,0,"https://www.birminghamboilerrepairs.uk/Hill%20Hook/boiler-repairs
https://www.birminghamboilerrepairs.uk/Hill%20Hook/boiler-servicing
https://www.birminghamboilerrepairs.uk/Hill%20Hook/gas-safety","404
404
404",3,,,0
20,https://www.birminghamboilerrepairs.uk/reddicap-heath/gas-safety,Reddicap Heath Gas Safety Inspections | Same Day Service | Fixed Price Quote,text/html; charset=utf-8,false,200,0,0,"https://www.birminghamboilerrepairs.uk/Reddicap%20Heath/boiler-repairs
https://www.birminghamboilerrepairs.uk/Reddicap%20Heath/boiler-servicing
https://www.birminghamboilerrepairs.uk/Reddicap%20Heath/combination-boiler-repairs","404
404
404",3,,,0
20,https://www.birminghamboilerrepairs.uk/brandwood-end/boiler-servicing,Brandwood End Boiler Servicing | Same Day Service | Fixed Price Quote,text/html; charset=utf-8,false,200,0,0,"https://www.birminghamboilerrepairs.uk/Brandwood%20End/boiler-repairs
https://www.birminghamboilerrepairs.uk/Brandwood%20End/combination-boiler-repairs
https://www.birminghamboilerrepairs.uk/Brandwood%20End/gas-safety","404
404
404",3,,,0
20,https://www.birminghamboilerrepairs.uk/gosta-green/boiler-repairs,Gosta Green Boiler Repairs | Same Day Service | Fixed Price Quote,text/html; charset=utf-8,false,200,0,0,"https://www.birminghamboilerrepairs.uk/Gosta%20Green/boiler-servicing
https://www.birminghamboilerrepairs.uk/Gosta%20Green/combination-boiler-repairs
https://www.birminghamboilerrepairs.uk/Gosta%20Green/gas-safety","404
404
404",3,,,0
20,https://www.birminghamboilerrepairs.uk/yardley-wood/gas-safety,Yardley Wood Gas Safety Inspections | Same Day Service | Fixed Price Quote,text/html; charset=utf-8,false,200,0,0,"https://www.birminghamboilerrepairs.uk/Yardley%20Wood/boiler-repairs
https://www.birminghamboilerrepairs.uk/Yardley%20Wood/boiler-servicing
https://www.birminghamboilerrepairs.uk/Yardley%20Wood/combination-boiler-repairs","404
404
404",3,,,0
20,https://www.birminghamboilerrepairs.uk/brandwood-end/viessmann-specialists,Brandwood End Viessmann Specialists | Same Day Service | Fixed Price Quote,text/html; charset=utf-8,false,200,0,0,"https://www.birminghamboilerrepairs.uk/Brandwood%20End/boiler-repairs
https://www.birminghamboilerrepairs.uk/Brandwood%20End/boiler-servicing
https://www.birminghamboilerrepairs.uk/Brandwood%20End/gas-safety","404
404
404",3,,,0
20,https://www.birminghamboilerrepairs.uk/south-woodgate/boiler-repairs,South Woodgate Boiler Repairs | Same Day Service | Fixed Price Quote,text/html; charset=utf-8,false,200,0,0,"https://www.birminghamboilerrepairs.uk/South%20Woodgate/boiler-servicing
https://www.birminghamboilerrepairs.uk/South%20Woodgate/combination-boiler-repairs
https://www.birminghamboilerrepairs.uk/South%20Woodgate/gas-safety","404
404
404",3,,,0
20,https://www.birminghamboilerrepairs.uk/tower-hill/vaillant-specialists,Tower Hill Vaillant Specialists | Same Day Service | Fixed Price Quote,text/html; charset=utf-8,false,200,0,0,"https://www.birminghamboilerrepairs.uk/Tower%20Hill/boiler-repairs
https://www.birminghamboilerrepairs.uk/Tower%20Hill/boiler-servicing
https://www.birminghamboilerrepairs.uk/Tower%20Hill/gas-safety","404
404
404",3,,,0
20,https://www.birminghamboilerrepairs.uk/rowley-regis/ferroli-specialists,Rowley Regis Ferroli Specialists | Same Day Service | Fixed Price Quote,text/html; charset=utf-8,false,200,0,0,"https://www.birminghamboilerrepairs.uk/Rowley%20Regis/boiler-repairs
https://www.birminghamboilerrepairs.uk/Rowley%20Regis/boiler-servicing
https://www.birminghamboilerrepairs.uk/Rowley%20Regis/gas-safety","404
404
404",3,,,0
20,https://www.birminghamboilerrepairs.uk/browns-green/baxi-specialists,Browns Green Baxi Specialists | Same Day Service | Fixed Price Quote,text/html; charset=utf-8,false,200,0,0,"https://www.birminghamboilerrepairs.uk/Browns%20Green/boiler-repairs
https://www.birminghamboilerrepairs.uk/Browns%20Green/boiler-servicing
https://www.birminghamboilerrepairs.uk/Browns%20Green/gas-safety","404
404
404",3,,,0
20,https://www.birminghamboilerrepairs.uk/over-green/alpha-boiler-specialists,Over Green Alpha Specialists | Same Day Service | Fixed Price Quote,text/html; charset=utf-8,false,200,0,0,"https://www.birminghamboilerrepairs.uk/Over%20Green/boiler-repairs
https://www.birminghamboilerrepairs.uk/Over%20Green/boiler-servicing
https://www.birminghamboilerrepairs.uk/Over%20Green/gas-safety","404
404
404",3,,,0
20,https://www.birminghamboilerrepairs.uk/high-heath/vaillant-specialists,High Heath Vaillant Specialists | Same Day Service | Fixed Price Quote,text/html; charset=utf-8,false,200,0,0,"https://www.birminghamboilerrepairs.uk/High%20Heath/boiler-repairs
https://www.birminghamboilerrepairs.uk/High%20Heath/boiler-servicing
https://www.birminghamboilerrepairs.uk/High%20Heath/gas-safety","404
404
404",3,,,0
20,https://www.birminghamboilerrepairs.uk/tudor-hill/baxi-specialists,Tudor Hill Baxi Specialists | Same Day Service | Fixed Price Quote,text/html; charset=utf-8,false,200,0,0,"https://www.birminghamboilerrepairs.uk/Tudor%20Hill/boiler-repairs
https://www.birminghamboilerrepairs.uk/Tudor%20Hill/boiler-servicing
https://www.birminghamboilerrepairs.uk/Tudor%20Hill/gas-safety","404
404
404",3,,,0
20,https://www.birminghamboilerrepairs.uk/selly-park/viessmann-specialists,Selly Park Viessmann Specialists | Same Day Service | Fixed Price Quote,text/html; charset=utf-8,false,200,0,0,"https://www.birminghamboilerrepairs.uk/Selly%20Park/boiler-repairs
https://www.birminghamboilerrepairs.uk/Selly%20Park/boiler-servicing
https://www.birminghamboilerrepairs.uk/Selly%20Park/gas-safety","404
404
404",3,,,0
20,https://www.birminghamboilerrepairs.uk/tile-cross/vokera-specialists,Tile Cross Vokera Specialists | Same Day Service | Fixed Price Quote,text/html; charset=utf-8,false,200,0,0,"https://www.birminghamboilerrepairs.uk/Tile%20Cross/boiler-repairs
https://www.birminghamboilerrepairs.uk/Tile%20Cross/boiler-servicing
https://www.birminghamboilerrepairs.uk/Tile%20Cross/gas-safety","404
404
404",3,,,0
20,https://www.birminghamboilerrepairs.uk/over-green/ariston-specialists,Over Green Ariston Specialists | Same Day Service | Fixed Price Quote,text/html; charset=utf-8,false,200,0,0,"https://www.birminghamboilerrepairs.uk/Over%20Green/boiler-repairs
https://www.birminghamboilerrepairs.uk/Over%20Green/boiler-servicing
https://www.birminghamboilerrepairs.uk/Over%20Green/gas-safety","404
404
404",3,,,0
20,https://www.birminghamboilerrepairs.uk/glebe-farm/baxi-specialists,Glebe Farm Baxi Specialists | Same Day Service | Fixed Price Quote,text/html; charset=utf-8,false,200,0,0,"https://www.birminghamboilerrepairs.uk/Glebe%20Farm/boiler-repairs
https://www.birminghamboilerrepairs.uk/Glebe%20Farm/boiler-servicing
https://www.birminghamboilerrepairs.uk/Glebe%20Farm/gas-safety","404
404
404",3,,,0
20,https://www.birminghamboilerrepairs.uk/rowley-regis/ideal-boilers-specialists,Rowley Regis Ideal Boilers Specialists | Same Day Service | Fixed Price Quote,text/html; charset=utf-8,false,200,0,0,"https://www.birminghamboilerrepairs.uk/Rowley%20Regis/boiler-repairs
https://www.birminghamboilerrepairs.uk/Rowley%20Regis/boiler-servicing
https://www.birminghamboilerrepairs.uk/Rowley%20Regis/gas-safety","404
404
404",3,,,0
20,https://www.birminghamboilerrepairs.uk/hill-wood/potterton-specialists,Hill Wood Potterton Specialists | Same Day Service | Fixed Price Quote,text/html; charset=utf-8,false,200,0,0,"https://www.birminghamboilerrepairs.uk/Hill%20Wood/boiler-repairs
https://www.birminghamboilerrepairs.uk/Hill%20Wood/boiler-servicing
https://www.birminghamboilerrepairs.uk/Hill%20Wood/gas-safety","404
404
404",3,,,0
20,https://www.birminghamboilerrepairs.uk/perry-common/alpha-boiler-specialists,Perry Common Alpha Specialists | Same Day Service | Fixed Price Quote,text/html; charset=utf-8,false,200,0,0,"https://www.birminghamboilerrepairs.uk/Perry%20Common/boiler-repairs
https://www.birminghamboilerrepairs.uk/Perry%20Common/boiler-servicing
https://www.birminghamboilerrepairs.uk/Perry%20Common/gas-safety","404
404
404",3,,,0
20,https://www.birminghamboilerrepairs.uk/gospel-oak/main-boiler-specialists,Gospel Oak Main Specialists | Same Day Service | Fixed Price Quote,text/html; charset=utf-8,false,200,0,0,"https://www.birminghamboilerrepairs.uk/Gospel%20Oak/boiler-repairs
https://www.birminghamboilerrepairs.uk/Gospel%20Oak/boiler-servicing
https://www.birminghamboilerrepairs.uk/Gospel%20Oak/gas-safety","404
404
404",3,,,0
20,https://www.birminghamboilerrepairs.uk/brandwood-end/baxi-specialists,Brandwood End Baxi Specialists | Same Day Service | Fixed Price Quote,text/html; charset=utf-8,false,200,0,0,"https://www.birminghamboilerrepairs.uk/Brandwood%20End/boiler-repairs
https://www.birminghamboilerrepairs.uk/Brandwood%20End/boiler-servicing
https://www.birminghamboilerrepairs.uk/Brandwood%20End/gas-safety","404
404
404",3,,,0
20,https://www.birminghamboilerrepairs.uk/gib-heath/worcester-bosch-specialists,Gib Heath Worcester Bosch Specialists | Same Day Service | Fixed Price Quote,text/html; charset=utf-8,false,200,0,0,"https://www.birminghamboilerrepairs.uk/Gib%20Heath/boiler-repairs
https://www.birminghamboilerrepairs.uk/Gib%20Heath/boiler-servicing
https://www.birminghamboilerrepairs.uk/Gib%20Heath/gas-safety","404
404
404",3,,,0
20,https://www.birminghamboilerrepairs.uk/hill-wood/boiler-repairs,Hill Wood Boiler Repairs | Same Day Service | Fixed Price Quote,text/html; charset=utf-8,false,200,0,0,"https://www.birminghamboilerrepairs.uk/Hill%20Wood/boiler-servicing
https://www.birminghamboilerrepairs.uk/Hill%20Wood/combination-boiler-repairs
https://www.birminghamboilerrepairs.uk/Hill%20Wood/gas-safety","404
404
404",3,,,0
20,https://www.birminghamboilerrepairs.uk/high-heath/gas-safety,High Heath Gas Safety Inspections | Same Day Service | Fixed Price Quote,text/html; charset=utf-8,false,200,0,0,"https://www.birminghamboilerrepairs.uk/High%20Heath/boiler-repairs
https://www.birminghamboilerrepairs.uk/High%20Heath/boiler-servicing
https://www.birminghamboilerrepairs.uk/High%20Heath/combination-boiler-repairs","404
404
404",3,,,0
20,https://www.birminghamboilerrepairs.uk/old-oscott/intergas-specialists,Old Oscott Intergas Specialists | Same Day Service | Fixed Price Quote,text/html; charset=utf-8,false,200,0,0,"https://www.birminghamboilerrepairs.uk/Old%20Oscott/boiler-repairs
https://www.birminghamboilerrepairs.uk/Old%20Oscott/boiler-servicing
https://www.birminghamboilerrepairs.uk/Old%20Oscott/gas-safety","404
404
404",3,,,0
20,https://www.birminghamboilerrepairs.uk/browns-green/ideal-boilers-specialists,Browns Green Ideal Boilers Specialists | Same Day Service | Fixed Price Quote,text/html; charset=utf-8,false,200,0,0,"https://www.birminghamboilerrepairs.uk/Browns%20Green/boiler-repairs
https://www.birminghamboilerrepairs.uk/Browns%20Green/boiler-servicing
https://www.birminghamboilerrepairs.uk/Browns%20Green/gas-safety","404
404
404",3,,,0
20,https://www.birminghamboilerrepairs.uk/west-bromwich/biasi-specialists,West Bromwich Biasi Specialists | Same Day Service | Fixed Price Quote,text/html; charset=utf-8,false,200,0,0,"https://www.birminghamboilerrepairs.uk/West%20Bromwich/boiler-repairs
https://www.birminghamboilerrepairs.uk/West%20Bromwich/boiler-servicing
https://www.birminghamboilerrepairs.uk/West%20Bromwich/gas-safety","404
404
404",3,,,0
20,https://www.birminghamboilerrepairs.uk/south-yardley/viessmann-specialists,South Yardley Viessmann Specialists | Same Day Service | Fixed Price Quote,text/html; charset=utf-8,false,200,0,0,"https://www.birminghamboilerrepairs.uk/South%20Yardley/boiler-repairs
https://www.birminghamboilerrepairs.uk/South%20Yardley/boiler-servicing
https://www.birminghamboilerrepairs.uk/South%20Yardley/gas-safety","404
404
404",3,,,0
20,https://www.birminghamboilerrepairs.uk/high-heath/potterton-specialists,High Heath Potterton Specialists | Same Day Service | Fixed Price Quote,text/html; charset=utf-8,false,200,0,0,"https://www.birminghamboilerrepairs.uk/High%20Heath/boiler-repairs
https://www.birminghamboilerrepairs.uk/High%20Heath/boiler-servicing
https://www.birminghamboilerrepairs.uk/High%20Heath/gas-safety","404
404
404",3,,,0
20,https://www.birminghamboilerrepairs.uk/south-yardley/ideal-boilers-specialists,South Yardley Ideal Boilers Specialists | Same Day Service | Fixed Price Quote,text/html; charset=utf-8,false,200,0,0,"https://www.birminghamboilerrepairs.uk/South%20Yardley/boiler-repairs
https://www.birminghamboilerrepairs.uk/South%20Yardley/boiler-servicing
https://www.birminghamboilerrepairs.uk/South%20Yardley/gas-safety","404
404
404",3,,,0
20,https://www.birminghamboilerrepairs.uk/west-bromwich/combination-boiler-repairs,West Bromwich Combination Boiler Repairs | Same Day Service | Fixed Price Quote,text/html; charset=utf-8,false,200,0,0,"https://www.birminghamboilerrepairs.uk/West%20Bromwich/boiler-repairs
https://www.birminghamboilerrepairs.uk/West%20Bromwich/boiler-servicing
https://www.birminghamboilerrepairs.uk/West%20Bromwich/gas-safety","404
404
404",3,,,0
20,https://www.birminghamboilerrepairs.uk/yardley-wood/baxi-specialists,Yardley Wood Baxi Specialists | Same Day Service | Fixed Price Quote,text/html; charset=utf-8,false,200,0,0,"https://www.birminghamboilerrepairs.uk/Yardley%20Wood/boiler-repairs
https://www.birminghamboilerrepairs.uk/Yardley%20Wood/boiler-servicing
https://www.birminghamboilerrepairs.uk/Yardley%20Wood/gas-safety","404
404
404",3,,,0
20,https://www.birminghamboilerrepairs.uk/turves-green/intergas-specialists,Turves Green Intergas Specialists | Same Day Service | Fixed Price Quote,text/html; charset=utf-8,false,200,0,0,"https://www.birminghamboilerrepairs.uk/Turves%20Green/boiler-repairs
https://www.birminghamboilerrepairs.uk/Turves%20Green/boiler-servicing
https://www.birminghamboilerrepairs.uk/Turves%20Green/gas-safety","404
404
404",3,,,0
20,https://www.birminghamboilerrepairs.uk/chad-valley/gas-safety,Chad Valley Gas Safety Inspections | Same Day Service | Fixed Price Quote,text/html; charset=utf-8,false,200,0,0,"https://www.birminghamboilerrepairs.uk/Chad%20Valley/boiler-repairs
https://www.birminghamboilerrepairs.uk/Chad%20Valley/boiler-servicing
https://www.birminghamboilerrepairs.uk/Chad%20Valley/combination-boiler-repairs","404
404
404",3,,,0
20,https://www.birminghamboilerrepairs.uk/camp-hill/combination-boiler-services,Camp Hill Combination Boiler Services | Same Day Service | Fixed Price Quote,text/html; charset=utf-8,false,200,0,0,"https://www.birminghamboilerrepairs.uk/Camp%20Hill/boiler-repairs
https://www.birminghamboilerrepairs.uk/Camp%20Hill/boiler-servicing
https://www.birminghamboilerrepairs.uk/Camp%20Hill/gas-safety","404
404
404",3,,,0
20,https://www.birminghamboilerrepairs.uk/weoley-castle/boiler-repairs,Weoley Castle Boiler Repairs | Same Day Service | Fixed Price Quote,text/html; charset=utf-8,false,200,0,0,"https://www.birminghamboilerrepairs.uk/Weoley%20Castle/boiler-servicing
https://www.birminghamboilerrepairs.uk/Weoley%20Castle/combination-boiler-repairs
https://www.birminghamboilerrepairs.uk/Weoley%20Castle/gas-safety","404
404
404",3,,,0
20,https://www.birminghamboilerrepairs.uk/turves-green/gas-safety,Turves Green Gas Safety Inspections | Same Day Service | Fixed Price Quote,text/html; charset=utf-8,false,200,0,0,"https://www.birminghamboilerrepairs.uk/Turves%20Green/boiler-repairs
https://www.birminghamboilerrepairs.uk/Turves%20Green/boiler-servicing
https://www.birminghamboilerrepairs.uk/Turves%20Green/combination-boiler-repairs","404
404
404",3,,,0
20,https://www.birminghamboilerrepairs.uk/pype-hayes/combination-boiler-services,Pype Hayes Combination Boiler Services | Same Day Service | Fixed Price Quote,text/html; charset=utf-8,false,200,0,0,"https://www.birminghamboilerrepairs.uk/Pype%20Hayes/boiler-repairs
https://www.birminghamboilerrepairs.uk/Pype%20Hayes/boiler-servicing
https://www.birminghamboilerrepairs.uk/Pype%20Hayes/gas-safety","404
404
404",3,,,0
20,https://www.birminghamboilerrepairs.uk/turves-green/ferroli-specialists,Turves Green Ferroli Specialists | Same Day Service | Fixed Price Quote,text/html; charset=utf-8,false,200,0,0,"https://www.birminghamboilerrepairs.uk/Turves%20Green/boiler-repairs
https://www.birminghamboilerrepairs.uk/Turves%20Green/boiler-servicing
https://www.birminghamboilerrepairs.uk/Turves%20Green/gas-safety","404
404
404",3,,,0
20,https://www.birminghamboilerrepairs.uk/falcon-lodge/boiler-repairs,Falcon Lodge Boiler Repairs | Same Day Service | Fixed Price Quote,text/html; charset=utf-8,false,200,0,0,"https://www.birminghamboilerrepairs.uk/Falcon%20Lodge/boiler-servicing
https://www.birminghamboilerrepairs.uk/Falcon%20Lodge/combination-boiler-repairs
https://www.birminghamboilerrepairs.uk/Falcon%20Lodge/gas-safety","404
404
404",3,,,0
20,https://www.birminghamboilerrepairs.uk/handsworth-wood/ferroli-specialists,Handsworth Wood Ferroli Specialists | Same Day Service | Fixed Price Quote,text/html; charset=utf-8,false,200,0,0,"https://www.birminghamboilerrepairs.uk/Handsworth%20Wood/boiler-repairs
https://www.birminghamboilerrepairs.uk/Handsworth%20Wood/boiler-servicing
https://www.birminghamboilerrepairs.uk/Handsworth%20Wood/gas-safety","404
404
404",3,,,0
20,https://www.birminghamboilerrepairs.uk/reddicap-heath/ariston-specialists,Reddicap Heath Ariston Specialists | Same Day Service | Fixed Price Quote,text/html; charset=utf-8,false,200,0,0,"https://www.birminghamboilerrepairs.uk/Reddicap%20Heath/boiler-repairs
https://www.birminghamboilerrepairs.uk/Reddicap%20Heath/boiler-servicing
https://www.birminghamboilerrepairs.uk/Reddicap%20Heath/gas-safety","404
404
404",3,,,0
20,https://www.birminghamboilerrepairs.uk/fox-hollies/main-boiler-specialists,Fox Hollies Main Specialists | Same Day Service | Fixed Price Quote,text/html; charset=utf-8,false,200,0,0,"https://www.birminghamboilerrepairs.uk/Fox%20Hollies/boiler-repairs
https://www.birminghamboilerrepairs.uk/Fox%20Hollies/boiler-servicing
https://www.birminghamboilerrepairs.uk/Fox%20Hollies/gas-safety","404
404
404",3,,,0
20,https://www.birminghamboilerrepairs.uk/shenley-green/boiler-repairs,Shenley Green Boiler Repairs | Same Day Service | Fixed Price Quote,text/html; charset=utf-8,false,200,0,0,"https://www.birminghamboilerrepairs.uk/Shenley%20Green/boiler-servicing
https://www.birminghamboilerrepairs.uk/Shenley%20Green/combination-boiler-repairs
https://www.birminghamboilerrepairs.uk/Shenley%20Green/gas-safety","404
404
404",3,,,0
20,https://www.birminghamboilerrepairs.uk/shenley-green/heatline-specialists,Shenley Green Heatline Specialists | Same Day Service | Fixed Price Quote,text/html; charset=utf-8,false,200,0,0,"https://www.birminghamboilerrepairs.uk/Shenley%20Green/boiler-repairs
https://www.birminghamboilerrepairs.uk/Shenley%20Green/boiler-servicing
https://www.birminghamboilerrepairs.uk/Shenley%20Green/gas-safety","404
404
404",3,,,0
20,https://www.birminghamboilerrepairs.uk/thimble-end/alpha-boiler-specialists,Thimble End Alpha Specialists | Same Day Service | Fixed Price Quote,text/html; charset=utf-8,false,200,0,0,"https://www.birminghamboilerrepairs.uk/Thimble%20End/boiler-repairs
https://www.birminghamboilerrepairs.uk/Thimble%20End/boiler-servicing
https://www.birminghamboilerrepairs.uk/Thimble%20End/gas-safety","404
404
404",3,,,0
20,https://www.birminghamboilerrepairs.uk/glebe-farm/biasi-specialists,Glebe Farm Biasi Specialists | Same Day Service | Fixed Price Quote,text/html; charset=utf-8,false,200,0,0,"https://www.birminghamboilerrepairs.uk/Glebe%20Farm/boiler-repairs
https://www.birminghamboilerrepairs.uk/Glebe%20Farm/boiler-servicing
https://www.birminghamboilerrepairs.uk/Glebe%20Farm/gas-safety","404
404
404",3,,,0
20,https://www.birminghamboilerrepairs.uk/perry-common/baxi-specialists,Perry Common Baxi Specialists | Same Day Service | Fixed Price Quote,text/html; charset=utf-8,false,200,0,0,"https://www.birminghamboilerrepairs.uk/Perry%20Common/boiler-repairs
https://www.birminghamboilerrepairs.uk/Perry%20Common/boiler-servicing
https://www.birminghamboilerrepairs.uk/Perry%20Common/gas-safety","404
404
404",3,,,0
20,https://www.birminghamboilerrepairs.uk/hill-wood/gas-safety,Hill Wood Gas Safety Inspections | Same Day Service | Fixed Price Quote,text/html; charset=utf-8,false,200,0,0,"https://www.birminghamboilerrepairs.uk/Hill%20Wood/boiler-repairs
https://www.birminghamboilerrepairs.uk/Hill%20Wood/boiler-servicing
https://www.birminghamboilerrepairs.uk/Hill%20Wood/combination-boiler-repairs","404
404
404",3,,,0
20,https://www.birminghamboilerrepairs.uk/highters-heath/vaillant-specialists,Highters Heath Vaillant Specialists | Same Day Service | Fixed Price Quote,text/html; charset=utf-8,false,200,0,0,"https://www.birminghamboilerrepairs.uk/Highters%20Heath/boiler-repairs
https://www.birminghamboilerrepairs.uk/Highters%20Heath/boiler-servicing
https://www.birminghamboilerrepairs.uk/Highters%20Heath/gas-safety","404
404
404",3,,,0
20,https://www.birminghamboilerrepairs.uk/cradley-heath/alpha-boiler-specialists,Cradley Heath Alpha Specialists | Same Day Service | Fixed Price Quote,text/html; charset=utf-8,false,200,0,0,"https://www.birminghamboilerrepairs.uk/Cradley%20Heath/boiler-repairs
https://www.birminghamboilerrepairs.uk/Cradley%20Heath/boiler-servicing
https://www.birminghamboilerrepairs.uk/Cradley%20Heath/gas-safety","404
404
404",3,,,0
20,https://www.birminghamboilerrepairs.uk/selly-oak/boiler-repairs,Selly Oak Boiler Repairs | Same Day Service | Fixed Price Quote,text/html; charset=utf-8,false,200,0,0,"https://www.birminghamboilerrepairs.uk/Selly%20Oak/boiler-servicing
https://www.birminghamboilerrepairs.uk/Selly%20Oak/combination-boiler-repairs
https://www.birminghamboilerrepairs.uk/Selly%20Oak/gas-safety","404
404
404",3,,,0
20,https://www.birminghamboilerrepairs.uk/glebe-farm/main-boiler-specialists,Glebe Farm Main Specialists | Same Day Service | Fixed Price Quote,text/html; charset=utf-8,false,200,0,0,"https://www.birminghamboilerrepairs.uk/Glebe%20Farm/boiler-repairs
https://www.birminghamboilerrepairs.uk/Glebe%20Farm/boiler-servicing
https://www.birminghamboilerrepairs.uk/Glebe%20Farm/gas-safety","404
404
404",3,,,0
20,https://www.birminghamboilerrepairs.uk/four-oaks/ideal-boilers-specialists,Four Oaks Ideal Boilers Specialists | Same Day Service | Fixed Price Quote,text/html; charset=utf-8,false,200,0,0,"https://www.birminghamboilerrepairs.uk/Four%20Oaks/boiler-repairs
https://www.birminghamboilerrepairs.uk/Four%20Oaks/boiler-servicing
https://www.birminghamboilerrepairs.uk/Four%20Oaks/gas-safety","404
404
404",3,,,0
20,https://www.birminghamboilerrepairs.uk/brandwood-end/main-boiler-specialists,Brandwood End Main Specialists | Same Day Service | Fixed Price Quote,text/html; charset=utf-8,false,200,0,0,"https://www.birminghamboilerrepairs.uk/Brandwood%20End/boiler-repairs
https://www.birminghamboilerrepairs.uk/Brandwood%20End/boiler-servicing
https://www.birminghamboilerrepairs.uk/Brandwood%20End/gas-safety","404
404
404",3,,,0
20,https://www.birminghamboilerrepairs.uk/shenley-fields/ideal-boilers-specialists,Shenley Fields Ideal Boilers Specialists | Same Day Service | Fixed Price Quote,text/html; charset=utf-8,false,200,0,0,"https://www.birminghamboilerrepairs.uk/Shenley%20Fields/boiler-repairs
https://www.birminghamboilerrepairs.uk/Shenley%20Fields/boiler-servicing
https://www.birminghamboilerrepairs.uk/Shenley%20Fields/gas-safety","404
404
404",3,,,0
20,https://www.birminghamboilerrepairs.uk/tudor-hill/combination-boiler-repairs,Tudor Hill Combination Boiler Repairs | Same Day Service | Fixed Price Quote,text/html; charset=utf-8,false,200,0,0,"https://www.birminghamboilerrepairs.uk/Tudor%20Hill/boiler-repairs
https://www.birminghamboilerrepairs.uk/Tudor%20Hill/boiler-servicing
https://www.birminghamboilerrepairs.uk/Tudor%20Hill/gas-safety","404
404
404",3,,,0
20,https://www.birminghamboilerrepairs.uk/kings-norton/vokera-specialists,Kings Norton Vokera Specialists | Same Day Service | Fixed Price Quote,text/html; charset=utf-8,false,200,0,0,"https://www.birminghamboilerrepairs.uk/Kings%20Norton/boiler-repairs
https://www.birminghamboilerrepairs.uk/Kings%20Norton/boiler-servicing
https://www.birminghamboilerrepairs.uk/Kings%20Norton/gas-safety","404
404
404",3,,,0
20,https://www.birminghamboilerrepairs.uk/high-heath/atag-specialists,High Heath Atag Specialists | Same Day Service | Fixed Price Quote,text/html; charset=utf-8,false,200,0,0,"https://www.birminghamboilerrepairs.uk/High%20Heath/boiler-repairs
https://www.birminghamboilerrepairs.uk/High%20Heath/boiler-servicing
https://www.birminghamboilerrepairs.uk/High%20Heath/gas-safety","404
404
404",3,,,0
20,https://www.birminghamboilerrepairs.uk/hodge-hill/glowworm-specialists,Hodge Hill Glow-worm Specialists | Same Day Service | Fixed Price Quote,text/html; charset=utf-8,false,200,0,0,"https://www.birminghamboilerrepairs.uk/Hodge%20Hill/boiler-repairs
https://www.birminghamboilerrepairs.uk/Hodge%20Hill/boiler-servicing
https://www.birminghamboilerrepairs.uk/Hodge%20Hill/gas-safety","404
404
404",3,,,0
20,https://www.birminghamboilerrepairs.uk/thimble-end/ideal-boilers-specialists,Thimble End Ideal Boilers Specialists | Same Day Service | Fixed Price Quote,text/html; charset=utf-8,false,200,0,0,"https://www.birminghamboilerrepairs.uk/Thimble%20End/boiler-repairs
https://www.birminghamboilerrepairs.uk/Thimble%20End/boiler-servicing
https://www.birminghamboilerrepairs.uk/Thimble%20End/gas-safety","404
404
404",3,,,0
20,https://www.birminghamboilerrepairs.uk/reddicap-heath/vokera-specialists,Reddicap Heath Vokera Specialists | Same Day Service | Fixed Price Quote,text/html; charset=utf-8,false,200,0,0,"https://www.birminghamboilerrepairs.uk/Reddicap%20Heath/boiler-repairs
https://www.birminghamboilerrepairs.uk/Reddicap%20Heath/boiler-servicing
https://www.birminghamboilerrepairs.uk/Reddicap%20Heath/gas-safety","404
404
404",3,,,0
20,https://www.birminghamboilerrepairs.uk/gosta-green/ferroli-specialists,Gosta Green Ferroli Specialists | Same Day Service | Fixed Price Quote,text/html; charset=utf-8,false,200,0,0,"https://www.birminghamboilerrepairs.uk/Gosta%20Green/boiler-repairs
https://www.birminghamboilerrepairs.uk/Gosta%20Green/boiler-servicing
https://www.birminghamboilerrepairs.uk/Gosta%20Green/gas-safety","404
404
404",3,,,0
20,https://www.birminghamboilerrepairs.uk/selly-park/glowworm-specialists,Selly Park Glow-worm Specialists | Same Day Service | Fixed Price Quote,text/html; charset=utf-8,false,200,0,0,"https://www.birminghamboilerrepairs.uk/Selly%20Park/boiler-repairs
https://www.birminghamboilerrepairs.uk/Selly%20Park/boiler-servicing
https://www.birminghamboilerrepairs.uk/Selly%20Park/gas-safety","404
404
404",3,,,0
20,https://www.birminghamboilerrepairs.uk/gun-quarter/ideal-boilers-specialists,Gun Quarter Ideal Boilers Specialists | Same Day Service | Fixed Price Quote,text/html; charset=utf-8,false,200,0,0,"https://www.birminghamboilerrepairs.uk/Gun%20Quarter/boiler-repairs
https://www.birminghamboilerrepairs.uk/Gun%20Quarter/boiler-servicing
https://www.birminghamboilerrepairs.uk/Gun%20Quarter/gas-safety","404
404
404",3,,,0
20,https://www.birminghamboilerrepairs.uk/selly-park/gas-safety,Selly Park Gas Safety Inspections | Same Day Service | Fixed Price Quote,text/html; charset=utf-8,false,200,0,0,"https://www.birminghamboilerrepairs.uk/Selly%20Park/boiler-repairs
https://www.birminghamboilerrepairs.uk/Selly%20Park/boiler-servicing
https://www.birminghamboilerrepairs.uk/Selly%20Park/combination-boiler-repairs","404
404
404",3,,,0
20,https://www.birminghamboilerrepairs.uk/great-barr/worcester-bosch-specialists,Great Barr Worcester Bosch Specialists | Same Day Service | Fixed Price Quote,text/html; charset=utf-8,false,200,0,0,"https://www.birminghamboilerrepairs.uk/Great%20Barr/boiler-repairs
https://www.birminghamboilerrepairs.uk/Great%20Barr/boiler-servicing
https://www.birminghamboilerrepairs.uk/Great%20Barr/gas-safety","404
404
404",3,,,0
20,https://www.birminghamboilerrepairs.uk/rowney-green/boiler-servicing,Rowney Green Boiler Servicing | Same Day Service | Fixed Price Quote,text/html; charset=utf-8,false,200,0,0,"https://www.birminghamboilerrepairs.uk/Rowney%20Green/boiler-repairs
https://www.birminghamboilerrepairs.uk/Rowney%20Green/combination-boiler-repairs
https://www.birminghamboilerrepairs.uk/Rowney%20Green/gas-safety","404
404
404",3,,,0
20,https://www.birminghamboilerrepairs.uk/hodge-hill/combination-boiler-services,Hodge Hill Combination Boiler Services | Same Day Service | Fixed Price Quote,text/html; charset=utf-8,false,200,0,0,"https://www.birminghamboilerrepairs.uk/Hodge%20Hill/boiler-repairs
https://www.birminghamboilerrepairs.uk/Hodge%20Hill/boiler-servicing
https://www.birminghamboilerrepairs.uk/Hodge%20Hill/gas-safety","404
404
404",3,,,0
20,https://www.birminghamboilerrepairs.uk/gospel-oak/glowworm-specialists,Gospel Oak Glow-worm Specialists | Same Day Service | Fixed Price Quote,text/html; charset=utf-8,false,200,0,0,"https://www.birminghamboilerrepairs.uk/Gospel%20Oak/boiler-repairs
https://www.birminghamboilerrepairs.uk/Gospel%20Oak/boiler-servicing
https://www.birminghamboilerrepairs.uk/Gospel%20Oak/gas-safety","404
404
404",3,,,0
20,https://www.birminghamboilerrepairs.uk/the-parade/boiler-servicing,The Parade Boiler Servicing | Same Day Service | Fixed Price Quote,text/html; charset=utf-8,false,200,0,0,"https://www.birminghamboilerrepairs.uk/The%20Parade/boiler-repairs
https://www.birminghamboilerrepairs.uk/The%20Parade/combination-boiler-repairs
https://www.birminghamboilerrepairs.uk/The%20Parade/gas-safety","404
404
404",3,,,0
20,https://www.birminghamboilerrepairs.uk/shenley-fields/combination-boiler-services,Shenley Fields Combination Boiler Services | Same Day Service | Fixed Price Quote,text/html; charset=utf-8,false,200,0,0,"https://www.birminghamboilerrepairs.uk/Shenley%20Fields/boiler-repairs
https://www.birminghamboilerrepairs.uk/Shenley%20Fields/boiler-servicing
https://www.birminghamboilerrepairs.uk/Shenley%20Fields/gas-safety","404
404
404",3,,,0
20,https://www.birminghamboilerrepairs.uk/shard-end/worcester-bosch-specialists,Shard End Worcester Bosch Specialists | Same Day Service | Fixed Price Quote,text/html; charset=utf-8,false,200,0,0,"https://www.birminghamboilerrepairs.uk/Shard%20End/boiler-repairs
https://www.birminghamboilerrepairs.uk/Shard%20End/boiler-servicing
https://www.birminghamboilerrepairs.uk/Shard%20End/gas-safety","404
404
404",3,,,0
20,https://www.birminghamboilerrepairs.uk/hall-green/ariston-specialists,Hall Green Ariston Specialists | Same Day Service | Fixed Price Quote,text/html; charset=utf-8,false,200,0,0,"https://www.birminghamboilerrepairs.uk/Hall%20Green/boiler-repairs
https://www.birminghamboilerrepairs.uk/Hall%20Green/boiler-servicing
https://www.birminghamboilerrepairs.uk/Hall%20Green/gas-safety","404
404
404",3,,,0
20,https://www.birminghamboilerrepairs.uk/weoley-castle/biasi-specialists,Weoley Castle Biasi Specialists | Same Day Service | Fixed Price Quote,text/html; charset=utf-8,false,200,0,0,"https://www.birminghamboilerrepairs.uk/Weoley%20Castle/boiler-repairs
https://www.birminghamboilerrepairs.uk/Weoley%20Castle/boiler-servicing
https://www.birminghamboilerrepairs.uk/Weoley%20Castle/gas-safety","404
404
404",3,,,0
20,https://www.birminghamboilerrepairs.uk/rowley-regis/atag-specialists,Rowley Regis Atag Specialists | Same Day Service | Fixed Price Quote,text/html; charset=utf-8,false,200,0,0,"https://www.birminghamboilerrepairs.uk/Rowley%20Regis/boiler-repairs
https://www.birminghamboilerrepairs.uk/Rowley%20Regis/boiler-servicing
https://www.birminghamboilerrepairs.uk/Rowley%20Regis/gas-safety","404
404
404",3,,,0
20,https://www.birminghamboilerrepairs.uk/shenley-green/vaillant-specialists,Shenley Green Vaillant Specialists | Same Day Service | Fixed Price Quote,text/html; charset=utf-8,false,200,0,0,"https://www.birminghamboilerrepairs.uk/Shenley%20Green/boiler-repairs
https://www.birminghamboilerrepairs.uk/Shenley%20Green/boiler-servicing
https://www.birminghamboilerrepairs.uk/Shenley%20Green/gas-safety","404
404
404",3,,,0
20,https://www.birminghamboilerrepairs.uk/tower-hill/gas-safety,Tower Hill Gas Safety Inspections | Same Day Service | Fixed Price Quote,text/html; charset=utf-8,false,200,0,0,"https://www.birminghamboilerrepairs.uk/Tower%20Hill/boiler-repairs
https://www.birminghamboilerrepairs.uk/Tower%20Hill/boiler-servicing
https://www.birminghamboilerrepairs.uk/Tower%20Hill/combination-boiler-repairs","404
404
404",3,,,0
20,https://www.birminghamboilerrepairs.uk/hill-hook/combination-boiler-repairs,Hill Hook Combination Boiler Repairs | Same Day Service | Fixed Price Quote,text/html; charset=utf-8,false,200,0,0,"https://www.birminghamboilerrepairs.uk/Hill%20Hook/boiler-repairs
https://www.birminghamboilerrepairs.uk/Hill%20Hook/boiler-servicing
https://www.birminghamboilerrepairs.uk/Hill%20Hook/gas-safety","404
404
404",3,,,0
20,https://www.birminghamboilerrepairs.uk/gib-heath/viessmann-specialists,Gib Heath Viessmann Specialists | Same Day Service | Fixed Price Quote,text/html; charset=utf-8,false,200,0,0,"https://www.birminghamboilerrepairs.uk/Gib%20Heath/boiler-repairs
https://www.birminghamboilerrepairs.uk/Gib%20Heath/boiler-servicing
https://www.birminghamboilerrepairs.uk/Gib%20Heath/gas-safety","404
404
404",3,,,0
20,https://www.birminghamboilerrepairs.uk/weoley-castle/vaillant-specialists,Weoley Castle Vaillant Specialists | Same Day Service | Fixed Price Quote,text/html; charset=utf-8,false,200,0,0,"https://www.birminghamboilerrepairs.uk/Weoley%20Castle/boiler-repairs
https://www.birminghamboilerrepairs.uk/Weoley%20Castle/boiler-servicing
https://www.birminghamboilerrepairs.uk/Weoley%20Castle/gas-safety","404
404
404",3,,,0
20,https://www.birminghamboilerrepairs.uk/harts-green/glowworm-specialists,Harts Green Glow-worm Specialists | Same Day Service | Fixed Price Quote,text/html; charset=utf-8,false,200,0,0,"https://www.birminghamboilerrepairs.uk/Harts%20Green/boiler-repairs
https://www.birminghamboilerrepairs.uk/Harts%20Green/boiler-servicing
https://www.birminghamboilerrepairs.uk/Harts%20Green/gas-safety","404
404
404",3,,,0
20,https://www.birminghamboilerrepairs.uk/tower-hill/worcester-bosch-specialists,Tower Hill Worcester Bosch Specialists | Same Day Service | Fixed Price Quote,text/html; charset=utf-8,false,200,0,0,"https://www.birminghamboilerrepairs.uk/Tower%20Hill/boiler-repairs
https://www.birminghamboilerrepairs.uk/Tower%20Hill/boiler-servicing
https://www.birminghamboilerrepairs.uk/Tower%20Hill/gas-safety","404
404
404",3,,,0
20,https://www.birminghamboilerrepairs.uk/glebe-farm/gas-safety,Glebe Farm Gas Safety Inspections | Same Day Service | Fixed Price Quote,text/html; charset=utf-8,false,200,0,0,"https://www.birminghamboilerrepairs.uk/Glebe%20Farm/boiler-repairs
https://www.birminghamboilerrepairs.uk/Glebe%20Farm/boiler-servicing
https://www.birminghamboilerrepairs.uk/Glebe%20Farm/combination-boiler-repairs","404
404
404",3,,,0
20,https://www.birminghamboilerrepairs.uk/castle-vale/atag-specialists,Castle Vale Atag Specialists | Same Day Service | Fixed Price Quote,text/html; charset=utf-8,false,200,0,0,"https://www.birminghamboilerrepairs.uk/Castle%20Vale/boiler-repairs
https://www.birminghamboilerrepairs.uk/Castle%20Vale/boiler-servicing
https://www.birminghamboilerrepairs.uk/Castle%20Vale/gas-safety","404
404
404",3,,,0
20,https://www.birminghamboilerrepairs.uk/garretts-green/atag-specialists,Garretts Green Atag Specialists | Same Day Service | Fixed Price Quote,text/html; charset=utf-8,false,200,0,0,"https://www.birminghamboilerrepairs.uk/Garretts%20Green/boiler-repairs
https://www.birminghamboilerrepairs.uk/Garretts%20Green/boiler-servicing
https://www.birminghamboilerrepairs.uk/Garretts%20Green/gas-safety","404
404
404",3,,,0
20,https://www.birminghamboilerrepairs.uk/perry-barr/ideal-boilers-specialists,Perry Barr Ideal Boilers Specialists | Same Day Service | Fixed Price Quote,text/html; charset=utf-8,false,200,0,0,"https://www.birminghamboilerrepairs.uk/Perry%20Barr/boiler-repairs
https://www.birminghamboilerrepairs.uk/Perry%20Barr/boiler-servicing
https://www.birminghamboilerrepairs.uk/Perry%20Barr/gas-safety","404
404
404",3,,,0
20,https://www.birminghamboilerrepairs.uk/kings-heath/alpha-boiler-specialists,Kings Heath Alpha Specialists | Same Day Service | Fixed Price Quote,text/html; charset=utf-8,false,200,0,0,"https://www.birminghamboilerrepairs.uk/Kings%20Heath/boiler-repairs
https://www.birminghamboilerrepairs.uk/Kings%20Heath/boiler-servicing
https://www.birminghamboilerrepairs.uk/Kings%20Heath/gas-safety","404
404
404",3,,,0
20,https://www.birminghamboilerrepairs.uk/rowney-green/vaillant-specialists,Rowney Green Vaillant Specialists | Same Day Service | Fixed Price Quote,text/html; charset=utf-8,false,200,0,0,"https://www.birminghamboilerrepairs.uk/Rowney%20Green/boiler-repairs
https://www.birminghamboilerrepairs.uk/Rowney%20Green/boiler-servicing
https://www.birminghamboilerrepairs.uk/Rowney%20Green/gas-safety","404
404
404",3,,,0
20,https://www.birminghamboilerrepairs.uk/showell-green/atag-specialists,Showell Green Atag Specialists | Same Day Service | Fixed Price Quote,text/html; charset=utf-8,false,200,0,0,"https://www.birminghamboilerrepairs.uk/Showell%20Green/boiler-repairs
https://www.birminghamboilerrepairs.uk/Showell%20Green/boiler-servicing
https://www.birminghamboilerrepairs.uk/Showell%20Green/gas-safety","404
404
404",3,,,0
20,https://www.birminghamboilerrepairs.uk/hodge-hill/intergas-specialists,Hodge Hill Intergas Specialists | Same Day Service | Fixed Price Quote,text/html; charset=utf-8,false,200,0,0,"https://www.birminghamboilerrepairs.uk/Hodge%20Hill/boiler-repairs
https://www.birminghamboilerrepairs.uk/Hodge%20Hill/boiler-servicing
https://www.birminghamboilerrepairs.uk/Hodge%20Hill/gas-safety","404
404
404",3,,,0
20,https://www.birminghamboilerrepairs.uk/reddicap-heath/alpha-boiler-specialists,Reddicap Heath Alpha Specialists | Same Day Service | Fixed Price Quote,text/html; charset=utf-8,false,200,0,0,"https://www.birminghamboilerrepairs.uk/Reddicap%20Heath/boiler-repairs
https://www.birminghamboilerrepairs.uk/Reddicap%20Heath/boiler-servicing
https://www.birminghamboilerrepairs.uk/Reddicap%20Heath/gas-safety","404
404
404",3,,,0
20,https://www.birminghamboilerrepairs.uk/cofton-common/vokera-specialists,Cofton Common Vokera Specialists | Same Day Service | Fixed Price Quote,text/html; charset=utf-8,false,200,0,0,"https://www.birminghamboilerrepairs.uk/Cofton%20Common/boiler-repairs
https://www.birminghamboilerrepairs.uk/Cofton%20Common/boiler-servicing
https://www.birminghamboilerrepairs.uk/Cofton%20Common/gas-safety","404
404
404",3,,,0
20,https://www.birminghamboilerrepairs.uk/gospel-oak/heatline-specialists,Gospel Oak Heatline Specialists | Same Day Service | Fixed Price Quote,text/html; charset=utf-8,false,200,0,0,"https://www.birminghamboilerrepairs.uk/Gospel%20Oak/boiler-repairs
https://www.birminghamboilerrepairs.uk/Gospel%20Oak/boiler-servicing
https://www.birminghamboilerrepairs.uk/Gospel%20Oak/gas-safety","404
404
404",3,,,0
20,https://www.birminghamboilerrepairs.uk/high-heath/ariston-specialists,High Heath Ariston Specialists | Same Day Service | Fixed Price Quote,text/html; charset=utf-8,false,200,0,0,"https://www.birminghamboilerrepairs.uk/High%20Heath/boiler-repairs
https://www.birminghamboilerrepairs.uk/High%20Heath/boiler-servicing
https://www.birminghamboilerrepairs.uk/High%20Heath/gas-safety","404
404
404",3,,,0
20,https://www.birminghamboilerrepairs.uk/perry-barr/alpha-boiler-specialists,Perry Barr Alpha Specialists | Same Day Service | Fixed Price Quote,text/html; charset=utf-8,false,200,0,0,"https://www.birminghamboilerrepairs.uk/Perry%20Barr/boiler-repairs
https://www.birminghamboilerrepairs.uk/Perry%20Barr/boiler-servicing
https://www.birminghamboilerrepairs.uk/Perry%20Barr/gas-safety","404
404
404",3,,,0
20,https://www.birminghamboilerrepairs.uk/hill-hook/atag-specialists,Hill Hook Atag Specialists | Same Day Service | Fixed Price Quote,text/html; charset=utf-8,false,200,0,0,"https://www.birminghamboilerrepairs.uk/Hill%20Hook/boiler-repairs
https://www.birminghamboilerrepairs.uk/Hill%20Hook/boiler-servicing
https://www.birminghamboilerrepairs.uk/Hill%20Hook/gas-safety","404
404
404",3,,,0
20,https://www.birminghamboilerrepairs.uk/hill-wood/biasi-specialists,Hill Wood Biasi Specialists | Same Day Service | Fixed Price Quote,text/html; charset=utf-8,false,200,0,0,"https://www.birminghamboilerrepairs.uk/Hill%20Wood/boiler-repairs
https://www.birminghamboilerrepairs.uk/Hill%20Wood/boiler-servicing
https://www.birminghamboilerrepairs.uk/Hill%20Wood/gas-safety","404
404
404",3,,,0
20,https://www.birminghamboilerrepairs.uk/reddicap-heath/main-boiler-specialists,Reddicap Heath Main Specialists | Same Day Service | Fixed Price Quote,text/html; charset=utf-8,false,200,0,0,"https://www.birminghamboilerrepairs.uk/Reddicap%20Heath/boiler-repairs
https://www.birminghamboilerrepairs.uk/Reddicap%20Heath/boiler-servicing
https://www.birminghamboilerrepairs.uk/Reddicap%20Heath/gas-safety","404
404
404",3,,,0
20,https://www.birminghamboilerrepairs.uk/gib-heath/intergas-specialists,Gib Heath Intergas Specialists | Same Day Service | Fixed Price Quote,text/html; charset=utf-8,false,200,0,0,"https://www.birminghamboilerrepairs.uk/Gib%20Heath/boiler-repairs
https://www.birminghamboilerrepairs.uk/Gib%20Heath/boiler-servicing
https://www.birminghamboilerrepairs.uk/Gib%20Heath/gas-safety","404
404
404",3,,,0
20,https://www.birminghamboilerrepairs.uk/brandwood-end/combination-boiler-services,Brandwood End Combination Boiler Services | Same Day Service | Fixed Price Quote,text/html; charset=utf-8,false,200,0,0,"https://www.birminghamboilerrepairs.uk/Brandwood%20End/boiler-repairs
https://www.birminghamboilerrepairs.uk/Brandwood%20End/boiler-servicing
https://www.birminghamboilerrepairs.uk/Brandwood%20End/gas-safety","404
404
404",3,,,0
20,https://www.birminghamboilerrepairs.uk/garretts-green/intergas-specialists,Garretts Green Intergas Specialists | Same Day Service | Fixed Price Quote,text/html; charset=utf-8,false,200,0,0,"https://www.birminghamboilerrepairs.uk/Garretts%20Green/boiler-repairs
https://www.birminghamboilerrepairs.uk/Garretts%20Green/boiler-servicing
https://www.birminghamboilerrepairs.uk/Garretts%20Green/gas-safety","404
404
404",3,,,0
20,https://www.birminghamboilerrepairs.uk/hodge-hill/viessmann-specialists,Hodge Hill Viessmann Specialists | Same Day Service | Fixed Price Quote,text/html; charset=utf-8,false,200,0,0,"https://www.birminghamboilerrepairs.uk/Hodge%20Hill/boiler-repairs
https://www.birminghamboilerrepairs.uk/Hodge%20Hill/boiler-servicing
https://www.birminghamboilerrepairs.uk/Hodge%20Hill/gas-safety","404
404
404",3,,,0
20,https://www.birminghamboilerrepairs.uk/perry-barr/biasi-specialists,Perry Barr Biasi Specialists | Same Day Service | Fixed Price Quote,text/html; charset=utf-8,false,200,0,0,"https://www.birminghamboilerrepairs.uk/Perry%20Barr/boiler-repairs
https://www.birminghamboilerrepairs.uk/Perry%20Barr/boiler-servicing
https://www.birminghamboilerrepairs.uk/Perry%20Barr/gas-safety","404
404
404",3,,,0
20,https://www.birminghamboilerrepairs.uk/hay-mills/ferroli-specialists,Hay Mills Ferroli Specialists | Same Day Service | Fixed Price Quote,text/html; charset=utf-8,false,200,0,0,"https://www.birminghamboilerrepairs.uk/Hay%20Mills/boiler-repairs
https://www.birminghamboilerrepairs.uk/Hay%20Mills/boiler-servicing
https://www.birminghamboilerrepairs.uk/Hay%20Mills/gas-safety","404
404
404",3,,,0
20,https://www.birminghamboilerrepairs.uk/birches-green/worcester-bosch-specialists,Birches Green Worcester Bosch Specialists | Same Day Service | Fixed Price Quote,text/html; charset=utf-8,false,200,0,0,"https://www.birminghamboilerrepairs.uk/Birches%20Green/boiler-repairs
https://www.birminghamboilerrepairs.uk/Birches%20Green/boiler-servicing
https://www.birminghamboilerrepairs.uk/Birches%20Green/gas-safety","404
404
404",3,,,0
20,https://www.birminghamboilerrepairs.uk/ten-acres/main-boiler-specialists,Ten Acres Main Specialists | Same Day Service | Fixed Price Quote,text/html; charset=utf-8,false,200,0,0,"https://www.birminghamboilerrepairs.uk/Ten%20Acres/boiler-repairs
https://www.birminghamboilerrepairs.uk/Ten%20Acres/boiler-servicing
https://www.birminghamboilerrepairs.uk/Ten%20Acres/gas-safety","404
404
404",3,,,0
20,https://www.birminghamboilerrepairs.uk/shard-end/viessmann-specialists,Shard End Viessmann Specialists | Same Day Service | Fixed Price Quote,text/html; charset=utf-8,false,200,0,0,"https://www.birminghamboilerrepairs.uk/Shard%20End/boiler-repairs
https://www.birminghamboilerrepairs.uk/Shard%20End/boiler-servicing
https://www.birminghamboilerrepairs.uk/Shard%20End/gas-safety","404
404
404",3,,,0
20,https://www.birminghamboilerrepairs.uk/perry-common/gas-safety,Perry Common Gas Safety Inspections | Same Day Service | Fixed Price Quote,text/html; charset=utf-8,false,200,0,0,"https://www.birminghamboilerrepairs.uk/Perry%20Common/boiler-repairs
https://www.birminghamboilerrepairs.uk/Perry%20Common/boiler-servicing
https://www.birminghamboilerrepairs.uk/Perry%20Common/combination-boiler-repairs","404
404
404",3,,,0
20,https://www.birminghamboilerrepairs.uk/grimstock-hill/combination-boiler-repairs,Grimstock Hill Combination Boiler Repairs | Same Day Service | Fixed Price Quote,text/html; charset=utf-8,false,200,0,0,"https://www.birminghamboilerrepairs.uk/Grimstock%20Hill/boiler-repairs
https://www.birminghamboilerrepairs.uk/Grimstock%20Hill/boiler-servicing
https://www.birminghamboilerrepairs.uk/Grimstock%20Hill/gas-safety","404
404
404",3,,,0
20,https://www.birminghamboilerrepairs.uk/west-midlands/heatline-specialists,West Midlands Heatline Specialists | Same Day Service | Fixed Price Quote,text/html; charset=utf-8,false,200,0,0,"https://www.birminghamboilerrepairs.uk/West%20Midlands/boiler-repairs
https://www.birminghamboilerrepairs.uk/West%20Midlands/boiler-servicing
https://www.birminghamboilerrepairs.uk/West%20Midlands/gas-safety","404
404
404",3,,,0
20,https://www.birminghamboilerrepairs.uk/the-parade/gas-safety,The Parade Gas Safety Inspections | Same Day Service | Fixed Price Quote,text/html; charset=utf-8,false,200,0,0,"https://www.birminghamboilerrepairs.uk/The%20Parade/boiler-repairs
https://www.birminghamboilerrepairs.uk/The%20Parade/boiler-servicing
https://www.birminghamboilerrepairs.uk/The%20Parade/combination-boiler-repairs","404
404
404",3,,,0
20,https://www.birminghamboilerrepairs.uk/pype-hayes/alpha-boiler-specialists,Pype Hayes Alpha Specialists | Same Day Service | Fixed Price Quote,text/html; charset=utf-8,false,200,0,0,"https://www.birminghamboilerrepairs.uk/Pype%20Hayes/boiler-repairs
https://www.birminghamboilerrepairs.uk/Pype%20Hayes/boiler-servicing
https://www.birminghamboilerrepairs.uk/Pype%20Hayes/gas-safety","404
404
404",3,,,0
20,https://www.birminghamboilerrepairs.uk/garretts-green/worcester-bosch-specialists,Garretts Green Worcester Bosch Specialists | Same Day Service | Fixed Price Quote,text/html; charset=utf-8,false,200,0,0,"https://www.birminghamboilerrepairs.uk/Garretts%20Green/boiler-repairs
https://www.birminghamboilerrepairs.uk/Garretts%20Green/boiler-servicing
https://www.birminghamboilerrepairs.uk/Garretts%20Green/gas-safety","404
404
404",3,,,0
20,https://www.birminghamboilerrepairs.uk/west-heath/alpha-boiler-specialists,West Heath Alpha Specialists | Same Day Service | Fixed Price Quote,text/html; charset=utf-8,false,200,0,0,"https://www.birminghamboilerrepairs.uk/West%20Heath/boiler-repairs
https://www.birminghamboilerrepairs.uk/West%20Heath/boiler-servicing
https://www.birminghamboilerrepairs.uk/West%20Heath/gas-safety","404
404
404",3,,,0
20,https://www.birminghamboilerrepairs.uk/rowley-regis/boiler-repairs,Rowley Regis Boiler Repairs | Same Day Service | Fixed Price Quote,text/html; charset=utf-8,false,200,0,0,"https://www.birminghamboilerrepairs.uk/Rowley%20Regis/boiler-servicing
https://www.birminghamboilerrepairs.uk/Rowley%20Regis/combination-boiler-repairs
https://www.birminghamboilerrepairs.uk/Rowley%20Regis/gas-safety","404
404
404",3,,,0
20,https://www.birminghamboilerrepairs.uk/falcon-lodge/main-boiler-specialists,Falcon Lodge Main Specialists | Same Day Service | Fixed Price Quote,text/html; charset=utf-8,false,200,0,0,"https://www.birminghamboilerrepairs.uk/Falcon%20Lodge/boiler-repairs
https://www.birminghamboilerrepairs.uk/Falcon%20Lodge/boiler-servicing
https://www.birminghamboilerrepairs.uk/Falcon%20Lodge/gas-safety","404
404
404",3,,,0
20,https://www.birminghamboilerrepairs.uk/tudor-hill/glowworm-specialists,Tudor Hill Glow-worm Specialists | Same Day Service | Fixed Price Quote,text/html; charset=utf-8,false,200,0,0,"https://www.birminghamboilerrepairs.uk/Tudor%20Hill/boiler-repairs
https://www.birminghamboilerrepairs.uk/Tudor%20Hill/boiler-servicing
https://www.birminghamboilerrepairs.uk/Tudor%20Hill/gas-safety","404
404
404",3,,,0
20,https://www.birminghamboilerrepairs.uk/hodge-hill/baxi-specialists,Hodge Hill Baxi Specialists | Same Day Service | Fixed Price Quote,text/html; charset=utf-8,false,200,0,0,"https://www.birminghamboilerrepairs.uk/Hodge%20Hill/boiler-repairs
https://www.birminghamboilerrepairs.uk/Hodge%20Hill/boiler-servicing
https://www.birminghamboilerrepairs.uk/Hodge%20Hill/gas-safety","404
404
404",3,,,0
20,https://www.birminghamboilerrepairs.uk/falcon-lodge/atag-specialists,Falcon Lodge Atag Specialists | Same Day Service | Fixed Price Quote,text/html; charset=utf-8,false,200,0,0,"https://www.birminghamboilerrepairs.uk/Falcon%20Lodge/boiler-repairs
https://www.birminghamboilerrepairs.uk/Falcon%20Lodge/boiler-servicing
https://www.birminghamboilerrepairs.uk/Falcon%20Lodge/gas-safety","404
404
404",3,,,0
20,https://www.birminghamboilerrepairs.uk/thimble-end/combination-boiler-services,Thimble End Combination Boiler Services | Same Day Service | Fixed Price Quote,text/html; charset=utf-8,false,200,0,0,"https://www.birminghamboilerrepairs.uk/Thimble%20End/boiler-repairs
https://www.birminghamboilerrepairs.uk/Thimble%20End/boiler-servicing
https://www.birminghamboilerrepairs.uk/Thimble%20End/gas-safety","404
404
404",3,,,0
20,https://www.birminghamboilerrepairs.uk/cofton-common/atag-specialists,Cofton Common Atag Specialists | Same Day Service | Fixed Price Quote,text/html; charset=utf-8,false,200,0,0,"https://www.birminghamboilerrepairs.uk/Cofton%20Common/boiler-repairs
https://www.birminghamboilerrepairs.uk/Cofton%20Common/boiler-servicing
https://www.birminghamboilerrepairs.uk/Cofton%20Common/gas-safety","404
404
404",3,,,0
20,https://www.birminghamboilerrepairs.uk/high-heath/vokera-specialists,High Heath Vokera Specialists | Same Day Service | Fixed Price Quote,text/html; charset=utf-8,false,200,0,0,"https://www.birminghamboilerrepairs.uk/High%20Heath/boiler-repairs
https://www.birminghamboilerrepairs.uk/High%20Heath/boiler-servicing
https://www.birminghamboilerrepairs.uk/High%20Heath/gas-safety","404
404
404",3,,,0
20,https://www.birminghamboilerrepairs.uk/birches-green/intergas-specialists,Birches Green Intergas Specialists | Same Day Service | Fixed Price Quote,text/html; charset=utf-8,false,200,0,0,"https://www.birminghamboilerrepairs.uk/Birches%20Green/boiler-repairs
https://www.birminghamboilerrepairs.uk/Birches%20Green/boiler-servicing
https://www.birminghamboilerrepairs.uk/Birches%20Green/gas-safety","404
404
404",3,,,0
20,https://www.birminghamboilerrepairs.uk/perry-beeches/vokera-specialists,Perry Beeches Vokera Specialists | Same Day Service | Fixed Price Quote,text/html; charset=utf-8,false,200,0,0,"https://www.birminghamboilerrepairs.uk/Perry%20Beeches/boiler-repairs
https://www.birminghamboilerrepairs.uk/Perry%20Beeches/boiler-servicing
https://www.birminghamboilerrepairs.uk/Perry%20Beeches/gas-safety","404
404
404",3,,,0
20,https://www.birminghamboilerrepairs.uk/shenley-fields/atag-specialists,Shenley Fields Atag Specialists | Same Day Service | Fixed Price Quote,text/html; charset=utf-8,false,200,0,0,"https://www.birminghamboilerrepairs.uk/Shenley%20Fields/boiler-repairs
https://www.birminghamboilerrepairs.uk/Shenley%20Fields/boiler-servicing
https://www.birminghamboilerrepairs.uk/Shenley%20Fields/gas-safety","404
404
404",3,,,0
20,https://www.birminghamboilerrepairs.uk/perry-barr/intergas-specialists,Perry Barr Intergas Specialists | Same Day Service | Fixed Price Quote,text/html; charset=utf-8,false,200,0,0,"https://www.birminghamboilerrepairs.uk/Perry%20Barr/boiler-repairs
https://www.birminghamboilerrepairs.uk/Perry%20Barr/boiler-servicing
https://www.birminghamboilerrepairs.uk/Perry%20Barr/gas-safety","404
404
404",3,,,0
20,https://www.birminghamboilerrepairs.uk/rowney-green/potterton-specialists,Rowney Green Potterton Specialists | Same Day Service | Fixed Price Quote,text/html; charset=utf-8,false,200,0,0,"https://www.birminghamboilerrepairs.uk/Rowney%20Green/boiler-repairs
https://www.birminghamboilerrepairs.uk/Rowney%20Green/boiler-servicing
https://www.birminghamboilerrepairs.uk/Rowney%20Green/gas-safety","404
404
404",3,,,0
20,https://www.birminghamboilerrepairs.uk/south-woodgate/intergas-specialists,South Woodgate Intergas Specialists | Same Day Service | Fixed Price Quote,text/html; charset=utf-8,false,200,0,0,"https://www.birminghamboilerrepairs.uk/South%20Woodgate/boiler-repairs
https://www.birminghamboilerrepairs.uk/South%20Woodgate/boiler-servicing
https://www.birminghamboilerrepairs.uk/South%20Woodgate/gas-safety","404
404
404",3,,,0
20,https://www.birminghamboilerrepairs.uk/chad-valley/vokera-specialists,Chad Valley Vokera Specialists | Same Day Service | Fixed Price Quote,text/html; charset=utf-8,false,200,0,0,"https://www.birminghamboilerrepairs.uk/Chad%20Valley/boiler-repairs
https://www.birminghamboilerrepairs.uk/Chad%20Valley/boiler-servicing
https://www.birminghamboilerrepairs.uk/Chad%20Valley/gas-safety","404
404
404",3,,,0
20,https://www.birminghamboilerrepairs.uk/spring-vale/intergas-specialists,Spring Vale Intergas Specialists | Same Day Service | Fixed Price Quote,text/html; charset=utf-8,false,200,0,0,"https://www.birminghamboilerrepairs.uk/Spring%20Vale/boiler-repairs
https://www.birminghamboilerrepairs.uk/Spring%20Vale/boiler-servicing
https://www.birminghamboilerrepairs.uk/Spring%20Vale/gas-safety","404
404
404",3,,,0
20,https://www.birminghamboilerrepairs.uk/cradley-heath/worcester-bosch-specialists,Cradley Heath Worcester Bosch Specialists | Same Day Service | Fixed Price Quote,text/html; charset=utf-8,false,200,0,0,"https://www.birminghamboilerrepairs.uk/Cradley%20Heath/boiler-repairs
https://www.birminghamboilerrepairs.uk/Cradley%20Heath/boiler-servicing
https://www.birminghamboilerrepairs.uk/Cradley%20Heath/gas-safety","404
404
404",3,,,0
20,https://www.birminghamboilerrepairs.uk/yardley-wood/boiler-repairs,Yardley Wood Boiler Repairs | Same Day Service | Fixed Price Quote,text/html; charset=utf-8,false,200,0,0,"https://www.birminghamboilerrepairs.uk/Yardley%20Wood/boiler-servicing
https://www.birminghamboilerrepairs.uk/Yardley%20Wood/combination-boiler-repairs
https://www.birminghamboilerrepairs.uk/Yardley%20Wood/gas-safety","404
404
404",3,,,0
20,https://www.birminghamboilerrepairs.uk/perry-beeches/viessmann-specialists,Perry Beeches Viessmann Specialists | Same Day Service | Fixed Price Quote,text/html; charset=utf-8,false,200,0,0,"https://www.birminghamboilerrepairs.uk/Perry%20Beeches/boiler-repairs
https://www.birminghamboilerrepairs.uk/Perry%20Beeches/boiler-servicing
https://www.birminghamboilerrepairs.uk/Perry%20Beeches/gas-safety","404
404
404",3,,,0
20,https://www.birminghamboilerrepairs.uk/hill-wood/ferroli-specialists,Hill Wood Ferroli Specialists | Same Day Service | Fixed Price Quote,text/html; charset=utf-8,false,200,0,0,"https://www.birminghamboilerrepairs.uk/Hill%20Wood/boiler-repairs
https://www.birminghamboilerrepairs.uk/Hill%20Wood/boiler-servicing
https://www.birminghamboilerrepairs.uk/Hill%20Wood/gas-safety","404
404
404",3,,,0
20,https://www.birminghamboilerrepairs.uk/falcon-lodge/glowworm-specialists,Falcon Lodge Glow-worm Specialists | Same Day Service | Fixed Price Quote,text/html; charset=utf-8,false,200,0,0,"https://www.birminghamboilerrepairs.uk/Falcon%20Lodge/boiler-repairs
https://www.birminghamboilerrepairs.uk/Falcon%20Lodge/boiler-servicing
https://www.birminghamboilerrepairs.uk/Falcon%20Lodge/gas-safety","404
404
404",3,,,0
20,https://www.birminghamboilerrepairs.uk/gun-quarter/gas-safety,Gun Quarter Gas Safety Inspections | Same Day Service | Fixed Price Quote,text/html; charset=utf-8,false,200,0,0,"https://www.birminghamboilerrepairs.uk/Gun%20Quarter/boiler-repairs
https://www.birminghamboilerrepairs.uk/Gun%20Quarter/boiler-servicing
https://www.birminghamboilerrepairs.uk/Gun%20Quarter/combination-boiler-repairs","404
404
404",3,,,0
20,https://www.birminghamboilerrepairs.uk/ten-acres/alpha-boiler-specialists,Ten Acres Alpha Specialists | Same Day Service | Fixed Price Quote,text/html; charset=utf-8,false,200,0,0,"https://www.birminghamboilerrepairs.uk/Ten%20Acres/boiler-repairs
https://www.birminghamboilerrepairs.uk/Ten%20Acres/boiler-servicing
https://www.birminghamboilerrepairs.uk/Ten%20Acres/gas-safety","404
404
404",3,,,0
20,https://www.birminghamboilerrepairs.uk/hay-mills/main-boiler-specialists,Hay Mills Main Specialists | Same Day Service | Fixed Price Quote,text/html; charset=utf-8,false,200,0,0,"https://www.birminghamboilerrepairs.uk/Hay%20Mills/boiler-repairs
https://www.birminghamboilerrepairs.uk/Hay%20Mills/boiler-servicing
https://www.birminghamboilerrepairs.uk/Hay%20Mills/gas-safety","404
404
404",3,,,0
20,https://www.birminghamboilerrepairs.uk/bordesley-green/potterton-specialists,Bordesley Green Potterton Specialists | Same Day Service | Fixed Price Quote,text/html; charset=utf-8,false,200,0,0,"https://www.birminghamboilerrepairs.uk/Bordesley%20Green/boiler-repairs
https://www.birminghamboilerrepairs.uk/Bordesley%20Green/boiler-servicing
https://www.birminghamboilerrepairs.uk/Bordesley%20Green/gas-safety","404
404
404",3,,,0
20,https://www.birminghamboilerrepairs.uk/tile-cross/worcester-bosch-specialists,Tile Cross Worcester Bosch Specialists | Same Day Service | Fixed Price Quote,text/html; charset=utf-8,false,200,0,0,"https://www.birminghamboilerrepairs.uk/Tile%20Cross/boiler-repairs
https://www.birminghamboilerrepairs.uk/Tile%20Cross/boiler-servicing
https://www.birminghamboilerrepairs.uk/Tile%20Cross/gas-safety","404
404
404",3,,,0
20,https://www.birminghamboilerrepairs.uk/four-oaks/combination-boiler-services,Four Oaks Combination Boiler Services | Same Day Service | Fixed Price Quote,text/html; charset=utf-8,false,200,0,0,"https://www.birminghamboilerrepairs.uk/Four%20Oaks/boiler-repairs
https://www.birminghamboilerrepairs.uk/Four%20Oaks/boiler-servicing
https://www.birminghamboilerrepairs.uk/Four%20Oaks/gas-safety","404
404
404",3,,,0
20,https://www.birminghamboilerrepairs.uk/cradley-heath/vokera-specialists,Cradley Heath Vokera Specialists | Same Day Service | Fixed Price Quote,text/html; charset=utf-8,false,200,0,0,"https://www.birminghamboilerrepairs.uk/Cradley%20Heath/boiler-repairs
https://www.birminghamboilerrepairs.uk/Cradley%20Heath/boiler-servicing
https://www.birminghamboilerrepairs.uk/Cradley%20Heath/gas-safety","404
404
404",3,,,0
20,https://www.birminghamboilerrepairs.uk/shard-end/intergas-specialists,Shard End Intergas Specialists | Same Day Service | Fixed Price Quote,text/html; charset=utf-8,false,200,0,0,"https://www.birminghamboilerrepairs.uk/Shard%20End/boiler-repairs
https://www.birminghamboilerrepairs.uk/Shard%20End/boiler-servicing
https://www.birminghamboilerrepairs.uk/Shard%20End/gas-safety","404
404
404",3,,,0
20,https://www.birminghamboilerrepairs.uk/rowley-regis/intergas-specialists,Rowley Regis Intergas Specialists | Same Day Service | Fixed Price Quote,text/html; charset=utf-8,false,200,0,0,"https://www.birminghamboilerrepairs.uk/Rowley%20Regis/boiler-repairs
https://www.birminghamboilerrepairs.uk/Rowley%20Regis/boiler-servicing
https://www.birminghamboilerrepairs.uk/Rowley%20Regis/gas-safety","404
404
404",3,,,0
20,https://www.birminghamboilerrepairs.uk/south-woodgate/boiler-servicing,South Woodgate Boiler Servicing | Same Day Service | Fixed Price Quote,text/html; charset=utf-8,false,200,0,0,"https://www.birminghamboilerrepairs.uk/South%20Woodgate/boiler-repairs
https://www.birminghamboilerrepairs.uk/South%20Woodgate/combination-boiler-repairs
https://www.birminghamboilerrepairs.uk/South%20Woodgate/gas-safety","404
404
404",3,,,0
20,https://www.birminghamboilerrepairs.uk/pype-hayes/ideal-boilers-specialists,Pype Hayes Ideal Boilers Specialists | Same Day Service | Fixed Price Quote,text/html; charset=utf-8,false,200,0,0,"https://www.birminghamboilerrepairs.uk/Pype%20Hayes/boiler-repairs
https://www.birminghamboilerrepairs.uk/Pype%20Hayes/boiler-servicing
https://www.birminghamboilerrepairs.uk/Pype%20Hayes/gas-safety","404
404
404",3,,,0
20,https://www.birminghamboilerrepairs.uk/perry-barr/atag-specialists,Perry Barr Atag Specialists | Same Day Service | Fixed Price Quote,text/html; charset=utf-8,false,200,0,0,"https://www.birminghamboilerrepairs.uk/Perry%20Barr/boiler-repairs
https://www.birminghamboilerrepairs.uk/Perry%20Barr/boiler-servicing
https://www.birminghamboilerrepairs.uk/Perry%20Barr/gas-safety","404
404
404",3,,,0
20,https://www.birminghamboilerrepairs.uk/castle-vale/glowworm-specialists,Castle Vale Glow-worm Specialists | Same Day Service | Fixed Price Quote,text/html; charset=utf-8,false,200,0,0,"https://www.birminghamboilerrepairs.uk/Castle%20Vale/boiler-repairs
https://www.birminghamboilerrepairs.uk/Castle%20Vale/boiler-servicing
https://www.birminghamboilerrepairs.uk/Castle%20Vale/gas-safety","404
404
404",3,,,0
20,https://www.birminghamboilerrepairs.uk/camp-hill/alpha-boiler-specialists,Camp Hill Alpha Specialists | Same Day Service | Fixed Price Quote,text/html; charset=utf-8,false,200,0,0,"https://www.birminghamboilerrepairs.uk/Camp%20Hill/boiler-repairs
https://www.birminghamboilerrepairs.uk/Camp%20Hill/boiler-servicing
https://www.birminghamboilerrepairs.uk/Camp%20Hill/gas-safety","404
404
404",3,,,0
20,https://www.birminghamboilerrepairs.uk/shard-end/alpha-boiler-specialists,Shard End Alpha Specialists | Same Day Service | Fixed Price Quote,text/html; charset=utf-8,false,200,0,0,"https://www.birminghamboilerrepairs.uk/Shard%20End/boiler-repairs
https://www.birminghamboilerrepairs.uk/Shard%20End/boiler-servicing
https://www.birminghamboilerrepairs.uk/Shard%20End/gas-safety","404
404
404",3,,,0
20,https://www.birminghamboilerrepairs.uk/handsworth-wood/baxi-specialists,Handsworth Wood Baxi Specialists | Same Day Service | Fixed Price Quote,text/html; charset=utf-8,false,200,0,0,"https://www.birminghamboilerrepairs.uk/Handsworth%20Wood/boiler-repairs
https://www.birminghamboilerrepairs.uk/Handsworth%20Wood/boiler-servicing
https://www.birminghamboilerrepairs.uk/Handsworth%20Wood/gas-safety","404
404
404",3,,,0
20,https://www.birminghamboilerrepairs.uk/great-barr/alpha-boiler-specialists,Great Barr Alpha Specialists | Same Day Service | Fixed Price Quote,text/html; charset=utf-8,false,200,0,0,"https://www.birminghamboilerrepairs.uk/Great%20Barr/boiler-repairs
https://www.birminghamboilerrepairs.uk/Great%20Barr/boiler-servicing
https://www.birminghamboilerrepairs.uk/Great%20Barr/gas-safety","404
404
404",3,,,0
20,https://www.birminghamboilerrepairs.uk/castle-vale/combination-boiler-services,Castle Vale Combination Boiler Services | Same Day Service | Fixed Price Quote,text/html; charset=utf-8,false,200,0,0,"https://www.birminghamboilerrepairs.uk/Castle%20Vale/boiler-repairs
https://www.birminghamboilerrepairs.uk/Castle%20Vale/boiler-servicing
https://www.birminghamboilerrepairs.uk/Castle%20Vale/gas-safety","404
404
404",3,,,0
20,https://www.birminghamboilerrepairs.uk/rotton-park/viessmann-specialists,Rotton Park Viessmann Specialists | Same Day Service | Fixed Price Quote,text/html; charset=utf-8,false,200,0,0,"https://www.birminghamboilerrepairs.uk/Rotton%20Park/boiler-repairs
https://www.birminghamboilerrepairs.uk/Rotton%20Park/boiler-servicing
https://www.birminghamboilerrepairs.uk/Rotton%20Park/gas-safety","404
404
404",3,,,0
20,https://www.birminghamboilerrepairs.uk/stockland-green/viessmann-specialists,Stockland Green Viessmann Specialists | Same Day Service | Fixed Price Quote,text/html; charset=utf-8,false,200,0,0,"https://www.birminghamboilerrepairs.uk/Stockland%20Green/boiler-repairs
https://www.birminghamboilerrepairs.uk/Stockland%20Green/boiler-servicing
https://www.birminghamboilerrepairs.uk/Stockland%20Green/gas-safety","404
404
404",3,,,0
20,https://www.birminghamboilerrepairs.uk/hill-hook/ideal-boilers-specialists,Hill Hook Ideal Boilers Specialists | Same Day Service | Fixed Price Quote,text/html; charset=utf-8,false,200,0,0,"https://www.birminghamboilerrepairs.uk/Hill%20Hook/boiler-repairs
https://www.birminghamboilerrepairs.uk/Hill%20Hook/boiler-servicing
https://www.birminghamboilerrepairs.uk/Hill%20Hook/gas-safety","404
404
404",3,,,0
20,https://www.birminghamboilerrepairs.uk/south-yardley/worcester-bosch-specialists,South Yardley Worcester Bosch Specialists | Same Day Service | Fixed Price Quote,text/html; charset=utf-8,false,200,0,0,"https://www.birminghamboilerrepairs.uk/South%20Yardley/boiler-repairs
https://www.birminghamboilerrepairs.uk/South%20Yardley/boiler-servicing
https://www.birminghamboilerrepairs.uk/South%20Yardley/gas-safety","404
404
404",3,,,0
20,https://www.birminghamboilerrepairs.uk/hay-mills/boiler-servicing,Hay Mills Boiler Servicing | Same Day Service | Fixed Price Quote,text/html; charset=utf-8,false,200,0,0,"https://www.birminghamboilerrepairs.uk/Hay%20Mills/boiler-repairs
https://www.birminghamboilerrepairs.uk/Hay%20Mills/combination-boiler-repairs
https://www.birminghamboilerrepairs.uk/Hay%20Mills/gas-safety","404
404
404",3,,,0
20,https://www.birminghamboilerrepairs.uk/ten-acres/biasi-specialists,Ten Acres Biasi Specialists | Same Day Service | Fixed Price Quote,text/html; charset=utf-8,false,200,0,0,"https://www.birminghamboilerrepairs.uk/Ten%20Acres/boiler-repairs
https://www.birminghamboilerrepairs.uk/Ten%20Acres/boiler-servicing
https://www.birminghamboilerrepairs.uk/Ten%20Acres/gas-safety","404
404
404",3,,,0
20,https://www.birminghamboilerrepairs.uk/gun-quarter/ferroli-specialists,Gun Quarter Ferroli Specialists | Same Day Service | Fixed Price Quote,text/html; charset=utf-8,false,200,0,0,"https://www.birminghamboilerrepairs.uk/Gun%20Quarter/boiler-repairs
https://www.birminghamboilerrepairs.uk/Gun%20Quarter/boiler-servicing
https://www.birminghamboilerrepairs.uk/Gun%20Quarter/gas-safety","404
404
404",3,,,0
20,https://www.birminghamboilerrepairs.uk/bordesley-green/combination-boiler-repairs,Bordesley Green Combination Boiler Repairs | Same Day Service | Fixed Price Quote,text/html; charset=utf-8,false,200,0,0,"https://www.birminghamboilerrepairs.uk/Bordesley%20Green/boiler-repairs
https://www.birminghamboilerrepairs.uk/Bordesley%20Green/boiler-servicing
https://www.birminghamboilerrepairs.uk/Bordesley%20Green/gas-safety","404
404
404",3,,,0
20,https://www.birminghamboilerrepairs.uk/west-bromwich/heatline-specialists,West Bromwich Heatline Specialists | Same Day Service | Fixed Price Quote,text/html; charset=utf-8,false,200,0,0,"https://www.birminghamboilerrepairs.uk/West%20Bromwich/boiler-repairs
https://www.birminghamboilerrepairs.uk/West%20Bromwich/boiler-servicing
https://www.birminghamboilerrepairs.uk/West%20Bromwich/gas-safety","404
404
404",3,,,0
20,https://www.birminghamboilerrepairs.uk/camp-hill/ideal-boilers-specialists,Camp Hill Ideal Boilers Specialists | Same Day Service | Fixed Price Quote,text/html; charset=utf-8,false,200,0,0,"https://www.birminghamboilerrepairs.uk/Camp%20Hill/boiler-repairs
https://www.birminghamboilerrepairs.uk/Camp%20Hill/boiler-servicing
https://www.birminghamboilerrepairs.uk/Camp%20Hill/gas-safety","404
404
404",3,,,0
20,https://www.birminghamboilerrepairs.uk/west-bromwich/vaillant-specialists,West Bromwich Vaillant Specialists | Same Day Service | Fixed Price Quote,text/html; charset=utf-8,false,200,0,0,"https://www.birminghamboilerrepairs.uk/West%20Bromwich/boiler-repairs
https://www.birminghamboilerrepairs.uk/West%20Bromwich/boiler-servicing
https://www.birminghamboilerrepairs.uk/West%20Bromwich/gas-safety","404
404
404",3,,,0
20,https://www.birminghamboilerrepairs.uk/hodge-hill/combination-boiler-repairs,Hodge Hill Combination Boiler Repairs | Same Day Service | Fixed Price Quote,text/html; charset=utf-8,false,200,0,0,"https://www.birminghamboilerrepairs.uk/Hodge%20Hill/boiler-repairs
https://www.birminghamboilerrepairs.uk/Hodge%20Hill/boiler-servicing
https://www.birminghamboilerrepairs.uk/Hodge%20Hill/gas-safety","404
404
404",3,,,0
20,https://www.birminghamboilerrepairs.uk/brandwood-end/ferroli-specialists,Brandwood End Ferroli Specialists | Same Day Service | Fixed Price Quote,text/html; charset=utf-8,false,200,0,0,"https://www.birminghamboilerrepairs.uk/Brandwood%20End/boiler-repairs
https://www.birminghamboilerrepairs.uk/Brandwood%20End/boiler-servicing
https://www.birminghamboilerrepairs.uk/Brandwood%20End/gas-safety","404
404
404",3,,,0
20,https://www.birminghamboilerrepairs.uk/rotton-park/boiler-servicing,Rotton Park Boiler Servicing | Same Day Service | Fixed Price Quote,text/html; charset=utf-8,false,200,0,0,"https://www.birminghamboilerrepairs.uk/Rotton%20Park/boiler-repairs
https://www.birminghamboilerrepairs.uk/Rotton%20Park/combination-boiler-repairs
https://www.birminghamboilerrepairs.uk/Rotton%20Park/gas-safety","404
404
404",3,,,0
20,https://www.birminghamboilerrepairs.uk/fox-hollies/viessmann-specialists,Fox Hollies Viessmann Specialists | Same Day Service | Fixed Price Quote,text/html; charset=utf-8,false,200,0,0,"https://www.birminghamboilerrepairs.uk/Fox%20Hollies/boiler-repairs
https://www.birminghamboilerrepairs.uk/Fox%20Hollies/boiler-servicing
https://www.birminghamboilerrepairs.uk/Fox%20Hollies/gas-safety","404
404
404",3,,,0
20,https://www.birminghamboilerrepairs.uk/gib-heath/biasi-specialists,Gib Heath Biasi Specialists | Same Day Service | Fixed Price Quote,text/html; charset=utf-8,false,200,0,0,"https://www.birminghamboilerrepairs.uk/Gib%20Heath/boiler-repairs
https://www.birminghamboilerrepairs.uk/Gib%20Heath/boiler-servicing
https://www.birminghamboilerrepairs.uk/Gib%20Heath/gas-safety","404
404
404",3,,,0
20,https://www.birminghamboilerrepairs.uk/spring-vale/potterton-specialists,Spring Vale Potterton Specialists | Same Day Service | Fixed Price Quote,text/html; charset=utf-8,false,200,0,0,"https://www.birminghamboilerrepairs.uk/Spring%20Vale/boiler-repairs
https://www.birminghamboilerrepairs.uk/Spring%20Vale/boiler-servicing
https://www.birminghamboilerrepairs.uk/Spring%20Vale/gas-safety","404
404
404",3,,,0
20,https://www.birminghamboilerrepairs.uk/spring-vale/ideal-boilers-specialists,Spring Vale Ideal Boilers Specialists | Same Day Service | Fixed Price Quote,text/html; charset=utf-8,false,200,0,0,"https://www.birminghamboilerrepairs.uk/Spring%20Vale/boiler-repairs
https://www.birminghamboilerrepairs.uk/Spring%20Vale/boiler-servicing
https://www.birminghamboilerrepairs.uk/Spring%20Vale/gas-safety","404
404
404",3,,,0
20,https://www.birminghamboilerrepairs.uk/thimble-end/glowworm-specialists,Thimble End Glow-worm Specialists | Same Day Service | Fixed Price Quote,text/html; charset=utf-8,false,200,0,0,"https://www.birminghamboilerrepairs.uk/Thimble%20End/boiler-repairs
https://www.birminghamboilerrepairs.uk/Thimble%20End/boiler-servicing
https://www.birminghamboilerrepairs.uk/Thimble%20End/gas-safety","404
404
404",3,,,0
20,https://www.birminghamboilerrepairs.uk/gosta-green/ideal-boilers-specialists,Gosta Green Ideal Boilers Specialists | Same Day Service | Fixed Price Quote,text/html; charset=utf-8,false,200,0,0,"https://www.birminghamboilerrepairs.uk/Gosta%20Green/boiler-repairs
https://www.birminghamboilerrepairs.uk/Gosta%20Green/boiler-servicing
https://www.birminghamboilerrepairs.uk/Gosta%20Green/gas-safety","404
404
404",3,,,0
20,https://www.birminghamboilerrepairs.uk/west-midlands/baxi-specialists,West Midlands Baxi Specialists | Same Day Service | Fixed Price Quote,text/html; charset=utf-8,false,200,0,0,"https://www.birminghamboilerrepairs.uk/West%20Midlands/boiler-repairs
https://www.birminghamboilerrepairs.uk/West%20Midlands/boiler-servicing
https://www.birminghamboilerrepairs.uk/West%20Midlands/gas-safety","404
404
404",3,,,0
20,https://www.birminghamboilerrepairs.uk/garretts-green/glowworm-specialists,Garretts Green Glow-worm Specialists | Same Day Service | Fixed Price Quote,text/html; charset=utf-8,false,200,0,0,"https://www.birminghamboilerrepairs.uk/Garretts%20Green/boiler-repairs
https://www.birminghamboilerrepairs.uk/Garretts%20Green/boiler-servicing
https://www.birminghamboilerrepairs.uk/Garretts%20Green/gas-safety","404
404
404",3,,,0
20,https://www.birminghamboilerrepairs.uk/old-oscott/vaillant-specialists,Old Oscott Vaillant Specialists | Same Day Service | Fixed Price Quote,text/html; charset=utf-8,false,200,0,0,"https://www.birminghamboilerrepairs.uk/Old%20Oscott/boiler-repairs
https://www.birminghamboilerrepairs.uk/Old%20Oscott/boiler-servicing
https://www.birminghamboilerrepairs.uk/Old%20Oscott/gas-safety","404
404
404",3,,,0
20,https://www.birminghamboilerrepairs.uk/garretts-green/baxi-specialists,Garretts Green Baxi Specialists | Same Day Service | Fixed Price Quote,text/html; charset=utf-8,false,200,0,0,"https://www.birminghamboilerrepairs.uk/Garretts%20Green/boiler-repairs
https://www.birminghamboilerrepairs.uk/Garretts%20Green/boiler-servicing
https://www.birminghamboilerrepairs.uk/Garretts%20Green/gas-safety","404
404
404",3,,,0
20,https://www.birminghamboilerrepairs.uk/high-heath/baxi-specialists,High Heath Baxi Specialists | Same Day Service | Fixed Price Quote,text/html; charset=utf-8,false,200,0,0,"https://www.birminghamboilerrepairs.uk/High%20Heath/boiler-repairs
https://www.birminghamboilerrepairs.uk/High%20Heath/boiler-servicing
https://www.birminghamboilerrepairs.uk/High%20Heath/gas-safety","404
404
404",3,,,0
20,https://www.birminghamboilerrepairs.uk/rowney-green/boiler-repairs,Rowney Green Boiler Repairs | Same Day Service | Fixed Price Quote,text/html; charset=utf-8,false,200,0,0,"https://www.birminghamboilerrepairs.uk/Rowney%20Green/boiler-servicing
https://www.birminghamboilerrepairs.uk/Rowney%20Green/combination-boiler-repairs
https://www.birminghamboilerrepairs.uk/Rowney%20Green/gas-safety","404
404
404",3,,,0
20,https://www.birminghamboilerrepairs.uk/cradley-heath/heatline-specialists,Cradley Heath Heatline Specialists | Same Day Service | Fixed Price Quote,text/html; charset=utf-8,false,200,0,0,"https://www.birminghamboilerrepairs.uk/Cradley%20Heath/boiler-repairs
https://www.birminghamboilerrepairs.uk/Cradley%20Heath/boiler-servicing
https://www.birminghamboilerrepairs.uk/Cradley%20Heath/gas-safety","404
404
404",3,,,0
20,https://www.birminghamboilerrepairs.uk/small-heath/baxi-specialists,Small Heath Baxi Specialists | Same Day Service | Fixed Price Quote,text/html; charset=utf-8,false,200,0,0,"https://www.birminghamboilerrepairs.uk/Small%20Heath/boiler-repairs
https://www.birminghamboilerrepairs.uk/Small%20Heath/boiler-servicing
https://www.birminghamboilerrepairs.uk/Small%20Heath/gas-safety","404
404
404",3,,,0
20,https://www.birminghamboilerrepairs.uk/harts-green/intergas-specialists,Harts Green Intergas Specialists | Same Day Service | Fixed Price Quote,text/html; charset=utf-8,false,200,0,0,"https://www.birminghamboilerrepairs.uk/Harts%20Green/boiler-repairs
https://www.birminghamboilerrepairs.uk/Harts%20Green/boiler-servicing
https://www.birminghamboilerrepairs.uk/Harts%20Green/gas-safety","404
404
404",3,,,0
20,https://www.birminghamboilerrepairs.uk/small-heath/vokera-specialists,Small Heath Vokera Specialists | Same Day Service | Fixed Price Quote,text/html; charset=utf-8,false,200,0,0,"https://www.birminghamboilerrepairs.uk/Small%20Heath/boiler-repairs
https://www.birminghamboilerrepairs.uk/Small%20Heath/boiler-servicing
https://www.birminghamboilerrepairs.uk/Small%20Heath/gas-safety","404
404
404",3,,,0
20,https://www.birminghamboilerrepairs.uk/high-heath/intergas-specialists,High Heath Intergas Specialists | Same Day Service | Fixed Price Quote,text/html; charset=utf-8,false,200,0,0,"https://www.birminghamboilerrepairs.uk/High%20Heath/boiler-repairs
https://www.birminghamboilerrepairs.uk/High%20Heath/boiler-servicing
https://www.birminghamboilerrepairs.uk/High%20Heath/gas-safety","404
404
404",3,,,0
20,https://www.birminghamboilerrepairs.uk/perry-common/main-boiler-specialists,Perry Common Main Specialists | Same Day Service | Fixed Price Quote,text/html; charset=utf-8,false,200,0,0,"https://www.birminghamboilerrepairs.uk/Perry%20Common/boiler-repairs
https://www.birminghamboilerrepairs.uk/Perry%20Common/boiler-servicing
https://www.birminghamboilerrepairs.uk/Perry%20Common/gas-safety","404
404
404",3,,,0
20,https://www.birminghamboilerrepairs.uk/perry-barr/potterton-specialists,Perry Barr Potterton Specialists | Same Day Service | Fixed Price Quote,text/html; charset=utf-8,false,200,0,0,"https://www.birminghamboilerrepairs.uk/Perry%20Barr/boiler-repairs
https://www.birminghamboilerrepairs.uk/Perry%20Barr/boiler-servicing
https://www.birminghamboilerrepairs.uk/Perry%20Barr/gas-safety","404
404
404",3,,,0
20,https://www.birminghamboilerrepairs.uk/kings-norton/combination-boiler-repairs,Kings Norton Combination Boiler Repairs | Same Day Service | Fixed Price Quote,text/html; charset=utf-8,false,200,0,0,"https://www.birminghamboilerrepairs.uk/Kings%20Norton/boiler-repairs
https://www.birminghamboilerrepairs.uk/Kings%20Norton/boiler-servicing
https://www.birminghamboilerrepairs.uk/Kings%20Norton/gas-safety","404
404
404",3,,,0
20,https://www.birminghamboilerrepairs.uk/browns-green/glowworm-specialists,Browns Green Glow-worm Specialists | Same Day Service | Fixed Price Quote,text/html; charset=utf-8,false,200,0,0,"https://www.birminghamboilerrepairs.uk/Browns%20Green/boiler-repairs
https://www.birminghamboilerrepairs.uk/Browns%20Green/boiler-servicing
https://www.birminghamboilerrepairs.uk/Browns%20Green/gas-safety","404
404
404",3,,,0
20,https://www.birminghamboilerrepairs.uk/bordesley-green/atag-specialists,Bordesley Green Atag Specialists | Same Day Service | Fixed Price Quote,text/html; charset=utf-8,false,200,0,0,"https://www.birminghamboilerrepairs.uk/Bordesley%20Green/boiler-repairs
https://www.birminghamboilerrepairs.uk/Bordesley%20Green/boiler-servicing
https://www.birminghamboilerrepairs.uk/Bordesley%20Green/gas-safety","404
404
404",3,,,0
20,https://www.birminghamboilerrepairs.uk/brandwood-end/alpha-boiler-specialists,Brandwood End Alpha Specialists | Same Day Service | Fixed Price Quote,text/html; charset=utf-8,false,200,0,0,"https://www.birminghamboilerrepairs.uk/Brandwood%20End/boiler-repairs
https://www.birminghamboilerrepairs.uk/Brandwood%20End/boiler-servicing
https://www.birminghamboilerrepairs.uk/Brandwood%20End/gas-safety","404
404
404",3,,,0
20,https://www.birminghamboilerrepairs.uk/shenley-green/boiler-servicing,Shenley Green Boiler Servicing | Same Day Service | Fixed Price Quote,text/html; charset=utf-8,false,200,0,0,"https://www.birminghamboilerrepairs.uk/Shenley%20Green/boiler-repairs
https://www.birminghamboilerrepairs.uk/Shenley%20Green/combination-boiler-repairs
https://www.birminghamboilerrepairs.uk/Shenley%20Green/gas-safety","404
404
404",3,,,0
20,https://www.birminghamboilerrepairs.uk/turves-green/combination-boiler-repairs,Turves Green Combination Boiler Repairs | Same Day Service | Fixed Price Quote,text/html; charset=utf-8,false,200,0,0,"https://www.birminghamboilerrepairs.uk/Turves%20Green/boiler-repairs
https://www.birminghamboilerrepairs.uk/Turves%20Green/boiler-servicing
https://www.birminghamboilerrepairs.uk/Turves%20Green/gas-safety","404
404
404",3,,,0
20,https://www.birminghamboilerrepairs.uk/browns-green/combination-boiler-services,Browns Green Combination Boiler Services | Same Day Service | Fixed Price Quote,text/html; charset=utf-8,false,200,0,0,"https://www.birminghamboilerrepairs.uk/Browns%20Green/boiler-repairs
https://www.birminghamboilerrepairs.uk/Browns%20Green/boiler-servicing
https://www.birminghamboilerrepairs.uk/Browns%20Green/gas-safety","404
404
404",3,,,0
20,https://www.birminghamboilerrepairs.uk/west-midlands/combination-boiler-repairs,West Midlands Combination Boiler Repairs | Same Day Service | Fixed Price Quote,text/html; charset=utf-8,false,200,0,0,"https://www.birminghamboilerrepairs.uk/West%20Midlands/boiler-repairs
https://www.birminghamboilerrepairs.uk/West%20Midlands/boiler-servicing
https://www.birminghamboilerrepairs.uk/West%20Midlands/gas-safety","404
404
404",3,,,0
20,https://www.birminghamboilerrepairs.uk/stockland-green/boiler-servicing,Stockland Green Boiler Servicing | Same Day Service | Fixed Price Quote,text/html; charset=utf-8,false,200,0,0,"https://www.birminghamboilerrepairs.uk/Stockland%20Green/boiler-repairs
https://www.birminghamboilerrepairs.uk/Stockland%20Green/combination-boiler-repairs
https://www.birminghamboilerrepairs.uk/Stockland%20Green/gas-safety","404
404
404",3,,,0
20,https://www.birminghamboilerrepairs.uk/buckland-end/gas-safety,Buckland End Gas Safety Inspections | Same Day Service | Fixed Price Quote,text/html; charset=utf-8,false,200,0,0,"https://www.birminghamboilerrepairs.uk/Buckland%20End/boiler-repairs
https://www.birminghamboilerrepairs.uk/Buckland%20End/boiler-servicing
https://www.birminghamboilerrepairs.uk/Buckland%20End/combination-boiler-repairs","404
404
404",3,,,0
20,https://www.birminghamboilerrepairs.uk/thimble-end/ferroli-specialists,Thimble End Ferroli Specialists | Same Day Service | Fixed Price Quote,text/html; charset=utf-8,false,200,0,0,"https://www.birminghamboilerrepairs.uk/Thimble%20End/boiler-repairs
https://www.birminghamboilerrepairs.uk/Thimble%20End/boiler-servicing
https://www.birminghamboilerrepairs.uk/Thimble%20End/gas-safety","404
404
404",3,,,0
20,https://www.birminghamboilerrepairs.uk/sutton-coldfield/worcester-bosch-specialists,Sutton Coldfield Worcester Bosch Specialists | Same Day Service | Fixed Price Quote,text/html; charset=utf-8,false,200,0,0,"https://www.birminghamboilerrepairs.uk/Sutton%20Coldfield/boiler-repairs
https://www.birminghamboilerrepairs.uk/Sutton%20Coldfield/boiler-servicing
https://www.birminghamboilerrepairs.uk/Sutton%20Coldfield/gas-safety","404
404
404",3,,,0
20,https://www.birminghamboilerrepairs.uk/west-heath/vaillant-specialists,West Heath Vaillant Specialists | Same Day Service | Fixed Price Quote,text/html; charset=utf-8,false,200,0,0,"https://www.birminghamboilerrepairs.uk/West%20Heath/boiler-repairs
https://www.birminghamboilerrepairs.uk/West%20Heath/boiler-servicing
https://www.birminghamboilerrepairs.uk/West%20Heath/gas-safety","404
404
404",3,,,0
20,https://www.birminghamboilerrepairs.uk/shenley-fields/alpha-boiler-specialists,Shenley Fields Alpha Specialists | Same Day Service | Fixed Price Quote,text/html; charset=utf-8,false,200,0,0,"https://www.birminghamboilerrepairs.uk/Shenley%20Fields/boiler-repairs
https://www.birminghamboilerrepairs.uk/Shenley%20Fields/boiler-servicing
https://www.birminghamboilerrepairs.uk/Shenley%20Fields/gas-safety","404
404
404",3,,,0
20,https://www.birminghamboilerrepairs.uk/harts-green/vaillant-specialists,Harts Green Vaillant Specialists | Same Day Service | Fixed Price Quote,text/html; charset=utf-8,false,200,0,0,"https://www.birminghamboilerrepairs.uk/Harts%20Green/boiler-repairs
https://www.birminghamboilerrepairs.uk/Harts%20Green/boiler-servicing
https://www.birminghamboilerrepairs.uk/Harts%20Green/gas-safety","404
404
404",3,,,0
20,https://www.birminghamboilerrepairs.uk/garretts-green/viessmann-specialists,Garretts Green Viessmann Specialists | Same Day Service | Fixed Price Quote,text/html; charset=utf-8,false,200,0,0,"https://www.birminghamboilerrepairs.uk/Garretts%20Green/boiler-repairs
https://www.birminghamboilerrepairs.uk/Garretts%20Green/boiler-servicing
https://www.birminghamboilerrepairs.uk/Garretts%20Green/gas-safety","404
404
404",3,,,0
20,https://www.birminghamboilerrepairs.uk/the-parade/combination-boiler-repairs,The Parade Combination Boiler Repairs | Same Day Service | Fixed Price Quote,text/html; charset=utf-8,false,200,0,0,"https://www.birminghamboilerrepairs.uk/The%20Parade/boiler-repairs
https://www.birminghamboilerrepairs.uk/The%20Parade/boiler-servicing
https://www.birminghamboilerrepairs.uk/The%20Parade/gas-safety","404
404
404",3,,,0
20,https://www.birminghamboilerrepairs.uk/west-heath/main-boiler-specialists,West Heath Main Specialists | Same Day Service | Fixed Price Quote,text/html; charset=utf-8,false,200,0,0,"https://www.birminghamboilerrepairs.uk/West%20Heath/boiler-repairs
https://www.birminghamboilerrepairs.uk/West%20Heath/boiler-servicing
https://www.birminghamboilerrepairs.uk/West%20Heath/gas-safety","404
404
404",3,,,0
20,https://www.birminghamboilerrepairs.uk/perry-barr/glowworm-specialists,Perry Barr Glow-worm Specialists | Same Day Service | Fixed Price Quote,text/html; charset=utf-8,false,200,0,0,"https://www.birminghamboilerrepairs.uk/Perry%20Barr/boiler-repairs
https://www.birminghamboilerrepairs.uk/Perry%20Barr/boiler-servicing
https://www.birminghamboilerrepairs.uk/Perry%20Barr/gas-safety","404
404
404",3,,,0
20,https://www.birminghamboilerrepairs.uk/hodge-hill/ideal-boilers-specialists,Hodge Hill Ideal Boilers Specialists | Same Day Service | Fixed Price Quote,text/html; charset=utf-8,false,200,0,0,"https://www.birminghamboilerrepairs.uk/Hodge%20Hill/boiler-repairs
https://www.birminghamboilerrepairs.uk/Hodge%20Hill/boiler-servicing
https://www.birminghamboilerrepairs.uk/Hodge%20Hill/gas-safety","404
404
404",3,,,0
20,https://www.birminghamboilerrepairs.uk/high-heath/alpha-boiler-specialists,High Heath Alpha Specialists | Same Day Service | Fixed Price Quote,text/html; charset=utf-8,false,200,0,0,"https://www.birminghamboilerrepairs.uk/High%20Heath/boiler-repairs
https://www.birminghamboilerrepairs.uk/High%20Heath/boiler-servicing
https://www.birminghamboilerrepairs.uk/High%20Heath/gas-safety","404
404
404",3,,,0
20,https://www.birminghamboilerrepairs.uk/over-green/combination-boiler-repairs,Over Green Combination Boiler Repairs | Same Day Service | Fixed Price Quote,text/html; charset=utf-8,false,200,0,0,"https://www.birminghamboilerrepairs.uk/Over%20Green/boiler-repairs
https://www.birminghamboilerrepairs.uk/Over%20Green/boiler-servicing
https://www.birminghamboilerrepairs.uk/Over%20Green/gas-safety","404
404
404",3,,,0
20,https://www.birminghamboilerrepairs.uk/reddicap-heath/combination-boiler-repairs,Reddicap Heath Combination Boiler Repairs | Same Day Service | Fixed Price Quote,text/html; charset=utf-8,false,200,0,0,"https://www.birminghamboilerrepairs.uk/Reddicap%20Heath/boiler-repairs
https://www.birminghamboilerrepairs.uk/Reddicap%20Heath/boiler-servicing
https://www.birminghamboilerrepairs.uk/Reddicap%20Heath/gas-safety","404
404
404",3,,,0
20,https://www.birminghamboilerrepairs.uk/astwood-bank/gas-safety,Astwood Bank Gas Safety Inspections | Same Day Service | Fixed Price Quote,text/html; charset=utf-8,false,200,0,0,"https://www.birminghamboilerrepairs.uk/Astwood%20Bank/boiler-repairs
https://www.birminghamboilerrepairs.uk/Astwood%20Bank/boiler-servicing
https://www.birminghamboilerrepairs.uk/Astwood%20Bank/combination-boiler-repairs","404
404
404",3,,,0
20,https://www.birminghamboilerrepairs.uk/west-midlands/ariston-specialists,West Midlands Ariston Specialists | Same Day Service | Fixed Price Quote,text/html; charset=utf-8,false,200,0,0,"https://www.birminghamboilerrepairs.uk/West%20Midlands/boiler-repairs
https://www.birminghamboilerrepairs.uk/West%20Midlands/boiler-servicing
https://www.birminghamboilerrepairs.uk/West%20Midlands/gas-safety","404
404
404",3,,,0
20,https://www.birminghamboilerrepairs.uk/thimble-end/ariston-specialists,Thimble End Ariston Specialists | Same Day Service | Fixed Price Quote,text/html; charset=utf-8,false,200,0,0,"https://www.birminghamboilerrepairs.uk/Thimble%20End/boiler-repairs
https://www.birminghamboilerrepairs.uk/Thimble%20End/boiler-servicing
https://www.birminghamboilerrepairs.uk/Thimble%20End/gas-safety","404
404
404",3,,,0
20,https://www.birminghamboilerrepairs.uk/shard-end/main-boiler-specialists,Shard End Main Specialists | Same Day Service | Fixed Price Quote,text/html; charset=utf-8,false,200,0,0,"https://www.birminghamboilerrepairs.uk/Shard%20End/boiler-repairs
https://www.birminghamboilerrepairs.uk/Shard%20End/boiler-servicing
https://www.birminghamboilerrepairs.uk/Shard%20End/gas-safety","404
404
404",3,,,0
20,https://www.birminghamboilerrepairs.uk/stockland-green/heatline-specialists,Stockland Green Heatline Specialists | Same Day Service | Fixed Price Quote,text/html; charset=utf-8,false,200,0,0,"https://www.birminghamboilerrepairs.uk/Stockland%20Green/boiler-repairs
https://www.birminghamboilerrepairs.uk/Stockland%20Green/boiler-servicing
https://www.birminghamboilerrepairs.uk/Stockland%20Green/gas-safety","404
404
404",3,,,0
20,https://www.birminghamboilerrepairs.uk/fox-hollies/ferroli-specialists,Fox Hollies Ferroli Specialists | Same Day Service | Fixed Price Quote,text/html; charset=utf-8,false,200,0,0,"https://www.birminghamboilerrepairs.uk/Fox%20Hollies/boiler-repairs
https://www.birminghamboilerrepairs.uk/Fox%20Hollies/boiler-servicing
https://www.birminghamboilerrepairs.uk/Fox%20Hollies/gas-safety","404
404
404",3,,,0
20,https://www.birminghamboilerrepairs.uk/great-barr/gas-safety,Great Barr Gas Safety Inspections | Same Day Service | Fixed Price Quote,text/html; charset=utf-8,false,200,0,0,"https://www.birminghamboilerrepairs.uk/Great%20Barr/boiler-repairs
https://www.birminghamboilerrepairs.uk/Great%20Barr/boiler-servicing
https://www.birminghamboilerrepairs.uk/Great%20Barr/combination-boiler-repairs","404
404
404",3,,,0
20,https://www.birminghamboilerrepairs.uk/ten-acres/baxi-specialists,Ten Acres Baxi Specialists | Same Day Service | Fixed Price Quote,text/html; charset=utf-8,false,200,0,0,"https://www.birminghamboilerrepairs.uk/Ten%20Acres/boiler-repairs
https://www.birminghamboilerrepairs.uk/Ten%20Acres/boiler-servicing
https://www.birminghamboilerrepairs.uk/Ten%20Acres/gas-safety","404
404
404",3,,,0
20,https://www.birminghamboilerrepairs.uk/high-heath/biasi-specialists,High Heath Biasi Specialists | Same Day Service | Fixed Price Quote,text/html; charset=utf-8,false,200,0,0,"https://www.birminghamboilerrepairs.uk/High%20Heath/boiler-repairs
https://www.birminghamboilerrepairs.uk/High%20Heath/boiler-servicing
https://www.birminghamboilerrepairs.uk/High%20Heath/gas-safety","404
404
404",3,,,0
20,https://www.birminghamboilerrepairs.uk/brandwood-end/heatline-specialists,Brandwood End Heatline Specialists | Same Day Service | Fixed Price Quote,text/html; charset=utf-8,false,200,0,0,"https://www.birminghamboilerrepairs.uk/Brandwood%20End/boiler-repairs
https://www.birminghamboilerrepairs.uk/Brandwood%20End/boiler-servicing
https://www.birminghamboilerrepairs.uk/Brandwood%20End/gas-safety","404
404
404",3,,,0
20,https://www.birminghamboilerrepairs.uk/yardley-wood/ferroli-specialists,Yardley Wood Ferroli Specialists | Same Day Service | Fixed Price Quote,text/html; charset=utf-8,false,200,0,0,"https://www.birminghamboilerrepairs.uk/Yardley%20Wood/boiler-repairs
https://www.birminghamboilerrepairs.uk/Yardley%20Wood/boiler-servicing
https://www.birminghamboilerrepairs.uk/Yardley%20Wood/gas-safety","404
404
404",3,,,0
20,https://www.birminghamboilerrepairs.uk/camp-hill/biasi-specialists,Camp Hill Biasi Specialists | Same Day Service | Fixed Price Quote,text/html; charset=utf-8,false,200,0,0,"https://www.birminghamboilerrepairs.uk/Camp%20Hill/boiler-repairs
https://www.birminghamboilerrepairs.uk/Camp%20Hill/boiler-servicing
https://www.birminghamboilerrepairs.uk/Camp%20Hill/gas-safety","404
404
404",3,,,0
20,https://www.birminghamboilerrepairs.uk/stockland-green/vaillant-specialists,Stockland Green Vaillant Specialists | Same Day Service | Fixed Price Quote,text/html; charset=utf-8,false,200,0,0,"https://www.birminghamboilerrepairs.uk/Stockland%20Green/boiler-repairs
https://www.birminghamboilerrepairs.uk/Stockland%20Green/boiler-servicing
https://www.birminghamboilerrepairs.uk/Stockland%20Green/gas-safety","404
404
404",3,,,0
20,https://www.birminghamboilerrepairs.uk/rowney-green/gas-safety,Rowney Green Gas Safety Inspections | Same Day Service | Fixed Price Quote,text/html; charset=utf-8,false,200,0,0,"https://www.birminghamboilerrepairs.uk/Rowney%20Green/boiler-repairs
https://www.birminghamboilerrepairs.uk/Rowney%20Green/boiler-servicing
https://www.birminghamboilerrepairs.uk/Rowney%20Green/combination-boiler-repairs","404
404
404",3,,,0
20,https://www.birminghamboilerrepairs.uk/south-yardley/atag-specialists,South Yardley Atag Specialists | Same Day Service | Fixed Price Quote,text/html; charset=utf-8,false,200,0,0,"https://www.birminghamboilerrepairs.uk/South%20Yardley/boiler-repairs
https://www.birminghamboilerrepairs.uk/South%20Yardley/boiler-servicing
https://www.birminghamboilerrepairs.uk/South%20Yardley/gas-safety","404
404
404",3,,,0
20,https://www.birminghamboilerrepairs.uk/tower-hill/ferroli-specialists,Tower Hill Ferroli Specialists | Same Day Service | Fixed Price Quote,text/html; charset=utf-8,false,200,0,0,"https://www.birminghamboilerrepairs.uk/Tower%20Hill/boiler-repairs
https://www.birminghamboilerrepairs.uk/Tower%20Hill/boiler-servicing
https://www.birminghamboilerrepairs.uk/Tower%20Hill/gas-safety","404
404
404",3,,,0
20,https://www.birminghamboilerrepairs.uk/chad-valley/boiler-servicing,Chad Valley Boiler Servicing | Same Day Service | Fixed Price Quote,text/html; charset=utf-8,false,200,0,0,"https://www.birminghamboilerrepairs.uk/Chad%20Valley/boiler-repairs
https://www.birminghamboilerrepairs.uk/Chad%20Valley/combination-boiler-repairs
https://www.birminghamboilerrepairs.uk/Chad%20Valley/gas-safety","404
404
404",3,,,0
20,https://www.birminghamboilerrepairs.uk/perry-common/biasi-specialists,Perry Common Biasi Specialists | Same Day Service | Fixed Price Quote,text/html; charset=utf-8,false,200,0,0,"https://www.birminghamboilerrepairs.uk/Perry%20Common/boiler-repairs
https://www.birminghamboilerrepairs.uk/Perry%20Common/boiler-servicing
https://www.birminghamboilerrepairs.uk/Perry%20Common/gas-safety","404
404
404",3,,,0
20,https://www.birminghamboilerrepairs.uk/selly-oak/baxi-specialists,Selly Oak Baxi Specialists | Same Day Service | Fixed Price Quote,text/html; charset=utf-8,false,200,0,0,"https://www.birminghamboilerrepairs.uk/Selly%20Oak/boiler-repairs
https://www.birminghamboilerrepairs.uk/Selly%20Oak/boiler-servicing
https://www.birminghamboilerrepairs.uk/Selly%20Oak/gas-safety","404
404
404",3,,,0
20,https://www.birminghamboilerrepairs.uk/turves-green/potterton-specialists,Turves Green Potterton Specialists | Same Day Service | Fixed Price Quote,text/html; charset=utf-8,false,200,0,0,"https://www.birminghamboilerrepairs.uk/Turves%20Green/boiler-repairs
https://www.birminghamboilerrepairs.uk/Turves%20Green/boiler-servicing
https://www.birminghamboilerrepairs.uk/Turves%20Green/gas-safety","404
404
404",3,,,0
20,https://www.birminghamboilerrepairs.uk/chad-valley/potterton-specialists,Chad Valley Potterton Specialists | Same Day Service | Fixed Price Quote,text/html; charset=utf-8,false,200,0,0,"https://www.birminghamboilerrepairs.uk/Chad%20Valley/boiler-repairs
https://www.birminghamboilerrepairs.uk/Chad%20Valley/boiler-servicing
https://www.birminghamboilerrepairs.uk/Chad%20Valley/gas-safety","404
404
404",3,,,0
20,https://www.birminghamboilerrepairs.uk/kings-norton/heatline-specialists,Kings Norton Heatline Specialists | Same Day Service | Fixed Price Quote,text/html; charset=utf-8,false,200,0,0,"https://www.birminghamboilerrepairs.uk/Kings%20Norton/boiler-repairs
https://www.birminghamboilerrepairs.uk/Kings%20Norton/boiler-servicing
https://www.birminghamboilerrepairs.uk/Kings%20Norton/gas-safety","404
404
404",3,,,0
20,https://www.birminghamboilerrepairs.uk/hodge-hill/alpha-boiler-specialists,Hodge Hill Alpha Specialists | Same Day Service | Fixed Price Quote,text/html; charset=utf-8,false,200,0,0,"https://www.birminghamboilerrepairs.uk/Hodge%20Hill/boiler-repairs
https://www.birminghamboilerrepairs.uk/Hodge%20Hill/boiler-servicing
https://www.birminghamboilerrepairs.uk/Hodge%20Hill/gas-safety","404
404
404",3,,,0
20,https://www.birminghamboilerrepairs.uk/gun-quarter/main-boiler-specialists,Gun Quarter Main Specialists | Same Day Service | Fixed Price Quote,text/html; charset=utf-8,false,200,0,0,"https://www.birminghamboilerrepairs.uk/Gun%20Quarter/boiler-repairs
https://www.birminghamboilerrepairs.uk/Gun%20Quarter/boiler-servicing
https://www.birminghamboilerrepairs.uk/Gun%20Quarter/gas-safety","404
404
404",3,,,0
20,https://www.birminghamboilerrepairs.uk/stockland-green/baxi-specialists,Stockland Green Baxi Specialists | Same Day Service | Fixed Price Quote,text/html; charset=utf-8,false,200,0,0,"https://www.birminghamboilerrepairs.uk/Stockland%20Green/boiler-repairs
https://www.birminghamboilerrepairs.uk/Stockland%20Green/boiler-servicing
https://www.birminghamboilerrepairs.uk/Stockland%20Green/gas-safety","404
404
404",3,,,0
20,https://www.birminghamboilerrepairs.uk/camp-hill/vaillant-specialists,Camp Hill Vaillant Specialists | Same Day Service | Fixed Price Quote,text/html; charset=utf-8,false,200,0,0,"https://www.birminghamboilerrepairs.uk/Camp%20Hill/boiler-repairs
https://www.birminghamboilerrepairs.uk/Camp%20Hill/boiler-servicing
https://www.birminghamboilerrepairs.uk/Camp%20Hill/gas-safety","404
404
404",3,,,0
20,https://www.birminghamboilerrepairs.uk/hall-green/worcester-bosch-specialists,Hall Green Worcester Bosch Specialists | Same Day Service | Fixed Price Quote,text/html; charset=utf-8,false,200,0,0,"https://www.birminghamboilerrepairs.uk/Hall%20Green/boiler-repairs
https://www.birminghamboilerrepairs.uk/Hall%20Green/boiler-servicing
https://www.birminghamboilerrepairs.uk/Hall%20Green/gas-safety","404
404
404",3,,,0
20,https://www.birminghamboilerrepairs.uk/garretts-green/combination-boiler-services,Garretts Green Combination Boiler Services | Same Day Service | Fixed Price Quote,text/html; charset=utf-8,false,200,0,0,"https://www.birminghamboilerrepairs.uk/Garretts%20Green/boiler-repairs
https://www.birminghamboilerrepairs.uk/Garretts%20Green/boiler-servicing
https://www.birminghamboilerrepairs.uk/Garretts%20Green/gas-safety","404
404
404",3,,,0
20,https://www.birminghamboilerrepairs.uk/hall-green/boiler-repairs,Hall Green Boiler Repairs | Same Day Service | Fixed Price Quote,text/html; charset=utf-8,false,200,0,0,"https://www.birminghamboilerrepairs.uk/Hall%20Green/boiler-servicing
https://www.birminghamboilerrepairs.uk/Hall%20Green/combination-boiler-repairs
https://www.birminghamboilerrepairs.uk/Hall%20Green/gas-safety","404
404
404",3,,,0
20,https://www.birminghamboilerrepairs.uk/hodge-hill/ferroli-specialists,Hodge Hill Ferroli Specialists | Same Day Service | Fixed Price Quote,text/html; charset=utf-8,false,200,0,0,"https://www.birminghamboilerrepairs.uk/Hodge%20Hill/boiler-repairs
https://www.birminghamboilerrepairs.uk/Hodge%20Hill/boiler-servicing
https://www.birminghamboilerrepairs.uk/Hodge%20Hill/gas-safety","404
404
404",3,,,0
20,https://www.birminghamboilerrepairs.uk/thimble-end/intergas-specialists,Thimble End Intergas Specialists | Same Day Service | Fixed Price Quote,text/html; charset=utf-8,false,200,0,0,"https://www.birminghamboilerrepairs.uk/Thimble%20End/boiler-repairs
https://www.birminghamboilerrepairs.uk/Thimble%20End/boiler-servicing
https://www.birminghamboilerrepairs.uk/Thimble%20End/gas-safety","404
404
404",3,,,0
20,https://www.birminghamboilerrepairs.uk/hay-mills/combination-boiler-repairs,Hay Mills Combination Boiler Repairs | Same Day Service | Fixed Price Quote,text/html; charset=utf-8,false,200,0,0,"https://www.birminghamboilerrepairs.uk/Hay%20Mills/boiler-repairs
https://www.birminghamboilerrepairs.uk/Hay%20Mills/boiler-servicing
https://www.birminghamboilerrepairs.uk/Hay%20Mills/gas-safety","404
404
404",3,,,0
20,https://www.birminghamboilerrepairs.uk/reddicap-heath/boiler-servicing,Reddicap Heath Boiler Servicing | Same Day Service | Fixed Price Quote,text/html; charset=utf-8,false,200,0,0,"https://www.birminghamboilerrepairs.uk/Reddicap%20Heath/boiler-repairs
https://www.birminghamboilerrepairs.uk/Reddicap%20Heath/combination-boiler-repairs
https://www.birminghamboilerrepairs.uk/Reddicap%20Heath/gas-safety","404
404
404",3,,,0
20,https://www.birminghamboilerrepairs.uk/perry-barr/vokera-specialists,Perry Barr Vokera Specialists | Same Day Service | Fixed Price Quote,text/html; charset=utf-8,false,200,0,0,"https://www.birminghamboilerrepairs.uk/Perry%20Barr/boiler-repairs
https://www.birminghamboilerrepairs.uk/Perry%20Barr/boiler-servicing
https://www.birminghamboilerrepairs.uk/Perry%20Barr/gas-safety","404
404
404",3,,,0
20,https://www.birminghamboilerrepairs.uk/perry-beeches/biasi-specialists,Perry Beeches Biasi Specialists | Same Day Service | Fixed Price Quote,text/html; charset=utf-8,false,200,0,0,"https://www.birminghamboilerrepairs.uk/Perry%20Beeches/boiler-repairs
https://www.birminghamboilerrepairs.uk/Perry%20Beeches/boiler-servicing
https://www.birminghamboilerrepairs.uk/Perry%20Beeches/gas-safety","404
404
404",3,,,0
20,https://www.birminghamboilerrepairs.uk/the-parade/ideal-boilers-specialists,The Parade Ideal Boilers Specialists | Same Day Service | Fixed Price Quote,text/html; charset=utf-8,false,200,0,0,"https://www.birminghamboilerrepairs.uk/The%20Parade/boiler-repairs
https://www.birminghamboilerrepairs.uk/The%20Parade/boiler-servicing
https://www.birminghamboilerrepairs.uk/The%20Parade/gas-safety","404
404
404",3,,,0
20,https://www.birminghamboilerrepairs.uk/west-heath/boiler-servicing,West Heath Boiler Servicing | Same Day Service | Fixed Price Quote,text/html; charset=utf-8,false,200,0,0,"https://www.birminghamboilerrepairs.uk/West%20Heath/boiler-repairs
https://www.birminghamboilerrepairs.uk/West%20Heath/combination-boiler-repairs
https://www.birminghamboilerrepairs.uk/West%20Heath/gas-safety","404
404
404",3,,,0
20,https://www.birminghamboilerrepairs.uk/great-barr/biasi-specialists,Great Barr Biasi Specialists | Same Day Service | Fixed Price Quote,text/html; charset=utf-8,false,200,0,0,"https://www.birminghamboilerrepairs.uk/Great%20Barr/boiler-repairs
https://www.birminghamboilerrepairs.uk/Great%20Barr/boiler-servicing
https://www.birminghamboilerrepairs.uk/Great%20Barr/gas-safety","404
404
404",3,,,0
20,https://www.birminghamboilerrepairs.uk/camp-hill/baxi-specialists,Camp Hill Baxi Specialists | Same Day Service | Fixed Price Quote,text/html; charset=utf-8,false,200,0,0,"https://www.birminghamboilerrepairs.uk/Camp%20Hill/boiler-repairs
https://www.birminghamboilerrepairs.uk/Camp%20Hill/boiler-servicing
https://www.birminghamboilerrepairs.uk/Camp%20Hill/gas-safety","404
404
404",3,,,0
20,https://www.birminghamboilerrepairs.uk/kings-norton/boiler-servicing,Kings Norton Boiler Servicing | Same Day Service | Fixed Price Quote,text/html; charset=utf-8,false,200,0,0,"https://www.birminghamboilerrepairs.uk/Kings%20Norton/boiler-repairs
https://www.birminghamboilerrepairs.uk/Kings%20Norton/combination-boiler-repairs
https://www.birminghamboilerrepairs.uk/Kings%20Norton/gas-safety","404
404
404",3,,,0
20,https://www.birminghamboilerrepairs.uk/sutton-coldfield/gas-safety,Sutton Coldfield Gas Safety Inspections | Same Day Service | Fixed Price Quote,text/html; charset=utf-8,false,200,0,0,"https://www.birminghamboilerrepairs.uk/Sutton%20Coldfield/boiler-repairs
https://www.birminghamboilerrepairs.uk/Sutton%20Coldfield/boiler-servicing
https://www.birminghamboilerrepairs.uk/Sutton%20Coldfield/combination-boiler-repairs","404
404
404",3,,,0
20,https://www.birminghamboilerrepairs.uk/perry-barr/worcester-bosch-specialists,Perry Barr Worcester Bosch Specialists | Same Day Service | Fixed Price Quote,text/html; charset=utf-8,false,200,0,0,"https://www.birminghamboilerrepairs.uk/Perry%20Barr/boiler-repairs
https://www.birminghamboilerrepairs.uk/Perry%20Barr/boiler-servicing
https://www.birminghamboilerrepairs.uk/Perry%20Barr/gas-safety","404
404
404",3,,,0
20,https://www.birminghamboilerrepairs.uk/camp-hill/worcester-bosch-specialists,Camp Hill Worcester Bosch Specialists | Same Day Service | Fixed Price Quote,text/html; charset=utf-8,false,200,0,0,"https://www.birminghamboilerrepairs.uk/Camp%20Hill/boiler-repairs
https://www.birminghamboilerrepairs.uk/Camp%20Hill/boiler-servicing
https://www.birminghamboilerrepairs.uk/Camp%20Hill/gas-safety","404
404
404",3,,,0
20,https://www.birminghamboilerrepairs.uk/the-parade/vaillant-specialists,The Parade Vaillant Specialists | Same Day Service | Fixed Price Quote,text/html; charset=utf-8,false,200,0,0,"https://www.birminghamboilerrepairs.uk/The%20Parade/boiler-repairs
https://www.birminghamboilerrepairs.uk/The%20Parade/boiler-servicing
https://www.birminghamboilerrepairs.uk/The%20Parade/gas-safety","404
404
404",3,,,0
20,https://www.birminghamboilerrepairs.uk/perry-beeches/baxi-specialists,Perry Beeches Baxi Specialists | Same Day Service | Fixed Price Quote,text/html; charset=utf-8,false,200,0,0,"https://www.birminghamboilerrepairs.uk/Perry%20Beeches/boiler-repairs
https://www.birminghamboilerrepairs.uk/Perry%20Beeches/boiler-servicing
https://www.birminghamboilerrepairs.uk/Perry%20Beeches/gas-safety","404
404
404",3,,,0
20,https://www.birminghamboilerrepairs.uk/the-parade/combination-boiler-services,The Parade Combination Boiler Services | Same Day Service | Fixed Price Quote,text/html; charset=utf-8,false,200,0,0,"https://www.birminghamboilerrepairs.uk/The%20Parade/boiler-repairs
https://www.birminghamboilerrepairs.uk/The%20Parade/boiler-servicing
https://www.birminghamboilerrepairs.uk/The%20Parade/gas-safety","404
404
404",3,,,0
20,https://www.birminghamboilerrepairs.uk/small-heath/intergas-specialists,Small Heath Intergas Specialists | Same Day Service | Fixed Price Quote,text/html; charset=utf-8,false,200,0,0,"https://www.birminghamboilerrepairs.uk/Small%20Heath/boiler-repairs
https://www.birminghamboilerrepairs.uk/Small%20Heath/boiler-servicing
https://www.birminghamboilerrepairs.uk/Small%20Heath/gas-safety","404
404
404",3,,,0
20,https://www.birminghamboilerrepairs.uk/south-yardley/baxi-specialists,South Yardley Baxi Specialists | Same Day Service | Fixed Price Quote,text/html; charset=utf-8,false,200,0,0,"https://www.birminghamboilerrepairs.uk/South%20Yardley/boiler-repairs
https://www.birminghamboilerrepairs.uk/South%20Yardley/boiler-servicing
https://www.birminghamboilerrepairs.uk/South%20Yardley/gas-safety","404
404
404",3,,,0
20,https://www.birminghamboilerrepairs.uk/gosta-green/vaillant-specialists,Gosta Green Vaillant Specialists | Same Day Service | Fixed Price Quote,text/html; charset=utf-8,false,200,0,0,"https://www.birminghamboilerrepairs.uk/Gosta%20Green/boiler-repairs
https://www.birminghamboilerrepairs.uk/Gosta%20Green/boiler-servicing
https://www.birminghamboilerrepairs.uk/Gosta%20Green/gas-safety","404
404
404",3,,,0
20,https://www.birminghamboilerrepairs.uk/yardley-wood/combination-boiler-repairs,Yardley Wood Combination Boiler Repairs | Same Day Service | Fixed Price Quote,text/html; charset=utf-8,false,200,0,0,"https://www.birminghamboilerrepairs.uk/Yardley%20Wood/boiler-repairs
https://www.birminghamboilerrepairs.uk/Yardley%20Wood/boiler-servicing
https://www.birminghamboilerrepairs.uk/Yardley%20Wood/gas-safety","404
404
404",3,,,0
20,https://www.birminghamboilerrepairs.uk/hay-mills/boiler-repairs,Hay Mills Boiler Repairs | Same Day Service | Fixed Price Quote,text/html; charset=utf-8,false,200,0,0,"https://www.birminghamboilerrepairs.uk/Hay%20Mills/boiler-servicing
https://www.birminghamboilerrepairs.uk/Hay%20Mills/combination-boiler-repairs
https://www.birminghamboilerrepairs.uk/Hay%20Mills/gas-safety","404
404
404",3,,,0
20,https://www.birminghamboilerrepairs.uk/gravelly-hill/alpha-boiler-specialists,Gravelly Hill Alpha Specialists | Same Day Service | Fixed Price Quote,text/html; charset=utf-8,false,200,0,0,"https://www.birminghamboilerrepairs.uk/Gravelly%20Hill/boiler-repairs
https://www.birminghamboilerrepairs.uk/Gravelly%20Hill/boiler-servicing
https://www.birminghamboilerrepairs.uk/Gravelly%20Hill/gas-safety","404
404
404",3,,,0
20,https://www.birminghamboilerrepairs.uk/showell-green/alpha-boiler-specialists,Showell Green Alpha Specialists | Same Day Service | Fixed Price Quote,text/html; charset=utf-8,false,200,0,0,"https://www.birminghamboilerrepairs.uk/Showell%20Green/boiler-repairs
https://www.birminghamboilerrepairs.uk/Showell%20Green/boiler-servicing
https://www.birminghamboilerrepairs.uk/Showell%20Green/gas-safety","404
404
404",3,,,0
20,https://www.birminghamboilerrepairs.uk/castle-vale/alpha-boiler-specialists,Castle Vale Alpha Specialists | Same Day Service | Fixed Price Quote,text/html; charset=utf-8,false,200,0,0,"https://www.birminghamboilerrepairs.uk/Castle%20Vale/boiler-repairs
https://www.birminghamboilerrepairs.uk/Castle%20Vale/boiler-servicing
https://www.birminghamboilerrepairs.uk/Castle%20Vale/gas-safety","404
404
404",3,,,0
20,https://www.birminghamboilerrepairs.uk/hodge-hill/heatline-specialists,Hodge Hill Heatline Specialists | Same Day Service | Fixed Price Quote,text/html; charset=utf-8,false,200,0,0,"https://www.birminghamboilerrepairs.uk/Hodge%20Hill/boiler-repairs
https://www.birminghamboilerrepairs.uk/Hodge%20Hill/boiler-servicing
https://www.birminghamboilerrepairs.uk/Hodge%20Hill/gas-safety","404
404
404",3,,,0
20,https://www.birminghamboilerrepairs.uk/stockland-green/alpha-boiler-specialists,Stockland Green Alpha Specialists | Same Day Service | Fixed Price Quote,text/html; charset=utf-8,false,200,0,0,"https://www.birminghamboilerrepairs.uk/Stockland%20Green/boiler-repairs
https://www.birminghamboilerrepairs.uk/Stockland%20Green/boiler-servicing
https://www.birminghamboilerrepairs.uk/Stockland%20Green/gas-safety","404
404
404",3,,,0
20,https://www.birminghamboilerrepairs.uk/castle-vale/biasi-specialists,Castle Vale Biasi Specialists | Same Day Service | Fixed Price Quote,text/html; charset=utf-8,false,200,0,0,"https://www.birminghamboilerrepairs.uk/Castle%20Vale/boiler-repairs
https://www.birminghamboilerrepairs.uk/Castle%20Vale/boiler-servicing
https://www.birminghamboilerrepairs.uk/Castle%20Vale/gas-safety","404
404
404",3,,,0
20,https://www.birminghamboilerrepairs.uk/grimstock-hill/potterton-specialists,Grimstock Hill Potterton Specialists | Same Day Service | Fixed Price Quote,text/html; charset=utf-8,false,200,0,0,"https://www.birminghamboilerrepairs.uk/Grimstock%20Hill/boiler-repairs
https://www.birminghamboilerrepairs.uk/Grimstock%20Hill/boiler-servicing
https://www.birminghamboilerrepairs.uk/Grimstock%20Hill/gas-safety","404
404
404",3,,,0
20,https://www.birminghamboilerrepairs.uk/old-oscott/ariston-specialists,Old Oscott Ariston Specialists | Same Day Service | Fixed Price Quote,text/html; charset=utf-8,false,200,0,0,"https://www.birminghamboilerrepairs.uk/Old%20Oscott/boiler-repairs
https://www.birminghamboilerrepairs.uk/Old%20Oscott/boiler-servicing
https://www.birminghamboilerrepairs.uk/Old%20Oscott/gas-safety","404
404
404",3,,,0
20,https://www.birminghamboilerrepairs.uk/selly-oak/worcester-bosch-specialists,Selly Oak Worcester Bosch Specialists | Same Day Service | Fixed Price Quote,text/html; charset=utf-8,false,200,0,0,"https://www.birminghamboilerrepairs.uk/Selly%20Oak/boiler-repairs
https://www.birminghamboilerrepairs.uk/Selly%20Oak/boiler-servicing
https://www.birminghamboilerrepairs.uk/Selly%20Oak/gas-safety","404
404
404",3,,,0
20,https://www.birminghamboilerrepairs.uk/falcon-lodge/vaillant-specialists,Falcon Lodge Vaillant Specialists | Same Day Service | Fixed Price Quote,text/html; charset=utf-8,false,200,0,0,"https://www.birminghamboilerrepairs.uk/Falcon%20Lodge/boiler-repairs
https://www.birminghamboilerrepairs.uk/Falcon%20Lodge/boiler-servicing
https://www.birminghamboilerrepairs.uk/Falcon%20Lodge/gas-safety","404
404
404",3,,,0
20,https://www.birminghamboilerrepairs.uk/tudor-hill/gas-safety,Tudor Hill Gas Safety Inspections | Same Day Service | Fixed Price Quote,text/html; charset=utf-8,false,200,0,0,"https://www.birminghamboilerrepairs.uk/Tudor%20Hill/boiler-repairs
https://www.birminghamboilerrepairs.uk/Tudor%20Hill/boiler-servicing
https://www.birminghamboilerrepairs.uk/Tudor%20Hill/combination-boiler-repairs","404
404
404",3,,,0
20,https://www.birminghamboilerrepairs.uk/showell-green/baxi-specialists,Showell Green Baxi Specialists | Same Day Service | Fixed Price Quote,text/html; charset=utf-8,false,200,0,0,"https://www.birminghamboilerrepairs.uk/Showell%20Green/boiler-repairs
https://www.birminghamboilerrepairs.uk/Showell%20Green/boiler-servicing
https://www.birminghamboilerrepairs.uk/Showell%20Green/gas-safety","404
404
404",3,,,0
20,https://www.birminghamboilerrepairs.uk/rotton-park/alpha-boiler-specialists,Rotton Park Alpha Specialists | Same Day Service | Fixed Price Quote,text/html; charset=utf-8,false,200,0,0,"https://www.birminghamboilerrepairs.uk/Rotton%20Park/boiler-repairs
https://www.birminghamboilerrepairs.uk/Rotton%20Park/boiler-servicing
https://www.birminghamboilerrepairs.uk/Rotton%20Park/gas-safety","404
404
404",3,,,0
20,https://www.birminghamboilerrepairs.uk/hay-mills/alpha-boiler-specialists,Hay Mills Alpha Specialists | Same Day Service | Fixed Price Quote,text/html; charset=utf-8,false,200,0,0,"https://www.birminghamboilerrepairs.uk/Hay%20Mills/boiler-repairs
https://www.birminghamboilerrepairs.uk/Hay%20Mills/boiler-servicing
https://www.birminghamboilerrepairs.uk/Hay%20Mills/gas-safety","404
404
404",3,,,0
20,https://www.birminghamboilerrepairs.uk/tower-hill/alpha-boiler-specialists,Tower Hill Alpha Specialists | Same Day Service | Fixed Price Quote,text/html; charset=utf-8,false,200,0,0,"https://www.birminghamboilerrepairs.uk/Tower%20Hill/boiler-repairs
https://www.birminghamboilerrepairs.uk/Tower%20Hill/boiler-servicing
https://www.birminghamboilerrepairs.uk/Tower%20Hill/gas-safety","404
404
404",3,,,0
20,https://www.birminghamboilerrepairs.uk/highters-heath/combination-boiler-services,Highters Heath Combination Boiler Services | Same Day Service | Fixed Price Quote,text/html; charset=utf-8,false,200,0,0,"https://www.birminghamboilerrepairs.uk/Highters%20Heath/boiler-repairs
https://www.birminghamboilerrepairs.uk/Highters%20Heath/boiler-servicing
https://www.birminghamboilerrepairs.uk/Highters%20Heath/gas-safety","404
404
404",3,,,0
20,https://www.birminghamboilerrepairs.uk/showell-green/ideal-boilers-specialists,Showell Green Ideal Boilers Specialists | Same Day Service | Fixed Price Quote,text/html; charset=utf-8,false,200,0,0,"https://www.birminghamboilerrepairs.uk/Showell%20Green/boiler-repairs
https://www.birminghamboilerrepairs.uk/Showell%20Green/boiler-servicing
https://www.birminghamboilerrepairs.uk/Showell%20Green/gas-safety","404
404
404",3,,,0
20,https://www.birminghamboilerrepairs.uk/pype-hayes/atag-specialists,Pype Hayes Atag Specialists | Same Day Service | Fixed Price Quote,text/html; charset=utf-8,false,200,0,0,"https://www.birminghamboilerrepairs.uk/Pype%20Hayes/boiler-repairs
https://www.birminghamboilerrepairs.uk/Pype%20Hayes/boiler-servicing
https://www.birminghamboilerrepairs.uk/Pype%20Hayes/gas-safety","404
404
404",3,,,0
20,https://www.birminghamboilerrepairs.uk/gun-quarter/potterton-specialists,Gun Quarter Potterton Specialists | Same Day Service | Fixed Price Quote,text/html; charset=utf-8,false,200,0,0,"https://www.birminghamboilerrepairs.uk/Gun%20Quarter/boiler-repairs
https://www.birminghamboilerrepairs.uk/Gun%20Quarter/boiler-servicing
https://www.birminghamboilerrepairs.uk/Gun%20Quarter/gas-safety","404
404
404",3,,,0
20,https://www.birminghamboilerrepairs.uk/great-barr/glowworm-specialists,Great Barr Glow-worm Specialists | Same Day Service | Fixed Price Quote,text/html; charset=utf-8,false,200,0,0,"https://www.birminghamboilerrepairs.uk/Great%20Barr/boiler-repairs
https://www.birminghamboilerrepairs.uk/Great%20Barr/boiler-servicing
https://www.birminghamboilerrepairs.uk/Great%20Barr/gas-safety","404
404
404",3,,,0
20,https://www.birminghamboilerrepairs.uk/gun-quarter/boiler-servicing,Gun Quarter Boiler Servicing | Same Day Service | Fixed Price Quote,text/html; charset=utf-8,false,200,0,0,"https://www.birminghamboilerrepairs.uk/Gun%20Quarter/boiler-repairs
https://www.birminghamboilerrepairs.uk/Gun%20Quarter/combination-boiler-repairs
https://www.birminghamboilerrepairs.uk/Gun%20Quarter/gas-safety","404
404
404",3,,,0
20,https://www.birminghamboilerrepairs.uk/selly-oak/biasi-specialists,Selly Oak Biasi Specialists | Same Day Service | Fixed Price Quote,text/html; charset=utf-8,false,200,0,0,"https://www.birminghamboilerrepairs.uk/Selly%20Oak/boiler-repairs
https://www.birminghamboilerrepairs.uk/Selly%20Oak/boiler-servicing
https://www.birminghamboilerrepairs.uk/Selly%20Oak/gas-safety","404
404
404",3,,,0
20,https://www.birminghamboilerrepairs.uk/high-heath/boiler-repairs,High Heath Boiler Repairs | Same Day Service | Fixed Price Quote,text/html; charset=utf-8,false,200,0,0,"https://www.birminghamboilerrepairs.uk/High%20Heath/boiler-servicing
https://www.birminghamboilerrepairs.uk/High%20Heath/combination-boiler-repairs
https://www.birminghamboilerrepairs.uk/High%20Heath/gas-safety","404
404
404",3,,,0
20,https://www.birminghamboilerrepairs.uk/yardley-wood/viessmann-specialists,Yardley Wood Viessmann Specialists | Same Day Service | Fixed Price Quote,text/html; charset=utf-8,false,200,0,0,"https://www.birminghamboilerrepairs.uk/Yardley%20Wood/boiler-repairs
https://www.birminghamboilerrepairs.uk/Yardley%20Wood/boiler-servicing
https://www.birminghamboilerrepairs.uk/Yardley%20Wood/gas-safety","404
404
404",3,,,0
20,https://www.birminghamboilerrepairs.uk/rowney-green/heatline-specialists,Rowney Green Heatline Specialists | Same Day Service | Fixed Price Quote,text/html; charset=utf-8,false,200,0,0,"https://www.birminghamboilerrepairs.uk/Rowney%20Green/boiler-repairs
https://www.birminghamboilerrepairs.uk/Rowney%20Green/boiler-servicing
https://www.birminghamboilerrepairs.uk/Rowney%20Green/gas-safety","404
404
404",3,,,0
20,https://www.birminghamboilerrepairs.uk/tudor-hill/atag-specialists,Tudor Hill Atag Specialists | Same Day Service | Fixed Price Quote,text/html; charset=utf-8,false,200,0,0,"https://www.birminghamboilerrepairs.uk/Tudor%20Hill/boiler-repairs
https://www.birminghamboilerrepairs.uk/Tudor%20Hill/boiler-servicing
https://www.birminghamboilerrepairs.uk/Tudor%20Hill/gas-safety","404
404
404",3,,,0
20,https://www.birminghamboilerrepairs.uk/castle-vale/vokera-specialists,Castle Vale Vokera Specialists | Same Day Service | Fixed Price Quote,text/html; charset=utf-8,false,200,0,0,"https://www.birminghamboilerrepairs.uk/Castle%20Vale/boiler-repairs
https://www.birminghamboilerrepairs.uk/Castle%20Vale/boiler-servicing
https://www.birminghamboilerrepairs.uk/Castle%20Vale/gas-safety","404
404
404",3,,,0
20,https://www.birminghamboilerrepairs.uk/chad-valley/biasi-specialists,Chad Valley Biasi Specialists | Same Day Service | Fixed Price Quote,text/html; charset=utf-8,false,200,0,0,"https://www.birminghamboilerrepairs.uk/Chad%20Valley/boiler-repairs
https://www.birminghamboilerrepairs.uk/Chad%20Valley/boiler-servicing
https://www.birminghamboilerrepairs.uk/Chad%20Valley/gas-safety","404
404
404",3,,,0
20,https://www.birminghamboilerrepairs.uk/the-parade/intergas-specialists,The Parade Intergas Specialists | Same Day Service | Fixed Price Quote,text/html; charset=utf-8,false,200,0,0,"https://www.birminghamboilerrepairs.uk/The%20Parade/boiler-repairs
https://www.birminghamboilerrepairs.uk/The%20Parade/boiler-servicing
https://www.birminghamboilerrepairs.uk/The%20Parade/gas-safety","404
404
404",3,,,0
20,https://www.birminghamboilerrepairs.uk/castle-vale/viessmann-specialists,Castle Vale Viessmann Specialists | Same Day Service | Fixed Price Quote,text/html; charset=utf-8,false,200,0,0,"https://www.birminghamboilerrepairs.uk/Castle%20Vale/boiler-repairs
https://www.birminghamboilerrepairs.uk/Castle%20Vale/boiler-servicing
https://www.birminghamboilerrepairs.uk/Castle%20Vale/gas-safety","404
404
404",3,,,0
20,https://www.birminghamboilerrepairs.uk/showell-green/intergas-specialists,Showell Green Intergas Specialists | Same Day Service | Fixed Price Quote,text/html; charset=utf-8,false,200,0,0,"https://www.birminghamboilerrepairs.uk/Showell%20Green/boiler-repairs
https://www.birminghamboilerrepairs.uk/Showell%20Green/boiler-servicing
https://www.birminghamboilerrepairs.uk/Showell%20Green/gas-safety","404
404
404",3,,,0
20,https://www.birminghamboilerrepairs.uk/aston-fields/intergas-specialists,Aston Fields Intergas Specialists | Same Day Service | Fixed Price Quote,text/html; charset=utf-8,false,200,0,0,"https://www.birminghamboilerrepairs.uk/Aston%20Fields/boiler-repairs
https://www.birminghamboilerrepairs.uk/Aston%20Fields/boiler-servicing
https://www.birminghamboilerrepairs.uk/Aston%20Fields/gas-safety","404
404
404",3,,,0
20,https://www.birminghamboilerrepairs.uk/small-heath/boiler-repairs,Small Heath Boiler Repairs | Same Day Service | Fixed Price Quote,text/html; charset=utf-8,false,200,0,0,"https://www.birminghamboilerrepairs.uk/Small%20Heath/boiler-servicing
https://www.birminghamboilerrepairs.uk/Small%20Heath/combination-boiler-repairs
https://www.birminghamboilerrepairs.uk/Small%20Heath/gas-safety","404
404
404",3,,,0
20,https://www.birminghamboilerrepairs.uk/highters-heath/viessmann-specialists,Highters Heath Viessmann Specialists | Same Day Service | Fixed Price Quote,text/html; charset=utf-8,false,200,0,0,"https://www.birminghamboilerrepairs.uk/Highters%20Heath/boiler-repairs
https://www.birminghamboilerrepairs.uk/Highters%20Heath/boiler-servicing
https://www.birminghamboilerrepairs.uk/Highters%20Heath/gas-safety","404
404
404",3,,,0
20,https://www.birminghamboilerrepairs.uk/fox-hollies/boiler-servicing,Fox Hollies Boiler Servicing | Same Day Service | Fixed Price Quote,text/html; charset=utf-8,false,200,0,0,"https://www.birminghamboilerrepairs.uk/Fox%20Hollies/boiler-repairs
https://www.birminghamboilerrepairs.uk/Fox%20Hollies/combination-boiler-repairs
https://www.birminghamboilerrepairs.uk/Fox%20Hollies/gas-safety","404
404
404",3,,,0
20,https://www.birminghamboilerrepairs.uk/weoley-castle/boiler-servicing,Weoley Castle Boiler Servicing | Same Day Service | Fixed Price Quote,text/html; charset=utf-8,false,200,0,0,"https://www.birminghamboilerrepairs.uk/Weoley%20Castle/boiler-repairs
https://www.birminghamboilerrepairs.uk/Weoley%20Castle/combination-boiler-repairs
https://www.birminghamboilerrepairs.uk/Weoley%20Castle/gas-safety","404
404
404",3,,,0
20,https://www.birminghamboilerrepairs.uk/selly-oak/vokera-specialists,Selly Oak Vokera Specialists | Same Day Service | Fixed Price Quote,text/html; charset=utf-8,false,200,0,0,"https://www.birminghamboilerrepairs.uk/Selly%20Oak/boiler-repairs
https://www.birminghamboilerrepairs.uk/Selly%20Oak/boiler-servicing
https://www.birminghamboilerrepairs.uk/Selly%20Oak/gas-safety","404
404
404",3,,,0
20,https://www.birminghamboilerrepairs.uk/highters-heath/combination-boiler-repairs,Highters Heath Combination Boiler Repairs | Same Day Service | Fixed Price Quote,text/html; charset=utf-8,false,200,0,0,"https://www.birminghamboilerrepairs.uk/Highters%20Heath/boiler-repairs
https://www.birminghamboilerrepairs.uk/Highters%20Heath/boiler-servicing
https://www.birminghamboilerrepairs.uk/Highters%20Heath/gas-safety","404
404
404",3,,,0
20,https://www.birminghamboilerrepairs.uk/tile-cross/glowworm-specialists,Tile Cross Glow-worm Specialists | Same Day Service | Fixed Price Quote,text/html; charset=utf-8,false,200,0,0,"https://www.birminghamboilerrepairs.uk/Tile%20Cross/boiler-repairs
https://www.birminghamboilerrepairs.uk/Tile%20Cross/boiler-servicing
https://www.birminghamboilerrepairs.uk/Tile%20Cross/gas-safety","404
404
404",3,,,0
20,https://www.birminghamboilerrepairs.uk/four-oaks/boiler-repairs,Four Oaks Boiler Repairs | Same Day Service | Fixed Price Quote,text/html; charset=utf-8,false,200,0,0,"https://www.birminghamboilerrepairs.uk/Four%20Oaks/boiler-servicing
https://www.birminghamboilerrepairs.uk/Four%20Oaks/combination-boiler-repairs
https://www.birminghamboilerrepairs.uk/Four%20Oaks/gas-safety","404
404
404",3,,,0
20,https://www.birminghamboilerrepairs.uk/highters-heath/alpha-boiler-specialists,Highters Heath Alpha Specialists | Same Day Service | Fixed Price Quote,text/html; charset=utf-8,false,200,0,0,"https://www.birminghamboilerrepairs.uk/Highters%20Heath/boiler-repairs
https://www.birminghamboilerrepairs.uk/Highters%20Heath/boiler-servicing
https://www.birminghamboilerrepairs.uk/Highters%20Heath/gas-safety","404
404
404",3,,,0
20,https://www.birminghamboilerrepairs.uk/pype-hayes/worcester-bosch-specialists,Pype Hayes Worcester Bosch Specialists | Same Day Service | Fixed Price Quote,text/html; charset=utf-8,false,200,0,0,"https://www.birminghamboilerrepairs.uk/Pype%20Hayes/boiler-repairs
https://www.birminghamboilerrepairs.uk/Pype%20Hayes/boiler-servicing
https://www.birminghamboilerrepairs.uk/Pype%20Hayes/gas-safety","404
404
404",3,,,0
20,https://www.birminghamboilerrepairs.uk/spring-vale/biasi-specialists,Spring Vale Biasi Specialists | Same Day Service | Fixed Price Quote,text/html; charset=utf-8,false,200,0,0,"https://www.birminghamboilerrepairs.uk/Spring%20Vale/boiler-repairs
https://www.birminghamboilerrepairs.uk/Spring%20Vale/boiler-servicing
https://www.birminghamboilerrepairs.uk/Spring%20Vale/gas-safety","404
404
404",3,,,0
20,https://www.birminghamboilerrepairs.uk/chad-valley/combination-boiler-services,Chad Valley Combination Boiler Services | Same Day Service | Fixed Price Quote,text/html; charset=utf-8,false,200,0,0,"https://www.birminghamboilerrepairs.uk/Chad%20Valley/boiler-repairs
https://www.birminghamboilerrepairs.uk/Chad%20Valley/boiler-servicing
https://www.birminghamboilerrepairs.uk/Chad%20Valley/gas-safety","404
404
404",3,,,0
20,https://www.birminghamboilerrepairs.uk/sutton-coldfield/biasi-specialists,Sutton Coldfield Biasi Specialists | Same Day Service | Fixed Price Quote,text/html; charset=utf-8,false,200,0,0,"https://www.birminghamboilerrepairs.uk/Sutton%20Coldfield/boiler-repairs
https://www.birminghamboilerrepairs.uk/Sutton%20Coldfield/boiler-servicing
https://www.birminghamboilerrepairs.uk/Sutton%20Coldfield/gas-safety","404
404
404",3,,,0
20,https://www.birminghamboilerrepairs.uk/handsworth-wood/boiler-servicing,Handsworth Wood Boiler Servicing | Same Day Service | Fixed Price Quote,text/html; charset=utf-8,false,200,0,0,"https://www.birminghamboilerrepairs.uk/Handsworth%20Wood/boiler-repairs
https://www.birminghamboilerrepairs.uk/Handsworth%20Wood/combination-boiler-repairs
https://www.birminghamboilerrepairs.uk/Handsworth%20Wood/gas-safety","404
404
404",3,,,0
20,https://www.birminghamboilerrepairs.uk/rotton-park/boiler-repairs,Rotton Park Boiler Repairs | Same Day Service | Fixed Price Quote,text/html; charset=utf-8,false,200,0,0,"https://www.birminghamboilerrepairs.uk/Rotton%20Park/boiler-servicing
https://www.birminghamboilerrepairs.uk/Rotton%20Park/combination-boiler-repairs
https://www.birminghamboilerrepairs.uk/Rotton%20Park/gas-safety","404
404
404",3,,,0
20,https://www.birminghamboilerrepairs.uk/west-midlands/combination-boiler-services,West Midlands Combination Boiler Services | Same Day Service | Fixed Price Quote,text/html; charset=utf-8,false,200,0,0,"https://www.birminghamboilerrepairs.uk/West%20Midlands/boiler-repairs
https://www.birminghamboilerrepairs.uk/West%20Midlands/boiler-servicing
https://www.birminghamboilerrepairs.uk/West%20Midlands/gas-safety","404
404
404",3,,,0
20,https://www.birminghamboilerrepairs.uk/hay-mills/viessmann-specialists,Hay Mills Viessmann Specialists | Same Day Service | Fixed Price Quote,text/html; charset=utf-8,false,200,0,0,"https://www.birminghamboilerrepairs.uk/Hay%20Mills/boiler-repairs
https://www.birminghamboilerrepairs.uk/Hay%20Mills/boiler-servicing
https://www.birminghamboilerrepairs.uk/Hay%20Mills/gas-safety","404
404
404",3,,,0
20,https://www.birminghamboilerrepairs.uk/showell-green/viessmann-specialists,Showell Green Viessmann Specialists | Same Day Service | Fixed Price Quote,text/html; charset=utf-8,false,200,0,0,"https://www.birminghamboilerrepairs.uk/Showell%20Green/boiler-repairs
https://www.birminghamboilerrepairs.uk/Showell%20Green/boiler-servicing
https://www.birminghamboilerrepairs.uk/Showell%20Green/gas-safety","404
404
404",3,,,0
20,https://www.birminghamboilerrepairs.uk/reddicap-heath/atag-specialists,Reddicap Heath Atag Specialists | Same Day Service | Fixed Price Quote,text/html; charset=utf-8,false,200,0,0,"https://www.birminghamboilerrepairs.uk/Reddicap%20Heath/boiler-repairs
https://www.birminghamboilerrepairs.uk/Reddicap%20Heath/boiler-servicing
https://www.birminghamboilerrepairs.uk/Reddicap%20Heath/gas-safety","404
404
404",3,,,0
20,https://www.birminghamboilerrepairs.uk/tile-cross/biasi-specialists,Tile Cross Biasi Specialists | Same Day Service | Fixed Price Quote,text/html; charset=utf-8,false,200,0,0,"https://www.birminghamboilerrepairs.uk/Tile%20Cross/boiler-repairs
https://www.birminghamboilerrepairs.uk/Tile%20Cross/boiler-servicing
https://www.birminghamboilerrepairs.uk/Tile%20Cross/gas-safety","404
404
404",3,,,0
20,https://www.birminghamboilerrepairs.uk/tower-hill/main-boiler-specialists,Tower Hill Main Specialists | Same Day Service | Fixed Price Quote,text/html; charset=utf-8,false,200,0,0,"https://www.birminghamboilerrepairs.uk/Tower%20Hill/boiler-repairs
https://www.birminghamboilerrepairs.uk/Tower%20Hill/boiler-servicing
https://www.birminghamboilerrepairs.uk/Tower%20Hill/gas-safety","404
404
404",3,,,0
20,https://www.birminghamboilerrepairs.uk/aston-fields/vaillant-specialists,Aston Fields Vaillant Specialists | Same Day Service | Fixed Price Quote,text/html; charset=utf-8,false,200,0,0,"https://www.birminghamboilerrepairs.uk/Aston%20Fields/boiler-repairs
https://www.birminghamboilerrepairs.uk/Aston%20Fields/boiler-servicing
https://www.birminghamboilerrepairs.uk/Aston%20Fields/gas-safety","404
404
404",3,,,0
20,https://www.birminghamboilerrepairs.uk/buckland-end/heatline-specialists,Buckland End Heatline Specialists | Same Day Service | Fixed Price Quote,text/html; charset=utf-8,false,200,0,0,"https://www.birminghamboilerrepairs.uk/Buckland%20End/boiler-repairs
https://www.birminghamboilerrepairs.uk/Buckland%20End/boiler-servicing
https://www.birminghamboilerrepairs.uk/Buckland%20End/gas-safety","404
404
404",3,,,0
20,https://www.birminghamboilerrepairs.uk/astwood-bank/combination-boiler-services,Astwood Bank Combination Boiler Services | Same Day Service | Fixed Price Quote,text/html; charset=utf-8,false,200,0,0,"https://www.birminghamboilerrepairs.uk/Astwood%20Bank/boiler-repairs
https://www.birminghamboilerrepairs.uk/Astwood%20Bank/boiler-servicing
https://www.birminghamboilerrepairs.uk/Astwood%20Bank/gas-safety","404
404
404",3,,,0
20,https://www.birminghamboilerrepairs.uk/browns-green/worcester-bosch-specialists,Browns Green Worcester Bosch Specialists | Same Day Service | Fixed Price Quote,text/html; charset=utf-8,false,200,0,0,"https://www.birminghamboilerrepairs.uk/Browns%20Green/boiler-repairs
https://www.birminghamboilerrepairs.uk/Browns%20Green/boiler-servicing
https://www.birminghamboilerrepairs.uk/Browns%20Green/gas-safety","404
404
404",3,,,0
20,https://www.birminghamboilerrepairs.uk/kings-heath/boiler-repairs,Kings Heath Boiler Repairs | Same Day Service | Fixed Price Quote,text/html; charset=utf-8,false,200,0,0,"https://www.birminghamboilerrepairs.uk/Kings%20Heath/boiler-servicing
https://www.birminghamboilerrepairs.uk/Kings%20Heath/combination-boiler-repairs
https://www.birminghamboilerrepairs.uk/Kings%20Heath/gas-safety","404
404
404",3,,,0
20,https://www.birminghamboilerrepairs.uk/selly-oak/viessmann-specialists,Selly Oak Viessmann Specialists | Same Day Service | Fixed Price Quote,text/html; charset=utf-8,false,200,0,0,"https://www.birminghamboilerrepairs.uk/Selly%20Oak/boiler-repairs
https://www.birminghamboilerrepairs.uk/Selly%20Oak/boiler-servicing
https://www.birminghamboilerrepairs.uk/Selly%20Oak/gas-safety","404
404
404",3,,,0
20,https://www.birminghamboilerrepairs.uk/showell-green/vaillant-specialists,Showell Green Vaillant Specialists | Same Day Service | Fixed Price Quote,text/html; charset=utf-8,false,200,0,0,"https://www.birminghamboilerrepairs.uk/Showell%20Green/boiler-repairs
https://www.birminghamboilerrepairs.uk/Showell%20Green/boiler-servicing
https://www.birminghamboilerrepairs.uk/Showell%20Green/gas-safety","404
404
404",3,,,0
20,https://www.birminghamboilerrepairs.uk/gospel-oak/vokera-specialists,Gospel Oak Vokera Specialists | Same Day Service | Fixed Price Quote,text/html; charset=utf-8,false,200,0,0,"https://www.birminghamboilerrepairs.uk/Gospel%20Oak/boiler-repairs
https://www.birminghamboilerrepairs.uk/Gospel%20Oak/boiler-servicing
https://www.birminghamboilerrepairs.uk/Gospel%20Oak/gas-safety","404
404
404",3,,,0
20,https://www.birminghamboilerrepairs.uk/buckland-end/alpha-boiler-specialists,Buckland End Alpha Specialists | Same Day Service | Fixed Price Quote,text/html; charset=utf-8,false,200,0,0,"https://www.birminghamboilerrepairs.uk/Buckland%20End/boiler-repairs
https://www.birminghamboilerrepairs.uk/Buckland%20End/boiler-servicing
https://www.birminghamboilerrepairs.uk/Buckland%20End/gas-safety","404
404
404",3,,,0
20,https://www.birminghamboilerrepairs.uk/gosta-green/main-boiler-specialists,Gosta Green Main Specialists | Same Day Service | Fixed Price Quote,text/html; charset=utf-8,false,200,0,0,"https://www.birminghamboilerrepairs.uk/Gosta%20Green/boiler-repairs
https://www.birminghamboilerrepairs.uk/Gosta%20Green/boiler-servicing
https://www.birminghamboilerrepairs.uk/Gosta%20Green/gas-safety","404
404
404",3,,,0
20,https://www.birminghamboilerrepairs.uk/cradley-heath/potterton-specialists,Cradley Heath Potterton Specialists | Same Day Service | Fixed Price Quote,text/html; charset=utf-8,false,200,0,0,"https://www.birminghamboilerrepairs.uk/Cradley%20Heath/boiler-repairs
https://www.birminghamboilerrepairs.uk/Cradley%20Heath/boiler-servicing
https://www.birminghamboilerrepairs.uk/Cradley%20Heath/gas-safety","404
404
404",3,,,0
20,https://www.birminghamboilerrepairs.uk/small-heath/atag-specialists,Small Heath Atag Specialists | Same Day Service | Fixed Price Quote,text/html; charset=utf-8,false,200,0,0,"https://www.birminghamboilerrepairs.uk/Small%20Heath/boiler-repairs
https://www.birminghamboilerrepairs.uk/Small%20Heath/boiler-servicing
https://www.birminghamboilerrepairs.uk/Small%20Heath/gas-safety","404
404
404",3,,,0
20,https://www.birminghamboilerrepairs.uk/gospel-oak/biasi-specialists,Gospel Oak Biasi Specialists | Same Day Service | Fixed Price Quote,text/html; charset=utf-8,false,200,0,0,"https://www.birminghamboilerrepairs.uk/Gospel%20Oak/boiler-repairs
https://www.birminghamboilerrepairs.uk/Gospel%20Oak/boiler-servicing
https://www.birminghamboilerrepairs.uk/Gospel%20Oak/gas-safety","404
404
404",3,,,0
20,https://www.birminghamboilerrepairs.uk/gib-heath/atag-specialists,Gib Heath Atag Specialists | Same Day Service | Fixed Price Quote,text/html; charset=utf-8,false,200,0,0,"https://www.birminghamboilerrepairs.uk/Gib%20Heath/boiler-repairs
https://www.birminghamboilerrepairs.uk/Gib%20Heath/boiler-servicing
https://www.birminghamboilerrepairs.uk/Gib%20Heath/gas-safety","404
404
404",3,,,0
20,https://www.birminghamboilerrepairs.uk/highters-heath/boiler-servicing,Highters Heath Boiler Servicing | Same Day Service | Fixed Price Quote,text/html; charset=utf-8,false,200,0,0,"https://www.birminghamboilerrepairs.uk/Highters%20Heath/boiler-repairs
https://www.birminghamboilerrepairs.uk/Highters%20Heath/combination-boiler-repairs
https://www.birminghamboilerrepairs.uk/Highters%20Heath/gas-safety","404
404
404",3,,,0
20,https://www.birminghamboilerrepairs.uk/kings-norton/atag-specialists,Kings Norton Atag Specialists | Same Day Service | Fixed Price Quote,text/html; charset=utf-8,false,200,0,0,"https://www.birminghamboilerrepairs.uk/Kings%20Norton/boiler-repairs
https://www.birminghamboilerrepairs.uk/Kings%20Norton/boiler-servicing
https://www.birminghamboilerrepairs.uk/Kings%20Norton/gas-safety","404
404
404",3,,,0
20,https://www.birminghamboilerrepairs.uk/perry-beeches/heatline-specialists,Perry Beeches Heatline Specialists | Same Day Service | Fixed Price Quote,text/html; charset=utf-8,false,200,0,0,"https://www.birminghamboilerrepairs.uk/Perry%20Beeches/boiler-repairs
https://www.birminghamboilerrepairs.uk/Perry%20Beeches/boiler-servicing
https://www.birminghamboilerrepairs.uk/Perry%20Beeches/gas-safety","404
404
404",3,,,0
20,https://www.birminghamboilerrepairs.uk/south-yardley/boiler-repairs,South Yardley Boiler Repairs | Same Day Service | Fixed Price Quote,text/html; charset=utf-8,false,200,0,0,"https://www.birminghamboilerrepairs.uk/South%20Yardley/boiler-servicing
https://www.birminghamboilerrepairs.uk/South%20Yardley/combination-boiler-repairs
https://www.birminghamboilerrepairs.uk/South%20Yardley/gas-safety","404
404
404",3,,,0
20,https://www.birminghamboilerrepairs.uk/highters-heath/boiler-repairs,Highters Heath Boiler Repairs | Same Day Service | Fixed Price Quote,text/html; charset=utf-8,false,200,0,0,"https://www.birminghamboilerrepairs.uk/Highters%20Heath/boiler-servicing
https://www.birminghamboilerrepairs.uk/Highters%20Heath/combination-boiler-repairs
https://www.birminghamboilerrepairs.uk/Highters%20Heath/gas-safety","404
404
404",3,,,0
20,https://www.birminghamboilerrepairs.uk/rowley-regis/combination-boiler-services,Rowley Regis Combination Boiler Services | Same Day Service | Fixed Price Quote,text/html; charset=utf-8,false,200,0,0,"https://www.birminghamboilerrepairs.uk/Rowley%20Regis/boiler-repairs
https://www.birminghamboilerrepairs.uk/Rowley%20Regis/boiler-servicing
https://www.birminghamboilerrepairs.uk/Rowley%20Regis/gas-safety","404
404
404",3,,,0
20,https://www.birminghamboilerrepairs.uk/kings-heath/ideal-boilers-specialists,Kings Heath Ideal Boilers Specialists | Same Day Service | Fixed Price Quote,text/html; charset=utf-8,false,200,0,0,"https://www.birminghamboilerrepairs.uk/Kings%20Heath/boiler-repairs
https://www.birminghamboilerrepairs.uk/Kings%20Heath/boiler-servicing
https://www.birminghamboilerrepairs.uk/Kings%20Heath/gas-safety","404
404
404",3,,,0
20,https://www.birminghamboilerrepairs.uk/chad-valley/worcester-bosch-specialists,Chad Valley Worcester Bosch Specialists | Same Day Service | Fixed Price Quote,text/html; charset=utf-8,false,200,0,0,"https://www.birminghamboilerrepairs.uk/Chad%20Valley/boiler-repairs
https://www.birminghamboilerrepairs.uk/Chad%20Valley/boiler-servicing
https://www.birminghamboilerrepairs.uk/Chad%20Valley/gas-safety","404
404
404",3,,,0
20,https://www.birminghamboilerrepairs.uk/selly-oak/ideal-boilers-specialists,Selly Oak Ideal Boilers Specialists | Same Day Service | Fixed Price Quote,text/html; charset=utf-8,false,200,0,0,"https://www.birminghamboilerrepairs.uk/Selly%20Oak/boiler-repairs
https://www.birminghamboilerrepairs.uk/Selly%20Oak/boiler-servicing
https://www.birminghamboilerrepairs.uk/Selly%20Oak/gas-safety","404
404
404",3,,,0
20,https://www.birminghamboilerrepairs.uk/gosta-green/vokera-specialists,Gosta Green Vokera Specialists | Same Day Service | Fixed Price Quote,text/html; charset=utf-8,false,200,0,0,"https://www.birminghamboilerrepairs.uk/Gosta%20Green/boiler-repairs
https://www.birminghamboilerrepairs.uk/Gosta%20Green/boiler-servicing
https://www.birminghamboilerrepairs.uk/Gosta%20Green/gas-safety","404
404
404",3,,,0
20,https://www.birminghamboilerrepairs.uk/tudor-hill/ideal-boilers-specialists,Tudor Hill Ideal Boilers Specialists | Same Day Service | Fixed Price Quote,text/html; charset=utf-8,false,200,0,0,"https://www.birminghamboilerrepairs.uk/Tudor%20Hill/boiler-repairs
https://www.birminghamboilerrepairs.uk/Tudor%20Hill/boiler-servicing
https://www.birminghamboilerrepairs.uk/Tudor%20Hill/gas-safety","404
404
404",3,,,0
20,https://www.birminghamboilerrepairs.uk/reddicap-heath/baxi-specialists,Reddicap Heath Baxi Specialists | Same Day Service | Fixed Price Quote,text/html; charset=utf-8,false,200,0,0,"https://www.birminghamboilerrepairs.uk/Reddicap%20Heath/boiler-repairs
https://www.birminghamboilerrepairs.uk/Reddicap%20Heath/boiler-servicing
https://www.birminghamboilerrepairs.uk/Reddicap%20Heath/gas-safety","404
404
404",3,,,0
20,https://www.birminghamboilerrepairs.uk/aston-fields/ideal-boilers-specialists,Aston Fields Ideal Boilers Specialists | Same Day Service | Fixed Price Quote,text/html; charset=utf-8,false,200,0,0,"https://www.birminghamboilerrepairs.uk/Aston%20Fields/boiler-repairs
https://www.birminghamboilerrepairs.uk/Aston%20Fields/boiler-servicing
https://www.birminghamboilerrepairs.uk/Aston%20Fields/gas-safety","404
404
404",3,,,0
20,https://www.birminghamboilerrepairs.uk/west-heath/gas-safety,West Heath Gas Safety Inspections | Same Day Service | Fixed Price Quote,text/html; charset=utf-8,false,200,0,0,"https://www.birminghamboilerrepairs.uk/West%20Heath/boiler-repairs
https://www.birminghamboilerrepairs.uk/West%20Heath/boiler-servicing
https://www.birminghamboilerrepairs.uk/West%20Heath/combination-boiler-repairs","404
404
404",3,,,0
20,https://www.birminghamboilerrepairs.uk/birches-green/potterton-specialists,Birches Green Potterton Specialists | Same Day Service | Fixed Price Quote,text/html; charset=utf-8,false,200,0,0,"https://www.birminghamboilerrepairs.uk/Birches%20Green/boiler-repairs
https://www.birminghamboilerrepairs.uk/Birches%20Green/boiler-servicing
https://www.birminghamboilerrepairs.uk/Birches%20Green/gas-safety","404
404
404",3,,,0
20,https://www.birminghamboilerrepairs.uk/gun-quarter/biasi-specialists,Gun Quarter Biasi Specialists | Same Day Service | Fixed Price Quote,text/html; charset=utf-8,false,200,0,0,"https://www.birminghamboilerrepairs.uk/Gun%20Quarter/boiler-repairs
https://www.birminghamboilerrepairs.uk/Gun%20Quarter/boiler-servicing
https://www.birminghamboilerrepairs.uk/Gun%20Quarter/gas-safety","404
404
404",3,,,0
20,https://www.birminghamboilerrepairs.uk/west-bromwich/atag-specialists,West Bromwich Atag Specialists | Same Day Service | Fixed Price Quote,text/html; charset=utf-8,false,200,0,0,"https://www.birminghamboilerrepairs.uk/West%20Bromwich/boiler-repairs
https://www.birminghamboilerrepairs.uk/West%20Bromwich/boiler-servicing
https://www.birminghamboilerrepairs.uk/West%20Bromwich/gas-safety","404
404
404",3,,,0
20,https://www.birminghamboilerrepairs.uk/perry-common/ariston-specialists,Perry Common Ariston Specialists | Same Day Service | Fixed Price Quote,text/html; charset=utf-8,false,200,0,0,"https://www.birminghamboilerrepairs.uk/Perry%20Common/boiler-repairs
https://www.birminghamboilerrepairs.uk/Perry%20Common/boiler-servicing
https://www.birminghamboilerrepairs.uk/Perry%20Common/gas-safety","404
404
404",3,,,0
20,https://www.birminghamboilerrepairs.uk/reddicap-heath/ideal-boilers-specialists,Reddicap Heath Ideal Boilers Specialists | Same Day Service | Fixed Price Quote,text/html; charset=utf-8,false,200,0,0,"https://www.birminghamboilerrepairs.uk/Reddicap%20Heath/boiler-repairs
https://www.birminghamboilerrepairs.uk/Reddicap%20Heath/boiler-servicing
https://www.birminghamboilerrepairs.uk/Reddicap%20Heath/gas-safety","404
404
404",3,,,0
20,https://www.birminghamboilerrepairs.uk/gravelly-hill/atag-specialists,Gravelly Hill Atag Specialists | Same Day Service | Fixed Price Quote,text/html; charset=utf-8,false,200,0,0,"https://www.birminghamboilerrepairs.uk/Gravelly%20Hill/boiler-repairs
https://www.birminghamboilerrepairs.uk/Gravelly%20Hill/boiler-servicing
https://www.birminghamboilerrepairs.uk/Gravelly%20Hill/gas-safety","404
404
404",3,,,0
20,https://www.birminghamboilerrepairs.uk/perry-barr/combination-boiler-repairs,Perry Barr Combination Boiler Repairs | Same Day Service | Fixed Price Quote,text/html; charset=utf-8,false,200,0,0,"https://www.birminghamboilerrepairs.uk/Perry%20Barr/boiler-repairs
https://www.birminghamboilerrepairs.uk/Perry%20Barr/boiler-servicing
https://www.birminghamboilerrepairs.uk/Perry%20Barr/gas-safety","404
404
404",3,,,0
20,https://www.birminghamboilerrepairs.uk/gib-heath/ideal-boilers-specialists,Gib Heath Ideal Boilers Specialists | Same Day Service | Fixed Price Quote,text/html; charset=utf-8,false,200,0,0,"https://www.birminghamboilerrepairs.uk/Gib%20Heath/boiler-repairs
https://www.birminghamboilerrepairs.uk/Gib%20Heath/boiler-servicing
https://www.birminghamboilerrepairs.uk/Gib%20Heath/gas-safety","404
404
404",3,,,0
20,https://www.birminghamboilerrepairs.uk/astwood-bank/main-boiler-specialists,Astwood Bank Main Specialists | Same Day Service | Fixed Price Quote,text/html; charset=utf-8,false,200,0,0,"https://www.birminghamboilerrepairs.uk/Astwood%20Bank/boiler-repairs
https://www.birminghamboilerrepairs.uk/Astwood%20Bank/boiler-servicing
https://www.birminghamboilerrepairs.uk/Astwood%20Bank/gas-safety","404
404
404",3,,,0
20,https://www.birminghamboilerrepairs.uk/perry-barr/combination-boiler-services,Perry Barr Combination Boiler Services | Same Day Service | Fixed Price Quote,text/html; charset=utf-8,false,200,0,0,"https://www.birminghamboilerrepairs.uk/Perry%20Barr/boiler-repairs
https://www.birminghamboilerrepairs.uk/Perry%20Barr/boiler-servicing
https://www.birminghamboilerrepairs.uk/Perry%20Barr/gas-safety","404
404
404",3,,,0
20,https://www.birminghamboilerrepairs.uk/hodge-hill/vokera-specialists,Hodge Hill Vokera Specialists | Same Day Service | Fixed Price Quote,text/html; charset=utf-8,false,200,0,0,"https://www.birminghamboilerrepairs.uk/Hodge%20Hill/boiler-repairs
https://www.birminghamboilerrepairs.uk/Hodge%20Hill/boiler-servicing
https://www.birminghamboilerrepairs.uk/Hodge%20Hill/gas-safety","404
404
404",3,,,0
20,https://www.birminghamboilerrepairs.uk/kings-norton/alpha-boiler-specialists,Kings Norton Alpha Specialists | Same Day Service | Fixed Price Quote,text/html; charset=utf-8,false,200,0,0,"https://www.birminghamboilerrepairs.uk/Kings%20Norton/boiler-repairs
https://www.birminghamboilerrepairs.uk/Kings%20Norton/boiler-servicing
https://www.birminghamboilerrepairs.uk/Kings%20Norton/gas-safety","404
404
404",3,,,0
20,https://www.birminghamboilerrepairs.uk/harts-green/boiler-servicing,Harts Green Boiler Servicing | Same Day Service | Fixed Price Quote,text/html; charset=utf-8,false,200,0,0,"https://www.birminghamboilerrepairs.uk/Harts%20Green/boiler-repairs
https://www.birminghamboilerrepairs.uk/Harts%20Green/combination-boiler-repairs
https://www.birminghamboilerrepairs.uk/Harts%20Green/gas-safety","404
404
404",3,,,0
20,https://www.birminghamboilerrepairs.uk/south-woodgate/vokera-specialists,South Woodgate Vokera Specialists | Same Day Service | Fixed Price Quote,text/html; charset=utf-8,false,200,0,0,"https://www.birminghamboilerrepairs.uk/South%20Woodgate/boiler-repairs
https://www.birminghamboilerrepairs.uk/South%20Woodgate/boiler-servicing
https://www.birminghamboilerrepairs.uk/South%20Woodgate/gas-safety","404
404
404",3,,,0
20,https://www.birminghamboilerrepairs.uk/over-green/boiler-repairs,Over Green Boiler Repairs | Same Day Service | Fixed Price Quote,text/html; charset=utf-8,false,200,0,0,"https://www.birminghamboilerrepairs.uk/Over%20Green/boiler-servicing
https://www.birminghamboilerrepairs.uk/Over%20Green/combination-boiler-repairs
https://www.birminghamboilerrepairs.uk/Over%20Green/gas-safety","404
404
404",3,,,0
20,https://www.birminghamboilerrepairs.uk/shenley-green/baxi-specialists,Shenley Green Baxi Specialists | Same Day Service | Fixed Price Quote,text/html; charset=utf-8,false,200,0,0,"https://www.birminghamboilerrepairs.uk/Shenley%20Green/boiler-repairs
https://www.birminghamboilerrepairs.uk/Shenley%20Green/boiler-servicing
https://www.birminghamboilerrepairs.uk/Shenley%20Green/gas-safety","404
404
404",3,,,0
20,https://www.birminghamboilerrepairs.uk/kings-norton/baxi-specialists,Kings Norton Baxi Specialists | Same Day Service | Fixed Price Quote,text/html; charset=utf-8,false,200,0,0,"https://www.birminghamboilerrepairs.uk/Kings%20Norton/boiler-repairs
https://www.birminghamboilerrepairs.uk/Kings%20Norton/boiler-servicing
https://www.birminghamboilerrepairs.uk/Kings%20Norton/gas-safety","404
404
404",3,,,0
20,https://www.birminghamboilerrepairs.uk/beech-lanes/combination-boiler-services,Beech Lanes Combination Boiler Services | Same Day Service | Fixed Price Quote,text/html; charset=utf-8,false,200,0,0,"https://www.birminghamboilerrepairs.uk/Beech%20Lanes/boiler-repairs
https://www.birminghamboilerrepairs.uk/Beech%20Lanes/boiler-servicing
https://www.birminghamboilerrepairs.uk/Beech%20Lanes/gas-safety","404
404
404",3,,,0
20,https://www.birminghamboilerrepairs.uk/four-oaks/baxi-specialists,Four Oaks Baxi Specialists | Same Day Service | Fixed Price Quote,text/html; charset=utf-8,false,200,0,0,"https://www.birminghamboilerrepairs.uk/Four%20Oaks/boiler-repairs
https://www.birminghamboilerrepairs.uk/Four%20Oaks/boiler-servicing
https://www.birminghamboilerrepairs.uk/Four%20Oaks/gas-safety","404
404
404",3,,,0
20,https://www.birminghamboilerrepairs.uk/camp-hill/boiler-servicing,Camp Hill Boiler Servicing | Same Day Service | Fixed Price Quote,text/html; charset=utf-8,false,200,0,0,"https://www.birminghamboilerrepairs.uk/Camp%20Hill/boiler-repairs
https://www.birminghamboilerrepairs.uk/Camp%20Hill/combination-boiler-repairs
https://www.birminghamboilerrepairs.uk/Camp%20Hill/gas-safety","404
404
404",3,,,0
20,https://www.birminghamboilerrepairs.uk/showell-green/boiler-repairs,Showell Green Boiler Repairs | Same Day Service | Fixed Price Quote,text/html; charset=utf-8,false,200,0,0,"https://www.birminghamboilerrepairs.uk/Showell%20Green/boiler-servicing
https://www.birminghamboilerrepairs.uk/Showell%20Green/combination-boiler-repairs
https://www.birminghamboilerrepairs.uk/Showell%20Green/gas-safety","404
404
404",3,,,0
20,https://www.birminghamboilerrepairs.uk/high-heath/viessmann-specialists,High Heath Viessmann Specialists | Same Day Service | Fixed Price Quote,text/html; charset=utf-8,false,200,0,0,"https://www.birminghamboilerrepairs.uk/High%20Heath/boiler-repairs
https://www.birminghamboilerrepairs.uk/High%20Heath/boiler-servicing
https://www.birminghamboilerrepairs.uk/High%20Heath/gas-safety","404
404
404",3,,,0
20,https://www.birminghamboilerrepairs.uk/browns-green/gas-safety,Browns Green Gas Safety Inspections | Same Day Service | Fixed Price Quote,text/html; charset=utf-8,false,200,0,0,"https://www.birminghamboilerrepairs.uk/Browns%20Green/boiler-repairs
https://www.birminghamboilerrepairs.uk/Browns%20Green/boiler-servicing
https://www.birminghamboilerrepairs.uk/Browns%20Green/combination-boiler-repairs","404
404
404",3,,,0
20,https://www.birminghamboilerrepairs.uk/kings-heath/ferroli-specialists,Kings Heath Ferroli Specialists | Same Day Service | Fixed Price Quote,text/html; charset=utf-8,false,200,0,0,"https://www.birminghamboilerrepairs.uk/Kings%20Heath/boiler-repairs
https://www.birminghamboilerrepairs.uk/Kings%20Heath/boiler-servicing
https://www.birminghamboilerrepairs.uk/Kings%20Heath/gas-safety","404
404
404",3,,,0
20,https://www.birminghamboilerrepairs.uk/turves-green/boiler-repairs,Turves Green Boiler Repairs | Same Day Service | Fixed Price Quote,text/html; charset=utf-8,false,200,0,0,"https://www.birminghamboilerrepairs.uk/Turves%20Green/boiler-servicing
https://www.birminghamboilerrepairs.uk/Turves%20Green/combination-boiler-repairs
https://www.birminghamboilerrepairs.uk/Turves%20Green/gas-safety","404
404
404",3,,,0
20,https://www.birminghamboilerrepairs.uk/stockland-green/combination-boiler-repairs,Stockland Green Combination Boiler Repairs | Same Day Service | Fixed Price Quote,text/html; charset=utf-8,false,200,0,0,"https://www.birminghamboilerrepairs.uk/Stockland%20Green/boiler-repairs
https://www.birminghamboilerrepairs.uk/Stockland%20Green/boiler-servicing
https://www.birminghamboilerrepairs.uk/Stockland%20Green/gas-safety","404
404
404",3,,,0
20,https://www.birminghamboilerrepairs.uk/rowley-regis/viessmann-specialists,Rowley Regis Viessmann Specialists | Same Day Service | Fixed Price Quote,text/html; charset=utf-8,false,200,0,0,"https://www.birminghamboilerrepairs.uk/Rowley%20Regis/boiler-repairs
https://www.birminghamboilerrepairs.uk/Rowley%20Regis/boiler-servicing
https://www.birminghamboilerrepairs.uk/Rowley%20Regis/gas-safety","404
404
404",3,,,0
20,https://www.birminghamboilerrepairs.uk/hill-wood/ariston-specialists,Hill Wood Ariston Specialists | Same Day Service | Fixed Price Quote,text/html; charset=utf-8,false,200,0,0,"https://www.birminghamboilerrepairs.uk/Hill%20Wood/boiler-repairs
https://www.birminghamboilerrepairs.uk/Hill%20Wood/boiler-servicing
https://www.birminghamboilerrepairs.uk/Hill%20Wood/gas-safety","404
404
404",3,,,0
20,https://www.birminghamboilerrepairs.uk/highters-heath/intergas-specialists,Highters Heath Intergas Specialists | Same Day Service | Fixed Price Quote,text/html; charset=utf-8,false,200,0,0,"https://www.birminghamboilerrepairs.uk/Highters%20Heath/boiler-repairs
https://www.birminghamboilerrepairs.uk/Highters%20Heath/boiler-servicing
https://www.birminghamboilerrepairs.uk/Highters%20Heath/gas-safety","404
404
404",3,,,0
20,https://www.birminghamboilerrepairs.uk/ten-acres/ideal-boilers-specialists,Ten Acres Ideal Boilers Specialists | Same Day Service | Fixed Price Quote,text/html; charset=utf-8,false,200,0,0,"https://www.birminghamboilerrepairs.uk/Ten%20Acres/boiler-repairs
https://www.birminghamboilerrepairs.uk/Ten%20Acres/boiler-servicing
https://www.birminghamboilerrepairs.uk/Ten%20Acres/gas-safety","404
404
404",3,,,0
20,https://www.birminghamboilerrepairs.uk/grimstock-hill/boiler-repairs,Grimstock Hill Boiler Repairs | Same Day Service | Fixed Price Quote,text/html; charset=utf-8,false,200,0,0,"https://www.birminghamboilerrepairs.uk/Grimstock%20Hill/boiler-servicing
https://www.birminghamboilerrepairs.uk/Grimstock%20Hill/combination-boiler-repairs
https://www.birminghamboilerrepairs.uk/Grimstock%20Hill/gas-safety","404
404
404",3,,,0
20,https://www.birminghamboilerrepairs.uk/west-heath/heatline-specialists,West Heath Heatline Specialists | Same Day Service | Fixed Price Quote,text/html; charset=utf-8,false,200,0,0,"https://www.birminghamboilerrepairs.uk/West%20Heath/boiler-repairs
https://www.birminghamboilerrepairs.uk/West%20Heath/boiler-servicing
https://www.birminghamboilerrepairs.uk/West%20Heath/gas-safety","404
404
404",3,,,0
20,https://www.birminghamboilerrepairs.uk/bordesley-green/baxi-specialists,Bordesley Green Baxi Specialists | Same Day Service | Fixed Price Quote,text/html; charset=utf-8,false,200,0,0,"https://www.birminghamboilerrepairs.uk/Bordesley%20Green/boiler-repairs
https://www.birminghamboilerrepairs.uk/Bordesley%20Green/boiler-servicing
https://www.birminghamboilerrepairs.uk/Bordesley%20Green/gas-safety","404
404
404",3,,,0
20,https://www.birminghamboilerrepairs.uk/stockland-green/vokera-specialists,Stockland Green Vokera Specialists | Same Day Service | Fixed Price Quote,text/html; charset=utf-8,false,200,0,0,"https://www.birminghamboilerrepairs.uk/Stockland%20Green/boiler-repairs
https://www.birminghamboilerrepairs.uk/Stockland%20Green/boiler-servicing
https://www.birminghamboilerrepairs.uk/Stockland%20Green/gas-safety","404
404
404",3,,,0
20,https://www.birminghamboilerrepairs.uk/shenley-fields/heatline-specialists,Shenley Fields Heatline Specialists | Same Day Service | Fixed Price Quote,text/html; charset=utf-8,false,200,0,0,"https://www.birminghamboilerrepairs.uk/Shenley%20Fields/boiler-repairs
https://www.birminghamboilerrepairs.uk/Shenley%20Fields/boiler-servicing
https://www.birminghamboilerrepairs.uk/Shenley%20Fields/gas-safety","404
404
404",3,,,0
20,https://www.birminghamboilerrepairs.uk/great-barr/ariston-specialists,Great Barr Ariston Specialists | Same Day Service | Fixed Price Quote,text/html; charset=utf-8,false,200,0,0,"https://www.birminghamboilerrepairs.uk/Great%20Barr/boiler-repairs
https://www.birminghamboilerrepairs.uk/Great%20Barr/boiler-servicing
https://www.birminghamboilerrepairs.uk/Great%20Barr/gas-safety","404
404
404",3,,,0
20,https://www.birminghamboilerrepairs.uk/gosta-green/biasi-specialists,Gosta Green Biasi Specialists | Same Day Service | Fixed Price Quote,text/html; charset=utf-8,false,200,0,0,"https://www.birminghamboilerrepairs.uk/Gosta%20Green/boiler-repairs
https://www.birminghamboilerrepairs.uk/Gosta%20Green/boiler-servicing
https://www.birminghamboilerrepairs.uk/Gosta%20Green/gas-safety","404
404
404",3,,,0
20,https://www.birminghamboilerrepairs.uk/cradley-heath/combination-boiler-repairs,Cradley Heath Combination Boiler Repairs | Same Day Service | Fixed Price Quote,text/html; charset=utf-8,false,200,0,0,"https://www.birminghamboilerrepairs.uk/Cradley%20Heath/boiler-repairs
https://www.birminghamboilerrepairs.uk/Cradley%20Heath/boiler-servicing
https://www.birminghamboilerrepairs.uk/Cradley%20Heath/gas-safety","404
404
404",3,,,0
20,https://www.birminghamboilerrepairs.uk/harts-green/biasi-specialists,Harts Green Biasi Specialists | Same Day Service | Fixed Price Quote,text/html; charset=utf-8,false,200,0,0,"https://www.birminghamboilerrepairs.uk/Harts%20Green/boiler-repairs
https://www.birminghamboilerrepairs.uk/Harts%20Green/boiler-servicing
https://www.birminghamboilerrepairs.uk/Harts%20Green/gas-safety","404
404
404",3,,,0
20,https://www.birminghamboilerrepairs.uk/stockland-green/worcester-bosch-specialists,Stockland Green Worcester Bosch Specialists | Same Day Service | Fixed Price Quote,text/html; charset=utf-8,false,200,0,0,"https://www.birminghamboilerrepairs.uk/Stockland%20Green/boiler-repairs
https://www.birminghamboilerrepairs.uk/Stockland%20Green/boiler-servicing
https://www.birminghamboilerrepairs.uk/Stockland%20Green/gas-safety","404
404
404",3,,,0
20,https://www.birminghamboilerrepairs.uk/kings-norton/combination-boiler-services,Kings Norton Combination Boiler Services | Same Day Service | Fixed Price Quote,text/html; charset=utf-8,false,200,0,0,"https://www.birminghamboilerrepairs.uk/Kings%20Norton/boiler-repairs
https://www.birminghamboilerrepairs.uk/Kings%20Norton/boiler-servicing
https://www.birminghamboilerrepairs.uk/Kings%20Norton/gas-safety","404
404
404",3,,,0
20,https://www.birminghamboilerrepairs.uk/south-woodgate/main-boiler-specialists,South Woodgate Main Specialists | Same Day Service | Fixed Price Quote,text/html; charset=utf-8,false,200,0,0,"https://www.birminghamboilerrepairs.uk/South%20Woodgate/boiler-repairs
https://www.birminghamboilerrepairs.uk/South%20Woodgate/boiler-servicing
https://www.birminghamboilerrepairs.uk/South%20Woodgate/gas-safety","404
404
404",3,,,0
20,https://www.birminghamboilerrepairs.uk/sutton-coldfield/ideal-boilers-specialists,Sutton Coldfield Ideal Boilers Specialists | Same Day Service | Fixed Price Quote,text/html; charset=utf-8,false,200,0,0,"https://www.birminghamboilerrepairs.uk/Sutton%20Coldfield/boiler-repairs
https://www.birminghamboilerrepairs.uk/Sutton%20Coldfield/boiler-servicing
https://www.birminghamboilerrepairs.uk/Sutton%20Coldfield/gas-safety","404
404
404",3,,,0
20,https://www.birminghamboilerrepairs.uk/beech-lanes/atag-specialists,Beech Lanes Atag Specialists | Same Day Service | Fixed Price Quote,text/html; charset=utf-8,false,200,0,0,"https://www.birminghamboilerrepairs.uk/Beech%20Lanes/boiler-repairs
https://www.birminghamboilerrepairs.uk/Beech%20Lanes/boiler-servicing
https://www.birminghamboilerrepairs.uk/Beech%20Lanes/gas-safety","404
404
404",3,,,0
20,https://www.birminghamboilerrepairs.uk/west-heath/vokera-specialists,West Heath Vokera Specialists | Same Day Service | Fixed Price Quote,text/html; charset=utf-8,false,200,0,0,"https://www.birminghamboilerrepairs.uk/West%20Heath/boiler-repairs
https://www.birminghamboilerrepairs.uk/West%20Heath/boiler-servicing
https://www.birminghamboilerrepairs.uk/West%20Heath/gas-safety","404
404
404",3,,,0
20,https://www.birminghamboilerrepairs.uk/showell-green/main-boiler-specialists,Showell Green Main Specialists | Same Day Service | Fixed Price Quote,text/html; charset=utf-8,false,200,0,0,"https://www.birminghamboilerrepairs.uk/Showell%20Green/boiler-repairs
https://www.birminghamboilerrepairs.uk/Showell%20Green/boiler-servicing
https://www.birminghamboilerrepairs.uk/Showell%20Green/gas-safety","404
404
404",3,,,0
20,https://www.birminghamboilerrepairs.uk/sutton-coldfield/alpha-boiler-specialists,Sutton Coldfield Alpha Specialists | Same Day Service | Fixed Price Quote,text/html; charset=utf-8,false,200,0,0,"https://www.birminghamboilerrepairs.uk/Sutton%20Coldfield/boiler-repairs
https://www.birminghamboilerrepairs.uk/Sutton%20Coldfield/boiler-servicing
https://www.birminghamboilerrepairs.uk/Sutton%20Coldfield/gas-safety","404
404
404",3,,,0
20,https://www.birminghamboilerrepairs.uk/hill-hook/intergas-specialists,Hill Hook Intergas Specialists | Same Day Service | Fixed Price Quote,text/html; charset=utf-8,false,200,0,0,"https://www.birminghamboilerrepairs.uk/Hill%20Hook/boiler-repairs
https://www.birminghamboilerrepairs.uk/Hill%20Hook/boiler-servicing
https://www.birminghamboilerrepairs.uk/Hill%20Hook/gas-safety","404
404
404",3,,,0
20,https://www.birminghamboilerrepairs.uk/turves-green/baxi-specialists,Turves Green Baxi Specialists | Same Day Service | Fixed Price Quote,text/html; charset=utf-8,false,200,0,0,"https://www.birminghamboilerrepairs.uk/Turves%20Green/boiler-repairs
https://www.birminghamboilerrepairs.uk/Turves%20Green/boiler-servicing
https://www.birminghamboilerrepairs.uk/Turves%20Green/gas-safety","404
404
404",3,,,0
20,https://www.birminghamboilerrepairs.uk/aston-fields/ariston-specialists,Aston Fields Ariston Specialists | Same Day Service | Fixed Price Quote,text/html; charset=utf-8,false,200,0,0,"https://www.birminghamboilerrepairs.uk/Aston%20Fields/boiler-repairs
https://www.birminghamboilerrepairs.uk/Aston%20Fields/boiler-servicing
https://www.birminghamboilerrepairs.uk/Aston%20Fields/gas-safety","404
404
404",3,,,0
20,https://www.birminghamboilerrepairs.uk/cradley-heath/gas-safety,Cradley Heath Gas Safety Inspections | Same Day Service | Fixed Price Quote,text/html; charset=utf-8,false,200,0,0,"https://www.birminghamboilerrepairs.uk/Cradley%20Heath/boiler-repairs
https://www.birminghamboilerrepairs.uk/Cradley%20Heath/boiler-servicing
https://www.birminghamboilerrepairs.uk/Cradley%20Heath/combination-boiler-repairs","404
404
404",3,,,0
20,https://www.birminghamboilerrepairs.uk/handsworth-wood/glowworm-specialists,Handsworth Wood Glow-worm Specialists | Same Day Service | Fixed Price Quote,text/html; charset=utf-8,false,200,0,0,"https://www.birminghamboilerrepairs.uk/Handsworth%20Wood/boiler-repairs
https://www.birminghamboilerrepairs.uk/Handsworth%20Wood/boiler-servicing
https://www.birminghamboilerrepairs.uk/Handsworth%20Wood/gas-safety","404
404
404",3,,,0
20,https://www.birminghamboilerrepairs.uk/chad-valley/baxi-specialists,Chad Valley Baxi Specialists | Same Day Service | Fixed Price Quote,text/html; charset=utf-8,false,200,0,0,"https://www.birminghamboilerrepairs.uk/Chad%20Valley/boiler-repairs
https://www.birminghamboilerrepairs.uk/Chad%20Valley/boiler-servicing
https://www.birminghamboilerrepairs.uk/Chad%20Valley/gas-safety","404
404
404",3,,,0
20,https://www.birminghamboilerrepairs.uk/falcon-lodge/biasi-specialists,Falcon Lodge Biasi Specialists | Same Day Service | Fixed Price Quote,text/html; charset=utf-8,false,200,0,0,"https://www.birminghamboilerrepairs.uk/Falcon%20Lodge/boiler-repairs
https://www.birminghamboilerrepairs.uk/Falcon%20Lodge/boiler-servicing
https://www.birminghamboilerrepairs.uk/Falcon%20Lodge/gas-safety","404
404
404",3,,,0
20,https://www.birminghamboilerrepairs.uk/falcon-lodge/intergas-specialists,Falcon Lodge Intergas Specialists | Same Day Service | Fixed Price Quote,text/html; charset=utf-8,false,200,0,0,"https://www.birminghamboilerrepairs.uk/Falcon%20Lodge/boiler-repairs
https://www.birminghamboilerrepairs.uk/Falcon%20Lodge/boiler-servicing
https://www.birminghamboilerrepairs.uk/Falcon%20Lodge/gas-safety","404
404
404",3,,,0
20,https://www.birminghamboilerrepairs.uk/grimstock-hill/ideal-boilers-specialists,Grimstock Hill Ideal Boilers Specialists | Same Day Service | Fixed Price Quote,text/html; charset=utf-8,false,200,0,0,"https://www.birminghamboilerrepairs.uk/Grimstock%20Hill/boiler-repairs
https://www.birminghamboilerrepairs.uk/Grimstock%20Hill/boiler-servicing
https://www.birminghamboilerrepairs.uk/Grimstock%20Hill/gas-safety","404
404
404",3,,,0
20,https://www.birminghamboilerrepairs.uk/stockland-green/ariston-specialists,Stockland Green Ariston Specialists | Same Day Service | Fixed Price Quote,text/html; charset=utf-8,false,200,0,0,"https://www.birminghamboilerrepairs.uk/Stockland%20Green/boiler-repairs
https://www.birminghamboilerrepairs.uk/Stockland%20Green/boiler-servicing
https://www.birminghamboilerrepairs.uk/Stockland%20Green/gas-safety","404
404
404",3,,,0
20,https://www.birminghamboilerrepairs.uk/handsworth-wood/gas-safety,Handsworth Wood Gas Safety Inspections | Same Day Service | Fixed Price Quote,text/html; charset=utf-8,false,200,0,0,"https://www.birminghamboilerrepairs.uk/Handsworth%20Wood/boiler-repairs
https://www.birminghamboilerrepairs.uk/Handsworth%20Wood/boiler-servicing
https://www.birminghamboilerrepairs.uk/Handsworth%20Wood/combination-boiler-repairs","404
404
404",3,,,0
20,https://www.birminghamboilerrepairs.uk/rowney-green/atag-specialists,Rowney Green Atag Specialists | Same Day Service | Fixed Price Quote,text/html; charset=utf-8,false,200,0,0,"https://www.birminghamboilerrepairs.uk/Rowney%20Green/boiler-repairs
https://www.birminghamboilerrepairs.uk/Rowney%20Green/boiler-servicing
https://www.birminghamboilerrepairs.uk/Rowney%20Green/gas-safety","404
404
404",3,,,0
20,https://www.birminghamboilerrepairs.uk/shard-end/atag-specialists,Shard End Atag Specialists | Same Day Service | Fixed Price Quote,text/html; charset=utf-8,false,200,0,0,"https://www.birminghamboilerrepairs.uk/Shard%20End/boiler-repairs
https://www.birminghamboilerrepairs.uk/Shard%20End/boiler-servicing
https://www.birminghamboilerrepairs.uk/Shard%20End/gas-safety","404
404
404",3,,,0
20,https://www.birminghamboilerrepairs.uk/west-heath/ideal-boilers-specialists,West Heath Ideal Boilers Specialists | Same Day Service | Fixed Price Quote,text/html; charset=utf-8,false,200,0,0,"https://www.birminghamboilerrepairs.uk/West%20Heath/boiler-repairs
https://www.birminghamboilerrepairs.uk/West%20Heath/boiler-servicing
https://www.birminghamboilerrepairs.uk/West%20Heath/gas-safety","404
404
404",3,,,0
20,https://www.birminghamboilerrepairs.uk/yardley-wood/ideal-boilers-specialists,Yardley Wood Ideal Boilers Specialists | Same Day Service | Fixed Price Quote,text/html; charset=utf-8,false,200,0,0,"https://www.birminghamboilerrepairs.uk/Yardley%20Wood/boiler-repairs
https://www.birminghamboilerrepairs.uk/Yardley%20Wood/boiler-servicing
https://www.birminghamboilerrepairs.uk/Yardley%20Wood/gas-safety","404
404
404",3,,,0
20,https://www.birminghamboilerrepairs.uk/ten-acres/intergas-specialists,Ten Acres Intergas Specialists | Same Day Service | Fixed Price Quote,text/html; charset=utf-8,false,200,0,0,"https://www.birminghamboilerrepairs.uk/Ten%20Acres/boiler-repairs
https://www.birminghamboilerrepairs.uk/Ten%20Acres/boiler-servicing
https://www.birminghamboilerrepairs.uk/Ten%20Acres/gas-safety","404
404
404",3,,,0
20,https://www.birminghamboilerrepairs.uk/shenley-fields/gas-safety,Shenley Fields Gas Safety Inspections | Same Day Service | Fixed Price Quote,text/html; charset=utf-8,false,200,0,0,"https://www.birminghamboilerrepairs.uk/Shenley%20Fields/boiler-repairs
https://www.birminghamboilerrepairs.uk/Shenley%20Fields/boiler-servicing
https://www.birminghamboilerrepairs.uk/Shenley%20Fields/combination-boiler-repairs","404
404
404",3,,,0
20,https://www.birminghamboilerrepairs.uk/old-oscott/alpha-boiler-specialists,Old Oscott Alpha Specialists | Same Day Service | Fixed Price Quote,text/html; charset=utf-8,false,200,0,0,"https://www.birminghamboilerrepairs.uk/Old%20Oscott/boiler-repairs
https://www.birminghamboilerrepairs.uk/Old%20Oscott/boiler-servicing
https://www.birminghamboilerrepairs.uk/Old%20Oscott/gas-safety","404
404
404",3,,,0
20,https://www.birminghamboilerrepairs.uk/hill-wood/baxi-specialists,Hill Wood Baxi Specialists | Same Day Service | Fixed Price Quote,text/html; charset=utf-8,false,200,0,0,"https://www.birminghamboilerrepairs.uk/Hill%20Wood/boiler-repairs
https://www.birminghamboilerrepairs.uk/Hill%20Wood/boiler-servicing
https://www.birminghamboilerrepairs.uk/Hill%20Wood/gas-safety","404
404
404",3,,,0
20,https://www.birminghamboilerrepairs.uk/aston-fields/worcester-bosch-specialists,Aston Fields Worcester Bosch Specialists | Same Day Service | Fixed Price Quote,text/html; charset=utf-8,false,200,0,0,"https://www.birminghamboilerrepairs.uk/Aston%20Fields/boiler-repairs
https://www.birminghamboilerrepairs.uk/Aston%20Fields/boiler-servicing
https://www.birminghamboilerrepairs.uk/Aston%20Fields/gas-safety","404
404
404",3,,,0
20,https://www.birminghamboilerrepairs.uk/camp-hill/main-boiler-specialists,Camp Hill Main Specialists | Same Day Service | Fixed Price Quote,text/html; charset=utf-8,false,200,0,0,"https://www.birminghamboilerrepairs.uk/Camp%20Hill/boiler-repairs
https://www.birminghamboilerrepairs.uk/Camp%20Hill/boiler-servicing
https://www.birminghamboilerrepairs.uk/Camp%20Hill/gas-safety","404
404
404",3,,,0
20,https://www.birminghamboilerrepairs.uk/small-heath/combination-boiler-services,Small Heath Combination Boiler Services | Same Day Service | Fixed Price Quote,text/html; charset=utf-8,false,200,0,0,"https://www.birminghamboilerrepairs.uk/Small%20Heath/boiler-repairs
https://www.birminghamboilerrepairs.uk/Small%20Heath/boiler-servicing
https://www.birminghamboilerrepairs.uk/Small%20Heath/gas-safety","404
404
404",3,,,0
20,https://www.birminghamboilerrepairs.uk/kings-norton/glowworm-specialists,Kings Norton Glow-worm Specialists | Same Day Service | Fixed Price Quote,text/html; charset=utf-8,false,200,0,0,"https://www.birminghamboilerrepairs.uk/Kings%20Norton/boiler-repairs
https://www.birminghamboilerrepairs.uk/Kings%20Norton/boiler-servicing
https://www.birminghamboilerrepairs.uk/Kings%20Norton/gas-safety","404
404
404",3,,,0
20,https://www.birminghamboilerrepairs.uk/falcon-lodge/potterton-specialists,Falcon Lodge Potterton Specialists | Same Day Service | Fixed Price Quote,text/html; charset=utf-8,false,200,0,0,"https://www.birminghamboilerrepairs.uk/Falcon%20Lodge/boiler-repairs
https://www.birminghamboilerrepairs.uk/Falcon%20Lodge/boiler-servicing
https://www.birminghamboilerrepairs.uk/Falcon%20Lodge/gas-safety","404
404
404",3,,,0
20,https://www.birminghamboilerrepairs.uk/rowley-regis/heatline-specialists,Rowley Regis Heatline Specialists | Same Day Service | Fixed Price Quote,text/html; charset=utf-8,false,200,0,0,"https://www.birminghamboilerrepairs.uk/Rowley%20Regis/boiler-repairs
https://www.birminghamboilerrepairs.uk/Rowley%20Regis/boiler-servicing
https://www.birminghamboilerrepairs.uk/Rowley%20Regis/gas-safety","404
404
404",3,,,0
20,https://www.birminghamboilerrepairs.uk/glebe-farm/boiler-repairs,Glebe Farm Boiler Repairs | Same Day Service | Fixed Price Quote,text/html; charset=utf-8,false,200,0,0,"https://www.birminghamboilerrepairs.uk/Glebe%20Farm/boiler-servicing
https://www.birminghamboilerrepairs.uk/Glebe%20Farm/combination-boiler-repairs
https://www.birminghamboilerrepairs.uk/Glebe%20Farm/gas-safety","404
404
404",3,,,0
20,https://www.birminghamboilerrepairs.uk/bordesley-green/ferroli-specialists,Bordesley Green Ferroli Specialists | Same Day Service | Fixed Price Quote,text/html; charset=utf-8,false,200,0,0,"https://www.birminghamboilerrepairs.uk/Bordesley%20Green/boiler-repairs
https://www.birminghamboilerrepairs.uk/Bordesley%20Green/boiler-servicing
https://www.birminghamboilerrepairs.uk/Bordesley%20Green/gas-safety","404
404
404",3,,,0
20,https://www.birminghamboilerrepairs.uk/beech-lanes/worcester-bosch-specialists,Beech Lanes Worcester Bosch Specialists | Same Day Service | Fixed Price Quote,text/html; charset=utf-8,false,200,0,0,"https://www.birminghamboilerrepairs.uk/Beech%20Lanes/boiler-repairs
https://www.birminghamboilerrepairs.uk/Beech%20Lanes/boiler-servicing
https://www.birminghamboilerrepairs.uk/Beech%20Lanes/gas-safety","404
404
404",3,,,0
20,https://www.birminghamboilerrepairs.uk/fox-hollies/potterton-specialists,Fox Hollies Potterton Specialists | Same Day Service | Fixed Price Quote,text/html; charset=utf-8,false,200,0,0,"https://www.birminghamboilerrepairs.uk/Fox%20Hollies/boiler-repairs
https://www.birminghamboilerrepairs.uk/Fox%20Hollies/boiler-servicing
https://www.birminghamboilerrepairs.uk/Fox%20Hollies/gas-safety","404
404
404",3,,,0
20,https://www.birminghamboilerrepairs.uk/weoley-castle/potterton-specialists,Weoley Castle Potterton Specialists | Same Day Service | Fixed Price Quote,text/html; charset=utf-8,false,200,0,0,"https://www.birminghamboilerrepairs.uk/Weoley%20Castle/boiler-repairs
https://www.birminghamboilerrepairs.uk/Weoley%20Castle/boiler-servicing
https://www.birminghamboilerrepairs.uk/Weoley%20Castle/gas-safety","404
404
404",3,,,0
20,https://www.birminghamboilerrepairs.uk/short-heath/main-boiler-specialists,Short Heath Main Specialists | Same Day Service | Fixed Price Quote,text/html; charset=utf-8,false,200,0,0,"https://www.birminghamboilerrepairs.uk/Short%20Heath/boiler-repairs
https://www.birminghamboilerrepairs.uk/Short%20Heath/boiler-servicing
https://www.birminghamboilerrepairs.uk/Short%20Heath/gas-safety","404
404
404",3,,,0
20,https://www.birminghamboilerrepairs.uk/chad-valley/vaillant-specialists,Chad Valley Vaillant Specialists | Same Day Service | Fixed Price Quote,text/html; charset=utf-8,false,200,0,0,"https://www.birminghamboilerrepairs.uk/Chad%20Valley/boiler-repairs
https://www.birminghamboilerrepairs.uk/Chad%20Valley/boiler-servicing
https://www.birminghamboilerrepairs.uk/Chad%20Valley/gas-safety","404
404
404",3,,,0
20,https://www.birminghamboilerrepairs.uk/gib-heath/ariston-specialists,Gib Heath Ariston Specialists | Same Day Service | Fixed Price Quote,text/html; charset=utf-8,false,200,0,0,"https://www.birminghamboilerrepairs.uk/Gib%20Heath/boiler-repairs
https://www.birminghamboilerrepairs.uk/Gib%20Heath/boiler-servicing
https://www.birminghamboilerrepairs.uk/Gib%20Heath/gas-safety","404
404
404",3,,,0
20,https://www.birminghamboilerrepairs.uk/harts-green/ideal-boilers-specialists,Harts Green Ideal Boilers Specialists | Same Day Service | Fixed Price Quote,text/html; charset=utf-8,false,200,0,0,"https://www.birminghamboilerrepairs.uk/Harts%20Green/boiler-repairs
https://www.birminghamboilerrepairs.uk/Harts%20Green/boiler-servicing
https://www.birminghamboilerrepairs.uk/Harts%20Green/gas-safety","404
404
404",3,,,0
20,https://www.birminghamboilerrepairs.uk/harts-green/ferroli-specialists,Harts Green Ferroli Specialists | Same Day Service | Fixed Price Quote,text/html; charset=utf-8,false,200,0,0,"https://www.birminghamboilerrepairs.uk/Harts%20Green/boiler-repairs
https://www.birminghamboilerrepairs.uk/Harts%20Green/boiler-servicing
https://www.birminghamboilerrepairs.uk/Harts%20Green/gas-safety","404
404
404",3,,,0
20,https://www.birminghamboilerrepairs.uk/rowley-regis/combination-boiler-repairs,Rowley Regis Combination Boiler Repairs | Same Day Service | Fixed Price Quote,text/html; charset=utf-8,false,200,0,0,"https://www.birminghamboilerrepairs.uk/Rowley%20Regis/boiler-repairs
https://www.birminghamboilerrepairs.uk/Rowley%20Regis/boiler-servicing
https://www.birminghamboilerrepairs.uk/Rowley%20Regis/gas-safety","404
404
404",3,,,0
20,https://www.birminghamboilerrepairs.uk/tudor-hill/ferroli-specialists,Tudor Hill Ferroli Specialists | Same Day Service | Fixed Price Quote,text/html; charset=utf-8,false,200,0,0,"https://www.birminghamboilerrepairs.uk/Tudor%20Hill/boiler-repairs
https://www.birminghamboilerrepairs.uk/Tudor%20Hill/boiler-servicing
https://www.birminghamboilerrepairs.uk/Tudor%20Hill/gas-safety","404
404
404",3,,,0
20,https://www.birminghamboilerrepairs.uk/camp-hill/vokera-specialists,Camp Hill Vokera Specialists | Same Day Service | Fixed Price Quote,text/html; charset=utf-8,false,200,0,0,"https://www.birminghamboilerrepairs.uk/Camp%20Hill/boiler-repairs
https://www.birminghamboilerrepairs.uk/Camp%20Hill/boiler-servicing
https://www.birminghamboilerrepairs.uk/Camp%20Hill/gas-safety","404
404
404",3,,,0
20,https://www.birminghamboilerrepairs.uk/pype-hayes/biasi-specialists,Pype Hayes Biasi Specialists | Same Day Service | Fixed Price Quote,text/html; charset=utf-8,false,200,0,0,"https://www.birminghamboilerrepairs.uk/Pype%20Hayes/boiler-repairs
https://www.birminghamboilerrepairs.uk/Pype%20Hayes/boiler-servicing
https://www.birminghamboilerrepairs.uk/Pype%20Hayes/gas-safety","404
404
404",3,,,0
20,https://www.birminghamboilerrepairs.uk/pype-hayes/glowworm-specialists,Pype Hayes Glow-worm Specialists | Same Day Service | Fixed Price Quote,text/html; charset=utf-8,false,200,0,0,"https://www.birminghamboilerrepairs.uk/Pype%20Hayes/boiler-repairs
https://www.birminghamboilerrepairs.uk/Pype%20Hayes/boiler-servicing
https://www.birminghamboilerrepairs.uk/Pype%20Hayes/gas-safety","404
404
404",3,,,0
20,https://www.birminghamboilerrepairs.uk/gospel-oak/potterton-specialists,Gospel Oak Potterton Specialists | Same Day Service | Fixed Price Quote,text/html; charset=utf-8,false,200,0,0,"https://www.birminghamboilerrepairs.uk/Gospel%20Oak/boiler-repairs
https://www.birminghamboilerrepairs.uk/Gospel%20Oak/boiler-servicing
https://www.birminghamboilerrepairs.uk/Gospel%20Oak/gas-safety","404
404
404",3,,,0
20,https://www.birminghamboilerrepairs.uk/hill-hook/combination-boiler-services,Hill Hook Combination Boiler Services | Same Day Service | Fixed Price Quote,text/html; charset=utf-8,false,200,0,0,"https://www.birminghamboilerrepairs.uk/Hill%20Hook/boiler-repairs
https://www.birminghamboilerrepairs.uk/Hill%20Hook/boiler-servicing
https://www.birminghamboilerrepairs.uk/Hill%20Hook/gas-safety","404
404
404",3,,,0
20,https://www.birminghamboilerrepairs.uk/ten-acres/worcester-bosch-specialists,Ten Acres Worcester Bosch Specialists | Same Day Service | Fixed Price Quote,text/html; charset=utf-8,false,200,0,0,"https://www.birminghamboilerrepairs.uk/Ten%20Acres/boiler-repairs
https://www.birminghamboilerrepairs.uk/Ten%20Acres/boiler-servicing
https://www.birminghamboilerrepairs.uk/Ten%20Acres/gas-safety","404
404
404",3,,,0
20,https://www.birminghamboilerrepairs.uk/aston-fields/vokera-specialists,Aston Fields Vokera Specialists | Same Day Service | Fixed Price Quote,text/html; charset=utf-8,false,200,0,0,"https://www.birminghamboilerrepairs.uk/Aston%20Fields/boiler-repairs
https://www.birminghamboilerrepairs.uk/Aston%20Fields/boiler-servicing
https://www.birminghamboilerrepairs.uk/Aston%20Fields/gas-safety","404
404
404",3,,,0
20,https://www.birminghamboilerrepairs.uk/short-heath/potterton-specialists,Short Heath Potterton Specialists | Same Day Service | Fixed Price Quote,text/html; charset=utf-8,false,200,0,0,"https://www.birminghamboilerrepairs.uk/Short%20Heath/boiler-repairs
https://www.birminghamboilerrepairs.uk/Short%20Heath/boiler-servicing
https://www.birminghamboilerrepairs.uk/Short%20Heath/gas-safety","404
404
404",3,,,0
20,https://www.birminghamboilerrepairs.uk/turves-green/boiler-servicing,Turves Green Boiler Servicing | Same Day Service | Fixed Price Quote,text/html; charset=utf-8,false,200,0,0,"https://www.birminghamboilerrepairs.uk/Turves%20Green/boiler-repairs
https://www.birminghamboilerrepairs.uk/Turves%20Green/combination-boiler-repairs
https://www.birminghamboilerrepairs.uk/Turves%20Green/gas-safety","404
404
404",3,,,0
20,https://www.birminghamboilerrepairs.uk/perry-barr/heatline-specialists,Perry Barr Heatline Specialists | Same Day Service | Fixed Price Quote,text/html; charset=utf-8,false,200,0,0,"https://www.birminghamboilerrepairs.uk/Perry%20Barr/boiler-repairs
https://www.birminghamboilerrepairs.uk/Perry%20Barr/boiler-servicing
https://www.birminghamboilerrepairs.uk/Perry%20Barr/gas-safety","404
404
404",3,,,0
20,https://www.birminghamboilerrepairs.uk/gravelly-hill/worcester-bosch-specialists,Gravelly Hill Worcester Bosch Specialists | Same Day Service | Fixed Price Quote,text/html; charset=utf-8,false,200,0,0,"https://www.birminghamboilerrepairs.uk/Gravelly%20Hill/boiler-repairs
https://www.birminghamboilerrepairs.uk/Gravelly%20Hill/boiler-servicing
https://www.birminghamboilerrepairs.uk/Gravelly%20Hill/gas-safety","404
404
404",3,,,0
20,https://www.birminghamboilerrepairs.uk/old-oscott/viessmann-specialists,Old Oscott Viessmann Specialists | Same Day Service | Fixed Price Quote,text/html; charset=utf-8,false,200,0,0,"https://www.birminghamboilerrepairs.uk/Old%20Oscott/boiler-repairs
https://www.birminghamboilerrepairs.uk/Old%20Oscott/boiler-servicing
https://www.birminghamboilerrepairs.uk/Old%20Oscott/gas-safety","404
404
404",3,,,0
20,https://www.birminghamboilerrepairs.uk/shenley-fields/ferroli-specialists,Shenley Fields Ferroli Specialists | Same Day Service | Fixed Price Quote,text/html; charset=utf-8,false,200,0,0,"https://www.birminghamboilerrepairs.uk/Shenley%20Fields/boiler-repairs
https://www.birminghamboilerrepairs.uk/Shenley%20Fields/boiler-servicing
https://www.birminghamboilerrepairs.uk/Shenley%20Fields/gas-safety","404
404
404",3,,,0
20,https://www.birminghamboilerrepairs.uk/buckland-end/baxi-specialists,Buckland End Baxi Specialists | Same Day Service | Fixed Price Quote,text/html; charset=utf-8,false,200,0,0,"https://www.birminghamboilerrepairs.uk/Buckland%20End/boiler-repairs
https://www.birminghamboilerrepairs.uk/Buckland%20End/boiler-servicing
https://www.birminghamboilerrepairs.uk/Buckland%20End/gas-safety","404
404
404",3,,,0
20,https://www.birminghamboilerrepairs.uk/birches-green/boiler-repairs,Birches Green Boiler Repairs | Same Day Service | Fixed Price Quote,text/html; charset=utf-8,false,200,0,0,"https://www.birminghamboilerrepairs.uk/Birches%20Green/boiler-servicing
https://www.birminghamboilerrepairs.uk/Birches%20Green/combination-boiler-repairs
https://www.birminghamboilerrepairs.uk/Birches%20Green/gas-safety","404
404
404",3,,,0
20,https://www.birminghamboilerrepairs.uk/reddicap-heath/combination-boiler-services,Reddicap Heath Combination Boiler Services | Same Day Service | Fixed Price Quote,text/html; charset=utf-8,false,200,0,0,"https://www.birminghamboilerrepairs.uk/Reddicap%20Heath/boiler-repairs
https://www.birminghamboilerrepairs.uk/Reddicap%20Heath/boiler-servicing
https://www.birminghamboilerrepairs.uk/Reddicap%20Heath/gas-safety","404
404
404",3,,,0
20,https://www.birminghamboilerrepairs.uk/perry-beeches/main-boiler-specialists,Perry Beeches Main Specialists | Same Day Service | Fixed Price Quote,text/html; charset=utf-8,false,200,0,0,"https://www.birminghamboilerrepairs.uk/Perry%20Beeches/boiler-repairs
https://www.birminghamboilerrepairs.uk/Perry%20Beeches/boiler-servicing
https://www.birminghamboilerrepairs.uk/Perry%20Beeches/gas-safety","404
404
404",3,,,0
20,https://www.birminghamboilerrepairs.uk/brandwood-end/glowworm-specialists,Brandwood End Glow-worm Specialists | Same Day Service | Fixed Price Quote,text/html; charset=utf-8,false,200,0,0,"https://www.birminghamboilerrepairs.uk/Brandwood%20End/boiler-repairs
https://www.birminghamboilerrepairs.uk/Brandwood%20End/boiler-servicing
https://www.birminghamboilerrepairs.uk/Brandwood%20End/gas-safety","404
404
404",3,,,0
20,https://www.birminghamboilerrepairs.uk/perry-barr/boiler-repairs,Perry Barr Boiler Repairs | Same Day Service | Fixed Price Quote,text/html; charset=utf-8,false,200,0,0,"https://www.birminghamboilerrepairs.uk/Perry%20Barr/boiler-servicing
https://www.birminghamboilerrepairs.uk/Perry%20Barr/combination-boiler-repairs
https://www.birminghamboilerrepairs.uk/Perry%20Barr/gas-safety","404
404
404",3,,,0
20,https://www.birminghamboilerrepairs.uk/reddicap-heath/heatline-specialists,Reddicap Heath Heatline Specialists | Same Day Service | Fixed Price Quote,text/html; charset=utf-8,false,200,0,0,"https://www.birminghamboilerrepairs.uk/Reddicap%20Heath/boiler-repairs
https://www.birminghamboilerrepairs.uk/Reddicap%20Heath/boiler-servicing
https://www.birminghamboilerrepairs.uk/Reddicap%20Heath/gas-safety","404
404
404",3,,,0
20,https://www.birminghamboilerrepairs.uk/kings-heath/gas-safety,Kings Heath Gas Safety Inspections | Same Day Service | Fixed Price Quote,text/html; charset=utf-8,false,200,0,0,"https://www.birminghamboilerrepairs.uk/Kings%20Heath/boiler-repairs
https://www.birminghamboilerrepairs.uk/Kings%20Heath/boiler-servicing
https://www.birminghamboilerrepairs.uk/Kings%20Heath/combination-boiler-repairs","404
404
404",3,,,0
20,https://www.birminghamboilerrepairs.uk/sutton-coldfield/boiler-repairs,Sutton Coldfield Boiler Repairs | Same Day Service | Fixed Price Quote,text/html; charset=utf-8,false,200,0,0,"https://www.birminghamboilerrepairs.uk/Sutton%20Coldfield/boiler-servicing
https://www.birminghamboilerrepairs.uk/Sutton%20Coldfield/combination-boiler-repairs
https://www.birminghamboilerrepairs.uk/Sutton%20Coldfield/gas-safety","404
404
404",3,,,0
20,https://www.birminghamboilerrepairs.uk/short-heath/vaillant-specialists,Short Heath Vaillant Specialists | Same Day Service | Fixed Price Quote,text/html; charset=utf-8,false,200,0,0,"https://www.birminghamboilerrepairs.uk/Short%20Heath/boiler-repairs
https://www.birminghamboilerrepairs.uk/Short%20Heath/boiler-servicing
https://www.birminghamboilerrepairs.uk/Short%20Heath/gas-safety","404
404
404",3,,,0
20,https://www.birminghamboilerrepairs.uk/castle-vale/boiler-servicing,Castle Vale Boiler Servicing | Same Day Service | Fixed Price Quote,text/html; charset=utf-8,false,200,0,0,"https://www.birminghamboilerrepairs.uk/Castle%20Vale/boiler-repairs
https://www.birminghamboilerrepairs.uk/Castle%20Vale/combination-boiler-repairs
https://www.birminghamboilerrepairs.uk/Castle%20Vale/gas-safety","404
404
404",3,,,0
20,https://www.birminghamboilerrepairs.uk/old-oscott/gas-safety,Old Oscott Gas Safety Inspections | Same Day Service | Fixed Price Quote,text/html; charset=utf-8,false,200,0,0,"https://www.birminghamboilerrepairs.uk/Old%20Oscott/boiler-repairs
https://www.birminghamboilerrepairs.uk/Old%20Oscott/boiler-servicing
https://www.birminghamboilerrepairs.uk/Old%20Oscott/combination-boiler-repairs","404
404
404",3,,,0
20,https://www.birminghamboilerrepairs.uk/hay-mills/glowworm-specialists,Hay Mills Glow-worm Specialists | Same Day Service | Fixed Price Quote,text/html; charset=utf-8,false,200,0,0,"https://www.birminghamboilerrepairs.uk/Hay%20Mills/boiler-repairs
https://www.birminghamboilerrepairs.uk/Hay%20Mills/boiler-servicing
https://www.birminghamboilerrepairs.uk/Hay%20Mills/gas-safety","404
404
404",3,,,0
20,https://www.birminghamboilerrepairs.uk/showell-green/potterton-specialists,Showell Green Potterton Specialists | Same Day Service | Fixed Price Quote,text/html; charset=utf-8,false,200,0,0,"https://www.birminghamboilerrepairs.uk/Showell%20Green/boiler-repairs
https://www.birminghamboilerrepairs.uk/Showell%20Green/boiler-servicing
https://www.birminghamboilerrepairs.uk/Showell%20Green/gas-safety","404
404
404",3,,,0
20,https://www.birminghamboilerrepairs.uk/turves-green/vaillant-specialists,Turves Green Vaillant Specialists | Same Day Service | Fixed Price Quote,text/html; charset=utf-8,false,200,0,0,"https://www.birminghamboilerrepairs.uk/Turves%20Green/boiler-repairs
https://www.birminghamboilerrepairs.uk/Turves%20Green/boiler-servicing
https://www.birminghamboilerrepairs.uk/Turves%20Green/gas-safety","404
404
404",3,,,0
20,https://www.birminghamboilerrepairs.uk/fox-hollies/atag-specialists,Fox Hollies Atag Specialists | Same Day Service | Fixed Price Quote,text/html; charset=utf-8,false,200,0,0,"https://www.birminghamboilerrepairs.uk/Fox%20Hollies/boiler-repairs
https://www.birminghamboilerrepairs.uk/Fox%20Hollies/boiler-servicing
https://www.birminghamboilerrepairs.uk/Fox%20Hollies/gas-safety","404
404
404",3,,,0
20,https://www.birminghamboilerrepairs.uk/glebe-farm/combination-boiler-services,Glebe Farm Combination Boiler Services | Same Day Service | Fixed Price Quote,text/html; charset=utf-8,false,200,0,0,"https://www.birminghamboilerrepairs.uk/Glebe%20Farm/boiler-repairs
https://www.birminghamboilerrepairs.uk/Glebe%20Farm/boiler-servicing
https://www.birminghamboilerrepairs.uk/Glebe%20Farm/gas-safety","404
404
404",3,,,0
20,https://www.birminghamboilerrepairs.uk/falcon-lodge/vokera-specialists,Falcon Lodge Vokera Specialists | Same Day Service | Fixed Price Quote,text/html; charset=utf-8,false,200,0,0,"https://www.birminghamboilerrepairs.uk/Falcon%20Lodge/boiler-repairs
https://www.birminghamboilerrepairs.uk/Falcon%20Lodge/boiler-servicing
https://www.birminghamboilerrepairs.uk/Falcon%20Lodge/gas-safety","404
404
404",3,,,0
20,https://www.birminghamboilerrepairs.uk/astwood-bank/vaillant-specialists,Astwood Bank Vaillant Specialists | Same Day Service | Fixed Price Quote,text/html; charset=utf-8,false,200,0,0,"https://www.birminghamboilerrepairs.uk/Astwood%20Bank/boiler-repairs
https://www.birminghamboilerrepairs.uk/Astwood%20Bank/boiler-servicing
https://www.birminghamboilerrepairs.uk/Astwood%20Bank/gas-safety","404
404
404",3,,,0
20,https://www.birminghamboilerrepairs.uk/shenley-green/atag-specialists,Shenley Green Atag Specialists | Same Day Service | Fixed Price Quote,text/html; charset=utf-8,false,200,0,0,"https://www.birminghamboilerrepairs.uk/Shenley%20Green/boiler-repairs
https://www.birminghamboilerrepairs.uk/Shenley%20Green/boiler-servicing
https://www.birminghamboilerrepairs.uk/Shenley%20Green/gas-safety","404
404
404",3,,,0
20,https://www.birminghamboilerrepairs.uk/hill-wood/glowworm-specialists,Hill Wood Glow-worm Specialists | Same Day Service | Fixed Price Quote,text/html; charset=utf-8,false,200,0,0,"https://www.birminghamboilerrepairs.uk/Hill%20Wood/boiler-repairs
https://www.birminghamboilerrepairs.uk/Hill%20Wood/boiler-servicing
https://www.birminghamboilerrepairs.uk/Hill%20Wood/gas-safety","404
404
404",3,,,0
20,https://www.birminghamboilerrepairs.uk/showell-green/heatline-specialists,Showell Green Heatline Specialists | Same Day Service | Fixed Price Quote,text/html; charset=utf-8,false,200,0,0,"https://www.birminghamboilerrepairs.uk/Showell%20Green/boiler-repairs
https://www.birminghamboilerrepairs.uk/Showell%20Green/boiler-servicing
https://www.birminghamboilerrepairs.uk/Showell%20Green/gas-safety","404
404
404",3,,,0
20,https://www.birminghamboilerrepairs.uk/shenley-fields/biasi-specialists,Shenley Fields Biasi Specialists | Same Day Service | Fixed Price Quote,text/html; charset=utf-8,false,200,0,0,"https://www.birminghamboilerrepairs.uk/Shenley%20Fields/boiler-repairs
https://www.birminghamboilerrepairs.uk/Shenley%20Fields/boiler-servicing
https://www.birminghamboilerrepairs.uk/Shenley%20Fields/gas-safety","404
404
404",3,,,0
20,https://www.birminghamboilerrepairs.uk/short-heath/ariston-specialists,Short Heath Ariston Specialists | Same Day Service | Fixed Price Quote,text/html; charset=utf-8,false,200,0,0,"https://www.birminghamboilerrepairs.uk/Short%20Heath/boiler-repairs
https://www.birminghamboilerrepairs.uk/Short%20Heath/boiler-servicing
https://www.birminghamboilerrepairs.uk/Short%20Heath/gas-safety","404
404
404",3,,,0
20,https://www.birminghamboilerrepairs.uk/thimble-end/boiler-servicing,Thimble End Boiler Servicing | Same Day Service | Fixed Price Quote,text/html; charset=utf-8,false,200,0,0,"https://www.birminghamboilerrepairs.uk/Thimble%20End/boiler-repairs
https://www.birminghamboilerrepairs.uk/Thimble%20End/combination-boiler-repairs
https://www.birminghamboilerrepairs.uk/Thimble%20End/gas-safety","404
404
404",3,,,0
20,https://www.birminghamboilerrepairs.uk/selly-park/ferroli-specialists,Selly Park Ferroli Specialists | Same Day Service | Fixed Price Quote,text/html; charset=utf-8,false,200,0,0,"https://www.birminghamboilerrepairs.uk/Selly%20Park/boiler-repairs
https://www.birminghamboilerrepairs.uk/Selly%20Park/boiler-servicing
https://www.birminghamboilerrepairs.uk/Selly%20Park/gas-safety","404
404
404",3,,,0
20,https://www.birminghamboilerrepairs.uk/glebe-farm/potterton-specialists,Glebe Farm Potterton Specialists | Same Day Service | Fixed Price Quote,text/html; charset=utf-8,false,200,0,0,"https://www.birminghamboilerrepairs.uk/Glebe%20Farm/boiler-repairs
https://www.birminghamboilerrepairs.uk/Glebe%20Farm/boiler-servicing
https://www.birminghamboilerrepairs.uk/Glebe%20Farm/gas-safety","404
404
404",3,,,0
20,https://www.birminghamboilerrepairs.uk/south-woodgate/ariston-specialists,South Woodgate Ariston Specialists | Same Day Service | Fixed Price Quote,text/html; charset=utf-8,false,200,0,0,"https://www.birminghamboilerrepairs.uk/South%20Woodgate/boiler-repairs
https://www.birminghamboilerrepairs.uk/South%20Woodgate/boiler-servicing
https://www.birminghamboilerrepairs.uk/South%20Woodgate/gas-safety","404
404
404",3,,,0
20,https://www.birminghamboilerrepairs.uk/shard-end/combination-boiler-repairs,Shard End Combination Boiler Repairs | Same Day Service | Fixed Price Quote,text/html; charset=utf-8,false,200,0,0,"https://www.birminghamboilerrepairs.uk/Shard%20End/boiler-repairs
https://www.birminghamboilerrepairs.uk/Shard%20End/boiler-servicing
https://www.birminghamboilerrepairs.uk/Shard%20End/gas-safety","404
404
404",3,,,0
20,https://www.birminghamboilerrepairs.uk/rotton-park/ariston-specialists,Rotton Park Ariston Specialists | Same Day Service | Fixed Price Quote,text/html; charset=utf-8,false,200,0,0,"https://www.birminghamboilerrepairs.uk/Rotton%20Park/boiler-repairs
https://www.birminghamboilerrepairs.uk/Rotton%20Park/boiler-servicing
https://www.birminghamboilerrepairs.uk/Rotton%20Park/gas-safety","404
404
404",3,,,0
20,https://www.birminghamboilerrepairs.uk/perry-barr/baxi-specialists,Perry Barr Baxi Specialists | Same Day Service | Fixed Price Quote,text/html; charset=utf-8,false,200,0,0,"https://www.birminghamboilerrepairs.uk/Perry%20Barr/boiler-repairs
https://www.birminghamboilerrepairs.uk/Perry%20Barr/boiler-servicing
https://www.birminghamboilerrepairs.uk/Perry%20Barr/gas-safety","404
404
404",3,,,0
20,https://www.birminghamboilerrepairs.uk/great-barr/intergas-specialists,Great Barr Intergas Specialists | Same Day Service | Fixed Price Quote,text/html; charset=utf-8,false,200,0,0,"https://www.birminghamboilerrepairs.uk/Great%20Barr/boiler-repairs
https://www.birminghamboilerrepairs.uk/Great%20Barr/boiler-servicing
https://www.birminghamboilerrepairs.uk/Great%20Barr/gas-safety","404
404
404",3,,,0
20,https://www.birminghamboilerrepairs.uk/south-woodgate/baxi-specialists,South Woodgate Baxi Specialists | Same Day Service | Fixed Price Quote,text/html; charset=utf-8,false,200,0,0,"https://www.birminghamboilerrepairs.uk/South%20Woodgate/boiler-repairs
https://www.birminghamboilerrepairs.uk/South%20Woodgate/boiler-servicing
https://www.birminghamboilerrepairs.uk/South%20Woodgate/gas-safety","404
404
404",3,,,0
20,https://www.birminghamboilerrepairs.uk/browns-green/boiler-repairs,Browns Green Boiler Repairs | Same Day Service | Fixed Price Quote,text/html; charset=utf-8,false,200,0,0,"https://www.birminghamboilerrepairs.uk/Browns%20Green/boiler-servicing
https://www.birminghamboilerrepairs.uk/Browns%20Green/combination-boiler-repairs
https://www.birminghamboilerrepairs.uk/Browns%20Green/gas-safety","404
404
404",3,,,0
20,https://www.birminghamboilerrepairs.uk/selly-park/worcester-bosch-specialists,Selly Park Worcester Bosch Specialists | Same Day Service | Fixed Price Quote,text/html; charset=utf-8,false,200,0,0,"https://www.birminghamboilerrepairs.uk/Selly%20Park/boiler-repairs
https://www.birminghamboilerrepairs.uk/Selly%20Park/boiler-servicing
https://www.birminghamboilerrepairs.uk/Selly%20Park/gas-safety","404
404
404",3,,,0
20,https://www.birminghamboilerrepairs.uk/brandwood-end/intergas-specialists,Brandwood End Intergas Specialists | Same Day Service | Fixed Price Quote,text/html; charset=utf-8,false,200,0,0,"https://www.birminghamboilerrepairs.uk/Brandwood%20End/boiler-repairs
https://www.birminghamboilerrepairs.uk/Brandwood%20End/boiler-servicing
https://www.birminghamboilerrepairs.uk/Brandwood%20End/gas-safety","404
404
404",3,,,0
20,https://www.birminghamboilerrepairs.uk/ten-acres/vaillant-specialists,Ten Acres Vaillant Specialists | Same Day Service | Fixed Price Quote,text/html; charset=utf-8,false,200,0,0,"https://www.birminghamboilerrepairs.uk/Ten%20Acres/boiler-repairs
https://www.birminghamboilerrepairs.uk/Ten%20Acres/boiler-servicing
https://www.birminghamboilerrepairs.uk/Ten%20Acres/gas-safety","404
404
404",3,,,0
20,https://www.birminghamboilerrepairs.uk/pype-hayes/ariston-specialists,Pype Hayes Ariston Specialists | Same Day Service | Fixed Price Quote,text/html; charset=utf-8,false,200,0,0,"https://www.birminghamboilerrepairs.uk/Pype%20Hayes/boiler-repairs
https://www.birminghamboilerrepairs.uk/Pype%20Hayes/boiler-servicing
https://www.birminghamboilerrepairs.uk/Pype%20Hayes/gas-safety","404
404
404",3,,,0
20,https://www.birminghamboilerrepairs.uk/fox-hollies/ideal-boilers-specialists,Fox Hollies Ideal Boilers Specialists | Same Day Service | Fixed Price Quote,text/html; charset=utf-8,false,200,0,0,"https://www.birminghamboilerrepairs.uk/Fox%20Hollies/boiler-repairs
https://www.birminghamboilerrepairs.uk/Fox%20Hollies/boiler-servicing
https://www.birminghamboilerrepairs.uk/Fox%20Hollies/gas-safety","404
404
404",3,,,0
20,https://www.birminghamboilerrepairs.uk/camp-hill/potterton-specialists,Camp Hill Potterton Specialists | Same Day Service | Fixed Price Quote,text/html; charset=utf-8,false,200,0,0,"https://www.birminghamboilerrepairs.uk/Camp%20Hill/boiler-repairs
https://www.birminghamboilerrepairs.uk/Camp%20Hill/boiler-servicing
https://www.birminghamboilerrepairs.uk/Camp%20Hill/gas-safety","404
404
404",3,,,0
20,https://www.birminghamboilerrepairs.uk/great-barr/boiler-servicing,Great Barr Boiler Servicing | Same Day Service | Fixed Price Quote,text/html; charset=utf-8,false,200,0,0,"https://www.birminghamboilerrepairs.uk/Great%20Barr/boiler-repairs
https://www.birminghamboilerrepairs.uk/Great%20Barr/combination-boiler-repairs
https://www.birminghamboilerrepairs.uk/Great%20Barr/gas-safety","404
404
404",3,,,0
20,https://www.birminghamboilerrepairs.uk/gravelly-hill/ferroli-specialists,Gravelly Hill Ferroli Specialists | Same Day Service | Fixed Price Quote,text/html; charset=utf-8,false,200,0,0,"https://www.birminghamboilerrepairs.uk/Gravelly%20Hill/boiler-repairs
https://www.birminghamboilerrepairs.uk/Gravelly%20Hill/boiler-servicing
https://www.birminghamboilerrepairs.uk/Gravelly%20Hill/gas-safety","404
404
404",3,,,0
20,https://www.birminghamboilerrepairs.uk/gun-quarter/combination-boiler-services,Gun Quarter Combination Boiler Services | Same Day Service | Fixed Price Quote,text/html; charset=utf-8,false,200,0,0,"https://www.birminghamboilerrepairs.uk/Gun%20Quarter/boiler-repairs
https://www.birminghamboilerrepairs.uk/Gun%20Quarter/boiler-servicing
https://www.birminghamboilerrepairs.uk/Gun%20Quarter/gas-safety","404
404
404",3,,,0
20,https://www.birminghamboilerrepairs.uk/rotton-park/glowworm-specialists,Rotton Park Glow-worm Specialists | Same Day Service | Fixed Price Quote,text/html; charset=utf-8,false,200,0,0,"https://www.birminghamboilerrepairs.uk/Rotton%20Park/boiler-repairs
https://www.birminghamboilerrepairs.uk/Rotton%20Park/boiler-servicing
https://www.birminghamboilerrepairs.uk/Rotton%20Park/gas-safety","404
404
404",3,,,0
20,https://www.birminghamboilerrepairs.uk/hall-green/combination-boiler-repairs,Hall Green Combination Boiler Repairs | Same Day Service | Fixed Price Quote,text/html; charset=utf-8,false,200,0,0,"https://www.birminghamboilerrepairs.uk/Hall%20Green/boiler-repairs
https://www.birminghamboilerrepairs.uk/Hall%20Green/boiler-servicing
https://www.birminghamboilerrepairs.uk/Hall%20Green/gas-safety","404
404
404",3,,,0
20,https://www.birminghamboilerrepairs.uk/handsworth-wood/main-boiler-specialists,Handsworth Wood Main Specialists | Same Day Service | Fixed Price Quote,text/html; charset=utf-8,false,200,0,0,"https://www.birminghamboilerrepairs.uk/Handsworth%20Wood/boiler-repairs
https://www.birminghamboilerrepairs.uk/Handsworth%20Wood/boiler-servicing
https://www.birminghamboilerrepairs.uk/Handsworth%20Wood/gas-safety","404
404
404",3,,,0
20,https://www.birminghamboilerrepairs.uk/handsworth-wood/atag-specialists,Handsworth Wood Atag Specialists | Same Day Service | Fixed Price Quote,text/html; charset=utf-8,false,200,0,0,"https://www.birminghamboilerrepairs.uk/Handsworth%20Wood/boiler-repairs
https://www.birminghamboilerrepairs.uk/Handsworth%20Wood/boiler-servicing
https://www.birminghamboilerrepairs.uk/Handsworth%20Wood/gas-safety","404
404
404",3,,,0
20,https://www.birminghamboilerrepairs.uk/beech-lanes/biasi-specialists,Beech Lanes Biasi Specialists | Same Day Service | Fixed Price Quote,text/html; charset=utf-8,false,200,0,0,"https://www.birminghamboilerrepairs.uk/Beech%20Lanes/boiler-repairs
https://www.birminghamboilerrepairs.uk/Beech%20Lanes/boiler-servicing
https://www.birminghamboilerrepairs.uk/Beech%20Lanes/gas-safety","404
404
404",3,,,0
20,https://www.birminghamboilerrepairs.uk/kings-heath/combination-boiler-services,Kings Heath Combination Boiler Services | Same Day Service | Fixed Price Quote,text/html; charset=utf-8,false,200,0,0,"https://www.birminghamboilerrepairs.uk/Kings%20Heath/boiler-repairs
https://www.birminghamboilerrepairs.uk/Kings%20Heath/boiler-servicing
https://www.birminghamboilerrepairs.uk/Kings%20Heath/gas-safety","404
404
404",3,,,0
20,https://www.birminghamboilerrepairs.uk/falcon-lodge/combination-boiler-repairs,Falcon Lodge Combination Boiler Repairs | Same Day Service | Fixed Price Quote,text/html; charset=utf-8,false,200,0,0,"https://www.birminghamboilerrepairs.uk/Falcon%20Lodge/boiler-repairs
https://www.birminghamboilerrepairs.uk/Falcon%20Lodge/boiler-servicing
https://www.birminghamboilerrepairs.uk/Falcon%20Lodge/gas-safety","404
404
404",3,,,0
20,https://www.birminghamboilerrepairs.uk/west-midlands/vokera-specialists,West Midlands Vokera Specialists | Same Day Service | Fixed Price Quote,text/html; charset=utf-8,false,200,0,0,"https://www.birminghamboilerrepairs.uk/West%20Midlands/boiler-repairs
https://www.birminghamboilerrepairs.uk/West%20Midlands/boiler-servicing
https://www.birminghamboilerrepairs.uk/West%20Midlands/gas-safety","404
404
404",3,,,0
20,https://www.birminghamboilerrepairs.uk/small-heath/worcester-bosch-specialists,Small Heath Worcester Bosch Specialists | Same Day Service | Fixed Price Quote,text/html; charset=utf-8,false,200,0,0,"https://www.birminghamboilerrepairs.uk/Small%20Heath/boiler-repairs
https://www.birminghamboilerrepairs.uk/Small%20Heath/boiler-servicing
https://www.birminghamboilerrepairs.uk/Small%20Heath/gas-safety","404
404
404",3,,,0
20,https://www.birminghamboilerrepairs.uk/kings-heath/vaillant-specialists,Kings Heath Vaillant Specialists | Same Day Service | Fixed Price Quote,text/html; charset=utf-8,false,200,0,0,"https://www.birminghamboilerrepairs.uk/Kings%20Heath/boiler-repairs
https://www.birminghamboilerrepairs.uk/Kings%20Heath/boiler-servicing
https://www.birminghamboilerrepairs.uk/Kings%20Heath/gas-safety","404
404
404",3,,,0
20,https://www.birminghamboilerrepairs.uk/shard-end/ideal-boilers-specialists,Shard End Ideal Boilers Specialists | Same Day Service | Fixed Price Quote,text/html; charset=utf-8,false,200,0,0,"https://www.birminghamboilerrepairs.uk/Shard%20End/boiler-repairs
https://www.birminghamboilerrepairs.uk/Shard%20End/boiler-servicing
https://www.birminghamboilerrepairs.uk/Shard%20End/gas-safety","404
404
404",3,,,0
20,https://www.birminghamboilerrepairs.uk/grimstock-hill/ariston-specialists,Grimstock Hill Ariston Specialists | Same Day Service | Fixed Price Quote,text/html; charset=utf-8,false,200,0,0,"https://www.birminghamboilerrepairs.uk/Grimstock%20Hill/boiler-repairs
https://www.birminghamboilerrepairs.uk/Grimstock%20Hill/boiler-servicing
https://www.birminghamboilerrepairs.uk/Grimstock%20Hill/gas-safety","404
404
404",3,,,0
20,https://www.birminghamboilerrepairs.uk/spring-vale/worcester-bosch-specialists,Spring Vale Worcester Bosch Specialists | Same Day Service | Fixed Price Quote,text/html; charset=utf-8,false,200,0,0,"https://www.birminghamboilerrepairs.uk/Spring%20Vale/boiler-repairs
https://www.birminghamboilerrepairs.uk/Spring%20Vale/boiler-servicing
https://www.birminghamboilerrepairs.uk/Spring%20Vale/gas-safety","404
404
404",3,,,0
20,https://www.birminghamboilerrepairs.uk/tower-hill/biasi-specialists,Tower Hill Biasi Specialists | Same Day Service | Fixed Price Quote,text/html; charset=utf-8,false,200,0,0,"https://www.birminghamboilerrepairs.uk/Tower%20Hill/boiler-repairs
https://www.birminghamboilerrepairs.uk/Tower%20Hill/boiler-servicing
https://www.birminghamboilerrepairs.uk/Tower%20Hill/gas-safety","404
404
404",3,,,0
20,https://www.birminghamboilerrepairs.uk/gosta-green/heatline-specialists,Gosta Green Heatline Specialists | Same Day Service | Fixed Price Quote,text/html; charset=utf-8,false,200,0,0,"https://www.birminghamboilerrepairs.uk/Gosta%20Green/boiler-repairs
https://www.birminghamboilerrepairs.uk/Gosta%20Green/boiler-servicing
https://www.birminghamboilerrepairs.uk/Gosta%20Green/gas-safety","404
404
404",3,,,0
20,https://www.birminghamboilerrepairs.uk/browns-green/atag-specialists,Browns Green Atag Specialists | Same Day Service | Fixed Price Quote,text/html; charset=utf-8,false,200,0,0,"https://www.birminghamboilerrepairs.uk/Browns%20Green/boiler-repairs
https://www.birminghamboilerrepairs.uk/Browns%20Green/boiler-servicing
https://www.birminghamboilerrepairs.uk/Browns%20Green/gas-safety","404
404
404",3,,,0
20,https://www.birminghamboilerrepairs.uk/selly-park/atag-specialists,Selly Park Atag Specialists | Same Day Service | Fixed Price Quote,text/html; charset=utf-8,false,200,0,0,"https://www.birminghamboilerrepairs.uk/Selly%20Park/boiler-repairs
https://www.birminghamboilerrepairs.uk/Selly%20Park/boiler-servicing
https://www.birminghamboilerrepairs.uk/Selly%20Park/gas-safety","404
404
404",3,,,0
20,https://www.birminghamboilerrepairs.uk/tudor-hill/intergas-specialists,Tudor Hill Intergas Specialists | Same Day Service | Fixed Price Quote,text/html; charset=utf-8,false,200,0,0,"https://www.birminghamboilerrepairs.uk/Tudor%20Hill/boiler-repairs
https://www.birminghamboilerrepairs.uk/Tudor%20Hill/boiler-servicing
https://www.birminghamboilerrepairs.uk/Tudor%20Hill/gas-safety","404
404
404",3,,,0
20,https://www.birminghamboilerrepairs.uk/south-woodgate/vaillant-specialists,South Woodgate Vaillant Specialists | Same Day Service | Fixed Price Quote,text/html; charset=utf-8,false,200,0,0,"https://www.birminghamboilerrepairs.uk/South%20Woodgate/boiler-repairs
https://www.birminghamboilerrepairs.uk/South%20Woodgate/boiler-servicing
https://www.birminghamboilerrepairs.uk/South%20Woodgate/gas-safety","404
404
404",3,,,0
20,https://www.birminghamboilerrepairs.uk/handsworth-wood/vokera-specialists,Handsworth Wood Vokera Specialists | Same Day Service | Fixed Price Quote,text/html; charset=utf-8,false,200,0,0,"https://www.birminghamboilerrepairs.uk/Handsworth%20Wood/boiler-repairs
https://www.birminghamboilerrepairs.uk/Handsworth%20Wood/boiler-servicing
https://www.birminghamboilerrepairs.uk/Handsworth%20Wood/gas-safety","404
404
404",3,,,0
20,https://www.birminghamboilerrepairs.uk/beech-lanes/ideal-boilers-specialists,Beech Lanes Ideal Boilers Specialists | Same Day Service | Fixed Price Quote,text/html; charset=utf-8,false,200,0,0,"https://www.birminghamboilerrepairs.uk/Beech%20Lanes/boiler-repairs
https://www.birminghamboilerrepairs.uk/Beech%20Lanes/boiler-servicing
https://www.birminghamboilerrepairs.uk/Beech%20Lanes/gas-safety","404
404
404",3,,,0
20,https://www.birminghamboilerrepairs.uk/hill-hook/heatline-specialists,Hill Hook Heatline Specialists | Same Day Service | Fixed Price Quote,text/html; charset=utf-8,false,200,0,0,"https://www.birminghamboilerrepairs.uk/Hill%20Hook/boiler-repairs
https://www.birminghamboilerrepairs.uk/Hill%20Hook/boiler-servicing
https://www.birminghamboilerrepairs.uk/Hill%20Hook/gas-safety","404
404
404",3,,,0
20,https://www.birminghamboilerrepairs.uk/brandwood-end/combination-boiler-repairs,Brandwood End Combination Boiler Repairs | Same Day Service | Fixed Price Quote,text/html; charset=utf-8,false,200,0,0,"https://www.birminghamboilerrepairs.uk/Brandwood%20End/boiler-repairs
https://www.birminghamboilerrepairs.uk/Brandwood%20End/boiler-servicing
https://www.birminghamboilerrepairs.uk/Brandwood%20End/gas-safety","404
404
404",3,,,0
20,https://www.birminghamboilerrepairs.uk/the-parade/potterton-specialists,The Parade Potterton Specialists | Same Day Service | Fixed Price Quote,text/html; charset=utf-8,false,200,0,0,"https://www.birminghamboilerrepairs.uk/The%20Parade/boiler-repairs
https://www.birminghamboilerrepairs.uk/The%20Parade/boiler-servicing
https://www.birminghamboilerrepairs.uk/The%20Parade/gas-safety","404
404
404",3,,,0
20,https://www.birminghamboilerrepairs.uk/selly-oak/potterton-specialists,Selly Oak Potterton Specialists | Same Day Service | Fixed Price Quote,text/html; charset=utf-8,false,200,0,0,"https://www.birminghamboilerrepairs.uk/Selly%20Oak/boiler-repairs
https://www.birminghamboilerrepairs.uk/Selly%20Oak/boiler-servicing
https://www.birminghamboilerrepairs.uk/Selly%20Oak/gas-safety","404
404
404",3,,,0
20,https://www.birminghamboilerrepairs.uk/shard-end/ariston-specialists,Shard End Ariston Specialists | Same Day Service | Fixed Price Quote,text/html; charset=utf-8,false,200,0,0,"https://www.birminghamboilerrepairs.uk/Shard%20End/boiler-repairs
https://www.birminghamboilerrepairs.uk/Shard%20End/boiler-servicing
https://www.birminghamboilerrepairs.uk/Shard%20End/gas-safety","404
404
404",3,,,0
20,https://www.birminghamboilerrepairs.uk/aston-fields/combination-boiler-repairs,Aston Fields Combination Boiler Repairs | Same Day Service | Fixed Price Quote,text/html; charset=utf-8,false,200,0,0,"https://www.birminghamboilerrepairs.uk/Aston%20Fields/boiler-repairs
https://www.birminghamboilerrepairs.uk/Aston%20Fields/boiler-servicing
https://www.birminghamboilerrepairs.uk/Aston%20Fields/gas-safety","404
404
404",3,,,0
20,https://www.birminghamboilerrepairs.uk/rowney-green/biasi-specialists,Rowney Green Biasi Specialists | Same Day Service | Fixed Price Quote,text/html; charset=utf-8,false,200,0,0,"https://www.birminghamboilerrepairs.uk/Rowney%20Green/boiler-repairs
https://www.birminghamboilerrepairs.uk/Rowney%20Green/boiler-servicing
https://www.birminghamboilerrepairs.uk/Rowney%20Green/gas-safety","404
404
404",3,,,0
20,https://www.birminghamboilerrepairs.uk/showell-green/worcester-bosch-specialists,Showell Green Worcester Bosch Specialists | Same Day Service | Fixed Price Quote,text/html; charset=utf-8,false,200,0,0,"https://www.birminghamboilerrepairs.uk/Showell%20Green/boiler-repairs
https://www.birminghamboilerrepairs.uk/Showell%20Green/boiler-servicing
https://www.birminghamboilerrepairs.uk/Showell%20Green/gas-safety","404
404
404",3,,,0
20,https://www.birminghamboilerrepairs.uk/stockland-green/potterton-specialists,Stockland Green Potterton Specialists | Same Day Service | Fixed Price Quote,text/html; charset=utf-8,false,200,0,0,"https://www.birminghamboilerrepairs.uk/Stockland%20Green/boiler-repairs
https://www.birminghamboilerrepairs.uk/Stockland%20Green/boiler-servicing
https://www.birminghamboilerrepairs.uk/Stockland%20Green/gas-safety","404
404
404",3,,,0
20,https://www.birminghamboilerrepairs.uk/brandwood-end/ariston-specialists,Brandwood End Ariston Specialists | Same Day Service | Fixed Price Quote,text/html; charset=utf-8,false,200,0,0,"https://www.birminghamboilerrepairs.uk/Brandwood%20End/boiler-repairs
https://www.birminghamboilerrepairs.uk/Brandwood%20End/boiler-servicing
https://www.birminghamboilerrepairs.uk/Brandwood%20End/gas-safety","404
404
404",3,,,0
20,https://www.birminghamboilerrepairs.uk/selly-park/heatline-specialists,Selly Park Heatline Specialists | Same Day Service | Fixed Price Quote,text/html; charset=utf-8,false,200,0,0,"https://www.birminghamboilerrepairs.uk/Selly%20Park/boiler-repairs
https://www.birminghamboilerrepairs.uk/Selly%20Park/boiler-servicing
https://www.birminghamboilerrepairs.uk/Selly%20Park/gas-safety","404
404
404",3,,,0
20,https://www.birminghamboilerrepairs.uk/gospel-oak/atag-specialists,Gospel Oak Atag Specialists | Same Day Service | Fixed Price Quote,text/html; charset=utf-8,false,200,0,0,"https://www.birminghamboilerrepairs.uk/Gospel%20Oak/boiler-repairs
https://www.birminghamboilerrepairs.uk/Gospel%20Oak/boiler-servicing
https://www.birminghamboilerrepairs.uk/Gospel%20Oak/gas-safety","404
404
404",3,,,0
20,https://www.birminghamboilerrepairs.uk/cofton-common/ferroli-specialists,Cofton Common Ferroli Specialists | Same Day Service | Fixed Price Quote,text/html; charset=utf-8,false,200,0,0,"https://www.birminghamboilerrepairs.uk/Cofton%20Common/boiler-repairs
https://www.birminghamboilerrepairs.uk/Cofton%20Common/boiler-servicing
https://www.birminghamboilerrepairs.uk/Cofton%20Common/gas-safety","404
404
404",3,,,0
20,https://www.birminghamboilerrepairs.uk/hill-wood/boiler-servicing,Hill Wood Boiler Servicing | Same Day Service | Fixed Price Quote,text/html; charset=utf-8,false,200,0,0,"https://www.birminghamboilerrepairs.uk/Hill%20Wood/boiler-repairs
https://www.birminghamboilerrepairs.uk/Hill%20Wood/combination-boiler-repairs
https://www.birminghamboilerrepairs.uk/Hill%20Wood/gas-safety","404
404
404",3,,,0
20,https://www.birminghamboilerrepairs.uk/hall-green/heatline-specialists,Hall Green Heatline Specialists | Same Day Service | Fixed Price Quote,text/html; charset=utf-8,false,200,0,0,"https://www.birminghamboilerrepairs.uk/Hall%20Green/boiler-repairs
https://www.birminghamboilerrepairs.uk/Hall%20Green/boiler-servicing
https://www.birminghamboilerrepairs.uk/Hall%20Green/gas-safety","404
404
404",3,,,0
20,https://www.birminghamboilerrepairs.uk/tudor-hill/boiler-repairs,Tudor Hill Boiler Repairs | Same Day Service | Fixed Price Quote,text/html; charset=utf-8,false,200,0,0,"https://www.birminghamboilerrepairs.uk/Tudor%20Hill/boiler-servicing
https://www.birminghamboilerrepairs.uk/Tudor%20Hill/combination-boiler-repairs
https://www.birminghamboilerrepairs.uk/Tudor%20Hill/gas-safety","404
404
404",3,,,0
20,https://www.birminghamboilerrepairs.uk/rowney-green/main-boiler-specialists,Rowney Green Main Specialists | Same Day Service | Fixed Price Quote,text/html; charset=utf-8,false,200,0,0,"https://www.birminghamboilerrepairs.uk/Rowney%20Green/boiler-repairs
https://www.birminghamboilerrepairs.uk/Rowney%20Green/boiler-servicing
https://www.birminghamboilerrepairs.uk/Rowney%20Green/gas-safety","404
404
404",3,,,0
20,https://www.birminghamboilerrepairs.uk/weoley-castle/ariston-specialists,Weoley Castle Ariston Specialists | Same Day Service | Fixed Price Quote,text/html; charset=utf-8,false,200,0,0,"https://www.birminghamboilerrepairs.uk/Weoley%20Castle/boiler-repairs
https://www.birminghamboilerrepairs.uk/Weoley%20Castle/boiler-servicing
https://www.birminghamboilerrepairs.uk/Weoley%20Castle/gas-safety","404
404
404",3,,,0
20,https://www.birminghamboilerrepairs.uk/cradley-heath/main-boiler-specialists,Cradley Heath Main Specialists | Same Day Service | Fixed Price Quote,text/html; charset=utf-8,false,200,0,0,"https://www.birminghamboilerrepairs.uk/Cradley%20Heath/boiler-repairs
https://www.birminghamboilerrepairs.uk/Cradley%20Heath/boiler-servicing
https://www.birminghamboilerrepairs.uk/Cradley%20Heath/gas-safety","404
404
404",3,,,0
20,https://www.birminghamboilerrepairs.uk/rowney-green/combination-boiler-repairs,Rowney Green Combination Boiler Repairs | Same Day Service | Fixed Price Quote,text/html; charset=utf-8,false,200,0,0,"https://www.birminghamboilerrepairs.uk/Rowney%20Green/boiler-repairs
https://www.birminghamboilerrepairs.uk/Rowney%20Green/boiler-servicing
https://www.birminghamboilerrepairs.uk/Rowney%20Green/gas-safety","404
404
404",3,,,0
20,https://www.birminghamboilerrepairs.uk/handsworth-wood/potterton-specialists,Handsworth Wood Potterton Specialists | Same Day Service | Fixed Price Quote,text/html; charset=utf-8,false,200,0,0,"https://www.birminghamboilerrepairs.uk/Handsworth%20Wood/boiler-repairs
https://www.birminghamboilerrepairs.uk/Handsworth%20Wood/boiler-servicing
https://www.birminghamboilerrepairs.uk/Handsworth%20Wood/gas-safety","404
404
404",3,,,0
20,https://www.birminghamboilerrepairs.uk/hodge-hill/vaillant-specialists,Hodge Hill Vaillant Specialists | Same Day Service | Fixed Price Quote,text/html; charset=utf-8,false,200,0,0,"https://www.birminghamboilerrepairs.uk/Hodge%20Hill/boiler-repairs
https://www.birminghamboilerrepairs.uk/Hodge%20Hill/boiler-servicing
https://www.birminghamboilerrepairs.uk/Hodge%20Hill/gas-safety","404
404
404",3,,,0
20,https://www.birminghamboilerrepairs.uk/browns-green/potterton-specialists,Browns Green Potterton Specialists | Same Day Service | Fixed Price Quote,text/html; charset=utf-8,false,200,0,0,"https://www.birminghamboilerrepairs.uk/Browns%20Green/boiler-repairs
https://www.birminghamboilerrepairs.uk/Browns%20Green/boiler-servicing
https://www.birminghamboilerrepairs.uk/Browns%20Green/gas-safety","404
404
404",3,,,0
20,https://www.birminghamboilerrepairs.uk/over-green/glowworm-specialists,Over Green Glow-worm Specialists | Same Day Service | Fixed Price Quote,text/html; charset=utf-8,false,200,0,0,"https://www.birminghamboilerrepairs.uk/Over%20Green/boiler-repairs
https://www.birminghamboilerrepairs.uk/Over%20Green/boiler-servicing
https://www.birminghamboilerrepairs.uk/Over%20Green/gas-safety","404
404
404",3,,,0
20,https://www.birminghamboilerrepairs.uk/garretts-green/combination-boiler-repairs,Garretts Green Combination Boiler Repairs | Same Day Service | Fixed Price Quote,text/html; charset=utf-8,false,200,0,0,"https://www.birminghamboilerrepairs.uk/Garretts%20Green/boiler-repairs
https://www.birminghamboilerrepairs.uk/Garretts%20Green/boiler-servicing
https://www.birminghamboilerrepairs.uk/Garretts%20Green/gas-safety","404
404
404",3,,,0
20,https://www.birminghamboilerrepairs.uk/pype-hayes/potterton-specialists,Pype Hayes Potterton Specialists | Same Day Service | Fixed Price Quote,text/html; charset=utf-8,false,200,0,0,"https://www.birminghamboilerrepairs.uk/Pype%20Hayes/boiler-repairs
https://www.birminghamboilerrepairs.uk/Pype%20Hayes/boiler-servicing
https://www.birminghamboilerrepairs.uk/Pype%20Hayes/gas-safety","404
404
404",3,,,0
20,https://www.birminghamboilerrepairs.uk/great-barr/potterton-specialists,Great Barr Potterton Specialists | Same Day Service | Fixed Price Quote,text/html; charset=utf-8,false,200,0,0,"https://www.birminghamboilerrepairs.uk/Great%20Barr/boiler-repairs
https://www.birminghamboilerrepairs.uk/Great%20Barr/boiler-servicing
https://www.birminghamboilerrepairs.uk/Great%20Barr/gas-safety","404
404
404",3,,,0
20,https://www.birminghamboilerrepairs.uk/weoley-castle/baxi-specialists,Weoley Castle Baxi Specialists | Same Day Service | Fixed Price Quote,text/html; charset=utf-8,false,200,0,0,"https://www.birminghamboilerrepairs.uk/Weoley%20Castle/boiler-repairs
https://www.birminghamboilerrepairs.uk/Weoley%20Castle/boiler-servicing
https://www.birminghamboilerrepairs.uk/Weoley%20Castle/gas-safety","404
404
404",3,,,0
20,https://www.birminghamboilerrepairs.uk/birches-green/combination-boiler-services,Birches Green Combination Boiler Services | Same Day Service | Fixed Price Quote,text/html; charset=utf-8,false,200,0,0,"https://www.birminghamboilerrepairs.uk/Birches%20Green/boiler-repairs
https://www.birminghamboilerrepairs.uk/Birches%20Green/boiler-servicing
https://www.birminghamboilerrepairs.uk/Birches%20Green/gas-safety","404
404
404",3,,,0
20,https://www.birminghamboilerrepairs.uk/reddicap-heath/biasi-specialists,Reddicap Heath Biasi Specialists | Same Day Service | Fixed Price Quote,text/html; charset=utf-8,false,200,0,0,"https://www.birminghamboilerrepairs.uk/Reddicap%20Heath/boiler-repairs
https://www.birminghamboilerrepairs.uk/Reddicap%20Heath/boiler-servicing
https://www.birminghamboilerrepairs.uk/Reddicap%20Heath/gas-safety","404
404
404",3,,,0
20,https://www.birminghamboilerrepairs.uk/gib-heath/boiler-repairs,Gib Heath Boiler Repairs | Same Day Service | Fixed Price Quote,text/html; charset=utf-8,false,200,0,0,"https://www.birminghamboilerrepairs.uk/Gib%20Heath/boiler-servicing
https://www.birminghamboilerrepairs.uk/Gib%20Heath/combination-boiler-repairs
https://www.birminghamboilerrepairs.uk/Gib%20Heath/gas-safety","404
404
404",3,,,0
20,https://www.birminghamboilerrepairs.uk/brandwood-end/atag-specialists,Brandwood End Atag Specialists | Same Day Service | Fixed Price Quote,text/html; charset=utf-8,false,200,0,0,"https://www.birminghamboilerrepairs.uk/Brandwood%20End/boiler-repairs
https://www.birminghamboilerrepairs.uk/Brandwood%20End/boiler-servicing
https://www.birminghamboilerrepairs.uk/Brandwood%20End/gas-safety","404
404
404",3,,,0
20,https://www.birminghamboilerrepairs.uk/castle-vale/heatline-specialists,Castle Vale Heatline Specialists | Same Day Service | Fixed Price Quote,text/html; charset=utf-8,false,200,0,0,"https://www.birminghamboilerrepairs.uk/Castle%20Vale/boiler-repairs
https://www.birminghamboilerrepairs.uk/Castle%20Vale/boiler-servicing
https://www.birminghamboilerrepairs.uk/Castle%20Vale/gas-safety","404
404
404",3,,,0
20,https://www.birminghamboilerrepairs.uk/gib-heath/combination-boiler-repairs,Gib Heath Combination Boiler Repairs | Same Day Service | Fixed Price Quote,text/html; charset=utf-8,false,200,0,0,"https://www.birminghamboilerrepairs.uk/Gib%20Heath/boiler-repairs
https://www.birminghamboilerrepairs.uk/Gib%20Heath/boiler-servicing
https://www.birminghamboilerrepairs.uk/Gib%20Heath/gas-safety","404
404
404",3,,,0
20,https://www.birminghamboilerrepairs.uk/buckland-end/glowworm-specialists,Buckland End Glow-worm Specialists | Same Day Service | Fixed Price Quote,text/html; charset=utf-8,false,200,0,0,"https://www.birminghamboilerrepairs.uk/Buckland%20End/boiler-repairs
https://www.birminghamboilerrepairs.uk/Buckland%20End/boiler-servicing
https://www.birminghamboilerrepairs.uk/Buckland%20End/gas-safety","404
404
404",3,,,0
20,https://www.birminghamboilerrepairs.uk/kings-norton/boiler-repairs,Kings Norton Boiler Repairs | Same Day Service | Fixed Price Quote,text/html; charset=utf-8,false,200,0,0,"https://www.birminghamboilerrepairs.uk/Kings%20Norton/boiler-servicing
https://www.birminghamboilerrepairs.uk/Kings%20Norton/combination-boiler-repairs
https://www.birminghamboilerrepairs.uk/Kings%20Norton/gas-safety","404
404
404",3,,,0
20,https://www.birminghamboilerrepairs.uk/shenley-green/viessmann-specialists,Shenley Green Viessmann Specialists | Same Day Service | Fixed Price Quote,text/html; charset=utf-8,false,200,0,0,"https://www.birminghamboilerrepairs.uk/Shenley%20Green/boiler-repairs
https://www.birminghamboilerrepairs.uk/Shenley%20Green/boiler-servicing
https://www.birminghamboilerrepairs.uk/Shenley%20Green/gas-safety","404
404
404",3,,,0
20,https://www.birminghamboilerrepairs.uk/fox-hollies/intergas-specialists,Fox Hollies Intergas Specialists | Same Day Service | Fixed Price Quote,text/html; charset=utf-8,false,200,0,0,"https://www.birminghamboilerrepairs.uk/Fox%20Hollies/boiler-repairs
https://www.birminghamboilerrepairs.uk/Fox%20Hollies/boiler-servicing
https://www.birminghamboilerrepairs.uk/Fox%20Hollies/gas-safety","404
404
404",3,,,0
20,https://www.birminghamboilerrepairs.uk/sutton-coldfield/combination-boiler-repairs,Sutton Coldfield Combination Boiler Repairs | Same Day Service | Fixed Price Quote,text/html; charset=utf-8,false,200,0,0,"https://www.birminghamboilerrepairs.uk/Sutton%20Coldfield/boiler-repairs
https://www.birminghamboilerrepairs.uk/Sutton%20Coldfield/boiler-servicing
https://www.birminghamboilerrepairs.uk/Sutton%20Coldfield/gas-safety","404
404
404",3,,,0
20,https://www.birminghamboilerrepairs.uk/west-bromwich/ferroli-specialists,West Bromwich Ferroli Specialists | Same Day Service | Fixed Price Quote,text/html; charset=utf-8,false,200,0,0,"https://www.birminghamboilerrepairs.uk/West%20Bromwich/boiler-repairs
https://www.birminghamboilerrepairs.uk/West%20Bromwich/boiler-servicing
https://www.birminghamboilerrepairs.uk/West%20Bromwich/gas-safety","404
404
404",3,,,0
20,https://www.birminghamboilerrepairs.uk/garretts-green/gas-safety,Garretts Green Gas Safety Inspections | Same Day Service | Fixed Price Quote,text/html; charset=utf-8,false,200,0,0,"https://www.birminghamboilerrepairs.uk/Garretts%20Green/boiler-repairs
https://www.birminghamboilerrepairs.uk/Garretts%20Green/boiler-servicing
https://www.birminghamboilerrepairs.uk/Garretts%20Green/combination-boiler-repairs","404
404
404",3,,,0
20,https://www.birminghamboilerrepairs.uk/thimble-end/baxi-specialists,Thimble End Baxi Specialists | Same Day Service | Fixed Price Quote,text/html; charset=utf-8,false,200,0,0,"https://www.birminghamboilerrepairs.uk/Thimble%20End/boiler-repairs
https://www.birminghamboilerrepairs.uk/Thimble%20End/boiler-servicing
https://www.birminghamboilerrepairs.uk/Thimble%20End/gas-safety","404
404
404",3,,,0
20,https://www.birminghamboilerrepairs.uk/thimble-end/atag-specialists,Thimble End Atag Specialists | Same Day Service | Fixed Price Quote,text/html; charset=utf-8,false,200,0,0,"https://www.birminghamboilerrepairs.uk/Thimble%20End/boiler-repairs
https://www.birminghamboilerrepairs.uk/Thimble%20End/boiler-servicing
https://www.birminghamboilerrepairs.uk/Thimble%20End/gas-safety","404
404
404",3,,,0
20,https://www.birminghamboilerrepairs.uk/west-heath/potterton-specialists,West Heath Potterton Specialists | Same Day Service | Fixed Price Quote,text/html; charset=utf-8,false,200,0,0,"https://www.birminghamboilerrepairs.uk/West%20Heath/boiler-repairs
https://www.birminghamboilerrepairs.uk/West%20Heath/boiler-servicing
https://www.birminghamboilerrepairs.uk/West%20Heath/gas-safety","404
404
404",3,,,0
20,https://www.birminghamboilerrepairs.uk/the-parade/ferroli-specialists,The Parade Ferroli Specialists | Same Day Service | Fixed Price Quote,text/html; charset=utf-8,false,200,0,0,"https://www.birminghamboilerrepairs.uk/The%20Parade/boiler-repairs
https://www.birminghamboilerrepairs.uk/The%20Parade/boiler-servicing
https://www.birminghamboilerrepairs.uk/The%20Parade/gas-safety","404
404
404",3,,,0
20,https://www.birminghamboilerrepairs.uk/buckland-end/worcester-bosch-specialists,Buckland End Worcester Bosch Specialists | Same Day Service | Fixed Price Quote,text/html; charset=utf-8,false,200,0,0,"https://www.birminghamboilerrepairs.uk/Buckland%20End/boiler-repairs
https://www.birminghamboilerrepairs.uk/Buckland%20End/boiler-servicing
https://www.birminghamboilerrepairs.uk/Buckland%20End/gas-safety","404
404
404",3,,,0
20,https://www.birminghamboilerrepairs.uk/west-heath/intergas-specialists,West Heath Intergas Specialists | Same Day Service | Fixed Price Quote,text/html; charset=utf-8,false,200,0,0,"https://www.birminghamboilerrepairs.uk/West%20Heath/boiler-repairs
https://www.birminghamboilerrepairs.uk/West%20Heath/boiler-servicing
https://www.birminghamboilerrepairs.uk/West%20Heath/gas-safety","404
404
404",3,,,0
20,https://www.birminghamboilerrepairs.uk/tile-cross/potterton-specialists,Tile Cross Potterton Specialists | Same Day Service | Fixed Price Quote,text/html; charset=utf-8,false,200,0,0,"https://www.birminghamboilerrepairs.uk/Tile%20Cross/boiler-repairs
https://www.birminghamboilerrepairs.uk/Tile%20Cross/boiler-servicing
https://www.birminghamboilerrepairs.uk/Tile%20Cross/gas-safety","404
404
404",3,,,0
20,https://www.birminghamboilerrepairs.uk/gib-heath/heatline-specialists,Gib Heath Heatline Specialists | Same Day Service | Fixed Price Quote,text/html; charset=utf-8,false,200,0,0,"https://www.birminghamboilerrepairs.uk/Gib%20Heath/boiler-repairs
https://www.birminghamboilerrepairs.uk/Gib%20Heath/boiler-servicing
https://www.birminghamboilerrepairs.uk/Gib%20Heath/gas-safety","404
404
404",3,,,0
20,https://www.birminghamboilerrepairs.uk/sutton-coldfield/ferroli-specialists,Sutton Coldfield Ferroli Specialists | Same Day Service | Fixed Price Quote,text/html; charset=utf-8,false,200,0,0,"https://www.birminghamboilerrepairs.uk/Sutton%20Coldfield/boiler-repairs
https://www.birminghamboilerrepairs.uk/Sutton%20Coldfield/boiler-servicing
https://www.birminghamboilerrepairs.uk/Sutton%20Coldfield/gas-safety","404
404
404",3,,,0
20,https://www.birminghamboilerrepairs.uk/selly-oak/vaillant-specialists,Selly Oak Vaillant Specialists | Same Day Service | Fixed Price Quote,text/html; charset=utf-8,false,200,0,0,"https://www.birminghamboilerrepairs.uk/Selly%20Oak/boiler-repairs
https://www.birminghamboilerrepairs.uk/Selly%20Oak/boiler-servicing
https://www.birminghamboilerrepairs.uk/Selly%20Oak/gas-safety","404
404
404",3,,,0
20,https://www.birminghamboilerrepairs.uk/south-woodgate/biasi-specialists,South Woodgate Biasi Specialists | Same Day Service | Fixed Price Quote,text/html; charset=utf-8,false,200,0,0,"https://www.birminghamboilerrepairs.uk/South%20Woodgate/boiler-repairs
https://www.birminghamboilerrepairs.uk/South%20Woodgate/boiler-servicing
https://www.birminghamboilerrepairs.uk/South%20Woodgate/gas-safety","404
404
404",3,,,0
20,https://www.birminghamboilerrepairs.uk/gib-heath/glowworm-specialists,Gib Heath Glow-worm Specialists | Same Day Service | Fixed Price Quote,text/html; charset=utf-8,false,200,0,0,"https://www.birminghamboilerrepairs.uk/Gib%20Heath/boiler-repairs
https://www.birminghamboilerrepairs.uk/Gib%20Heath/boiler-servicing
https://www.birminghamboilerrepairs.uk/Gib%20Heath/gas-safety","404
404
404",3,,,0
20,https://www.birminghamboilerrepairs.uk/reddicap-heath/worcester-bosch-specialists,Reddicap Heath Worcester Bosch Specialists | Same Day Service | Fixed Price Quote,text/html; charset=utf-8,false,200,0,0,"https://www.birminghamboilerrepairs.uk/Reddicap%20Heath/boiler-repairs
https://www.birminghamboilerrepairs.uk/Reddicap%20Heath/boiler-servicing
https://www.birminghamboilerrepairs.uk/Reddicap%20Heath/gas-safety","404
404
404",3,,,0
20,https://www.birminghamboilerrepairs.uk/ten-acres/potterton-specialists,Ten Acres Potterton Specialists | Same Day Service | Fixed Price Quote,text/html; charset=utf-8,false,200,0,0,"https://www.birminghamboilerrepairs.uk/Ten%20Acres/boiler-repairs
https://www.birminghamboilerrepairs.uk/Ten%20Acres/boiler-servicing
https://www.birminghamboilerrepairs.uk/Ten%20Acres/gas-safety","404
404
404",3,,,0
20,https://www.birminghamboilerrepairs.uk/gib-heath/vokera-specialists,Gib Heath Vokera Specialists | Same Day Service | Fixed Price Quote,text/html; charset=utf-8,false,200,0,0,"https://www.birminghamboilerrepairs.uk/Gib%20Heath/boiler-repairs
https://www.birminghamboilerrepairs.uk/Gib%20Heath/boiler-servicing
https://www.birminghamboilerrepairs.uk/Gib%20Heath/gas-safety","404
404
404",3,,,0
20,https://www.birminghamboilerrepairs.uk/brandwood-end/gas-safety,Brandwood End Gas Safety Inspections | Same Day Service | Fixed Price Quote,text/html; charset=utf-8,false,200,0,0,"https://www.birminghamboilerrepairs.uk/Brandwood%20End/boiler-repairs
https://www.birminghamboilerrepairs.uk/Brandwood%20End/boiler-servicing
https://www.birminghamboilerrepairs.uk/Brandwood%20End/combination-boiler-repairs","404
404
404",3,,,0
20,https://www.birminghamboilerrepairs.uk/gospel-oak/ideal-boilers-specialists,Gospel Oak Ideal Boilers Specialists | Same Day Service | Fixed Price Quote,text/html; charset=utf-8,false,200,0,0,"https://www.birminghamboilerrepairs.uk/Gospel%20Oak/boiler-repairs
https://www.birminghamboilerrepairs.uk/Gospel%20Oak/boiler-servicing
https://www.birminghamboilerrepairs.uk/Gospel%20Oak/gas-safety","404
404
404",3,,,0
20,https://www.birminghamboilerrepairs.uk/chad-valley/ferroli-specialists,Chad Valley Ferroli Specialists | Same Day Service | Fixed Price Quote,text/html; charset=utf-8,false,200,0,0,"https://www.birminghamboilerrepairs.uk/Chad%20Valley/boiler-repairs
https://www.birminghamboilerrepairs.uk/Chad%20Valley/boiler-servicing
https://www.birminghamboilerrepairs.uk/Chad%20Valley/gas-safety","404
404
404",3,,,0
20,https://www.birminghamboilerrepairs.uk/spring-vale/combination-boiler-services,Spring Vale Combination Boiler Services | Same Day Service | Fixed Price Quote,text/html; charset=utf-8,false,200,0,0,"https://www.birminghamboilerrepairs.uk/Spring%20Vale/boiler-repairs
https://www.birminghamboilerrepairs.uk/Spring%20Vale/boiler-servicing
https://www.birminghamboilerrepairs.uk/Spring%20Vale/gas-safety","404
404
404",3,,,0
20,https://www.birminghamboilerrepairs.uk/astwood-bank/potterton-specialists,Astwood Bank Potterton Specialists | Same Day Service | Fixed Price Quote,text/html; charset=utf-8,false,200,0,0,"https://www.birminghamboilerrepairs.uk/Astwood%20Bank/boiler-repairs
https://www.birminghamboilerrepairs.uk/Astwood%20Bank/boiler-servicing
https://www.birminghamboilerrepairs.uk/Astwood%20Bank/gas-safety","404
404
404",3,,,0
20,https://www.birminghamboilerrepairs.uk/cradley-heath/viessmann-specialists,Cradley Heath Viessmann Specialists | Same Day Service | Fixed Price Quote,text/html; charset=utf-8,false,200,0,0,"https://www.birminghamboilerrepairs.uk/Cradley%20Heath/boiler-repairs
https://www.birminghamboilerrepairs.uk/Cradley%20Heath/boiler-servicing
https://www.birminghamboilerrepairs.uk/Cradley%20Heath/gas-safety","404
404
404",3,,,0
20,https://www.birminghamboilerrepairs.uk/four-oaks/glowworm-specialists,Four Oaks Glow-worm Specialists | Same Day Service | Fixed Price Quote,text/html; charset=utf-8,false,200,0,0,"https://www.birminghamboilerrepairs.uk/Four%20Oaks/boiler-repairs
https://www.birminghamboilerrepairs.uk/Four%20Oaks/boiler-servicing
https://www.birminghamboilerrepairs.uk/Four%20Oaks/gas-safety","404
404
404",3,,,0
20,https://www.birminghamboilerrepairs.uk/highters-heath/ariston-specialists,Highters Heath Ariston Specialists | Same Day Service | Fixed Price Quote,text/html; charset=utf-8,false,200,0,0,"https://www.birminghamboilerrepairs.uk/Highters%20Heath/boiler-repairs
https://www.birminghamboilerrepairs.uk/Highters%20Heath/boiler-servicing
https://www.birminghamboilerrepairs.uk/Highters%20Heath/gas-safety","404
404
404",3,,,0
20,https://www.birminghamboilerrepairs.uk/west-midlands/boiler-repairs,West Midlands Boiler Repairs | Same Day Service | Fixed Price Quote,text/html; charset=utf-8,false,200,0,0,"https://www.birminghamboilerrepairs.uk/West%20Midlands/boiler-servicing
https://www.birminghamboilerrepairs.uk/West%20Midlands/combination-boiler-repairs
https://www.birminghamboilerrepairs.uk/West%20Midlands/gas-safety","404
404
404",3,,,0
20,https://www.birminghamboilerrepairs.uk/fox-hollies/baxi-specialists,Fox Hollies Baxi Specialists | Same Day Service | Fixed Price Quote,text/html; charset=utf-8,false,200,0,0,"https://www.birminghamboilerrepairs.uk/Fox%20Hollies/boiler-repairs
https://www.birminghamboilerrepairs.uk/Fox%20Hollies/boiler-servicing
https://www.birminghamboilerrepairs.uk/Fox%20Hollies/gas-safety","404
404
404",3,,,0
20,https://www.birminghamboilerrepairs.uk/perry-beeches/gas-safety,Perry Beeches Gas Safety Inspections | Same Day Service | Fixed Price Quote,text/html; charset=utf-8,false,200,0,0,"https://www.birminghamboilerrepairs.uk/Perry%20Beeches/boiler-repairs
https://www.birminghamboilerrepairs.uk/Perry%20Beeches/boiler-servicing
https://www.birminghamboilerrepairs.uk/Perry%20Beeches/combination-boiler-repairs","404
404
404",3,,,0
20,https://www.birminghamboilerrepairs.uk/fox-hollies/vokera-specialists,Fox Hollies Vokera Specialists | Same Day Service | Fixed Price Quote,text/html; charset=utf-8,false,200,0,0,"https://www.birminghamboilerrepairs.uk/Fox%20Hollies/boiler-repairs
https://www.birminghamboilerrepairs.uk/Fox%20Hollies/boiler-servicing
https://www.birminghamboilerrepairs.uk/Fox%20Hollies/gas-safety","404
404
404",3,,,0
20,https://www.birminghamboilerrepairs.uk/the-parade/atag-specialists,The Parade Atag Specialists | Same Day Service | Fixed Price Quote,text/html; charset=utf-8,false,200,0,0,"https://www.birminghamboilerrepairs.uk/The%20Parade/boiler-repairs
https://www.birminghamboilerrepairs.uk/The%20Parade/boiler-servicing
https://www.birminghamboilerrepairs.uk/The%20Parade/gas-safety","404
404
404",3,,,0
20,https://www.birminghamboilerrepairs.uk/perry-beeches/ferroli-specialists,Perry Beeches Ferroli Specialists | Same Day Service | Fixed Price Quote,text/html; charset=utf-8,false,200,0,0,"https://www.birminghamboilerrepairs.uk/Perry%20Beeches/boiler-repairs
https://www.birminghamboilerrepairs.uk/Perry%20Beeches/boiler-servicing
https://www.birminghamboilerrepairs.uk/Perry%20Beeches/gas-safety","404
404
404",3,,,0
20,https://www.birminghamboilerrepairs.uk/west-heath/baxi-specialists,West Heath Baxi Specialists | Same Day Service | Fixed Price Quote,text/html; charset=utf-8,false,200,0,0,"https://www.birminghamboilerrepairs.uk/West%20Heath/boiler-repairs
https://www.birminghamboilerrepairs.uk/West%20Heath/boiler-servicing
https://www.birminghamboilerrepairs.uk/West%20Heath/gas-safety","404
404
404",3,,,0
20,https://www.birminghamboilerrepairs.uk/beech-lanes/heatline-specialists,Beech Lanes Heatline Specialists | Same Day Service | Fixed Price Quote,text/html; charset=utf-8,false,200,0,0,"https://www.birminghamboilerrepairs.uk/Beech%20Lanes/boiler-repairs
https://www.birminghamboilerrepairs.uk/Beech%20Lanes/boiler-servicing
https://www.birminghamboilerrepairs.uk/Beech%20Lanes/gas-safety","404
404
404",3,,,0
20,https://www.birminghamboilerrepairs.uk/showell-green/ferroli-specialists,Showell Green Ferroli Specialists | Same Day Service | Fixed Price Quote,text/html; charset=utf-8,false,200,0,0,"https://www.birminghamboilerrepairs.uk/Showell%20Green/boiler-repairs
https://www.birminghamboilerrepairs.uk/Showell%20Green/boiler-servicing
https://www.birminghamboilerrepairs.uk/Showell%20Green/gas-safety","404
404
404",3,,,0
20,https://www.birminghamboilerrepairs.uk/cofton-common/potterton-specialists,Cofton Common Potterton Specialists | Same Day Service | Fixed Price Quote,text/html; charset=utf-8,false,200,0,0,"https://www.birminghamboilerrepairs.uk/Cofton%20Common/boiler-repairs
https://www.birminghamboilerrepairs.uk/Cofton%20Common/boiler-servicing
https://www.birminghamboilerrepairs.uk/Cofton%20Common/gas-safety","404
404
404",3,,,0
20,https://www.birminghamboilerrepairs.uk/the-parade/boiler-repairs,The Parade Boiler Repairs | Same Day Service | Fixed Price Quote,text/html; charset=utf-8,false,200,0,0,"https://www.birminghamboilerrepairs.uk/The%20Parade/boiler-servicing
https://www.birminghamboilerrepairs.uk/The%20Parade/combination-boiler-repairs
https://www.birminghamboilerrepairs.uk/The%20Parade/gas-safety","404
404
404",3,,,0
20,https://www.birminghamboilerrepairs.uk/shenley-fields/vaillant-specialists,Shenley Fields Vaillant Specialists | Same Day Service | Fixed Price Quote,text/html; charset=utf-8,false,200,0,0,"https://www.birminghamboilerrepairs.uk/Shenley%20Fields/boiler-repairs
https://www.birminghamboilerrepairs.uk/Shenley%20Fields/boiler-servicing
https://www.birminghamboilerrepairs.uk/Shenley%20Fields/gas-safety","404
404
404",3,,,0
20,https://www.birminghamboilerrepairs.uk/castle-vale/ferroli-specialists,Castle Vale Ferroli Specialists | Same Day Service | Fixed Price Quote,text/html; charset=utf-8,false,200,0,0,"https://www.birminghamboilerrepairs.uk/Castle%20Vale/boiler-repairs
https://www.birminghamboilerrepairs.uk/Castle%20Vale/boiler-servicing
https://www.birminghamboilerrepairs.uk/Castle%20Vale/gas-safety","404
404
404",3,,,0
20,https://www.birminghamboilerrepairs.uk/spring-vale/gas-safety,Spring Vale Gas Safety Inspections | Same Day Service | Fixed Price Quote,text/html; charset=utf-8,false,200,0,0,"https://www.birminghamboilerrepairs.uk/Spring%20Vale/boiler-repairs
https://www.birminghamboilerrepairs.uk/Spring%20Vale/boiler-servicing
https://www.birminghamboilerrepairs.uk/Spring%20Vale/combination-boiler-repairs","404
404
404",3,,,0
20,https://www.birminghamboilerrepairs.uk/great-barr/baxi-specialists,Great Barr Baxi Specialists | Same Day Service | Fixed Price Quote,text/html; charset=utf-8,false,200,0,0,"https://www.birminghamboilerrepairs.uk/Great%20Barr/boiler-repairs
https://www.birminghamboilerrepairs.uk/Great%20Barr/boiler-servicing
https://www.birminghamboilerrepairs.uk/Great%20Barr/gas-safety","404
404
404",3,,,0
20,https://www.birminghamboilerrepairs.uk/gosta-green/baxi-specialists,Gosta Green Baxi Specialists | Same Day Service | Fixed Price Quote,text/html; charset=utf-8,false,200,0,0,"https://www.birminghamboilerrepairs.uk/Gosta%20Green/boiler-repairs
https://www.birminghamboilerrepairs.uk/Gosta%20Green/boiler-servicing
https://www.birminghamboilerrepairs.uk/Gosta%20Green/gas-safety","404
404
404",3,,,0
20,https://www.birminghamboilerrepairs.uk/west-bromwich/intergas-specialists,West Bromwich Intergas Specialists | Same Day Service | Fixed Price Quote,text/html; charset=utf-8,false,200,0,0,"https://www.birminghamboilerrepairs.uk/West%20Bromwich/boiler-repairs
https://www.birminghamboilerrepairs.uk/West%20Bromwich/boiler-servicing
https://www.birminghamboilerrepairs.uk/West%20Bromwich/gas-safety","404
404
404",3,,,0
20,https://www.birminghamboilerrepairs.uk/tile-cross/atag-specialists,Tile Cross Atag Specialists | Same Day Service | Fixed Price Quote,text/html; charset=utf-8,false,200,0,0,"https://www.birminghamboilerrepairs.uk/Tile%20Cross/boiler-repairs
https://www.birminghamboilerrepairs.uk/Tile%20Cross/boiler-servicing
https://www.birminghamboilerrepairs.uk/Tile%20Cross/gas-safety","404
404
404",3,,,0
20,https://www.birminghamboilerrepairs.uk/perry-beeches/alpha-boiler-specialists,Perry Beeches Alpha Specialists | Same Day Service | Fixed Price Quote,text/html; charset=utf-8,false,200,0,0,"https://www.birminghamboilerrepairs.uk/Perry%20Beeches/boiler-repairs
https://www.birminghamboilerrepairs.uk/Perry%20Beeches/boiler-servicing
https://www.birminghamboilerrepairs.uk/Perry%20Beeches/gas-safety","404
404
404",3,,,0
20,https://www.birminghamboilerrepairs.uk/south-woodgate/ideal-boilers-specialists,South Woodgate Ideal Boilers Specialists | Same Day Service | Fixed Price Quote,text/html; charset=utf-8,false,200,0,0,"https://www.birminghamboilerrepairs.uk/South%20Woodgate/boiler-repairs
https://www.birminghamboilerrepairs.uk/South%20Woodgate/boiler-servicing
https://www.birminghamboilerrepairs.uk/South%20Woodgate/gas-safety","404
404
404",3,,,0
20,https://www.birminghamboilerrepairs.uk/gravelly-hill/main-boiler-specialists,Gravelly Hill Main Specialists | Same Day Service | Fixed Price Quote,text/html; charset=utf-8,false,200,0,0,"https://www.birminghamboilerrepairs.uk/Gravelly%20Hill/boiler-repairs
https://www.birminghamboilerrepairs.uk/Gravelly%20Hill/boiler-servicing
https://www.birminghamboilerrepairs.uk/Gravelly%20Hill/gas-safety","404
404
404",3,,,0
20,https://www.birminghamboilerrepairs.uk/perry-common/combination-boiler-repairs,Perry Common Combination Boiler Repairs | Same Day Service | Fixed Price Quote,text/html; charset=utf-8,false,200,0,0,"https://www.birminghamboilerrepairs.uk/Perry%20Common/boiler-repairs
https://www.birminghamboilerrepairs.uk/Perry%20Common/boiler-servicing
https://www.birminghamboilerrepairs.uk/Perry%20Common/gas-safety","404
404
404",3,,,0
20,https://www.birminghamboilerrepairs.uk/browns-green/vaillant-specialists,Browns Green Vaillant Specialists | Same Day Service | Fixed Price Quote,text/html; charset=utf-8,false,200,0,0,"https://www.birminghamboilerrepairs.uk/Browns%20Green/boiler-repairs
https://www.birminghamboilerrepairs.uk/Browns%20Green/boiler-servicing
https://www.birminghamboilerrepairs.uk/Browns%20Green/gas-safety","404
404
404",3,,,0
20,https://www.birminghamboilerrepairs.uk/small-heath/combination-boiler-repairs,Small Heath Combination Boiler Repairs | Same Day Service | Fixed Price Quote,text/html; charset=utf-8,false,200,0,0,"https://www.birminghamboilerrepairs.uk/Small%20Heath/boiler-repairs
https://www.birminghamboilerrepairs.uk/Small%20Heath/boiler-servicing
https://www.birminghamboilerrepairs.uk/Small%20Heath/gas-safety","404
404
404",3,,,0
20,https://www.birminghamboilerrepairs.uk/hall-green/biasi-specialists,Hall Green Biasi Specialists | Same Day Service | Fixed Price Quote,text/html; charset=utf-8,false,200,0,0,"https://www.birminghamboilerrepairs.uk/Hall%20Green/boiler-repairs
https://www.birminghamboilerrepairs.uk/Hall%20Green/boiler-servicing
https://www.birminghamboilerrepairs.uk/Hall%20Green/gas-safety","404
404
404",3,,,0
20,https://www.birminghamboilerrepairs.uk/beech-lanes/main-boiler-specialists,Beech Lanes Main Specialists | Same Day Service | Fixed Price Quote,text/html; charset=utf-8,false,200,0,0,"https://www.birminghamboilerrepairs.uk/Beech%20Lanes/boiler-repairs
https://www.birminghamboilerrepairs.uk/Beech%20Lanes/boiler-servicing
https://www.birminghamboilerrepairs.uk/Beech%20Lanes/gas-safety","404
404
404",3,,,0
20,https://www.birminghamboilerrepairs.uk/chad-valley/glowworm-specialists,Chad Valley Glow-worm Specialists | Same Day Service | Fixed Price Quote,text/html; charset=utf-8,false,200,0,0,"https://www.birminghamboilerrepairs.uk/Chad%20Valley/boiler-repairs
https://www.birminghamboilerrepairs.uk/Chad%20Valley/boiler-servicing
https://www.birminghamboilerrepairs.uk/Chad%20Valley/gas-safety","404
404
404",3,,,0
20,https://www.birminghamboilerrepairs.uk/shenley-fields/potterton-specialists,Shenley Fields Potterton Specialists | Same Day Service | Fixed Price Quote,text/html; charset=utf-8,false,200,0,0,"https://www.birminghamboilerrepairs.uk/Shenley%20Fields/boiler-repairs
https://www.birminghamboilerrepairs.uk/Shenley%20Fields/boiler-servicing
https://www.birminghamboilerrepairs.uk/Shenley%20Fields/gas-safety","404
404
404",3,,,0
20,https://www.birminghamboilerrepairs.uk/thimble-end/combination-boiler-repairs,Thimble End Combination Boiler Repairs | Same Day Service | Fixed Price Quote,text/html; charset=utf-8,false,200,0,0,"https://www.birminghamboilerrepairs.uk/Thimble%20End/boiler-repairs
https://www.birminghamboilerrepairs.uk/Thimble%20End/boiler-servicing
https://www.birminghamboilerrepairs.uk/Thimble%20End/gas-safety","404
404
404",3,,,0
20,https://www.birminghamboilerrepairs.uk/stockland-green/glowworm-specialists,Stockland Green Glow-worm Specialists | Same Day Service | Fixed Price Quote,text/html; charset=utf-8,false,200,0,0,"https://www.birminghamboilerrepairs.uk/Stockland%20Green/boiler-repairs
https://www.birminghamboilerrepairs.uk/Stockland%20Green/boiler-servicing
https://www.birminghamboilerrepairs.uk/Stockland%20Green/gas-safety","404
404
404",3,,,0
20,https://www.birminghamboilerrepairs.uk/hill-wood/alpha-boiler-specialists,Hill Wood Alpha Specialists | Same Day Service | Fixed Price Quote,text/html; charset=utf-8,false,200,0,0,"https://www.birminghamboilerrepairs.uk/Hill%20Wood/boiler-repairs
https://www.birminghamboilerrepairs.uk/Hill%20Wood/boiler-servicing
https://www.birminghamboilerrepairs.uk/Hill%20Wood/gas-safety","404
404
404",3,,,0
20,https://www.birminghamboilerrepairs.uk/glebe-farm/worcester-bosch-specialists,Glebe Farm Worcester Bosch Specialists | Same Day Service | Fixed Price Quote,text/html; charset=utf-8,false,200,0,0,"https://www.birminghamboilerrepairs.uk/Glebe%20Farm/boiler-repairs
https://www.birminghamboilerrepairs.uk/Glebe%20Farm/boiler-servicing
https://www.birminghamboilerrepairs.uk/Glebe%20Farm/gas-safety","404
404
404",3,,,0
20,https://www.birminghamboilerrepairs.uk/hill-hook/baxi-specialists,Hill Hook Baxi Specialists | Same Day Service | Fixed Price Quote,text/html; charset=utf-8,false,200,0,0,"https://www.birminghamboilerrepairs.uk/Hill%20Hook/boiler-repairs
https://www.birminghamboilerrepairs.uk/Hill%20Hook/boiler-servicing
https://www.birminghamboilerrepairs.uk/Hill%20Hook/gas-safety","404
404
404",3,,,0
20,https://www.birminghamboilerrepairs.uk/camp-hill/gas-safety,Camp Hill Gas Safety Inspections | Same Day Service | Fixed Price Quote,text/html; charset=utf-8,false,200,0,0,"https://www.birminghamboilerrepairs.uk/Camp%20Hill/boiler-repairs
https://www.birminghamboilerrepairs.uk/Camp%20Hill/boiler-servicing
https://www.birminghamboilerrepairs.uk/Camp%20Hill/combination-boiler-repairs","404
404
404",3,,,0
20,https://www.birminghamboilerrepairs.uk/kings-norton/gas-safety,Kings Norton Gas Safety Inspections | Same Day Service | Fixed Price Quote,text/html; charset=utf-8,false,200,0,0,"https://www.birminghamboilerrepairs.uk/Kings%20Norton/boiler-repairs
https://www.birminghamboilerrepairs.uk/Kings%20Norton/boiler-servicing
https://www.birminghamboilerrepairs.uk/Kings%20Norton/combination-boiler-repairs","404
404
404",3,,,0
20,https://www.birminghamboilerrepairs.uk/great-barr/combination-boiler-repairs,Great Barr Combination Boiler Repairs | Same Day Service | Fixed Price Quote,text/html; charset=utf-8,false,200,0,0,"https://www.birminghamboilerrepairs.uk/Great%20Barr/boiler-repairs
https://www.birminghamboilerrepairs.uk/Great%20Barr/boiler-servicing
https://www.birminghamboilerrepairs.uk/Great%20Barr/gas-safety","404
404
404",3,,,0
20,https://www.birminghamboilerrepairs.uk/cofton-common/intergas-specialists,Cofton Common Intergas Specialists | Same Day Service | Fixed Price Quote,text/html; charset=utf-8,false,200,0,0,"https://www.birminghamboilerrepairs.uk/Cofton%20Common/boiler-repairs
https://www.birminghamboilerrepairs.uk/Cofton%20Common/boiler-servicing
https://www.birminghamboilerrepairs.uk/Cofton%20Common/gas-safety","404
404
404",3,,,0
20,https://www.birminghamboilerrepairs.uk/perry-beeches/combination-boiler-services,Perry Beeches Combination Boiler Services | Same Day Service | Fixed Price Quote,text/html; charset=utf-8,false,200,0,0,"https://www.birminghamboilerrepairs.uk/Perry%20Beeches/boiler-repairs
https://www.birminghamboilerrepairs.uk/Perry%20Beeches/boiler-servicing
https://www.birminghamboilerrepairs.uk/Perry%20Beeches/gas-safety","404
404
404",3,,,0
20,https://www.birminghamboilerrepairs.uk/tudor-hill/alpha-boiler-specialists,Tudor Hill Alpha Specialists | Same Day Service | Fixed Price Quote,text/html; charset=utf-8,false,200,0,0,"https://www.birminghamboilerrepairs.uk/Tudor%20Hill/boiler-repairs
https://www.birminghamboilerrepairs.uk/Tudor%20Hill/boiler-servicing
https://www.birminghamboilerrepairs.uk/Tudor%20Hill/gas-safety","404
404
404",3,,,0
20,https://www.birminghamboilerrepairs.uk/falcon-lodge/heatline-specialists,Falcon Lodge Heatline Specialists | Same Day Service | Fixed Price Quote,text/html; charset=utf-8,false,200,0,0,"https://www.birminghamboilerrepairs.uk/Falcon%20Lodge/boiler-repairs
https://www.birminghamboilerrepairs.uk/Falcon%20Lodge/boiler-servicing
https://www.birminghamboilerrepairs.uk/Falcon%20Lodge/gas-safety","404
404
404",3,,,0
20,https://www.birminghamboilerrepairs.uk/perry-barr/viessmann-specialists,Perry Barr Viessmann Specialists | Same Day Service | Fixed Price Quote,text/html; charset=utf-8,false,200,0,0,"https://www.birminghamboilerrepairs.uk/Perry%20Barr/boiler-repairs
https://www.birminghamboilerrepairs.uk/Perry%20Barr/boiler-servicing
https://www.birminghamboilerrepairs.uk/Perry%20Barr/gas-safety","404
404
404",3,,,0
20,https://www.birminghamboilerrepairs.uk/camp-hill/glowworm-specialists,Camp Hill Glow-worm Specialists | Same Day Service | Fixed Price Quote,text/html; charset=utf-8,false,200,0,0,"https://www.birminghamboilerrepairs.uk/Camp%20Hill/boiler-repairs
https://www.birminghamboilerrepairs.uk/Camp%20Hill/boiler-servicing
https://www.birminghamboilerrepairs.uk/Camp%20Hill/gas-safety","404
404
404",3,,,0
20,https://www.birminghamboilerrepairs.uk/shenley-fields/glowworm-specialists,Shenley Fields Glow-worm Specialists | Same Day Service | Fixed Price Quote,text/html; charset=utf-8,false,200,0,0,"https://www.birminghamboilerrepairs.uk/Shenley%20Fields/boiler-repairs
https://www.birminghamboilerrepairs.uk/Shenley%20Fields/boiler-servicing
https://www.birminghamboilerrepairs.uk/Shenley%20Fields/gas-safety","404
404
404",3,,,0
20,https://www.birminghamboilerrepairs.uk/old-oscott/combination-boiler-services,Old Oscott Combination Boiler Services | Same Day Service | Fixed Price Quote,text/html; charset=utf-8,false,200,0,0,"https://www.birminghamboilerrepairs.uk/Old%20Oscott/boiler-repairs
https://www.birminghamboilerrepairs.uk/Old%20Oscott/boiler-servicing
https://www.birminghamboilerrepairs.uk/Old%20Oscott/gas-safety","404
404
404",3,,,0
20,https://www.birminghamboilerrepairs.uk/west-heath/glowworm-specialists,West Heath Glow-worm Specialists | Same Day Service | Fixed Price Quote,text/html; charset=utf-8,false,200,0,0,"https://www.birminghamboilerrepairs.uk/West%20Heath/boiler-repairs
https://www.birminghamboilerrepairs.uk/West%20Heath/boiler-servicing
https://www.birminghamboilerrepairs.uk/West%20Heath/gas-safety","404
404
404",3,,,0
20,https://www.birminghamboilerrepairs.uk/weoley-castle/main-boiler-specialists,Weoley Castle Main Specialists | Same Day Service | Fixed Price Quote,text/html; charset=utf-8,false,200,0,0,"https://www.birminghamboilerrepairs.uk/Weoley%20Castle/boiler-repairs
https://www.birminghamboilerrepairs.uk/Weoley%20Castle/boiler-servicing
https://www.birminghamboilerrepairs.uk/Weoley%20Castle/gas-safety","404
404
404",3,,,0
20,https://www.birminghamboilerrepairs.uk/west-heath/ferroli-specialists,West Heath Ferroli Specialists | Same Day Service | Fixed Price Quote,text/html; charset=utf-8,false,200,0,0,"https://www.birminghamboilerrepairs.uk/West%20Heath/boiler-repairs
https://www.birminghamboilerrepairs.uk/West%20Heath/boiler-servicing
https://www.birminghamboilerrepairs.uk/West%20Heath/gas-safety","404
404
404",3,,,0
20,https://www.birminghamboilerrepairs.uk/birches-green/alpha-boiler-specialists,Birches Green Alpha Specialists | Same Day Service | Fixed Price Quote,text/html; charset=utf-8,false,200,0,0,"https://www.birminghamboilerrepairs.uk/Birches%20Green/boiler-repairs
https://www.birminghamboilerrepairs.uk/Birches%20Green/boiler-servicing
https://www.birminghamboilerrepairs.uk/Birches%20Green/gas-safety","404
404
404",3,,,0
20,https://www.birminghamboilerrepairs.uk/rowley-regis/baxi-specialists,Rowley Regis Baxi Specialists | Same Day Service | Fixed Price Quote,text/html; charset=utf-8,false,200,0,0,"https://www.birminghamboilerrepairs.uk/Rowley%20Regis/boiler-repairs
https://www.birminghamboilerrepairs.uk/Rowley%20Regis/boiler-servicing
https://www.birminghamboilerrepairs.uk/Rowley%20Regis/gas-safety","404
404
404",3,,,0
20,https://www.birminghamboilerrepairs.uk/tower-hill/combination-boiler-services,Tower Hill Combination Boiler Services | Same Day Service | Fixed Price Quote,text/html; charset=utf-8,false,200,0,0,"https://www.birminghamboilerrepairs.uk/Tower%20Hill/boiler-repairs
https://www.birminghamboilerrepairs.uk/Tower%20Hill/boiler-servicing
https://www.birminghamboilerrepairs.uk/Tower%20Hill/gas-safety","404
404
404",3,,,0
20,https://www.birminghamboilerrepairs.uk/beech-lanes/alpha-boiler-specialists,Beech Lanes Alpha Specialists | Same Day Service | Fixed Price Quote,text/html; charset=utf-8,false,200,0,0,"https://www.birminghamboilerrepairs.uk/Beech%20Lanes/boiler-repairs
https://www.birminghamboilerrepairs.uk/Beech%20Lanes/boiler-servicing
https://www.birminghamboilerrepairs.uk/Beech%20Lanes/gas-safety","404
404
404",3,,,0
20,https://www.birminghamboilerrepairs.uk/perry-beeches/ideal-boilers-specialists,Perry Beeches Ideal Boilers Specialists | Same Day Service | Fixed Price Quote,text/html; charset=utf-8,false,200,0,0,"https://www.birminghamboilerrepairs.uk/Perry%20Beeches/boiler-repairs
https://www.birminghamboilerrepairs.uk/Perry%20Beeches/boiler-servicing
https://www.birminghamboilerrepairs.uk/Perry%20Beeches/gas-safety","404
404
404",3,,,0
20,https://www.birminghamboilerrepairs.uk/showell-green/combination-boiler-repairs,Showell Green Combination Boiler Repairs | Same Day Service | Fixed Price Quote,text/html; charset=utf-8,false,200,0,0,"https://www.birminghamboilerrepairs.uk/Showell%20Green/boiler-repairs
https://www.birminghamboilerrepairs.uk/Showell%20Green/boiler-servicing
https://www.birminghamboilerrepairs.uk/Showell%20Green/gas-safety","404
404
404",3,,,0
20,https://www.birminghamboilerrepairs.uk/highters-heath/worcester-bosch-specialists,Highters Heath Worcester Bosch Specialists | Same Day Service | Fixed Price Quote,text/html; charset=utf-8,false,200,0,0,"https://www.birminghamboilerrepairs.uk/Highters%20Heath/boiler-repairs
https://www.birminghamboilerrepairs.uk/Highters%20Heath/boiler-servicing
https://www.birminghamboilerrepairs.uk/Highters%20Heath/gas-safety","404
404
404",3,,,0
20,https://www.birminghamboilerrepairs.uk/tudor-hill/vaillant-specialists,Tudor Hill Vaillant Specialists | Same Day Service | Fixed Price Quote,text/html; charset=utf-8,false,200,0,0,"https://www.birminghamboilerrepairs.uk/Tudor%20Hill/boiler-repairs
https://www.birminghamboilerrepairs.uk/Tudor%20Hill/boiler-servicing
https://www.birminghamboilerrepairs.uk/Tudor%20Hill/gas-safety","404
404
404",3,,,0
20,https://www.birminghamboilerrepairs.uk/castle-vale/vaillant-specialists,Castle Vale Vaillant Specialists | Same Day Service | Fixed Price Quote,text/html; charset=utf-8,false,200,0,0,"https://www.birminghamboilerrepairs.uk/Castle%20Vale/boiler-repairs
https://www.birminghamboilerrepairs.uk/Castle%20Vale/boiler-servicing
https://www.birminghamboilerrepairs.uk/Castle%20Vale/gas-safety","404
404
404",3,,,0
20,https://www.birminghamboilerrepairs.uk/west-midlands/atag-specialists,West Midlands Atag Specialists | Same Day Service | Fixed Price Quote,text/html; charset=utf-8,false,200,0,0,"https://www.birminghamboilerrepairs.uk/West%20Midlands/boiler-repairs
https://www.birminghamboilerrepairs.uk/West%20Midlands/boiler-servicing
https://www.birminghamboilerrepairs.uk/West%20Midlands/gas-safety","404
404
404",3,,,0
20,https://www.birminghamboilerrepairs.uk/cradley-heath/baxi-specialists,Cradley Heath Baxi Specialists | Same Day Service | Fixed Price Quote,text/html; charset=utf-8,false,200,0,0,"https://www.birminghamboilerrepairs.uk/Cradley%20Heath/boiler-repairs
https://www.birminghamboilerrepairs.uk/Cradley%20Heath/boiler-servicing
https://www.birminghamboilerrepairs.uk/Cradley%20Heath/gas-safety","404
404
404",3,,,0
20,https://www.birminghamboilerrepairs.uk/sutton-coldfield/atag-specialists,Sutton Coldfield Atag Specialists | Same Day Service | Fixed Price Quote,text/html; charset=utf-8,false,200,0,0,"https://www.birminghamboilerrepairs.uk/Sutton%20Coldfield/boiler-repairs
https://www.birminghamboilerrepairs.uk/Sutton%20Coldfield/boiler-servicing
https://www.birminghamboilerrepairs.uk/Sutton%20Coldfield/gas-safety","404
404
404",3,,,0
20,https://www.birminghamboilerrepairs.uk/hall-green/viessmann-specialists,Hall Green Viessmann Specialists | Same Day Service | Fixed Price Quote,text/html; charset=utf-8,false,200,0,0,"https://www.birminghamboilerrepairs.uk/Hall%20Green/boiler-repairs
https://www.birminghamboilerrepairs.uk/Hall%20Green/boiler-servicing
https://www.birminghamboilerrepairs.uk/Hall%20Green/gas-safety","404
404
404",3,,,0
20,https://www.birminghamboilerrepairs.uk/hill-hook/vokera-specialists,Hill Hook Vokera Specialists | Same Day Service | Fixed Price Quote,text/html; charset=utf-8,false,200,0,0,"https://www.birminghamboilerrepairs.uk/Hill%20Hook/boiler-repairs
https://www.birminghamboilerrepairs.uk/Hill%20Hook/boiler-servicing
https://www.birminghamboilerrepairs.uk/Hill%20Hook/gas-safety","404
404
404",3,,,0
20,https://www.birminghamboilerrepairs.uk/gosta-green/combination-boiler-services,Gosta Green Combination Boiler Services | Same Day Service | Fixed Price Quote,text/html; charset=utf-8,false,200,0,0,"https://www.birminghamboilerrepairs.uk/Gosta%20Green/boiler-repairs
https://www.birminghamboilerrepairs.uk/Gosta%20Green/boiler-servicing
https://www.birminghamboilerrepairs.uk/Gosta%20Green/gas-safety","404
404
404",3,,,0
20,https://www.birminghamboilerrepairs.uk/gosta-green/glowworm-specialists,Gosta Green Glow-worm Specialists | Same Day Service | Fixed Price Quote,text/html; charset=utf-8,false,200,0,0,"https://www.birminghamboilerrepairs.uk/Gosta%20Green/boiler-repairs
https://www.birminghamboilerrepairs.uk/Gosta%20Green/boiler-servicing
https://www.birminghamboilerrepairs.uk/Gosta%20Green/gas-safety","404
404
404",3,,,0
20,https://www.birminghamboilerrepairs.uk/hay-mills/heatline-specialists,Hay Mills Heatline Specialists | Same Day Service | Fixed Price Quote,text/html; charset=utf-8,false,200,0,0,"https://www.birminghamboilerrepairs.uk/Hay%20Mills/boiler-repairs
https://www.birminghamboilerrepairs.uk/Hay%20Mills/boiler-servicing
https://www.birminghamboilerrepairs.uk/Hay%20Mills/gas-safety","404
404
404",3,,,0
20,https://www.birminghamboilerrepairs.uk/weoley-castle/gas-safety,Weoley Castle Gas Safety Inspections | Same Day Service | Fixed Price Quote,text/html; charset=utf-8,false,200,0,0,"https://www.birminghamboilerrepairs.uk/Weoley%20Castle/boiler-repairs
https://www.birminghamboilerrepairs.uk/Weoley%20Castle/boiler-servicing
https://www.birminghamboilerrepairs.uk/Weoley%20Castle/combination-boiler-repairs","404
404
404",3,,,0
20,https://www.birminghamboilerrepairs.uk/hall-green/intergas-specialists,Hall Green Intergas Specialists | Same Day Service | Fixed Price Quote,text/html; charset=utf-8,false,200,0,0,"https://www.birminghamboilerrepairs.uk/Hall%20Green/boiler-repairs
https://www.birminghamboilerrepairs.uk/Hall%20Green/boiler-servicing
https://www.birminghamboilerrepairs.uk/Hall%20Green/gas-safety","404
404
404",3,,,0
20,https://www.birminghamboilerrepairs.uk/rotton-park/combination-boiler-services,Rotton Park Combination Boiler Services | Same Day Service | Fixed Price Quote,text/html; charset=utf-8,false,200,0,0,"https://www.birminghamboilerrepairs.uk/Rotton%20Park/boiler-repairs
https://www.birminghamboilerrepairs.uk/Rotton%20Park/boiler-servicing
https://www.birminghamboilerrepairs.uk/Rotton%20Park/gas-safety","404
404
404",3,,,0
20,https://www.birminghamboilerrepairs.uk/hay-mills/combination-boiler-services,Hay Mills Combination Boiler Services | Same Day Service | Fixed Price Quote,text/html; charset=utf-8,false,200,0,0,"https://www.birminghamboilerrepairs.uk/Hay%20Mills/boiler-repairs
https://www.birminghamboilerrepairs.uk/Hay%20Mills/boiler-servicing
https://www.birminghamboilerrepairs.uk/Hay%20Mills/gas-safety","404
404
404",3,,,0
20,https://www.birminghamboilerrepairs.uk/rowley-regis/ariston-specialists,Rowley Regis Ariston Specialists | Same Day Service | Fixed Price Quote,text/html; charset=utf-8,false,200,0,0,"https://www.birminghamboilerrepairs.uk/Rowley%20Regis/boiler-repairs
https://www.birminghamboilerrepairs.uk/Rowley%20Regis/boiler-servicing
https://www.birminghamboilerrepairs.uk/Rowley%20Regis/gas-safety","404
404
404",3,,,0
20,https://www.birminghamboilerrepairs.uk/falcon-lodge/boiler-servicing,Falcon Lodge Boiler Servicing | Same Day Service | Fixed Price Quote,text/html; charset=utf-8,false,200,0,0,"https://www.birminghamboilerrepairs.uk/Falcon%20Lodge/boiler-repairs
https://www.birminghamboilerrepairs.uk/Falcon%20Lodge/combination-boiler-repairs
https://www.birminghamboilerrepairs.uk/Falcon%20Lodge/gas-safety","404
404
404",3,,,0
20,https://www.birminghamboilerrepairs.uk/west-midlands/gas-safety,West Midlands Gas Safety Inspections | Same Day Service | Fixed Price Quote,text/html; charset=utf-8,false,200,0,0,"https://www.birminghamboilerrepairs.uk/West%20Midlands/boiler-repairs
https://www.birminghamboilerrepairs.uk/West%20Midlands/boiler-servicing
https://www.birminghamboilerrepairs.uk/West%20Midlands/combination-boiler-repairs","404
404
404",3,,,0
20,https://www.birminghamboilerrepairs.uk/perry-beeches/worcester-bosch-specialists,Perry Beeches Worcester Bosch Specialists | Same Day Service | Fixed Price Quote,text/html; charset=utf-8,false,200,0,0,"https://www.birminghamboilerrepairs.uk/Perry%20Beeches/boiler-repairs
https://www.birminghamboilerrepairs.uk/Perry%20Beeches/boiler-servicing
https://www.birminghamboilerrepairs.uk/Perry%20Beeches/gas-safety","404
404
404",3,,,0
20,https://www.birminghamboilerrepairs.uk/tile-cross/combination-boiler-services,Tile Cross Combination Boiler Services | Same Day Service | Fixed Price Quote,text/html; charset=utf-8,false,200,0,0,"https://www.birminghamboilerrepairs.uk/Tile%20Cross/boiler-repairs
https://www.birminghamboilerrepairs.uk/Tile%20Cross/boiler-servicing
https://www.birminghamboilerrepairs.uk/Tile%20Cross/gas-safety","404
404
404",3,,,0
20,https://www.birminghamboilerrepairs.uk/bordesley-green/ariston-specialists,Bordesley Green Ariston Specialists | Same Day Service | Fixed Price Quote,text/html; charset=utf-8,false,200,0,0,"https://www.birminghamboilerrepairs.uk/Bordesley%20Green/boiler-repairs
https://www.birminghamboilerrepairs.uk/Bordesley%20Green/boiler-servicing
https://www.birminghamboilerrepairs.uk/Bordesley%20Green/gas-safety","404
404
404",3,,,0
20,https://www.birminghamboilerrepairs.uk/selly-oak/heatline-specialists,Selly Oak Heatline Specialists | Same Day Service | Fixed Price Quote,text/html; charset=utf-8,false,200,0,0,"https://www.birminghamboilerrepairs.uk/Selly%20Oak/boiler-repairs
https://www.birminghamboilerrepairs.uk/Selly%20Oak/boiler-servicing
https://www.birminghamboilerrepairs.uk/Selly%20Oak/gas-safety","404
404
404",3,,,0
20,https://www.birminghamboilerrepairs.uk/perry-common/glowworm-specialists,Perry Common Glow-worm Specialists | Same Day Service | Fixed Price Quote,text/html; charset=utf-8,false,200,0,0,"https://www.birminghamboilerrepairs.uk/Perry%20Common/boiler-repairs
https://www.birminghamboilerrepairs.uk/Perry%20Common/boiler-servicing
https://www.birminghamboilerrepairs.uk/Perry%20Common/gas-safety","404
404
404",3,,,0
20,https://www.birminghamboilerrepairs.uk/astwood-bank/combination-boiler-repairs,Astwood Bank Combination Boiler Repairs | Same Day Service | Fixed Price Quote,text/html; charset=utf-8,false,200,0,0,"https://www.birminghamboilerrepairs.uk/Astwood%20Bank/boiler-repairs
https://www.birminghamboilerrepairs.uk/Astwood%20Bank/boiler-servicing
https://www.birminghamboilerrepairs.uk/Astwood%20Bank/gas-safety","404
404
404",3,,,0
20,https://www.birminghamboilerrepairs.uk/old-oscott/heatline-specialists,Old Oscott Heatline Specialists | Same Day Service | Fixed Price Quote,text/html; charset=utf-8,false,200,0,0,"https://www.birminghamboilerrepairs.uk/Old%20Oscott/boiler-repairs
https://www.birminghamboilerrepairs.uk/Old%20Oscott/boiler-servicing
https://www.birminghamboilerrepairs.uk/Old%20Oscott/gas-safety","404
404
404",3,,,0
20,https://www.birminghamboilerrepairs.uk/gun-quarter/vokera-specialists,Gun Quarter Vokera Specialists | Same Day Service | Fixed Price Quote,text/html; charset=utf-8,false,200,0,0,"https://www.birminghamboilerrepairs.uk/Gun%20Quarter/boiler-repairs
https://www.birminghamboilerrepairs.uk/Gun%20Quarter/boiler-servicing
https://www.birminghamboilerrepairs.uk/Gun%20Quarter/gas-safety","404
404
404",3,,,0
20,https://www.birminghamboilerrepairs.uk/pype-hayes/heatline-specialists,Pype Hayes Heatline Specialists | Same Day Service | Fixed Price Quote,text/html; charset=utf-8,false,200,0,0,"https://www.birminghamboilerrepairs.uk/Pype%20Hayes/boiler-repairs
https://www.birminghamboilerrepairs.uk/Pype%20Hayes/boiler-servicing
https://www.birminghamboilerrepairs.uk/Pype%20Hayes/gas-safety","404
404
404",3,,,0
20,https://www.birminghamboilerrepairs.uk/perry-common/combination-boiler-services,Perry Common Combination Boiler Services | Same Day Service | Fixed Price Quote,text/html; charset=utf-8,false,200,0,0,"https://www.birminghamboilerrepairs.uk/Perry%20Common/boiler-repairs
https://www.birminghamboilerrepairs.uk/Perry%20Common/boiler-servicing
https://www.birminghamboilerrepairs.uk/Perry%20Common/gas-safety","404
404
404",3,,,0
