https://www.birminghamboilerrepairs.uk/	4	Transparent Pricing, No Hidden Fees	35	Maintenance Tips	16	Indexable	
https://www.birminghamboilerrepairs.uk/services/ferroli-specialists	2	Ferroli Boiler Specialists	26	Customer Reviews	16	Indexable	
https://www.birminghamboilerrepairs.uk/services/boiler-repairs	2	Boiler Repairs	14	Customer Reviews	16	Indexable	
https://www.birminghamboilerrepairs.uk/services/boiler-servicing	2	Boiler Servicing	16	Customer Reviews	16	Indexable	
https://www.birminghamboilerrepairs.uk/contact	5	Get In Touch	12	Send Us a Message	17	Indexable	
https://www.birminghamboilerrepairs.uk/aston-cross	2	Boiler & Heating Services in Aston Cross	40	Customer Reviews	16	Indexable	
https://www.birminghamboilerrepairs.uk/aston	2	Boiler & Heating Services in Aston	34	Customer Reviews	16	Indexable	
https://www.birminghamboilerrepairs.uk/billesley	2	Boiler & Heating Services in Billesley	38	Customer Reviews	16	Indexable	
https://www.birminghamboilerrepairs.uk/questions/smoke-alarms	3	Smoke Alarm Questions & Answers	31	Smoke Alarm Installation Guide	30	Indexable	
https://www.birminghamboilerrepairs.uk/services/gas-safety	7	Gas Safety Inspections	22	Inspection Pricing	18	Indexable	
https://www.birminghamboilerrepairs.uk/privacy-policy	12	Introduction	12	Information We Collect	22	Indexable	
https://www.birminghamboilerrepairs.uk/acocks-green	2	Boiler & Heating Services in Acocks Green	41	Customer Reviews	16	Indexable	
https://www.birminghamboilerrepairs.uk/questions/gas-safety	3	Frequently Asked Questions	26	Important Additional Information	32	Indexable	
https://www.birminghamboilerrepairs.uk/guides	4	Re-pressurise Your Boiler (No Tools Needed)	43	How to Reset Your Boiler	24	Indexable	
https://www.birminghamboilerrepairs.uk/about	4	Our Story	9	Meet Our Team	13	Indexable	
https://www.birminghamboilerrepairs.uk/bartley-green	2	Boiler & Heating Services in Bartley Green	42	Customer Reviews	16	Indexable	
https://www.birminghamboilerrepairs.uk/beech-lanes	2	Boiler & Heating Services in Beech Lanes	40	Customer Reviews	16	Indexable	
https://www.birminghamboilerrepairs.uk/questions/carbon-monoxide	4	Recognize the Symptoms of Carbon Monoxide Poisoning	51	Carbon Monoxide Questions & Answers	35	Indexable	
https://www.birminghamboilerrepairs.uk/locations	4	Comprehensive Boiler Services Across 152+ Locations	51	Services Available in All Areas	31	Indexable	
https://www.birminghamboilerrepairs.uk/ashted	2	Boiler & Heating Services in Ashted	35	Customer Reviews	16	Indexable	
https://www.birminghamboilerrepairs.uk/austin-village	2	Boiler & Heating Services in Austin Village	43	Customer Reviews	16	Indexable	
https://www.birminghamboilerrepairs.uk/blog	8	Featured Articles	17	Troubleshooting Guides	22	Indexable	
https://www.birminghamboilerrepairs.uk/blog/cold-radiators-troubleshooting	15	Radiators Cold at Bottom? Heating System Troubleshooting Guide	62	Understanding Radiator Problems	31	Indexable	
https://www.birminghamboilerrepairs.uk/blog/emergency-boiler-repair-birmingham	11	Emergency Boiler Repair Birmingham: Quick Help Guide	52	Immediate Steps to Take During a Boiler Emergency	49	Indexable	
https://www.birminghamboilerrepairs.uk/blog/boiler-not-starting-troubleshooting	17	Boiler Not Starting? Quick Troubleshooting Guide	48	Quick Safety Check First	24	Indexable	
https://www.birminghamboilerrepairs.uk/blog/new-boiler-installation-guide	14	New Boiler Installation Guide: How to Choose	44	When Do You Need a New Boiler?	30	Indexable	
https://www.birminghamboilerrepairs.uk/blog/boiler-making-noise-troubleshooting	12	Boiler Making Noise? Complete Guide to Heating System Sounds	60	Understanding Normal vs. Abnormal Boiler Sounds	47	Indexable	
https://www.birminghamboilerrepairs.uk/blog/boiler-pressure-loss-birmingham	13	Why Your Boiler Loses Pressure in Birmingham Homes	50	What is Boiler Pressure?	24	Indexable	
https://www.birminghamboilerrepairs.uk/blog/winter-boiler-preparation-west-midlands	13	How to Prepare Your Boiler for Winter in the West Midlands	58	Why Winter Preparation is Crucial in the West Midlands	54	Indexable	
https://www.birminghamboilerrepairs.uk/austin-village/ideal-boilers-specialists	8	Ideal Boilers Specialists in Austin Village	43	Ideal Boilers Specialists Pricing in Austin Village	51	Indexable	
https://www.birminghamboilerrepairs.uk/austin-village/vokera-specialists	8	Vokera Specialists in Austin Village	36	Vokera Specialists Pricing in Austin Village	44	Indexable	
https://www.birminghamboilerrepairs.uk/austin-village/combination-boiler-repairs	8	Combination Boiler Repairs in Austin Village	44	Combination Boiler Repairs Pricing in Austin Village	52	Indexable	
https://www.birminghamboilerrepairs.uk/austin-village/intergas-specialists	8	Intergas Specialists in Austin Village	38	Intergas Specialists Pricing in Austin Village	46	Indexable	
https://www.birminghamboilerrepairs.uk/austin-village/atag-specialists	8	Atag Specialists in Austin Village	34	Atag Specialists Pricing in Austin Village	42	Indexable	
https://www.birminghamboilerrepairs.uk/austin-village/main-boiler-specialists	8	Main Specialists in Austin Village	34	Main Specialists Pricing in Austin Village	42	Indexable	
https://www.birminghamboilerrepairs.uk/austin-village/alpha-boiler-specialists	8	Alpha Specialists in Austin Village	35	Alpha Specialists Pricing in Austin Village	43	Indexable	
https://www.birminghamboilerrepairs.uk/austin-village/viessmann-specialists	8	Viessmann Specialists in Austin Village	39	Viessmann Specialists Pricing in Austin Village	47	Indexable	
https://www.birminghamboilerrepairs.uk/austin-village/baxi-specialists	8	Baxi Specialists in Austin Village	34	Baxi Specialists Pricing in Austin Village	42	Indexable	
https://www.birminghamboilerrepairs.uk/austin-village/biasi-specialists	8	Biasi Specialists in Austin Village	35	Biasi Specialists Pricing in Austin Village	43	Indexable	
https://www.birminghamboilerrepairs.uk/austin-village/ferroli-specialists	8	Ferroli Specialists in Austin Village	37	Ferroli Specialists Pricing in Austin Village	45	Indexable	
https://www.birminghamboilerrepairs.uk/austin-village/heatline-specialists	8	Heatline Specialists in Austin Village	38	Heatline Specialists Pricing in Austin Village	46	Indexable	
https://www.birminghamboilerrepairs.uk/austin-village/gas-safety	8	Gas Safety Inspections in Austin Village	40	Gas Safety Inspections Pricing in Austin Village	48	Indexable	
https://www.birminghamboilerrepairs.uk/austin-village/potterton-specialists	8	Potterton Specialists in Austin Village	39	Potterton Specialists Pricing in Austin Village	47	Indexable	
https://www.birminghamboilerrepairs.uk/austin-village/ariston-specialists	8	Ariston Specialists in Austin Village	37	Ariston Specialists Pricing in Austin Village	45	Indexable	
https://www.birminghamboilerrepairs.uk/austin-village/vaillant-specialists	8	Vaillant Specialists in Austin Village	38	Vaillant Specialists Pricing in Austin Village	46	Indexable	
https://www.birminghamboilerrepairs.uk/austin-village/combination-boiler-services	8	Combination Boiler Services in Austin Village	45	Combination Boiler Services Pricing in Austin Village	53	Indexable	
https://www.birminghamboilerrepairs.uk/austin-village/worcester-bosch-specialists	8	Worcester Bosch Specialists in Austin Village	45	Worcester Bosch Specialists Pricing in Austin Village	53	Indexable	
https://www.birminghamboilerrepairs.uk/austin-village/glowworm-specialists	8	Glow-worm Specialists in Austin Village	39	Glow-worm Specialists Pricing in Austin Village	47	Indexable	
https://www.birminghamboilerrepairs.uk/ashted/glowworm-specialists	8	Glow-worm Specialists in Ashted	31	Glow-worm Specialists Pricing in Ashted	39	Indexable	
https://www.birminghamboilerrepairs.uk/ashted/atag-specialists	8	Atag Specialists in Ashted	26	Atag Specialists Pricing in Ashted	34	Indexable	
https://www.birminghamboilerrepairs.uk/ashted/alpha-boiler-specialists	8	Alpha Specialists in Ashted	27	Alpha Specialists Pricing in Ashted	35	Indexable	
https://www.birminghamboilerrepairs.uk/ashted/vaillant-specialists	8	Vaillant Specialists in Ashted	30	Vaillant Specialists Pricing in Ashted	38	Indexable	
https://www.birminghamboilerrepairs.uk/ashted/ferroli-specialists	8	Ferroli Specialists in Ashted	29	Ferroli Specialists Pricing in Ashted	37	Indexable	
https://www.birminghamboilerrepairs.uk/ashted/intergas-specialists	8	Intergas Specialists in Ashted	30	Intergas Specialists Pricing in Ashted	38	Indexable	
https://www.birminghamboilerrepairs.uk/ashted/heatline-specialists	8	Heatline Specialists in Ashted	30	Heatline Specialists Pricing in Ashted	38	Indexable	
https://www.birminghamboilerrepairs.uk/ashted/combination-boiler-repairs	8	Combination Boiler Repairs in Ashted	36	Combination Boiler Repairs Pricing in Ashted	44	Indexable	
https://www.birminghamboilerrepairs.uk/ashted/ariston-specialists	8	Ariston Specialists in Ashted	29	Ariston Specialists Pricing in Ashted	37	Indexable	
https://www.birminghamboilerrepairs.uk/ashted/combination-boiler-services	8	Combination Boiler Services in Ashted	37	Combination Boiler Services Pricing in Ashted	45	Indexable	
https://www.birminghamboilerrepairs.uk/ashted/biasi-specialists	8	Biasi Specialists in Ashted	27	Biasi Specialists Pricing in Ashted	35	Indexable	
https://www.birminghamboilerrepairs.uk/aston-cross/boiler-repairs	8	Boiler Repairs in Aston Cross	29	Boiler Repairs Pricing in Aston Cross	37	Indexable	
https://www.birminghamboilerrepairs.uk/services/combination-boiler-services	2	Combination Boiler Services	27	Customer Reviews	16	Indexable	
https://www.birminghamboilerrepairs.uk/services/worcester-bosch-specialists	2	Worcester Bosch Boiler Specialists	34	Customer Reviews	16	Indexable	
https://www.birminghamboilerrepairs.uk/acocks-green/boiler-repairs	8	Boiler Repairs in Acocks Green	30	Boiler Repairs Pricing in Acocks Green	38	Indexable	
https://www.birminghamboilerrepairs.uk/aston/boiler-repairs	8	Boiler Repairs in Aston	23	Boiler Repairs Pricing in Aston	31	Indexable	
https://www.birminghamboilerrepairs.uk/services/combination-boiler-repairs	6	Combination Boiler Repairs	26	Combination Boiler Repair Pricing	33	Indexable	
https://www.birminghamboilerrepairs.uk/ashted/boiler-repairs	8	Boiler Repairs in Ashted	24	Boiler Repairs Pricing in Ashted	32	Indexable	
https://www.birminghamboilerrepairs.uk/austin-village/boiler-repairs	8	Boiler Repairs in Austin Village	32	Boiler Repairs Pricing in Austin Village	40	Indexable	
https://www.birminghamboilerrepairs.uk/bartley-green/boiler-repairs	8	Boiler Repairs in Bartley Green	31	Boiler Repairs Pricing in Bartley Green	39	Indexable	
https://www.birminghamboilerrepairs.uk/aston-cross/boiler-servicing	8	Boiler Servicing in Aston Cross	31	Boiler Servicing Pricing in Aston Cross	39	Indexable	
https://www.birminghamboilerrepairs.uk/ashted/boiler-servicing	8	Boiler Servicing in Ashted	26	Boiler Servicing Pricing in Ashted	34	Indexable	
https://www.birminghamboilerrepairs.uk/austin-village/boiler-servicing	8	Boiler Servicing in Austin Village	34	Boiler Servicing Pricing in Austin Village	42	Indexable	
https://www.birminghamboilerrepairs.uk/bartley-green/boiler-servicing	8	Boiler Servicing in Bartley Green	33	Boiler Servicing Pricing in Bartley Green	41	Indexable	
https://www.birminghamboilerrepairs.uk/aston/boiler-servicing	8	Boiler Servicing in Aston	25	Boiler Servicing Pricing in Aston	33	Indexable	
https://www.birminghamboilerrepairs.uk/acocks-green/boiler-servicing	8	Boiler Servicing in Acocks Green	32	Boiler Servicing Pricing in Acocks Green	40	Indexable	
https://www.birminghamboilerrepairs.uk/aston-cross/combination-boiler-repairs	8	Combination Boiler Repairs in Aston Cross	41	Combination Boiler Repairs Pricing in Aston Cross	49	Indexable	
https://www.birminghamboilerrepairs.uk/aston-cross/vaillant-specialists	8	Vaillant Specialists in Aston Cross	35	Vaillant Specialists Pricing in Aston Cross	43	Indexable	
https://www.birminghamboilerrepairs.uk/aston-cross/glowworm-specialists	8	Glow-worm Specialists in Aston Cross	36	Glow-worm Specialists Pricing in Aston Cross	44	Indexable	
https://www.birminghamboilerrepairs.uk/aston-cross/worcester-bosch-specialists	8	Worcester Bosch Specialists in Aston Cross	42	Worcester Bosch Specialists Pricing in Aston Cross	50	Indexable	
https://www.birminghamboilerrepairs.uk/aston-cross/ferroli-specialists	8	Ferroli Specialists in Aston Cross	34	Ferroli Specialists Pricing in Aston Cross	42	Indexable	
https://www.birminghamboilerrepairs.uk/aston-cross/intergas-specialists	8	Intergas Specialists in Aston Cross	35	Intergas Specialists Pricing in Aston Cross	43	Indexable	
https://www.birminghamboilerrepairs.uk/aston-cross/gas-safety	8	Gas Safety Inspections in Aston Cross	37	Gas Safety Inspections Pricing in Aston Cross	45	Indexable	
https://www.birminghamboilerrepairs.uk/aston-cross/viessmann-specialists	8	Viessmann Specialists in Aston Cross	36	Viessmann Specialists Pricing in Aston Cross	44	Indexable	
https://www.birminghamboilerrepairs.uk/aston-cross/biasi-specialists	8	Biasi Specialists in Aston Cross	32	Biasi Specialists Pricing in Aston Cross	40	Indexable	
https://www.birminghamboilerrepairs.uk/aston-cross/atag-specialists	8	Atag Specialists in Aston Cross	31	Atag Specialists Pricing in Aston Cross	39	Indexable	
https://www.birminghamboilerrepairs.uk/birches-green	2	Boiler & Heating Services in Birches Green	42	Customer Reviews	16	Indexable	
https://www.birminghamboilerrepairs.uk/aston-cross/combination-boiler-services	8	Combination Boiler Services in Aston Cross	42	Combination Boiler Services Pricing in Aston Cross	50	Indexable	
https://www.birminghamboilerrepairs.uk/aston-cross/potterton-specialists	8	Potterton Specialists in Aston Cross	36	Potterton Specialists Pricing in Aston Cross	44	Indexable	
https://www.birminghamboilerrepairs.uk/aston-cross/main-boiler-specialists	8	Main Specialists in Aston Cross	31	Main Specialists Pricing in Aston Cross	39	Indexable	
https://www.birminghamboilerrepairs.uk/aston-cross/heatline-specialists	8	Heatline Specialists in Aston Cross	35	Heatline Specialists Pricing in Aston Cross	43	Indexable	
https://www.birminghamboilerrepairs.uk/aston-cross/baxi-specialists	8	Baxi Specialists in Aston Cross	31	Baxi Specialists Pricing in Aston Cross	39	Indexable	
https://www.birminghamboilerrepairs.uk/aston-cross/ideal-boilers-specialists	8	Ideal Boilers Specialists in Aston Cross	40	Ideal Boilers Specialists Pricing in Aston Cross	48	Indexable	
https://www.birminghamboilerrepairs.uk/aston-cross/vokera-specialists	8	Vokera Specialists in Aston Cross	33	Vokera Specialists Pricing in Aston Cross	41	Indexable	
https://www.birminghamboilerrepairs.uk/aston-cross/alpha-boiler-specialists	8	Alpha Specialists in Aston Cross	32	Alpha Specialists Pricing in Aston Cross	40	Indexable	
https://www.birminghamboilerrepairs.uk/blog/annual-boiler-service-maintenance	15	Annual Boiler Service: What's Included and Why It Matters	57	Why Annual Boiler Servicing is Essential	40	Indexable	
https://www.birminghamboilerrepairs.uk/aston-cross/ariston-specialists	8	Ariston Specialists in Aston Cross	34	Ariston Specialists Pricing in Aston Cross	42	Indexable	
https://www.birminghamboilerrepairs.uk/aston/alpha-boiler-specialists	8	Alpha Specialists in Aston	26	Alpha Specialists Pricing in Aston	34	Indexable	
https://www.birminghamboilerrepairs.uk/aston/combination-boiler-services	8	Combination Boiler Services in Aston	36	Combination Boiler Services Pricing in Aston	44	Indexable	
https://www.birminghamboilerrepairs.uk/aston/ferroli-specialists	8	Ferroli Specialists in Aston	28	Ferroli Specialists Pricing in Aston	36	Indexable	
https://www.birminghamboilerrepairs.uk/aston/ideal-boilers-specialists	8	Ideal Boilers Specialists in Aston	34	Ideal Boilers Specialists Pricing in Aston	42	Indexable	
https://www.birminghamboilerrepairs.uk/aston/heatline-specialists	8	Heatline Specialists in Aston	29	Heatline Specialists Pricing in Aston	37	Indexable	
https://www.birminghamboilerrepairs.uk/aston/vaillant-specialists	8	Vaillant Specialists in Aston	29	Vaillant Specialists Pricing in Aston	37	Indexable	
https://www.birminghamboilerrepairs.uk/aston/potterton-specialists	8	Potterton Specialists in Aston	30	Potterton Specialists Pricing in Aston	38	Indexable	
https://www.birminghamboilerrepairs.uk/aston/atag-specialists	8	Atag Specialists in Aston	25	Atag Specialists Pricing in Aston	33	Indexable	
https://www.birminghamboilerrepairs.uk/aston/worcester-bosch-specialists	8	Worcester Bosch Specialists in Aston	36	Worcester Bosch Specialists Pricing in Aston	44	Indexable	
https://www.birminghamboilerrepairs.uk/aston/combination-boiler-repairs	8	Combination Boiler Repairs in Aston	35	Combination Boiler Repairs Pricing in Aston	43	Indexable	
https://www.birminghamboilerrepairs.uk/aston/viessmann-specialists	8	Viessmann Specialists in Aston	30	Viessmann Specialists Pricing in Aston	38	Indexable	
https://www.birminghamboilerrepairs.uk/aston/main-boiler-specialists	8	Main Specialists in Aston	25	Main Specialists Pricing in Aston	33	Indexable	
https://www.birminghamboilerrepairs.uk/aston/vokera-specialists	8	Vokera Specialists in Aston	27	Vokera Specialists Pricing in Aston	35	Indexable	
https://www.birminghamboilerrepairs.uk/aston/gas-safety	8	Gas Safety Inspections in Aston	31	Gas Safety Inspections Pricing in Aston	39	Indexable	
https://www.birminghamboilerrepairs.uk/aston/baxi-specialists	8	Baxi Specialists in Aston	25	Baxi Specialists Pricing in Aston	33	Indexable	
https://www.birminghamboilerrepairs.uk/aston/biasi-specialists	8	Biasi Specialists in Aston	26	Biasi Specialists Pricing in Aston	34	Indexable	
https://www.birminghamboilerrepairs.uk/aston/ariston-specialists	8	Ariston Specialists in Aston	28	Ariston Specialists Pricing in Aston	36	Indexable	
https://www.birminghamboilerrepairs.uk/aston/intergas-specialists	8	Intergas Specialists in Aston	29	Intergas Specialists Pricing in Aston	37	Indexable	
https://www.birminghamboilerrepairs.uk/aston/glowworm-specialists	8	Glow-worm Specialists in Aston	30	Glow-worm Specialists Pricing in Aston	38	Indexable	
https://www.birminghamboilerrepairs.uk/billesley/alpha-boiler-specialists	8	Alpha Specialists in Billesley	30	Alpha Specialists Pricing in Billesley	38	Indexable	
https://www.birminghamboilerrepairs.uk/billesley/viessmann-specialists	8	Viessmann Specialists in Billesley	34	Viessmann Specialists Pricing in Billesley	42	Indexable	
https://www.birminghamboilerrepairs.uk/billesley/baxi-specialists	8	Baxi Specialists in Billesley	29	Baxi Specialists Pricing in Billesley	37	Indexable	
https://www.birminghamboilerrepairs.uk/billesley/glowworm-specialists	8	Glow-worm Specialists in Billesley	34	Glow-worm Specialists Pricing in Billesley	42	Indexable	
https://www.birminghamboilerrepairs.uk/billesley/boiler-repairs	8	Boiler Repairs in Billesley	27	Boiler Repairs Pricing in Billesley	35	Indexable	
https://www.birminghamboilerrepairs.uk/billesley/ferroli-specialists	8	Ferroli Specialists in Billesley	32	Ferroli Specialists Pricing in Billesley	40	Indexable	
https://www.birminghamboilerrepairs.uk/billesley/ideal-boilers-specialists	8	Ideal Boilers Specialists in Billesley	38	Ideal Boilers Specialists Pricing in Billesley	46	Indexable	
https://www.birminghamboilerrepairs.uk/billesley/atag-specialists	8	Atag Specialists in Billesley	29	Atag Specialists Pricing in Billesley	37	Indexable	
https://www.birminghamboilerrepairs.uk/billesley/boiler-servicing	8	Boiler Servicing in Billesley	29	Boiler Servicing Pricing in Billesley	37	Indexable	
https://www.birminghamboilerrepairs.uk/billesley/intergas-specialists	8	Intergas Specialists in Billesley	33	Intergas Specialists Pricing in Billesley	41	Indexable	
https://www.birminghamboilerrepairs.uk/billesley/potterton-specialists	8	Potterton Specialists in Billesley	34	Potterton Specialists Pricing in Billesley	42	Indexable	
https://www.birminghamboilerrepairs.uk/billesley/ariston-specialists	8	Ariston Specialists in Billesley	32	Ariston Specialists Pricing in Billesley	40	Indexable	
https://www.birminghamboilerrepairs.uk/billesley/combination-boiler-services	8	Combination Boiler Services in Billesley	40	Combination Boiler Services Pricing in Billesley	48	Indexable	
https://www.birminghamboilerrepairs.uk/billesley/worcester-bosch-specialists	8	Worcester Bosch Specialists in Billesley	40	Worcester Bosch Specialists Pricing in Billesley	48	Indexable	
https://www.birminghamboilerrepairs.uk/billesley/combination-boiler-repairs	8	Combination Boiler Repairs in Billesley	39	Combination Boiler Repairs Pricing in Billesley	47	Indexable	
https://www.birminghamboilerrepairs.uk/billesley/vokera-specialists	8	Vokera Specialists in Billesley	31	Vokera Specialists Pricing in Billesley	39	Indexable	
https://www.birminghamboilerrepairs.uk/billesley/main-boiler-specialists	8	Main Specialists in Billesley	29	Main Specialists Pricing in Billesley	37	Indexable	
https://www.birminghamboilerrepairs.uk/billesley/heatline-specialists	8	Heatline Specialists in Billesley	33	Heatline Specialists Pricing in Billesley	41	Indexable	
https://www.birminghamboilerrepairs.uk/billesley/vaillant-specialists	8	Vaillant Specialists in Billesley	33	Vaillant Specialists Pricing in Billesley	41	Indexable	
https://www.birminghamboilerrepairs.uk/billesley/biasi-specialists	8	Biasi Specialists in Billesley	30	Biasi Specialists Pricing in Billesley	38	Indexable	
https://www.birminghamboilerrepairs.uk/billesley/gas-safety	8	Gas Safety Inspections in Billesley	35	Gas Safety Inspections Pricing in Billesley	43	Indexable	
https://www.birminghamboilerrepairs.uk/acocks-green/main-boiler-specialists	8	Main Specialists in Acocks Green	32	Main Specialists Pricing in Acocks Green	40	Indexable	
https://www.birminghamboilerrepairs.uk/acocks-green/ariston-specialists	8	Ariston Specialists in Acocks Green	35	Ariston Specialists Pricing in Acocks Green	43	Indexable	
https://www.birminghamboilerrepairs.uk/acocks-green/combination-boiler-services	8	Combination Boiler Services in Acocks Green	43	Combination Boiler Services Pricing in Acocks Green	51	Indexable	
https://www.birminghamboilerrepairs.uk/acocks-green/glowworm-specialists	8	Glow-worm Specialists in Acocks Green	37	Glow-worm Specialists Pricing in Acocks Green	45	Indexable	
https://www.birminghamboilerrepairs.uk/acocks-green/worcester-bosch-specialists	8	Worcester Bosch Specialists in Acocks Green	43	Worcester Bosch Specialists Pricing in Acocks Green	51	Indexable	
https://www.birminghamboilerrepairs.uk/acocks-green/ferroli-specialists	8	Ferroli Specialists in Acocks Green	35	Ferroli Specialists Pricing in Acocks Green	43	Indexable	
https://www.birminghamboilerrepairs.uk/acocks-green/combination-boiler-repairs	8	Combination Boiler Repairs in Acocks Green	42	Combination Boiler Repairs Pricing in Acocks Green	50	Indexable	
https://www.birminghamboilerrepairs.uk/acocks-green/vokera-specialists	8	Vokera Specialists in Acocks Green	34	Vokera Specialists Pricing in Acocks Green	42	Indexable	
https://www.birminghamboilerrepairs.uk/acocks-green/intergas-specialists	8	Intergas Specialists in Acocks Green	36	Intergas Specialists Pricing in Acocks Green	44	Indexable	
https://www.birminghamboilerrepairs.uk/acocks-green/vaillant-specialists	8	Vaillant Specialists in Acocks Green	36	Vaillant Specialists Pricing in Acocks Green	44	Indexable	
https://www.birminghamboilerrepairs.uk/acocks-green/baxi-specialists	8	Baxi Specialists in Acocks Green	32	Baxi Specialists Pricing in Acocks Green	40	Indexable	
https://www.birminghamboilerrepairs.uk/acocks-green/potterton-specialists	8	Potterton Specialists in Acocks Green	37	Potterton Specialists Pricing in Acocks Green	45	Indexable	
https://www.birminghamboilerrepairs.uk/acocks-green/ideal-boilers-specialists	8	Ideal Boilers Specialists in Acocks Green	41	Ideal Boilers Specialists Pricing in Acocks Green	49	Indexable	
https://www.birminghamboilerrepairs.uk/acocks-green/alpha-boiler-specialists	8	Alpha Specialists in Acocks Green	33	Alpha Specialists Pricing in Acocks Green	41	Indexable	
https://www.birminghamboilerrepairs.uk/acocks-green/atag-specialists	8	Atag Specialists in Acocks Green	32	Atag Specialists Pricing in Acocks Green	40	Indexable	
https://www.birminghamboilerrepairs.uk/acocks-green/viessmann-specialists	8	Viessmann Specialists in Acocks Green	37	Viessmann Specialists Pricing in Acocks Green	45	Indexable	
https://www.birminghamboilerrepairs.uk/acocks-green/heatline-specialists	8	Heatline Specialists in Acocks Green	36	Heatline Specialists Pricing in Acocks Green	44	Indexable	
https://www.birminghamboilerrepairs.uk/acocks-green/biasi-specialists	8	Biasi Specialists in Acocks Green	33	Biasi Specialists Pricing in Acocks Green	41	Indexable	
https://www.birminghamboilerrepairs.uk/acocks-green/gas-safety	8	Gas Safety Inspections in Acocks Green	38	Gas Safety Inspections Pricing in Acocks Green	46	Indexable	
https://www.birminghamboilerrepairs.uk/bartley-green/heatline-specialists	8	Heatline Specialists in Bartley Green	37	Heatline Specialists Pricing in Bartley Green	45	Indexable	
https://www.birminghamboilerrepairs.uk/bartley-green/intergas-specialists	8	Intergas Specialists in Bartley Green	37	Intergas Specialists Pricing in Bartley Green	45	Indexable	
https://www.birminghamboilerrepairs.uk/bartley-green/baxi-specialists	8	Baxi Specialists in Bartley Green	33	Baxi Specialists Pricing in Bartley Green	41	Indexable	
https://www.birminghamboilerrepairs.uk/bartley-green/ferroli-specialists	8	Ferroli Specialists in Bartley Green	36	Ferroli Specialists Pricing in Bartley Green	44	Indexable	
https://www.birminghamboilerrepairs.uk/bartley-green/viessmann-specialists	8	Viessmann Specialists in Bartley Green	38	Viessmann Specialists Pricing in Bartley Green	46	Indexable	
https://www.birminghamboilerrepairs.uk/bartley-green/glowworm-specialists	8	Glow-worm Specialists in Bartley Green	38	Glow-worm Specialists Pricing in Bartley Green	46	Indexable	
https://www.birminghamboilerrepairs.uk/bartley-green/vokera-specialists	8	Vokera Specialists in Bartley Green	35	Vokera Specialists Pricing in Bartley Green	43	Indexable	
https://www.birminghamboilerrepairs.uk/bartley-green/biasi-specialists	8	Biasi Specialists in Bartley Green	34	Biasi Specialists Pricing in Bartley Green	42	Indexable	
https://www.birminghamboilerrepairs.uk/bartley-green/combination-boiler-services	8	Combination Boiler Services in Bartley Green	44	Combination Boiler Services Pricing in Bartley Green	52	Indexable	
https://www.birminghamboilerrepairs.uk/bartley-green/worcester-bosch-specialists	8	Worcester Bosch Specialists in Bartley Green	44	Worcester Bosch Specialists Pricing in Bartley Green	52	Indexable	
https://www.birminghamboilerrepairs.uk/bartley-green/potterton-specialists	8	Potterton Specialists in Bartley Green	38	Potterton Specialists Pricing in Bartley Green	46	Indexable	
https://www.birminghamboilerrepairs.uk/bartley-green/ariston-specialists	8	Ariston Specialists in Bartley Green	36	Ariston Specialists Pricing in Bartley Green	44	Indexable	
https://www.birminghamboilerrepairs.uk/bartley-green/gas-safety	8	Gas Safety Inspections in Bartley Green	39	Gas Safety Inspections Pricing in Bartley Green	47	Indexable	
https://www.birminghamboilerrepairs.uk/bartley-green/combination-boiler-repairs	8	Combination Boiler Repairs in Bartley Green	43	Combination Boiler Repairs Pricing in Bartley Green	51	Indexable	
https://www.birminghamboilerrepairs.uk/bartley-green/ideal-boilers-specialists	8	Ideal Boilers Specialists in Bartley Green	42	Ideal Boilers Specialists Pricing in Bartley Green	50	Indexable	
https://www.birminghamboilerrepairs.uk/bartley-green/main-boiler-specialists	8	Main Specialists in Bartley Green	33	Main Specialists Pricing in Bartley Green	41	Indexable	
https://www.birminghamboilerrepairs.uk/bartley-green/alpha-boiler-specialists	8	Alpha Specialists in Bartley Green	34	Alpha Specialists Pricing in Bartley Green	42	Indexable	
https://www.birminghamboilerrepairs.uk/bartley-green/atag-specialists	8	Atag Specialists in Bartley Green	33	Atag Specialists Pricing in Bartley Green	41	Indexable	
https://www.birminghamboilerrepairs.uk/bartley-green/vaillant-specialists	8	Vaillant Specialists in Bartley Green	37	Vaillant Specialists Pricing in Bartley Green	45	Indexable	
https://www.birminghamboilerrepairs.uk/beech-lanes/main-boiler-specialists	8	Main Specialists in Beech Lanes	31	Main Specialists Pricing in Beech Lanes	39	Indexable	
https://www.birminghamboilerrepairs.uk/beech-lanes/vokera-specialists	8	Vokera Specialists in Beech Lanes	33	Vokera Specialists Pricing in Beech Lanes	41	Indexable	
https://www.birminghamboilerrepairs.uk/beech-lanes/intergas-specialists	8	Intergas Specialists in Beech Lanes	35	Intergas Specialists Pricing in Beech Lanes	43	Indexable	
https://www.birminghamboilerrepairs.uk/beech-lanes/vaillant-specialists	8	Vaillant Specialists in Beech Lanes	35	Vaillant Specialists Pricing in Beech Lanes	43	Indexable	
https://www.birminghamboilerrepairs.uk/beech-lanes/gas-safety	8	Gas Safety Inspections in Beech Lanes	37	Gas Safety Inspections Pricing in Beech Lanes	45	Indexable	
https://www.birminghamboilerrepairs.uk/beech-lanes/glowworm-specialists	8	Glow-worm Specialists in Beech Lanes	36	Glow-worm Specialists Pricing in Beech Lanes	44	Indexable	
https://www.birminghamboilerrepairs.uk/beech-lanes/atag-specialists	8	Atag Specialists in Beech Lanes	31	Atag Specialists Pricing in Beech Lanes	39	Indexable	
https://www.birminghamboilerrepairs.uk/beech-lanes/ferroli-specialists	8	Ferroli Specialists in Beech Lanes	34	Ferroli Specialists Pricing in Beech Lanes	42	Indexable	
https://www.birminghamboilerrepairs.uk/beech-lanes/biasi-specialists	8	Biasi Specialists in Beech Lanes	32	Biasi Specialists Pricing in Beech Lanes	40	Indexable	
https://www.birminghamboilerrepairs.uk/beech-lanes/boiler-servicing	8	Boiler Servicing in Beech Lanes	31	Boiler Servicing Pricing in Beech Lanes	39	Indexable	
https://www.birminghamboilerrepairs.uk/beech-lanes/ideal-boilers-specialists	8	Ideal Boilers Specialists in Beech Lanes	40	Ideal Boilers Specialists Pricing in Beech Lanes	48	Indexable	
https://www.birminghamboilerrepairs.uk/beech-lanes/ariston-specialists	8	Ariston Specialists in Beech Lanes	34	Ariston Specialists Pricing in Beech Lanes	42	Indexable	
https://www.birminghamboilerrepairs.uk/beech-lanes/combination-boiler-services	8	Combination Boiler Services in Beech Lanes	42	Combination Boiler Services Pricing in Beech Lanes	50	Indexable	
https://www.birminghamboilerrepairs.uk/beech-lanes/alpha-boiler-specialists	8	Alpha Specialists in Beech Lanes	32	Alpha Specialists Pricing in Beech Lanes	40	Indexable	
https://www.birminghamboilerrepairs.uk/beech-lanes/potterton-specialists	8	Potterton Specialists in Beech Lanes	36	Potterton Specialists Pricing in Beech Lanes	44	Indexable	
https://www.birminghamboilerrepairs.uk/beech-lanes/baxi-specialists	8	Baxi Specialists in Beech Lanes	31	Baxi Specialists Pricing in Beech Lanes	39	Indexable	
https://www.birminghamboilerrepairs.uk/beech-lanes/worcester-bosch-specialists	8	Worcester Bosch Specialists in Beech Lanes	42	Worcester Bosch Specialists Pricing in Beech Lanes	50	Indexable	
https://www.birminghamboilerrepairs.uk/beech-lanes/boiler-repairs	8	Boiler Repairs in Beech Lanes	29	Boiler Repairs Pricing in Beech Lanes	37	Indexable	
https://www.birminghamboilerrepairs.uk/beech-lanes/heatline-specialists	8	Heatline Specialists in Beech Lanes	35	Heatline Specialists Pricing in Beech Lanes	43	Indexable	
https://www.birminghamboilerrepairs.uk/beech-lanes/viessmann-specialists	8	Viessmann Specialists in Beech Lanes	36	Viessmann Specialists Pricing in Beech Lanes	44	Indexable	
https://www.birminghamboilerrepairs.uk/beech-lanes/combination-boiler-repairs	8	Combination Boiler Repairs in Beech Lanes	41	Combination Boiler Repairs Pricing in Beech Lanes	49	Indexable	
https://www.birminghamboilerrepairs.uk/services/ariston-specialists	2	Ariston Specialists	19	Customer Reviews	16	Indexable	
https://www.birminghamboilerrepairs.uk/blog/central-heating-system-guide	12	Central Heating System Guide: Types, Benefits, and Maintenance	62	What is Central Heating?	24	Indexable	
https://www.birminghamboilerrepairs.uk/sarehole	2	Boiler & Heating Services in Sarehole	37	Customer Reviews	16	Indexable	
https://www.birminghamboilerrepairs.uk/pype-hayes	2	Boiler & Heating Services in Pype Hayes	39	Customer Reviews	16	Indexable	
https://www.birminghamboilerrepairs.uk/fox-hollies	2	Boiler & Heating Services in Fox Hollies	40	Customer Reviews	16	Indexable	
https://www.birminghamboilerrepairs.uk/tudor-hill	2	Boiler & Heating Services in Tudor Hill	39	Customer Reviews	16	Indexable	
https://www.birminghamboilerrepairs.uk/cofton-common	2	Boiler & Heating Services in Cofton Common	42	Customer Reviews	16	Indexable	
https://www.birminghamboilerrepairs.uk/garretts-green	2	Boiler & Heating Services in Garretts Green	43	Customer Reviews	16	Indexable	
https://www.birminghamboilerrepairs.uk/selly-oak	2	Boiler & Heating Services in Selly Oak	38	Customer Reviews	16	Indexable	
https://www.birminghamboilerrepairs.uk/rubery	2	Boiler & Heating Services in Rubery	35	Customer Reviews	16	Indexable	
https://www.birminghamboilerrepairs.uk/four-oaks	2	Boiler & Heating Services in Four Oaks	38	Customer Reviews	16	Indexable	
https://www.birminghamboilerrepairs.uk/wythall	2	Boiler & Heating Services in Wythall	36	Customer Reviews	16	Indexable	
https://www.birminghamboilerrepairs.uk/services/intergas-specialists	2	Intergas Specialists	20	Customer Reviews	16	Indexable	
https://www.birminghamboilerrepairs.uk/shenley-fields	2	Boiler & Heating Services in Shenley Fields	43	Customer Reviews	16	Indexable	
https://www.birminghamboilerrepairs.uk/rowney-green	2	Boiler & Heating Services in Rowney Green	41	Customer Reviews	16	Indexable	
https://www.birminghamboilerrepairs.uk/showell-green	2	Boiler & Heating Services in Showell Green	42	Customer Reviews	16	Indexable	
https://www.birminghamboilerrepairs.uk/alvechurch	2	Boiler & Heating Services in Alvechurch	39	Customer Reviews	16	Indexable	
https://www.birminghamboilerrepairs.uk/oakenshaw	2	Boiler & Heating Services in Oakenshaw	38	Customer Reviews	16	Indexable	
https://www.birminghamboilerrepairs.uk/chad-valley	2	Boiler & Heating Services in Chad Valley	40	Customer Reviews	16	Indexable	
https://www.birminghamboilerrepairs.uk/northfield	2	Boiler & Heating Services in Northfield	39	Customer Reviews	16	Indexable	
https://www.birminghamboilerrepairs.uk/erdington	2	Boiler & Heating Services in Erdington	38	Customer Reviews	16	Indexable	
https://www.birminghamboilerrepairs.uk/kings-norton	2	Boiler & Heating Services in Kings Norton	41	Customer Reviews	16	Indexable	
https://www.birminghamboilerrepairs.uk/castle-vale	2	Boiler & Heating Services in Castle Vale	40	Customer Reviews	16	Indexable	
https://www.birminghamboilerrepairs.uk/services/vokera-specialists	2	Vokera Specialists	18	Customer Reviews	16	Indexable	
https://www.birminghamboilerrepairs.uk/perry-common	2	Boiler & Heating Services in Perry Common	41	Customer Reviews	16	Indexable	
https://www.birminghamboilerrepairs.uk/bordesley-green	2	Boiler & Heating Services in Bordesley Green	44	Customer Reviews	16	Indexable	
https://www.birminghamboilerrepairs.uk/walkwood	2	Boiler & Heating Services in Walkwood	37	Customer Reviews	16	Indexable	
https://www.birminghamboilerrepairs.uk/peddimore	2	Boiler & Heating Services in Peddimore	38	Customer Reviews	16	Indexable	
https://www.birminghamboilerrepairs.uk/springfield	2	Boiler & Heating Services in Springfield	40	Customer Reviews	16	Indexable	
https://www.birminghamboilerrepairs.uk/services/heatline-specialists	2	Heatline Specialists	20	Customer Reviews	16	Indexable	
https://www.birminghamboilerrepairs.uk/high-heath	2	Boiler & Heating Services in High Heath	39	Customer Reviews	16	Indexable	
https://www.birminghamboilerrepairs.uk/bournbrook	2	Boiler & Heating Services in Bournbrook	39	Customer Reviews	16	Indexable	
https://www.birminghamboilerrepairs.uk/reddicap-heath	2	Boiler & Heating Services in Reddicap Heath	43	Customer Reviews	16	Indexable	
https://www.birminghamboilerrepairs.uk/cradley-heath	2	Boiler & Heating Services in Cradley Heath	42	Customer Reviews	16	Indexable	
https://www.birminghamboilerrepairs.uk/shard-end	2	Boiler & Heating Services in Shard End	38	Customer Reviews	16	Indexable	
https://www.birminghamboilerrepairs.uk/saltley	2	Boiler & Heating Services in Saltley	36	Customer Reviews	16	Indexable	
https://www.birminghamboilerrepairs.uk/hopwood	2	Boiler & Heating Services in Hopwood	36	Customer Reviews	16	Indexable	
https://www.birminghamboilerrepairs.uk/smethwick	2	Boiler & Heating Services in Smethwick	38	Customer Reviews	16	Indexable	
https://www.birminghamboilerrepairs.uk/spring-vale	2	Boiler & Heating Services in Spring Vale	40	Customer Reviews	16	Indexable	
https://www.birminghamboilerrepairs.uk/astwood-bank	2	Boiler & Heating Services in Astwood Bank	41	Customer Reviews	16	Indexable	
https://www.birminghamboilerrepairs.uk/glebe-farm	2	Boiler & Heating Services in Glebe Farm	39	Customer Reviews	16	Indexable	
https://www.birminghamboilerrepairs.uk/yardley-wood	2	Boiler & Heating Services in Yardley Wood	41	Customer Reviews	16	Indexable	
https://www.birminghamboilerrepairs.uk/south-woodgate	2	Boiler & Heating Services in South Woodgate	43	Customer Reviews	16	Indexable	
https://www.birminghamboilerrepairs.uk/bromford	2	Boiler & Heating Services in Bromford	37	Customer Reviews	16	Indexable	
https://www.birminghamboilerrepairs.uk/old-oscott	2	Boiler & Heating Services in Old Oscott	39	Customer Reviews	16	Indexable	
https://www.birminghamboilerrepairs.uk/perry-beeches	2	Boiler & Heating Services in Perry Beeches	42	Customer Reviews	16	Indexable	
https://www.birminghamboilerrepairs.uk/quinton	2	Boiler & Heating Services in Quinton	36	Customer Reviews	16	Indexable	
https://www.birminghamboilerrepairs.uk/stourbridge	2	Boiler & Heating Services in Stourbridge	40	Customer Reviews	16	Indexable	
https://www.birminghamboilerrepairs.uk/the-parade	2	Boiler & Heating Services in The Parade	39	Customer Reviews	16	Indexable	
https://www.birminghamboilerrepairs.uk/tile-cross	2	Boiler & Heating Services in Tile Cross	39	Customer Reviews	16	Indexable	
https://www.birminghamboilerrepairs.uk/smithfield	2	Boiler & Heating Services in Smithfield	39	Customer Reviews	16	Indexable	
https://www.birminghamboilerrepairs.uk/redditch	2	Boiler & Heating Services in Redditch	37	Customer Reviews	16	Indexable	
https://www.birminghamboilerrepairs.uk/hill-wood	2	Boiler & Heating Services in Hill Wood	38	Customer Reviews	16	Indexable	
https://www.birminghamboilerrepairs.uk/gun-quarter	2	Boiler & Heating Services in Gun Quarter	40	Customer Reviews	16	Indexable	
https://www.birminghamboilerrepairs.uk/perry-barr	2	Boiler & Heating Services in Perry Barr	39	Customer Reviews	16	Indexable	
https://www.birminghamboilerrepairs.uk/selly-park	2	Boiler & Heating Services in Selly Park	39	Customer Reviews	16	Indexable	
https://www.birminghamboilerrepairs.uk/halesowen	2	Boiler & Heating Services in Halesowen	38	Customer Reviews	16	Indexable	
https://www.birminghamboilerrepairs.uk/services/ideal-boilers-specialists	2	Ideal Boilers Specialists	25	Customer Reviews	16	Indexable	
https://www.birminghamboilerrepairs.uk/thimble-end	2	Boiler & Heating Services in Thimble End	40	Customer Reviews	16	Indexable	
https://www.birminghamboilerrepairs.uk/frankley	2	Boiler & Heating Services in Frankley	37	Customer Reviews	16	Indexable	
https://www.birminghamboilerrepairs.uk/services/glowworm-specialists	2	Glow-worm Specialists	21	Customer Reviews	16	Indexable	
https://www.birminghamboilerrepairs.uk/turves-green	2	Boiler & Heating Services in Turves Green	41	Customer Reviews	16	Indexable	
https://www.birminghamboilerrepairs.uk/gib-heath	2	Boiler & Heating Services in Gib Heath	38	Customer Reviews	16	Indexable	
https://www.birminghamboilerrepairs.uk/ten-acres	2	Boiler & Heating Services in Ten Acres	38	Customer Reviews	16	Indexable	
https://www.birminghamboilerrepairs.uk/tower-hill	2	Boiler & Heating Services in Tower Hill	39	Customer Reviews	16	Indexable	
https://www.birminghamboilerrepairs.uk/camp-hill	2	Boiler & Heating Services in Camp Hill	38	Customer Reviews	16	Indexable	
https://www.birminghamboilerrepairs.uk/oldbury	2	Boiler & Heating Services in Oldbury	36	Customer Reviews	16	Indexable	
https://www.birminghamboilerrepairs.uk/brandwood-end	2	Boiler & Heating Services in Brandwood End	42	Customer Reviews	16	Indexable	
https://www.birminghamboilerrepairs.uk/hamstead	2	Boiler & Heating Services in Hamstead	37	Customer Reviews	16	Indexable	
https://www.birminghamboilerrepairs.uk/hall-green	2	Boiler & Heating Services in Hall Green	39	Customer Reviews	16	Indexable	
https://www.birminghamboilerrepairs.uk/tyburn	2	Boiler & Heating Services in Tyburn	35	Customer Reviews	16	Indexable	
https://www.birminghamboilerrepairs.uk/theatreland	2	Boiler & Heating Services in Theatreland	40	Customer Reviews	16	Indexable	
https://www.birminghamboilerrepairs.uk/tardebigge	2	Boiler & Heating Services in Tardebigge	39	Customer Reviews	16	Indexable	
https://www.birminghamboilerrepairs.uk/roughley	2	Boiler & Heating Services in Roughley	37	Customer Reviews	16	Indexable	
https://www.birminghamboilerrepairs.uk/shenley-green	2	Boiler & Heating Services in Shenley Green	42	Customer Reviews	16	Indexable	
https://www.birminghamboilerrepairs.uk/sparkhill	2	Boiler & Heating Services in Sparkhill	38	Customer Reviews	16	Indexable	
https://www.birminghamboilerrepairs.uk/grimstock-hill	2	Boiler & Heating Services in Grimstock Hill	43	Customer Reviews	16	Indexable	
https://www.birminghamboilerrepairs.uk/dudley	2	Boiler & Heating Services in Dudley	35	Customer Reviews	16	Indexable	
https://www.birminghamboilerrepairs.uk/dodford	2	Boiler & Heating Services in Dodford	36	Customer Reviews	16	Indexable	
https://www.birminghamboilerrepairs.uk/bromsgrove	2	Boiler & Heating Services in Bromsgrove	39	Customer Reviews	16	Indexable	
https://www.birminghamboilerrepairs.uk/tyseley	2	Boiler & Heating Services in Tyseley	36	Customer Reviews	16	Indexable	
https://www.birminghamboilerrepairs.uk/parkhall	2	Boiler & Heating Services in Parkhall	37	Customer Reviews	16	Indexable	
https://www.birminghamboilerrepairs.uk/sutton-coldfield	2	Boiler & Heating Services in Sutton Coldfield	45	Customer Reviews	16	Indexable	
https://www.birminghamboilerrepairs.uk/yardley	2	Boiler & Heating Services in Yardley	36	Customer Reviews	16	Indexable	
https://www.birminghamboilerrepairs.uk/hawkesley	2	Boiler & Heating Services in Hawkesley	38	Customer Reviews	16	Indexable	
https://www.birminghamboilerrepairs.uk/birchfield	2	Boiler & Heating Services in Birchfield	39	Customer Reviews	16	Indexable	
https://www.birminghamboilerrepairs.uk/hodge-hill	2	Boiler & Heating Services in Hodge Hill	39	Customer Reviews	16	Indexable	
https://www.birminghamboilerrepairs.uk/edgbaston	2	Boiler & Heating Services in Edgbaston	38	Customer Reviews	16	Indexable	
https://www.birminghamboilerrepairs.uk/short-heath	2	Boiler & Heating Services in Short Heath	40	Customer Reviews	16	Indexable	
https://www.birminghamboilerrepairs.uk/stirchley	2	Boiler & Heating Services in Stirchley	38	Customer Reviews	16	Indexable	
https://www.birminghamboilerrepairs.uk/deritend	2	Boiler & Heating Services in Deritend	37	Customer Reviews	16	Indexable	
https://www.birminghamboilerrepairs.uk/southside	2	Boiler & Heating Services in Southside	38	Customer Reviews	16	Indexable	
https://www.birminghamboilerrepairs.uk/streetly	2	Boiler & Heating Services in Streetly	37	Customer Reviews	16	Indexable	
https://www.birminghamboilerrepairs.uk/services/baxi-specialists	2	Baxi Boiler Specialists	23	Customer Reviews	16	Indexable	
https://www.birminghamboilerrepairs.uk/greet	2	Boiler & Heating Services in Greet	34	Customer Reviews	16	Indexable	
https://www.birminghamboilerrepairs.uk/sparkbrook	2	Boiler & Heating Services in Sparkbrook	39	Customer Reviews	16	Indexable	
https://www.birminghamboilerrepairs.uk/harts-green	2	Boiler & Heating Services in Harts Green	40	Customer Reviews	16	Indexable	
https://www.birminghamboilerrepairs.uk/highters-heath	2	Boiler & Heating Services in Highters Heath	43	Customer Reviews	16	Indexable	
https://www.birminghamboilerrepairs.uk/west-midlands	2	Boiler & Heating Services in West Midlands	42	Customer Reviews	16	Indexable	
https://www.birminghamboilerrepairs.uk/browns-green	2	Boiler & Heating Services in Browns Green	41	Customer Reviews	16	Indexable	
https://www.birminghamboilerrepairs.uk/queslett	2	Boiler & Heating Services in Queslett	37	Customer Reviews	16	Indexable	
https://www.birminghamboilerrepairs.uk/stockfield	2	Boiler & Heating Services in Stockfield	39	Customer Reviews	16	Indexable	
https://www.birminghamboilerrepairs.uk/churchfield	2	Boiler & Heating Services in Churchfield	40	Customer Reviews	16	Indexable	
https://www.birminghamboilerrepairs.uk/aston-fields	2	Boiler & Heating Services in Aston Fields	41	Customer Reviews	16	Indexable	
https://www.birminghamboilerrepairs.uk/weoley-castle	2	Boiler & Heating Services in Weoley Castle	42	Customer Reviews	16	Indexable	
https://www.birminghamboilerrepairs.uk/finstall	2	Boiler & Heating Services in Finstall	37	Customer Reviews	16	Indexable	
https://www.birminghamboilerrepairs.uk/services/atag-specialists	2	Atag Specialists	16	Customer Reviews	16	Indexable	
https://www.birminghamboilerrepairs.uk/west-bromwich	2	Boiler & Heating Services in West Bromwich	42	Customer Reviews	16	Indexable	
https://www.birminghamboilerrepairs.uk/pheasey	2	Boiler & Heating Services in Pheasey	36	Customer Reviews	16	Indexable	
https://www.birminghamboilerrepairs.uk/west-heath	2	Boiler & Heating Services in West Heath	39	Customer Reviews	16	Indexable	
https://www.birminghamboilerrepairs.uk/bordesley	2	Boiler & Heating Services in Bordesley	38	Customer Reviews	16	Indexable	
https://www.birminghamboilerrepairs.uk/over-green	2	Boiler & Heating Services in Over Green	39	Customer Reviews	16	Indexable	
https://www.birminghamboilerrepairs.uk/services/biasi-specialists	2	Biasi Specialists	17	Customer Reviews	16	Indexable	
https://www.birminghamboilerrepairs.uk/gosta-green	2	Boiler & Heating Services in Gosta Green	40	Customer Reviews	16	Indexable	
https://www.birminghamboilerrepairs.uk/gilbertstone	2	Boiler & Heating Services in Gilbertstone	41	Customer Reviews	16	Indexable	
https://www.birminghamboilerrepairs.uk/hagley	2	Boiler & Heating Services in Hagley	35	Customer Reviews	16	Indexable	
https://www.birminghamboilerrepairs.uk/webheath	2	Boiler & Heating Services in Webheath	37	Customer Reviews	16	Indexable	
https://www.birminghamboilerrepairs.uk/wirehill	2	Boiler & Heating Services in Wirehill	37	Customer Reviews	16	Indexable	
https://www.birminghamboilerrepairs.uk/gravelly-hill	2	Boiler & Heating Services in Gravelly Hill	42	Customer Reviews	16	Indexable	
https://www.birminghamboilerrepairs.uk/california	2	Boiler & Heating Services in California	39	Customer Reviews	16	Indexable	
https://www.birminghamboilerrepairs.uk/lickey	2	Boiler & Heating Services in Lickey	35	Customer Reviews	16	Indexable	
https://www.birminghamboilerrepairs.uk/buckland-end	2	Boiler & Heating Services in Buckland End	41	Customer Reviews	16	Indexable	
https://www.birminghamboilerrepairs.uk/eastside	2	Boiler & Heating Services in Eastside	37	Customer Reviews	16	Indexable	
https://www.birminghamboilerrepairs.uk/services/viessmann-specialists	2	Viessmann Specialists	21	Customer Reviews	16	Indexable	
https://www.birminghamboilerrepairs.uk/sheldon	2	Boiler & Heating Services in Sheldon	36	Customer Reviews	16	Indexable	
https://www.birminghamboilerrepairs.uk/services/main-boiler-specialists	2	Main Boiler Specialists	23	Customer Reviews	16	Indexable	
https://www.birminghamboilerrepairs.uk/shirley	2	Boiler & Heating Services in Shirley	36	Customer Reviews	16	Indexable	
https://www.birminghamboilerrepairs.uk/hill-hook	2	Boiler & Heating Services in Hill Hook	38	Customer Reviews	16	Indexable	
https://www.birminghamboilerrepairs.uk/highgate	2	Boiler & Heating Services in Highgate	37	Customer Reviews	16	Indexable	
https://www.birminghamboilerrepairs.uk/gospel-oak	2	Boiler & Heating Services in Gospel Oak	39	Customer Reviews	16	Indexable	
https://www.birminghamboilerrepairs.uk/handsworth	2	Boiler & Heating Services in Handsworth	39	Customer Reviews	16	Indexable	
https://www.birminghamboilerrepairs.uk/longbridge	2	Boiler & Heating Services in Longbridge	39	Customer Reviews	16	Indexable	
https://www.birminghamboilerrepairs.uk/rowley-regis	2	Boiler & Heating Services in Rowley Regis	41	Customer Reviews	16	Indexable	
https://www.birminghamboilerrepairs.uk/moseley	2	Boiler & Heating Services in Moseley	36	Customer Reviews	16	Indexable	
https://www.birminghamboilerrepairs.uk/catshill	2	Boiler & Heating Services in Catshill	37	Customer Reviews	16	Indexable	
https://www.birminghamboilerrepairs.uk/rednal	2	Boiler & Heating Services in Rednal	35	Customer Reviews	16	Indexable	
https://www.birminghamboilerrepairs.uk/birmingham	2	Boiler & Heating Services in Birmingham	39	Customer Reviews	16	Indexable	
https://www.birminghamboilerrepairs.uk/services/alpha-boiler-specialists	2	Alpha Boiler Specialists	24	Customer Reviews	16	Indexable	
https://www.birminghamboilerrepairs.uk/bournville	2	Boiler & Heating Services in Bournville	39	Customer Reviews	16	Indexable	
https://www.birminghamboilerrepairs.uk/pelham	2	Boiler & Heating Services in Pelham	35	Customer Reviews	16	Indexable	
https://www.birminghamboilerrepairs.uk/great-barr	2	Boiler & Heating Services in Great Barr	39	Customer Reviews	16	Indexable	
https://www.birminghamboilerrepairs.uk/services/potterton-specialists	2	Potterton Specialists	21	Customer Reviews	16	Indexable	
https://www.birminghamboilerrepairs.uk/services/vaillant-specialists	2	Vaillant Boiler Specialists	27	Customer Reviews	16	Indexable	
https://www.birminghamboilerrepairs.uk/boldmere	2	Boiler & Heating Services in Boldmere	37	Customer Reviews	16	Indexable	
https://www.birminghamboilerrepairs.uk/stechford	2	Boiler & Heating Services in Stechford	38	Customer Reviews	16	Indexable	
https://www.birminghamboilerrepairs.uk/solihull	2	Boiler & Heating Services in Solihull	37	Customer Reviews	16	Indexable	
https://www.birminghamboilerrepairs.uk/harborne	2	Boiler & Heating Services in Harborne	37	Customer Reviews	16	Indexable	
https://www.birminghamboilerrepairs.uk/hay-mills	2	Boiler & Heating Services in Hay Mills	38	Customer Reviews	16	Indexable	
https://www.birminghamboilerrepairs.uk/handsworth-wood	2	Boiler & Heating Services in Handsworth Wood	44	Customer Reviews	16	Indexable	
https://www.birminghamboilerrepairs.uk/kings-heath	2	Boiler & Heating Services in Kings Heath	40	Customer Reviews	16	Indexable	
https://www.birminghamboilerrepairs.uk/falcon-lodge	2	Boiler & Heating Services in Falcon Lodge	41	Customer Reviews	16	Indexable	
https://www.birminghamboilerrepairs.uk/small-heath	2	Boiler & Heating Services in Small Heath	40	Customer Reviews	16	Indexable	
https://www.birminghamboilerrepairs.uk/soho	2	Boiler & Heating Services in Soho	33	Customer Reviews	16	Indexable	
https://www.birminghamboilerrepairs.uk/cotteridge	2	Boiler & Heating Services in Cotteridge	39	Customer Reviews	16	Indexable	
https://www.birminghamboilerrepairs.uk/ridgacre	2	Boiler & Heating Services in Ridgacre	37	Customer Reviews	16	Indexable	
https://www.birminghamboilerrepairs.uk/rotton-park	2	Boiler & Heating Services in Rotton Park	40	Customer Reviews	16	Indexable	
https://www.birminghamboilerrepairs.uk/stockland-green	2	Boiler & Heating Services in Stockland Green	44	Customer Reviews	16	Indexable	
https://www.birminghamboilerrepairs.uk/south-yardley	2	Boiler & Heating Services in South Yardley	42	Customer Reviews	16	Indexable	
https://www.birminghamboilerrepairs.uk/ashted/main-boiler-specialists	8	Main Specialists in Ashted	26	Main Specialists Pricing in Ashted	34	Indexable	
https://www.birminghamboilerrepairs.uk/ashted/ideal-boilers-specialists	8	Ideal Boilers Specialists in Ashted	35	Ideal Boilers Specialists Pricing in Ashted	43	Indexable	
https://www.birminghamboilerrepairs.uk/ashted/potterton-specialists	8	Potterton Specialists in Ashted	31	Potterton Specialists Pricing in Ashted	39	Indexable	
https://www.birminghamboilerrepairs.uk/ashted/worcester-bosch-specialists	8	Worcester Bosch Specialists in Ashted	37	Worcester Bosch Specialists Pricing in Ashted	45	Indexable	
https://www.birminghamboilerrepairs.uk/ashted/baxi-specialists	8	Baxi Specialists in Ashted	26	Baxi Specialists Pricing in Ashted	34	Indexable	
https://www.birminghamboilerrepairs.uk/ashted/vokera-specialists	8	Vokera Specialists in Ashted	28	Vokera Specialists Pricing in Ashted	36	Indexable	
https://www.birminghamboilerrepairs.uk/ashted/viessmann-specialists	8	Viessmann Specialists in Ashted	31	Viessmann Specialists Pricing in Ashted	39	Indexable	
https://www.birminghamboilerrepairs.uk/sarehole/ariston-specialists	8	Ariston Specialists in Sarehole	31	Ariston Specialists Pricing in Sarehole	39	Indexable	
https://www.birminghamboilerrepairs.uk/ashted/gas-safety	8	Gas Safety Inspections in Ashted	32	Gas Safety Inspections Pricing in Ashted	40	Indexable	
https://www.birminghamboilerrepairs.uk/sarehole/combination-boiler-services	8	Combination Boiler Services in Sarehole	39	Combination Boiler Services Pricing in Sarehole	47	Indexable	
https://www.birminghamboilerrepairs.uk/sarehole/baxi-specialists	8	Baxi Specialists in Sarehole	28	Baxi Specialists Pricing in Sarehole	36	Indexable	
https://www.birminghamboilerrepairs.uk/sarehole/viessmann-specialists	8	Viessmann Specialists in Sarehole	33	Viessmann Specialists Pricing in Sarehole	41	Indexable	
https://www.birminghamboilerrepairs.uk/sarehole/vaillant-specialists	8	Vaillant Specialists in Sarehole	32	Vaillant Specialists Pricing in Sarehole	40	Indexable	
https://www.birminghamboilerrepairs.uk/sarehole/biasi-specialists	8	Biasi Specialists in Sarehole	29	Biasi Specialists Pricing in Sarehole	37	Indexable	
https://www.birminghamboilerrepairs.uk/sarehole/intergas-specialists	8	Intergas Specialists in Sarehole	32	Intergas Specialists Pricing in Sarehole	40	Indexable	
https://www.birminghamboilerrepairs.uk/sarehole/boiler-repairs	8	Boiler Repairs in Sarehole	26	Boiler Repairs Pricing in Sarehole	34	Indexable	
https://www.birminghamboilerrepairs.uk/sarehole/ferroli-specialists	8	Ferroli Specialists in Sarehole	31	Ferroli Specialists Pricing in Sarehole	39	Indexable	
https://www.birminghamboilerrepairs.uk/sarehole/potterton-specialists	8	Potterton Specialists in Sarehole	33	Potterton Specialists Pricing in Sarehole	41	Indexable	
https://www.birminghamboilerrepairs.uk/sarehole/ideal-boilers-specialists	8	Ideal Boilers Specialists in Sarehole	37	Ideal Boilers Specialists Pricing in Sarehole	45	Indexable	
https://www.birminghamboilerrepairs.uk/sarehole/main-boiler-specialists	8	Main Specialists in Sarehole	28	Main Specialists Pricing in Sarehole	36	Indexable	
https://www.birminghamboilerrepairs.uk/sarehole/boiler-servicing	8	Boiler Servicing in Sarehole	28	Boiler Servicing Pricing in Sarehole	36	Indexable	
https://www.birminghamboilerrepairs.uk/sarehole/heatline-specialists	8	Heatline Specialists in Sarehole	32	Heatline Specialists Pricing in Sarehole	40	Indexable	
https://www.birminghamboilerrepairs.uk/sarehole/worcester-bosch-specialists	8	Worcester Bosch Specialists in Sarehole	39	Worcester Bosch Specialists Pricing in Sarehole	47	Indexable	
https://www.birminghamboilerrepairs.uk/sarehole/alpha-boiler-specialists	8	Alpha Specialists in Sarehole	29	Alpha Specialists Pricing in Sarehole	37	Indexable	
https://www.birminghamboilerrepairs.uk/sarehole/combination-boiler-repairs	8	Combination Boiler Repairs in Sarehole	38	Combination Boiler Repairs Pricing in Sarehole	46	Indexable	
https://www.birminghamboilerrepairs.uk/sarehole/gas-safety	8	Gas Safety Inspections in Sarehole	34	Gas Safety Inspections Pricing in Sarehole	42	Indexable	
https://www.birminghamboilerrepairs.uk/sarehole/glowworm-specialists	8	Glow-worm Specialists in Sarehole	33	Glow-worm Specialists Pricing in Sarehole	41	Indexable	
https://www.birminghamboilerrepairs.uk/sarehole/vokera-specialists	8	Vokera Specialists in Sarehole	30	Vokera Specialists Pricing in Sarehole	38	Indexable	
https://www.birminghamboilerrepairs.uk/pype-hayes/vaillant-specialists	8	Vaillant Specialists in Pype Hayes	34	Vaillant Specialists Pricing in Pype Hayes	42	Indexable	
https://www.birminghamboilerrepairs.uk/sarehole/atag-specialists	8	Atag Specialists in Sarehole	28	Atag Specialists Pricing in Sarehole	36	Indexable	
https://www.birminghamboilerrepairs.uk/pype-hayes/glowworm-specialists	8	Glow-worm Specialists in Pype Hayes	35	Glow-worm Specialists Pricing in Pype Hayes	43	Indexable	
https://www.birminghamboilerrepairs.uk/pype-hayes/baxi-specialists	8	Baxi Specialists in Pype Hayes	30	Baxi Specialists Pricing in Pype Hayes	38	Indexable	
https://www.birminghamboilerrepairs.uk/pype-hayes/combination-boiler-repairs	8	Combination Boiler Repairs in Pype Hayes	40	Combination Boiler Repairs Pricing in Pype Hayes	48	Indexable	
https://www.birminghamboilerrepairs.uk/pype-hayes/potterton-specialists	8	Potterton Specialists in Pype Hayes	35	Potterton Specialists Pricing in Pype Hayes	43	Indexable	
https://www.birminghamboilerrepairs.uk/pype-hayes/worcester-bosch-specialists	8	Worcester Bosch Specialists in Pype Hayes	41	Worcester Bosch Specialists Pricing in Pype Hayes	49	Indexable	
https://www.birminghamboilerrepairs.uk/pype-hayes/intergas-specialists	8	Intergas Specialists in Pype Hayes	34	Intergas Specialists Pricing in Pype Hayes	42	Indexable	
https://www.birminghamboilerrepairs.uk/pype-hayes/ariston-specialists	8	Ariston Specialists in Pype Hayes	33	Ariston Specialists Pricing in Pype Hayes	41	Indexable	
https://www.birminghamboilerrepairs.uk/pype-hayes/ideal-boilers-specialists	8	Ideal Boilers Specialists in Pype Hayes	39	Ideal Boilers Specialists Pricing in Pype Hayes	47	Indexable	
https://www.birminghamboilerrepairs.uk/pype-hayes/gas-safety	8	Gas Safety Inspections in Pype Hayes	36	Gas Safety Inspections Pricing in Pype Hayes	44	Indexable	
https://www.birminghamboilerrepairs.uk/pype-hayes/main-boiler-specialists	8	Main Specialists in Pype Hayes	30	Main Specialists Pricing in Pype Hayes	38	Indexable	
https://www.birminghamboilerrepairs.uk/pype-hayes/alpha-boiler-specialists	8	Alpha Specialists in Pype Hayes	31	Alpha Specialists Pricing in Pype Hayes	39	Indexable	
https://www.birminghamboilerrepairs.uk/pype-hayes/viessmann-specialists	8	Viessmann Specialists in Pype Hayes	35	Viessmann Specialists Pricing in Pype Hayes	43	Indexable	
https://www.birminghamboilerrepairs.uk/pype-hayes/biasi-specialists	8	Biasi Specialists in Pype Hayes	31	Biasi Specialists Pricing in Pype Hayes	39	Indexable	
https://www.birminghamboilerrepairs.uk/pype-hayes/boiler-servicing	8	Boiler Servicing in Pype Hayes	30	Boiler Servicing Pricing in Pype Hayes	38	Indexable	
https://www.birminghamboilerrepairs.uk/pype-hayes/vokera-specialists	8	Vokera Specialists in Pype Hayes	32	Vokera Specialists Pricing in Pype Hayes	40	Indexable	
https://www.birminghamboilerrepairs.uk/pype-hayes/combination-boiler-services	8	Combination Boiler Services in Pype Hayes	41	Combination Boiler Services Pricing in Pype Hayes	49	Indexable	
https://www.birminghamboilerrepairs.uk/pype-hayes/atag-specialists	8	Atag Specialists in Pype Hayes	30	Atag Specialists Pricing in Pype Hayes	38	Indexable	
https://www.birminghamboilerrepairs.uk/pype-hayes/heatline-specialists	8	Heatline Specialists in Pype Hayes	34	Heatline Specialists Pricing in Pype Hayes	42	Indexable	
https://www.birminghamboilerrepairs.uk/pype-hayes/boiler-repairs	8	Boiler Repairs in Pype Hayes	28	Boiler Repairs Pricing in Pype Hayes	36	Indexable	
https://www.birminghamboilerrepairs.uk/fox-hollies/vokera-specialists	8	Vokera Specialists in Fox Hollies	33	Vokera Specialists Pricing in Fox Hollies	41	Indexable	
https://www.birminghamboilerrepairs.uk/fox-hollies/ferroli-specialists	8	Ferroli Specialists in Fox Hollies	34	Ferroli Specialists Pricing in Fox Hollies	42	Indexable	
https://www.birminghamboilerrepairs.uk/fox-hollies/worcester-bosch-specialists	8	Worcester Bosch Specialists in Fox Hollies	42	Worcester Bosch Specialists Pricing in Fox Hollies	50	Indexable	
https://www.birminghamboilerrepairs.uk/fox-hollies/gas-safety	8	Gas Safety Inspections in Fox Hollies	37	Gas Safety Inspections Pricing in Fox Hollies	45	Indexable	
https://www.birminghamboilerrepairs.uk/fox-hollies/boiler-servicing	8	Boiler Servicing in Fox Hollies	31	Boiler Servicing Pricing in Fox Hollies	39	Indexable	
https://www.birminghamboilerrepairs.uk/fox-hollies/potterton-specialists	8	Potterton Specialists in Fox Hollies	36	Potterton Specialists Pricing in Fox Hollies	44	Indexable	
https://www.birminghamboilerrepairs.uk/pype-hayes/ferroli-specialists	8	Ferroli Specialists in Pype Hayes	33	Ferroli Specialists Pricing in Pype Hayes	41	Indexable	
https://www.birminghamboilerrepairs.uk/fox-hollies/heatline-specialists	8	Heatline Specialists in Fox Hollies	35	Heatline Specialists Pricing in Fox Hollies	43	Indexable	
https://www.birminghamboilerrepairs.uk/fox-hollies/intergas-specialists	8	Intergas Specialists in Fox Hollies	35	Intergas Specialists Pricing in Fox Hollies	43	Indexable	
https://www.birminghamboilerrepairs.uk/fox-hollies/baxi-specialists	8	Baxi Specialists in Fox Hollies	31	Baxi Specialists Pricing in Fox Hollies	39	Indexable	
https://www.birminghamboilerrepairs.uk/fox-hollies/atag-specialists	8	Atag Specialists in Fox Hollies	31	Atag Specialists Pricing in Fox Hollies	39	Indexable	
https://www.birminghamboilerrepairs.uk/fox-hollies/viessmann-specialists	8	Viessmann Specialists in Fox Hollies	36	Viessmann Specialists Pricing in Fox Hollies	44	Indexable	
https://www.birminghamboilerrepairs.uk/fox-hollies/vaillant-specialists	8	Vaillant Specialists in Fox Hollies	35	Vaillant Specialists Pricing in Fox Hollies	43	Indexable	
https://www.birminghamboilerrepairs.uk/fox-hollies/boiler-repairs	8	Boiler Repairs in Fox Hollies	29	Boiler Repairs Pricing in Fox Hollies	37	Indexable	
https://www.birminghamboilerrepairs.uk/fox-hollies/main-boiler-specialists	8	Main Specialists in Fox Hollies	31	Main Specialists Pricing in Fox Hollies	39	Indexable	
https://www.birminghamboilerrepairs.uk/fox-hollies/combination-boiler-services	8	Combination Boiler Services in Fox Hollies	42	Combination Boiler Services Pricing in Fox Hollies	50	Indexable	
https://www.birminghamboilerrepairs.uk/fox-hollies/ariston-specialists	8	Ariston Specialists in Fox Hollies	34	Ariston Specialists Pricing in Fox Hollies	42	Indexable	
https://www.birminghamboilerrepairs.uk/fox-hollies/biasi-specialists	8	Biasi Specialists in Fox Hollies	32	Biasi Specialists Pricing in Fox Hollies	40	Indexable	
https://www.birminghamboilerrepairs.uk/fox-hollies/ideal-boilers-specialists	8	Ideal Boilers Specialists in Fox Hollies	40	Ideal Boilers Specialists Pricing in Fox Hollies	48	Indexable	
https://www.birminghamboilerrepairs.uk/fox-hollies/alpha-boiler-specialists	8	Alpha Specialists in Fox Hollies	32	Alpha Specialists Pricing in Fox Hollies	40	Indexable	
https://www.birminghamboilerrepairs.uk/fox-hollies/glowworm-specialists	8	Glow-worm Specialists in Fox Hollies	36	Glow-worm Specialists Pricing in Fox Hollies	44	Indexable	
https://www.birminghamboilerrepairs.uk/tudor-hill/baxi-specialists	8	Baxi Specialists in Tudor Hill	30	Baxi Specialists Pricing in Tudor Hill	38	Indexable	
https://www.birminghamboilerrepairs.uk/fox-hollies/combination-boiler-repairs	8	Combination Boiler Repairs in Fox Hollies	41	Combination Boiler Repairs Pricing in Fox Hollies	49	Indexable	
https://www.birminghamboilerrepairs.uk/tudor-hill/combination-boiler-services	8	Combination Boiler Services in Tudor Hill	41	Combination Boiler Services Pricing in Tudor Hill	49	Indexable	
https://www.birminghamboilerrepairs.uk/tudor-hill/gas-safety	8	Gas Safety Inspections in Tudor Hill	36	Gas Safety Inspections Pricing in Tudor Hill	44	Indexable	
https://www.birminghamboilerrepairs.uk/tudor-hill/worcester-bosch-specialists	8	Worcester Bosch Specialists in Tudor Hill	41	Worcester Bosch Specialists Pricing in Tudor Hill	49	Indexable	
https://www.birminghamboilerrepairs.uk/tudor-hill/intergas-specialists	8	Intergas Specialists in Tudor Hill	34	Intergas Specialists Pricing in Tudor Hill	42	Indexable	
https://www.birminghamboilerrepairs.uk/tudor-hill/potterton-specialists	8	Potterton Specialists in Tudor Hill	35	Potterton Specialists Pricing in Tudor Hill	43	Indexable	
https://www.birminghamboilerrepairs.uk/tudor-hill/atag-specialists	8	Atag Specialists in Tudor Hill	30	Atag Specialists Pricing in Tudor Hill	38	Indexable	
https://www.birminghamboilerrepairs.uk/tudor-hill/main-boiler-specialists	8	Main Specialists in Tudor Hill	30	Main Specialists Pricing in Tudor Hill	38	Indexable	
https://www.birminghamboilerrepairs.uk/tudor-hill/boiler-repairs	8	Boiler Repairs in Tudor Hill	28	Boiler Repairs Pricing in Tudor Hill	36	Indexable	
https://www.birminghamboilerrepairs.uk/tudor-hill/vaillant-specialists	8	Vaillant Specialists in Tudor Hill	34	Vaillant Specialists Pricing in Tudor Hill	42	Indexable	
https://www.birminghamboilerrepairs.uk/tudor-hill/alpha-boiler-specialists	8	Alpha Specialists in Tudor Hill	31	Alpha Specialists Pricing in Tudor Hill	39	Indexable	
https://www.birminghamboilerrepairs.uk/tudor-hill/boiler-servicing	8	Boiler Servicing in Tudor Hill	30	Boiler Servicing Pricing in Tudor Hill	38	Indexable	
https://www.birminghamboilerrepairs.uk/tudor-hill/vokera-specialists	8	Vokera Specialists in Tudor Hill	32	Vokera Specialists Pricing in Tudor Hill	40	Indexable	
https://www.birminghamboilerrepairs.uk/tudor-hill/biasi-specialists	8	Biasi Specialists in Tudor Hill	31	Biasi Specialists Pricing in Tudor Hill	39	Indexable	
https://www.birminghamboilerrepairs.uk/tudor-hill/glowworm-specialists	8	Glow-worm Specialists in Tudor Hill	35	Glow-worm Specialists Pricing in Tudor Hill	43	Indexable	
https://www.birminghamboilerrepairs.uk/tudor-hill/heatline-specialists	8	Heatline Specialists in Tudor Hill	34	Heatline Specialists Pricing in Tudor Hill	42	Indexable	
https://www.birminghamboilerrepairs.uk/tudor-hill/combination-boiler-repairs	8	Combination Boiler Repairs in Tudor Hill	40	Combination Boiler Repairs Pricing in Tudor Hill	48	Indexable	
https://www.birminghamboilerrepairs.uk/tudor-hill/viessmann-specialists	8	Viessmann Specialists in Tudor Hill	35	Viessmann Specialists Pricing in Tudor Hill	43	Indexable	
https://www.birminghamboilerrepairs.uk/tudor-hill/ferroli-specialists	8	Ferroli Specialists in Tudor Hill	33	Ferroli Specialists Pricing in Tudor Hill	41	Indexable	
https://www.birminghamboilerrepairs.uk/tudor-hill/ideal-boilers-specialists	8	Ideal Boilers Specialists in Tudor Hill	39	Ideal Boilers Specialists Pricing in Tudor Hill	47	Indexable	
https://www.birminghamboilerrepairs.uk/tudor-hill/ariston-specialists	8	Ariston Specialists in Tudor Hill	33	Ariston Specialists Pricing in Tudor Hill	41	Indexable	
https://www.birminghamboilerrepairs.uk/cofton-common/combination-boiler-services	8	Combination Boiler Services in Cofton Common	44	Combination Boiler Services Pricing in Cofton Common	52	Indexable	
https://www.birminghamboilerrepairs.uk/cofton-common/ideal-boilers-specialists	8	Ideal Boilers Specialists in Cofton Common	42	Ideal Boilers Specialists Pricing in Cofton Common	50	Indexable	
https://www.birminghamboilerrepairs.uk/cofton-common/boiler-repairs	8	Boiler Repairs in Cofton Common	31	Boiler Repairs Pricing in Cofton Common	39	Indexable	
https://www.birminghamboilerrepairs.uk/cofton-common/vaillant-specialists	8	Vaillant Specialists in Cofton Common	37	Vaillant Specialists Pricing in Cofton Common	45	Indexable	
https://www.birminghamboilerrepairs.uk/cofton-common/boiler-servicing	8	Boiler Servicing in Cofton Common	33	Boiler Servicing Pricing in Cofton Common	41	Indexable	
https://www.birminghamboilerrepairs.uk/cofton-common/gas-safety	8	Gas Safety Inspections in Cofton Common	39	Gas Safety Inspections Pricing in Cofton Common	47	Indexable	
https://www.birminghamboilerrepairs.uk/cofton-common/main-boiler-specialists	8	Main Specialists in Cofton Common	33	Main Specialists Pricing in Cofton Common	41	Indexable	
https://www.birminghamboilerrepairs.uk/cofton-common/heatline-specialists	8	Heatline Specialists in Cofton Common	37	Heatline Specialists Pricing in Cofton Common	45	Indexable	
https://www.birminghamboilerrepairs.uk/cofton-common/biasi-specialists	8	Biasi Specialists in Cofton Common	34	Biasi Specialists Pricing in Cofton Common	42	Indexable	
https://www.birminghamboilerrepairs.uk/cofton-common/vokera-specialists	8	Vokera Specialists in Cofton Common	35	Vokera Specialists Pricing in Cofton Common	43	Indexable	
https://www.birminghamboilerrepairs.uk/cofton-common/worcester-bosch-specialists	8	Worcester Bosch Specialists in Cofton Common	44	Worcester Bosch Specialists Pricing in Cofton Common	52	Indexable	
https://www.birminghamboilerrepairs.uk/cofton-common/combination-boiler-repairs	8	Combination Boiler Repairs in Cofton Common	43	Combination Boiler Repairs Pricing in Cofton Common	51	Indexable	
https://www.birminghamboilerrepairs.uk/cofton-common/ariston-specialists	8	Ariston Specialists in Cofton Common	36	Ariston Specialists Pricing in Cofton Common	44	Indexable	
https://www.birminghamboilerrepairs.uk/cofton-common/baxi-specialists	8	Baxi Specialists in Cofton Common	33	Baxi Specialists Pricing in Cofton Common	41	Indexable	
https://www.birminghamboilerrepairs.uk/cofton-common/ferroli-specialists	8	Ferroli Specialists in Cofton Common	36	Ferroli Specialists Pricing in Cofton Common	44	Indexable	
https://www.birminghamboilerrepairs.uk/cofton-common/potterton-specialists	8	Potterton Specialists in Cofton Common	38	Potterton Specialists Pricing in Cofton Common	46	Indexable	
https://www.birminghamboilerrepairs.uk/cofton-common/alpha-boiler-specialists	8	Alpha Specialists in Cofton Common	34	Alpha Specialists Pricing in Cofton Common	42	Indexable	
https://www.birminghamboilerrepairs.uk/cofton-common/atag-specialists	8	Atag Specialists in Cofton Common	33	Atag Specialists Pricing in Cofton Common	41	Indexable	
https://www.birminghamboilerrepairs.uk/cofton-common/glowworm-specialists	8	Glow-worm Specialists in Cofton Common	38	Glow-worm Specialists Pricing in Cofton Common	46	Indexable	
https://www.birminghamboilerrepairs.uk/cofton-common/intergas-specialists	8	Intergas Specialists in Cofton Common	37	Intergas Specialists Pricing in Cofton Common	45	Indexable	
https://www.birminghamboilerrepairs.uk/cofton-common/viessmann-specialists	8	Viessmann Specialists in Cofton Common	38	Viessmann Specialists Pricing in Cofton Common	46	Indexable	
https://www.birminghamboilerrepairs.uk/garretts-green/combination-boiler-repairs	8	Combination Boiler Repairs in Garretts Green	44	Combination Boiler Repairs Pricing in Garretts Green	52	Indexable	
https://www.birminghamboilerrepairs.uk/garretts-green/biasi-specialists	8	Biasi Specialists in Garretts Green	35	Biasi Specialists Pricing in Garretts Green	43	Indexable	
https://www.birminghamboilerrepairs.uk/garretts-green/vaillant-specialists	8	Vaillant Specialists in Garretts Green	38	Vaillant Specialists Pricing in Garretts Green	46	Indexable	
https://www.birminghamboilerrepairs.uk/garretts-green/heatline-specialists	8	Heatline Specialists in Garretts Green	38	Heatline Specialists Pricing in Garretts Green	46	Indexable	
https://www.birminghamboilerrepairs.uk/garretts-green/ferroli-specialists	8	Ferroli Specialists in Garretts Green	37	Ferroli Specialists Pricing in Garretts Green	45	Indexable	
https://www.birminghamboilerrepairs.uk/garretts-green/vokera-specialists	8	Vokera Specialists in Garretts Green	36	Vokera Specialists Pricing in Garretts Green	44	Indexable	
https://www.birminghamboilerrepairs.uk/garretts-green/intergas-specialists	8	Intergas Specialists in Garretts Green	38	Intergas Specialists Pricing in Garretts Green	46	Indexable	
https://www.birminghamboilerrepairs.uk/garretts-green/boiler-servicing	8	Boiler Servicing in Garretts Green	34	Boiler Servicing Pricing in Garretts Green	42	Indexable	
https://www.birminghamboilerrepairs.uk/garretts-green/glowworm-specialists	8	Glow-worm Specialists in Garretts Green	39	Glow-worm Specialists Pricing in Garretts Green	47	Indexable	
https://www.birminghamboilerrepairs.uk/garretts-green/potterton-specialists	8	Potterton Specialists in Garretts Green	39	Potterton Specialists Pricing in Garretts Green	47	Indexable	
https://www.birminghamboilerrepairs.uk/garretts-green/baxi-specialists	8	Baxi Specialists in Garretts Green	34	Baxi Specialists Pricing in Garretts Green	42	Indexable	
https://www.birminghamboilerrepairs.uk/garretts-green/worcester-bosch-specialists	8	Worcester Bosch Specialists in Garretts Green	45	Worcester Bosch Specialists Pricing in Garretts Green	53	Indexable	
https://www.birminghamboilerrepairs.uk/garretts-green/alpha-boiler-specialists	8	Alpha Specialists in Garretts Green	35	Alpha Specialists Pricing in Garretts Green	43	Indexable	
https://www.birminghamboilerrepairs.uk/garretts-green/viessmann-specialists	8	Viessmann Specialists in Garretts Green	39	Viessmann Specialists Pricing in Garretts Green	47	Indexable	
https://www.birminghamboilerrepairs.uk/garretts-green/gas-safety	8	Gas Safety Inspections in Garretts Green	40	Gas Safety Inspections Pricing in Garretts Green	48	Indexable	
https://www.birminghamboilerrepairs.uk/garretts-green/boiler-repairs	8	Boiler Repairs in Garretts Green	32	Boiler Repairs Pricing in Garretts Green	40	Indexable	
https://www.birminghamboilerrepairs.uk/garretts-green/main-boiler-specialists	8	Main Specialists in Garretts Green	34	Main Specialists Pricing in Garretts Green	42	Indexable	
https://www.birminghamboilerrepairs.uk/garretts-green/ariston-specialists	8	Ariston Specialists in Garretts Green	37	Ariston Specialists Pricing in Garretts Green	45	Indexable	
https://www.birminghamboilerrepairs.uk/garretts-green/combination-boiler-services	8	Combination Boiler Services in Garretts Green	45	Combination Boiler Services Pricing in Garretts Green	53	Indexable	
https://www.birminghamboilerrepairs.uk/garretts-green/ideal-boilers-specialists	8	Ideal Boilers Specialists in Garretts Green	43	Ideal Boilers Specialists Pricing in Garretts Green	51	Indexable	
https://www.birminghamboilerrepairs.uk/garretts-green/atag-specialists	8	Atag Specialists in Garretts Green	34	Atag Specialists Pricing in Garretts Green	42	Indexable	
https://www.birminghamboilerrepairs.uk/selly-oak/main-boiler-specialists	8	Main Specialists in Selly Oak	29	Main Specialists Pricing in Selly Oak	37	Indexable	
https://www.birminghamboilerrepairs.uk/selly-oak/combination-boiler-repairs	8	Combination Boiler Repairs in Selly Oak	39	Combination Boiler Repairs Pricing in Selly Oak	47	Indexable	
https://www.birminghamboilerrepairs.uk/selly-oak/combination-boiler-services	8	Combination Boiler Services in Selly Oak	40	Combination Boiler Services Pricing in Selly Oak	48	Indexable	
https://www.birminghamboilerrepairs.uk/selly-oak/boiler-repairs	8	Boiler Repairs in Selly Oak	27	Boiler Repairs Pricing in Selly Oak	35	Indexable	
https://www.birminghamboilerrepairs.uk/selly-oak/glowworm-specialists	8	Glow-worm Specialists in Selly Oak	34	Glow-worm Specialists Pricing in Selly Oak	42	Indexable	
https://www.birminghamboilerrepairs.uk/selly-oak/heatline-specialists	8	Heatline Specialists in Selly Oak	33	Heatline Specialists Pricing in Selly Oak	41	Indexable	
https://www.birminghamboilerrepairs.uk/selly-oak/boiler-servicing	8	Boiler Servicing in Selly Oak	29	Boiler Servicing Pricing in Selly Oak	37	Indexable	
https://www.birminghamboilerrepairs.uk/selly-oak/ferroli-specialists	8	Ferroli Specialists in Selly Oak	32	Ferroli Specialists Pricing in Selly Oak	40	Indexable	
https://www.birminghamboilerrepairs.uk/selly-oak/ideal-boilers-specialists	8	Ideal Boilers Specialists in Selly Oak	38	Ideal Boilers Specialists Pricing in Selly Oak	46	Indexable	
https://www.birminghamboilerrepairs.uk/selly-oak/worcester-bosch-specialists	8	Worcester Bosch Specialists in Selly Oak	40	Worcester Bosch Specialists Pricing in Selly Oak	48	Indexable	
https://www.birminghamboilerrepairs.uk/selly-oak/intergas-specialists	8	Intergas Specialists in Selly Oak	33	Intergas Specialists Pricing in Selly Oak	41	Indexable	
https://www.birminghamboilerrepairs.uk/selly-oak/ariston-specialists	8	Ariston Specialists in Selly Oak	32	Ariston Specialists Pricing in Selly Oak	40	Indexable	
https://www.birminghamboilerrepairs.uk/selly-oak/potterton-specialists	8	Potterton Specialists in Selly Oak	34	Potterton Specialists Pricing in Selly Oak	42	Indexable	
https://www.birminghamboilerrepairs.uk/selly-oak/vokera-specialists	8	Vokera Specialists in Selly Oak	31	Vokera Specialists Pricing in Selly Oak	39	Indexable	
https://www.birminghamboilerrepairs.uk/selly-oak/baxi-specialists	8	Baxi Specialists in Selly Oak	29	Baxi Specialists Pricing in Selly Oak	37	Indexable	
https://www.birminghamboilerrepairs.uk/selly-oak/gas-safety	8	Gas Safety Inspections in Selly Oak	35	Gas Safety Inspections Pricing in Selly Oak	43	Indexable	
https://www.birminghamboilerrepairs.uk/selly-oak/atag-specialists	8	Atag Specialists in Selly Oak	29	Atag Specialists Pricing in Selly Oak	37	Indexable	
https://www.birminghamboilerrepairs.uk/selly-oak/biasi-specialists	8	Biasi Specialists in Selly Oak	30	Biasi Specialists Pricing in Selly Oak	38	Indexable	
https://www.birminghamboilerrepairs.uk/selly-oak/viessmann-specialists	8	Viessmann Specialists in Selly Oak	34	Viessmann Specialists Pricing in Selly Oak	42	Indexable	
https://www.birminghamboilerrepairs.uk/selly-oak/vaillant-specialists	8	Vaillant Specialists in Selly Oak	33	Vaillant Specialists Pricing in Selly Oak	41	Indexable	
https://www.birminghamboilerrepairs.uk/selly-oak/alpha-boiler-specialists	8	Alpha Specialists in Selly Oak	30	Alpha Specialists Pricing in Selly Oak	38	Indexable	
https://www.birminghamboilerrepairs.uk/rubery/biasi-specialists	8	Biasi Specialists in Rubery	27	Biasi Specialists Pricing in Rubery	35	Indexable	
https://www.birminghamboilerrepairs.uk/rubery/main-boiler-specialists	8	Main Specialists in Rubery	26	Main Specialists Pricing in Rubery	34	Indexable	
https://www.birminghamboilerrepairs.uk/rubery/combination-boiler-services	8	Combination Boiler Services in Rubery	37	Combination Boiler Services Pricing in Rubery	45	Indexable	
https://www.birminghamboilerrepairs.uk/rubery/worcester-bosch-specialists	8	Worcester Bosch Specialists in Rubery	37	Worcester Bosch Specialists Pricing in Rubery	45	Indexable	
https://www.birminghamboilerrepairs.uk/rubery/combination-boiler-repairs	8	Combination Boiler Repairs in Rubery	36	Combination Boiler Repairs Pricing in Rubery	44	Indexable	
https://www.birminghamboilerrepairs.uk/rubery/ideal-boilers-specialists	8	Ideal Boilers Specialists in Rubery	35	Ideal Boilers Specialists Pricing in Rubery	43	Indexable	
https://www.birminghamboilerrepairs.uk/rubery/intergas-specialists	8	Intergas Specialists in Rubery	30	Intergas Specialists Pricing in Rubery	38	Indexable	
https://www.birminghamboilerrepairs.uk/rubery/ferroli-specialists	8	Ferroli Specialists in Rubery	29	Ferroli Specialists Pricing in Rubery	37	Indexable	
https://www.birminghamboilerrepairs.uk/rubery/boiler-servicing	8	Boiler Servicing in Rubery	26	Boiler Servicing Pricing in Rubery	34	Indexable	
https://www.birminghamboilerrepairs.uk/rubery/alpha-boiler-specialists	8	Alpha Specialists in Rubery	27	Alpha Specialists Pricing in Rubery	35	Indexable	
https://www.birminghamboilerrepairs.uk/rubery/baxi-specialists	8	Baxi Specialists in Rubery	26	Baxi Specialists Pricing in Rubery	34	Indexable	
https://www.birminghamboilerrepairs.uk/rowley-regis/main-boiler-specialists	8	Main Specialists in Rowley Regis	32	Main Specialists Pricing in Rowley Regis	40	Indexable	
https://www.birminghamboilerrepairs.uk/rowley-regis/ariston-specialists	8	Ariston Specialists in Rowley Regis	35	Ariston Specialists Pricing in Rowley Regis	43	Indexable	
https://www.birminghamboilerrepairs.uk/rowley-regis/ideal-boilers-specialists	8	Ideal Boilers Specialists in Rowley Regis	41	Ideal Boilers Specialists Pricing in Rowley Regis	49	Indexable	
https://www.birminghamboilerrepairs.uk/rowley-regis/vaillant-specialists	8	Vaillant Specialists in Rowley Regis	36	Vaillant Specialists Pricing in Rowley Regis	44	Indexable	
https://www.birminghamboilerrepairs.uk/moseley/alpha-boiler-specialists	8	Alpha Specialists in Moseley	28	Alpha Specialists Pricing in Moseley	36	Indexable	
https://www.birminghamboilerrepairs.uk/rowley-regis/boiler-repairs	8	Boiler Repairs in Rowley Regis	30	Boiler Repairs Pricing in Rowley Regis	38	Indexable	
https://www.birminghamboilerrepairs.uk/moseley/ideal-boilers-specialists	8	Ideal Boilers Specialists in Moseley	36	Ideal Boilers Specialists Pricing in Moseley	44	Indexable	
https://www.birminghamboilerrepairs.uk/moseley/boiler-repairs	8	Boiler Repairs in Moseley	25	Boiler Repairs Pricing in Moseley	33	Indexable	
https://www.birminghamboilerrepairs.uk/moseley/main-boiler-specialists	8	Main Specialists in Moseley	27	Main Specialists Pricing in Moseley	35	Indexable	
https://www.birminghamboilerrepairs.uk/moseley/ferroli-specialists	8	Ferroli Specialists in Moseley	30	Ferroli Specialists Pricing in Moseley	38	Indexable	
https://www.birminghamboilerrepairs.uk/moseley/glowworm-specialists	8	Glow-worm Specialists in Moseley	32	Glow-worm Specialists Pricing in Moseley	40	Indexable	
https://www.birminghamboilerrepairs.uk/moseley/atag-specialists	8	Atag Specialists in Moseley	27	Atag Specialists Pricing in Moseley	35	Indexable	
https://www.birminghamboilerrepairs.uk/moseley/gas-safety	8	Gas Safety Inspections in Moseley	33	Gas Safety Inspections Pricing in Moseley	41	Indexable	
https://www.birminghamboilerrepairs.uk/moseley/combination-boiler-repairs	8	Combination Boiler Repairs in Moseley	37	Combination Boiler Repairs Pricing in Moseley	45	Indexable	
https://www.birminghamboilerrepairs.uk/moseley/viessmann-specialists	8	Viessmann Specialists in Moseley	32	Viessmann Specialists Pricing in Moseley	40	Indexable	
https://www.birminghamboilerrepairs.uk/moseley/combination-boiler-services	8	Combination Boiler Services in Moseley	38	Combination Boiler Services Pricing in Moseley	46	Indexable	
https://www.birminghamboilerrepairs.uk/moseley/potterton-specialists	8	Potterton Specialists in Moseley	32	Potterton Specialists Pricing in Moseley	40	Indexable	
https://www.birminghamboilerrepairs.uk/moseley/vokera-specialists	8	Vokera Specialists in Moseley	29	Vokera Specialists Pricing in Moseley	37	Indexable	
https://www.birminghamboilerrepairs.uk/moseley/heatline-specialists	8	Heatline Specialists in Moseley	31	Heatline Specialists Pricing in Moseley	39	Indexable	
https://www.birminghamboilerrepairs.uk/moseley/boiler-servicing	8	Boiler Servicing in Moseley	27	Boiler Servicing Pricing in Moseley	35	Indexable	
https://www.birminghamboilerrepairs.uk/moseley/intergas-specialists	8	Intergas Specialists in Moseley	31	Intergas Specialists Pricing in Moseley	39	Indexable	
https://www.birminghamboilerrepairs.uk/moseley/worcester-bosch-specialists	8	Worcester Bosch Specialists in Moseley	38	Worcester Bosch Specialists Pricing in Moseley	46	Indexable	
https://www.birminghamboilerrepairs.uk/moseley/biasi-specialists	8	Biasi Specialists in Moseley	28	Biasi Specialists Pricing in Moseley	36	Indexable	
https://www.birminghamboilerrepairs.uk/moseley/baxi-specialists	8	Baxi Specialists in Moseley	27	Baxi Specialists Pricing in Moseley	35	Indexable	
https://www.birminghamboilerrepairs.uk/moseley/ariston-specialists	8	Ariston Specialists in Moseley	30	Ariston Specialists Pricing in Moseley	38	Indexable	
https://www.birminghamboilerrepairs.uk/moseley/vaillant-specialists	8	Vaillant Specialists in Moseley	31	Vaillant Specialists Pricing in Moseley	39	Indexable	
https://www.birminghamboilerrepairs.uk/catshill/viessmann-specialists	8	Viessmann Specialists in Catshill	33	Viessmann Specialists Pricing in Catshill	41	Indexable	
https://www.birminghamboilerrepairs.uk/catshill/baxi-specialists	8	Baxi Specialists in Catshill	28	Baxi Specialists Pricing in Catshill	36	Indexable	
https://www.birminghamboilerrepairs.uk/catshill/worcester-bosch-specialists	8	Worcester Bosch Specialists in Catshill	39	Worcester Bosch Specialists Pricing in Catshill	47	Indexable	
https://www.birminghamboilerrepairs.uk/catshill/vokera-specialists	8	Vokera Specialists in Catshill	30	Vokera Specialists Pricing in Catshill	38	Indexable	
https://www.birminghamboilerrepairs.uk/catshill/combination-boiler-services	8	Combination Boiler Services in Catshill	39	Combination Boiler Services Pricing in Catshill	47	Indexable	
https://www.birminghamboilerrepairs.uk/catshill/combination-boiler-repairs	8	Combination Boiler Repairs in Catshill	38	Combination Boiler Repairs Pricing in Catshill	46	Indexable	
https://www.birminghamboilerrepairs.uk/catshill/alpha-boiler-specialists	8	Alpha Specialists in Catshill	29	Alpha Specialists Pricing in Catshill	37	Indexable	
https://www.birminghamboilerrepairs.uk/catshill/main-boiler-specialists	8	Main Specialists in Catshill	28	Main Specialists Pricing in Catshill	36	Indexable	
https://www.birminghamboilerrepairs.uk/catshill/gas-safety	8	Gas Safety Inspections in Catshill	34	Gas Safety Inspections Pricing in Catshill	42	Indexable	
https://www.birminghamboilerrepairs.uk/catshill/ferroli-specialists	8	Ferroli Specialists in Catshill	31	Ferroli Specialists Pricing in Catshill	39	Indexable	
https://www.birminghamboilerrepairs.uk/catshill/heatline-specialists	8	Heatline Specialists in Catshill	32	Heatline Specialists Pricing in Catshill	40	Indexable	
https://www.birminghamboilerrepairs.uk/catshill/boiler-repairs	8	Boiler Repairs in Catshill	26	Boiler Repairs Pricing in Catshill	34	Indexable	
https://www.birminghamboilerrepairs.uk/catshill/vaillant-specialists	8	Vaillant Specialists in Catshill	32	Vaillant Specialists Pricing in Catshill	40	Indexable	
https://www.birminghamboilerrepairs.uk/catshill/intergas-specialists	8	Intergas Specialists in Catshill	32	Intergas Specialists Pricing in Catshill	40	Indexable	
https://www.birminghamboilerrepairs.uk/catshill/ariston-specialists	8	Ariston Specialists in Catshill	31	Ariston Specialists Pricing in Catshill	39	Indexable	
https://www.birminghamboilerrepairs.uk/catshill/ideal-boilers-specialists	8	Ideal Boilers Specialists in Catshill	37	Ideal Boilers Specialists Pricing in Catshill	45	Indexable	
https://www.birminghamboilerrepairs.uk/catshill/biasi-specialists	8	Biasi Specialists in Catshill	29	Biasi Specialists Pricing in Catshill	37	Indexable	
https://www.birminghamboilerrepairs.uk/catshill/atag-specialists	8	Atag Specialists in Catshill	28	Atag Specialists Pricing in Catshill	36	Indexable	
https://www.birminghamboilerrepairs.uk/catshill/glowworm-specialists	8	Glow-worm Specialists in Catshill	33	Glow-worm Specialists Pricing in Catshill	41	Indexable	
https://www.birminghamboilerrepairs.uk/catshill/boiler-servicing	8	Boiler Servicing in Catshill	28	Boiler Servicing Pricing in Catshill	36	Indexable	
https://www.birminghamboilerrepairs.uk/rednal/ariston-specialists	8	Ariston Specialists in Rednal	29	Ariston Specialists Pricing in Rednal	37	Indexable	
https://www.birminghamboilerrepairs.uk/rednal/main-boiler-specialists	8	Main Specialists in Rednal	26	Main Specialists Pricing in Rednal	34	Indexable	
https://www.birminghamboilerrepairs.uk/rednal/alpha-boiler-specialists	8	Alpha Specialists in Rednal	27	Alpha Specialists Pricing in Rednal	35	Indexable	
https://www.birminghamboilerrepairs.uk/rednal/intergas-specialists	8	Intergas Specialists in Rednal	30	Intergas Specialists Pricing in Rednal	38	Indexable	
https://www.birminghamboilerrepairs.uk/rednal/combination-boiler-repairs	8	Combination Boiler Repairs in Rednal	36	Combination Boiler Repairs Pricing in Rednal	44	Indexable	
https://www.birminghamboilerrepairs.uk/rednal/glowworm-specialists	8	Glow-worm Specialists in Rednal	31	Glow-worm Specialists Pricing in Rednal	39	Indexable	
https://www.birminghamboilerrepairs.uk/rednal/ideal-boilers-specialists	8	Ideal Boilers Specialists in Rednal	35	Ideal Boilers Specialists Pricing in Rednal	43	Indexable	
https://www.birminghamboilerrepairs.uk/rednal/viessmann-specialists	8	Viessmann Specialists in Rednal	31	Viessmann Specialists Pricing in Rednal	39	Indexable	
https://www.birminghamboilerrepairs.uk/rednal/biasi-specialists	8	Biasi Specialists in Rednal	27	Biasi Specialists Pricing in Rednal	35	Indexable	
https://www.birminghamboilerrepairs.uk/rednal/vokera-specialists	8	Vokera Specialists in Rednal	28	Vokera Specialists Pricing in Rednal	36	Indexable	
https://www.birminghamboilerrepairs.uk/rednal/gas-safety	8	Gas Safety Inspections in Rednal	32	Gas Safety Inspections Pricing in Rednal	40	Indexable	
https://www.birminghamboilerrepairs.uk/rednal/vaillant-specialists	8	Vaillant Specialists in Rednal	30	Vaillant Specialists Pricing in Rednal	38	Indexable	
https://www.birminghamboilerrepairs.uk/rednal/boiler-repairs	8	Boiler Repairs in Rednal	24	Boiler Repairs Pricing in Rednal	32	Indexable	
https://www.birminghamboilerrepairs.uk/rednal/atag-specialists	8	Atag Specialists in Rednal	26	Atag Specialists Pricing in Rednal	34	Indexable	
https://www.birminghamboilerrepairs.uk/rednal/boiler-servicing	8	Boiler Servicing in Rednal	26	Boiler Servicing Pricing in Rednal	34	Indexable	
https://www.birminghamboilerrepairs.uk/rednal/potterton-specialists	8	Potterton Specialists in Rednal	31	Potterton Specialists Pricing in Rednal	39	Indexable	
https://www.birminghamboilerrepairs.uk/rednal/baxi-specialists	8	Baxi Specialists in Rednal	26	Baxi Specialists Pricing in Rednal	34	Indexable	
https://www.birminghamboilerrepairs.uk/rednal/combination-boiler-services	8	Combination Boiler Services in Rednal	37	Combination Boiler Services Pricing in Rednal	45	Indexable	
https://www.birminghamboilerrepairs.uk/rednal/worcester-bosch-specialists	8	Worcester Bosch Specialists in Rednal	37	Worcester Bosch Specialists Pricing in Rednal	45	Indexable	
https://www.birminghamboilerrepairs.uk/rednal/ferroli-specialists	8	Ferroli Specialists in Rednal	29	Ferroli Specialists Pricing in Rednal	37	Indexable	
https://www.birminghamboilerrepairs.uk/catshill/potterton-specialists	8	Potterton Specialists in Catshill	33	Potterton Specialists Pricing in Catshill	41	Indexable	
https://www.birminghamboilerrepairs.uk/birmingham/baxi-specialists	8	Baxi Specialists in Birmingham	30	Baxi Specialists Pricing in Birmingham	38	Indexable	
https://www.birminghamboilerrepairs.uk/birmingham/ariston-specialists	8	Ariston Specialists in Birmingham	33	Ariston Specialists Pricing in Birmingham	41	Indexable	
https://www.birminghamboilerrepairs.uk/birmingham/alpha-boiler-specialists	8	Alpha Specialists in Birmingham	31	Alpha Specialists Pricing in Birmingham	39	Indexable	
https://www.birminghamboilerrepairs.uk/rednal/heatline-specialists	8	Heatline Specialists in Rednal	30	Heatline Specialists Pricing in Rednal	38	Indexable	
https://www.birminghamboilerrepairs.uk/birmingham/heatline-specialists	8	Heatline Specialists in Birmingham	34	Heatline Specialists Pricing in Birmingham	42	Indexable	
https://www.birminghamboilerrepairs.uk/birmingham/vaillant-specialists	8	Vaillant Specialists in Birmingham	34	Vaillant Specialists Pricing in Birmingham	42	Indexable	
https://www.birminghamboilerrepairs.uk/birmingham/vokera-specialists	8	Vokera Specialists in Birmingham	32	Vokera Specialists Pricing in Birmingham	40	Indexable	
https://www.birminghamboilerrepairs.uk/birmingham/glowworm-specialists	8	Glow-worm Specialists in Birmingham	35	Glow-worm Specialists Pricing in Birmingham	43	Indexable	
https://www.birminghamboilerrepairs.uk/birmingham/viessmann-specialists	8	Viessmann Specialists in Birmingham	35	Viessmann Specialists Pricing in Birmingham	43	Indexable	
https://www.birminghamboilerrepairs.uk/birmingham/main-boiler-specialists	8	Main Specialists in Birmingham	30	Main Specialists Pricing in Birmingham	38	Indexable	
https://www.birminghamboilerrepairs.uk/birmingham/biasi-specialists	8	Biasi Specialists in Birmingham	31	Biasi Specialists Pricing in Birmingham	39	Indexable	
https://www.birminghamboilerrepairs.uk/birmingham/intergas-specialists	8	Intergas Specialists in Birmingham	34	Intergas Specialists Pricing in Birmingham	42	Indexable	
https://www.birminghamboilerrepairs.uk/birmingham/ideal-boilers-specialists	8	Ideal Boilers Specialists in Birmingham	39	Ideal Boilers Specialists Pricing in Birmingham	47	Indexable	
https://www.birminghamboilerrepairs.uk/bournville/boiler-servicing	8	Boiler Servicing in Bournville	30	Boiler Servicing Pricing in Bournville	38	Indexable	
https://www.birminghamboilerrepairs.uk/birmingham/potterton-specialists	8	Potterton Specialists in Birmingham	35	Potterton Specialists Pricing in Birmingham	43	Indexable	
https://www.birminghamboilerrepairs.uk/bournville/ferroli-specialists	8	Ferroli Specialists in Bournville	33	Ferroli Specialists Pricing in Bournville	41	Indexable	
https://www.birminghamboilerrepairs.uk/birmingham/atag-specialists	8	Atag Specialists in Birmingham	30	Atag Specialists Pricing in Birmingham	38	Indexable	
https://www.birminghamboilerrepairs.uk/bournville/worcester-bosch-specialists	8	Worcester Bosch Specialists in Bournville	41	Worcester Bosch Specialists Pricing in Bournville	49	Indexable	
https://www.birminghamboilerrepairs.uk/bournville/combination-boiler-services	8	Combination Boiler Services in Bournville	41	Combination Boiler Services Pricing in Bournville	49	Indexable	
https://www.birminghamboilerrepairs.uk/bournville/baxi-specialists	8	Baxi Specialists in Bournville	30	Baxi Specialists Pricing in Bournville	38	Indexable	
https://www.birminghamboilerrepairs.uk/bournville/intergas-specialists	8	Intergas Specialists in Bournville	34	Intergas Specialists Pricing in Bournville	42	Indexable	
https://www.birminghamboilerrepairs.uk/bournville/biasi-specialists	8	Biasi Specialists in Bournville	31	Biasi Specialists Pricing in Bournville	39	Indexable	
https://www.birminghamboilerrepairs.uk/bournville/combination-boiler-repairs	8	Combination Boiler Repairs in Bournville	40	Combination Boiler Repairs Pricing in Bournville	48	Indexable	
https://www.birminghamboilerrepairs.uk/bournville/glowworm-specialists	8	Glow-worm Specialists in Bournville	35	Glow-worm Specialists Pricing in Bournville	43	Indexable	
https://www.birminghamboilerrepairs.uk/bournville/heatline-specialists	8	Heatline Specialists in Bournville	34	Heatline Specialists Pricing in Bournville	42	Indexable	
https://www.birminghamboilerrepairs.uk/bournville/ideal-boilers-specialists	8	Ideal Boilers Specialists in Bournville	39	Ideal Boilers Specialists Pricing in Bournville	47	Indexable	
https://www.birminghamboilerrepairs.uk/bournville/atag-specialists	8	Atag Specialists in Bournville	30	Atag Specialists Pricing in Bournville	38	Indexable	
https://www.birminghamboilerrepairs.uk/bournville/alpha-boiler-specialists	8	Alpha Specialists in Bournville	31	Alpha Specialists Pricing in Bournville	39	Indexable	
https://www.birminghamboilerrepairs.uk/bournville/vokera-specialists	8	Vokera Specialists in Bournville	32	Vokera Specialists Pricing in Bournville	40	Indexable	
https://www.birminghamboilerrepairs.uk/bournville/vaillant-specialists	8	Vaillant Specialists in Bournville	34	Vaillant Specialists Pricing in Bournville	42	Indexable	
https://www.birminghamboilerrepairs.uk/bournville/potterton-specialists	8	Potterton Specialists in Bournville	35	Potterton Specialists Pricing in Bournville	43	Indexable	
https://www.birminghamboilerrepairs.uk/bournville/gas-safety	8	Gas Safety Inspections in Bournville	36	Gas Safety Inspections Pricing in Bournville	44	Indexable	
https://www.birminghamboilerrepairs.uk/bournville/boiler-repairs	8	Boiler Repairs in Bournville	28	Boiler Repairs Pricing in Bournville	36	Indexable	
https://www.birminghamboilerrepairs.uk/bournville/ariston-specialists	8	Ariston Specialists in Bournville	33	Ariston Specialists Pricing in Bournville	41	Indexable	
https://www.birminghamboilerrepairs.uk/bournville/main-boiler-specialists	8	Main Specialists in Bournville	30	Main Specialists Pricing in Bournville	38	Indexable	
https://www.birminghamboilerrepairs.uk/bournville/viessmann-specialists	8	Viessmann Specialists in Bournville	35	Viessmann Specialists Pricing in Bournville	43	Indexable	
https://www.birminghamboilerrepairs.uk/pelham/glowworm-specialists	8	Glow-worm Specialists in Pelham	31	Glow-worm Specialists Pricing in Pelham	39	Indexable	
https://www.birminghamboilerrepairs.uk/pelham/biasi-specialists	8	Biasi Specialists in Pelham	27	Biasi Specialists Pricing in Pelham	35	Indexable	
https://www.birminghamboilerrepairs.uk/pelham/boiler-servicing	8	Boiler Servicing in Pelham	26	Boiler Servicing Pricing in Pelham	34	Indexable	
https://www.birminghamboilerrepairs.uk/pelham/ariston-specialists	8	Ariston Specialists in Pelham	29	Ariston Specialists Pricing in Pelham	37	Indexable	
https://www.birminghamboilerrepairs.uk/pelham/baxi-specialists	8	Baxi Specialists in Pelham	26	Baxi Specialists Pricing in Pelham	34	Indexable	
https://www.birminghamboilerrepairs.uk/pelham/heatline-specialists	8	Heatline Specialists in Pelham	30	Heatline Specialists Pricing in Pelham	38	Indexable	
https://www.birminghamboilerrepairs.uk/pelham/combination-boiler-repairs	8	Combination Boiler Repairs in Pelham	36	Combination Boiler Repairs Pricing in Pelham	44	Indexable	
https://www.birminghamboilerrepairs.uk/pelham/potterton-specialists	8	Potterton Specialists in Pelham	31	Potterton Specialists Pricing in Pelham	39	Indexable	
https://www.birminghamboilerrepairs.uk/pelham/worcester-bosch-specialists	8	Worcester Bosch Specialists in Pelham	37	Worcester Bosch Specialists Pricing in Pelham	45	Indexable	
https://www.birminghamboilerrepairs.uk/pelham/combination-boiler-services	8	Combination Boiler Services in Pelham	37	Combination Boiler Services Pricing in Pelham	45	Indexable	
https://www.birminghamboilerrepairs.uk/pelham/vaillant-specialists	8	Vaillant Specialists in Pelham	30	Vaillant Specialists Pricing in Pelham	38	Indexable	
https://www.birminghamboilerrepairs.uk/pelham/gas-safety	8	Gas Safety Inspections in Pelham	32	Gas Safety Inspections Pricing in Pelham	40	Indexable	
https://www.birminghamboilerrepairs.uk/pelham/alpha-boiler-specialists	8	Alpha Specialists in Pelham	27	Alpha Specialists Pricing in Pelham	35	Indexable	
https://www.birminghamboilerrepairs.uk/pelham/boiler-repairs	8	Boiler Repairs in Pelham	24	Boiler Repairs Pricing in Pelham	32	Indexable	
https://www.birminghamboilerrepairs.uk/pelham/viessmann-specialists	8	Viessmann Specialists in Pelham	31	Viessmann Specialists Pricing in Pelham	39	Indexable	
https://www.birminghamboilerrepairs.uk/pelham/intergas-specialists	8	Intergas Specialists in Pelham	30	Intergas Specialists Pricing in Pelham	38	Indexable	
https://www.birminghamboilerrepairs.uk/pelham/vokera-specialists	8	Vokera Specialists in Pelham	28	Vokera Specialists Pricing in Pelham	36	Indexable	
https://www.birminghamboilerrepairs.uk/pelham/ideal-boilers-specialists	8	Ideal Boilers Specialists in Pelham	35	Ideal Boilers Specialists Pricing in Pelham	43	Indexable	
https://www.birminghamboilerrepairs.uk/pelham/ferroli-specialists	8	Ferroli Specialists in Pelham	29	Ferroli Specialists Pricing in Pelham	37	Indexable	
https://www.birminghamboilerrepairs.uk/pelham/atag-specialists	8	Atag Specialists in Pelham	26	Atag Specialists Pricing in Pelham	34	Indexable	
https://www.birminghamboilerrepairs.uk/great-barr/alpha-boiler-specialists	8	Alpha Specialists in Great Barr	31	Alpha Specialists Pricing in Great Barr	39	Indexable	
https://www.birminghamboilerrepairs.uk/great-barr/potterton-specialists	8	Potterton Specialists in Great Barr	35	Potterton Specialists Pricing in Great Barr	43	Indexable	
https://www.birminghamboilerrepairs.uk/pelham/main-boiler-specialists	8	Main Specialists in Pelham	26	Main Specialists Pricing in Pelham	34	Indexable	
https://www.birminghamboilerrepairs.uk/great-barr/vokera-specialists	8	Vokera Specialists in Great Barr	32	Vokera Specialists Pricing in Great Barr	40	Indexable	
https://www.birminghamboilerrepairs.uk/great-barr/viessmann-specialists	8	Viessmann Specialists in Great Barr	35	Viessmann Specialists Pricing in Great Barr	43	Indexable	
https://www.birminghamboilerrepairs.uk/great-barr/combination-boiler-repairs	8	Combination Boiler Repairs in Great Barr	40	Combination Boiler Repairs Pricing in Great Barr	48	Indexable	
https://www.birminghamboilerrepairs.uk/great-barr/combination-boiler-services	8	Combination Boiler Services in Great Barr	41	Combination Boiler Services Pricing in Great Barr	49	Indexable	
https://www.birminghamboilerrepairs.uk/great-barr/heatline-specialists	8	Heatline Specialists in Great Barr	34	Heatline Specialists Pricing in Great Barr	42	Indexable	
https://www.birminghamboilerrepairs.uk/great-barr/boiler-servicing	8	Boiler Servicing in Great Barr	30	Boiler Servicing Pricing in Great Barr	38	Indexable	
https://www.birminghamboilerrepairs.uk/great-barr/intergas-specialists	8	Intergas Specialists in Great Barr	34	Intergas Specialists Pricing in Great Barr	42	Indexable	
https://www.birminghamboilerrepairs.uk/great-barr/boiler-repairs	8	Boiler Repairs in Great Barr	28	Boiler Repairs Pricing in Great Barr	36	Indexable	
https://www.birminghamboilerrepairs.uk/great-barr/ferroli-specialists	8	Ferroli Specialists in Great Barr	33	Ferroli Specialists Pricing in Great Barr	41	Indexable	
https://www.birminghamboilerrepairs.uk/great-barr/gas-safety	8	Gas Safety Inspections in Great Barr	36	Gas Safety Inspections Pricing in Great Barr	44	Indexable	
https://www.birminghamboilerrepairs.uk/great-barr/ideal-boilers-specialists	8	Ideal Boilers Specialists in Great Barr	39	Ideal Boilers Specialists Pricing in Great Barr	47	Indexable	
https://www.birminghamboilerrepairs.uk/great-barr/ariston-specialists	8	Ariston Specialists in Great Barr	33	Ariston Specialists Pricing in Great Barr	41	Indexable	
https://www.birminghamboilerrepairs.uk/great-barr/atag-specialists	8	Atag Specialists in Great Barr	30	Atag Specialists Pricing in Great Barr	38	Indexable	
https://www.birminghamboilerrepairs.uk/great-barr/worcester-bosch-specialists	8	Worcester Bosch Specialists in Great Barr	41	Worcester Bosch Specialists Pricing in Great Barr	49	Indexable	
https://www.birminghamboilerrepairs.uk/great-barr/glowworm-specialists	8	Glow-worm Specialists in Great Barr	35	Glow-worm Specialists Pricing in Great Barr	43	Indexable	
https://www.birminghamboilerrepairs.uk/great-barr/baxi-specialists	8	Baxi Specialists in Great Barr	30	Baxi Specialists Pricing in Great Barr	38	Indexable	
https://www.birminghamboilerrepairs.uk/great-barr/vaillant-specialists	8	Vaillant Specialists in Great Barr	34	Vaillant Specialists Pricing in Great Barr	42	Indexable	
https://www.birminghamboilerrepairs.uk/great-barr/biasi-specialists	8	Biasi Specialists in Great Barr	31	Biasi Specialists Pricing in Great Barr	39	Indexable	
https://www.birminghamboilerrepairs.uk/boldmere/viessmann-specialists	8	Viessmann Specialists in Boldmere	33	Viessmann Specialists Pricing in Boldmere	41	Indexable	
https://www.birminghamboilerrepairs.uk/great-barr/main-boiler-specialists	8	Main Specialists in Great Barr	30	Main Specialists Pricing in Great Barr	38	Indexable	
https://www.birminghamboilerrepairs.uk/boldmere/combination-boiler-repairs	8	Combination Boiler Repairs in Boldmere	38	Combination Boiler Repairs Pricing in Boldmere	46	Indexable	
https://www.birminghamboilerrepairs.uk/boldmere/gas-safety	8	Gas Safety Inspections in Boldmere	34	Gas Safety Inspections Pricing in Boldmere	42	Indexable	
https://www.birminghamboilerrepairs.uk/boldmere/biasi-specialists	8	Biasi Specialists in Boldmere	29	Biasi Specialists Pricing in Boldmere	37	Indexable	
https://www.birminghamboilerrepairs.uk/boldmere/ferroli-specialists	8	Ferroli Specialists in Boldmere	31	Ferroli Specialists Pricing in Boldmere	39	Indexable	
https://www.birminghamboilerrepairs.uk/boldmere/glowworm-specialists	8	Glow-worm Specialists in Boldmere	33	Glow-worm Specialists Pricing in Boldmere	41	Indexable	
https://www.birminghamboilerrepairs.uk/boldmere/vaillant-specialists	8	Vaillant Specialists in Boldmere	32	Vaillant Specialists Pricing in Boldmere	40	Indexable	
https://www.birminghamboilerrepairs.uk/boldmere/main-boiler-specialists	8	Main Specialists in Boldmere	28	Main Specialists Pricing in Boldmere	36	Indexable	
https://www.birminghamboilerrepairs.uk/boldmere/atag-specialists	8	Atag Specialists in Boldmere	28	Atag Specialists Pricing in Boldmere	36	Indexable	
https://www.birminghamboilerrepairs.uk/boldmere/vokera-specialists	8	Vokera Specialists in Boldmere	30	Vokera Specialists Pricing in Boldmere	38	Indexable	
https://www.birminghamboilerrepairs.uk/boldmere/worcester-bosch-specialists	8	Worcester Bosch Specialists in Boldmere	39	Worcester Bosch Specialists Pricing in Boldmere	47	Indexable	
https://www.birminghamboilerrepairs.uk/boldmere/ideal-boilers-specialists	8	Ideal Boilers Specialists in Boldmere	37	Ideal Boilers Specialists Pricing in Boldmere	45	Indexable	
https://www.birminghamboilerrepairs.uk/birmingham/ferroli-specialists	8	Ferroli Specialists in Birmingham	33	Ferroli Specialists Pricing in Birmingham	41	Indexable	
https://www.birminghamboilerrepairs.uk/boldmere/intergas-specialists	8	Intergas Specialists in Boldmere	32	Intergas Specialists Pricing in Boldmere	40	Indexable	
https://www.birminghamboilerrepairs.uk/birmingham/worcester-bosch-specialists	8	Worcester Bosch Specialists in Birmingham	41	Worcester Bosch Specialists Pricing in Birmingham	49	Indexable	
https://www.birminghamboilerrepairs.uk/birmingham/combination-boiler-repairs	8	Combination Boiler Repairs in Birmingham	40	Combination Boiler Repairs Pricing in Birmingham	48	Indexable	
https://www.birminghamboilerrepairs.uk/birmingham/combination-boiler-services	8	Combination Boiler Services in Birmingham	41	Combination Boiler Services Pricing in Birmingham	49	Indexable	
https://www.birminghamboilerrepairs.uk/west-midlands/combination-boiler-services	8	Combination Boiler Services in West Midlands	44	Combination Boiler Services Pricing in West Midlands	52	Indexable	
https://www.birminghamboilerrepairs.uk/birmingham/boiler-servicing	8	Boiler Servicing in Birmingham	30	Boiler Servicing Pricing in Birmingham	38	Indexable	
https://www.birminghamboilerrepairs.uk/west-midlands/combination-boiler-repairs	8	Combination Boiler Repairs in West Midlands	43	Combination Boiler Repairs Pricing in West Midlands	51	Indexable	
https://www.birminghamboilerrepairs.uk/birmingham/gas-safety	8	Gas Safety Inspections in Birmingham	36	Gas Safety Inspections Pricing in Birmingham	44	Indexable	
https://www.birminghamboilerrepairs.uk/west-midlands/ferroli-specialists	8	Ferroli Specialists in West Midlands	36	Ferroli Specialists Pricing in West Midlands	44	Indexable	
https://www.birminghamboilerrepairs.uk/west-midlands/worcester-bosch-specialists	8	Worcester Bosch Specialists in West Midlands	44	Worcester Bosch Specialists Pricing in West Midlands	52	Indexable	
https://www.birminghamboilerrepairs.uk/west-midlands/boiler-repairs	8	Boiler Repairs in West Midlands	31	Boiler Repairs Pricing in West Midlands	39	Indexable	
https://www.birminghamboilerrepairs.uk/west-midlands/gas-safety	8	Gas Safety Inspections in West Midlands	39	Gas Safety Inspections Pricing in West Midlands	47	Indexable	
https://www.birminghamboilerrepairs.uk/birches-green/main-boiler-specialists	8	Main Specialists in Birches Green	33	Main Specialists Pricing in Birches Green	41	Indexable	
https://www.birminghamboilerrepairs.uk/birches-green/gas-safety	8	Gas Safety Inspections in Birches Green	39	Gas Safety Inspections Pricing in Birches Green	47	Indexable	
https://www.birminghamboilerrepairs.uk/birches-green/boiler-servicing	8	Boiler Servicing in Birches Green	33	Boiler Servicing Pricing in Birches Green	41	Indexable	
https://www.birminghamboilerrepairs.uk/birches-green/biasi-specialists	8	Biasi Specialists in Birches Green	34	Biasi Specialists Pricing in Birches Green	42	Indexable	
https://www.birminghamboilerrepairs.uk/birches-green/ideal-boilers-specialists	8	Ideal Boilers Specialists in Birches Green	42	Ideal Boilers Specialists Pricing in Birches Green	50	Indexable	
https://www.birminghamboilerrepairs.uk/birches-green/worcester-bosch-specialists	8	Worcester Bosch Specialists in Birches Green	44	Worcester Bosch Specialists Pricing in Birches Green	52	Indexable	
https://www.birminghamboilerrepairs.uk/birches-green/potterton-specialists	8	Potterton Specialists in Birches Green	38	Potterton Specialists Pricing in Birches Green	46	Indexable	
https://www.birminghamboilerrepairs.uk/birches-green/combination-boiler-services	8	Combination Boiler Services in Birches Green	44	Combination Boiler Services Pricing in Birches Green	52	Indexable	
https://www.birminghamboilerrepairs.uk/birches-green/alpha-boiler-specialists	8	Alpha Specialists in Birches Green	34	Alpha Specialists Pricing in Birches Green	42	Indexable	
https://www.birminghamboilerrepairs.uk/birches-green/combination-boiler-repairs	8	Combination Boiler Repairs in Birches Green	43	Combination Boiler Repairs Pricing in Birches Green	51	Indexable	
https://www.birminghamboilerrepairs.uk/birches-green/atag-specialists	8	Atag Specialists in Birches Green	33	Atag Specialists Pricing in Birches Green	41	Indexable	
https://www.birminghamboilerrepairs.uk/birches-green/vokera-specialists	8	Vokera Specialists in Birches Green	35	Vokera Specialists Pricing in Birches Green	43	Indexable	
https://www.birminghamboilerrepairs.uk/birches-green/vaillant-specialists	8	Vaillant Specialists in Birches Green	37	Vaillant Specialists Pricing in Birches Green	45	Indexable	
https://www.birminghamboilerrepairs.uk/birches-green/intergas-specialists	8	Intergas Specialists in Birches Green	37	Intergas Specialists Pricing in Birches Green	45	Indexable	
https://www.birminghamboilerrepairs.uk/birches-green/viessmann-specialists	8	Viessmann Specialists in Birches Green	38	Viessmann Specialists Pricing in Birches Green	46	Indexable	
https://www.birminghamboilerrepairs.uk/birches-green/heatline-specialists	8	Heatline Specialists in Birches Green	37	Heatline Specialists Pricing in Birches Green	45	Indexable	
https://www.birminghamboilerrepairs.uk/birches-green/baxi-specialists	8	Baxi Specialists in Birches Green	33	Baxi Specialists Pricing in Birches Green	41	Indexable	
https://www.birminghamboilerrepairs.uk/birches-green/boiler-repairs	8	Boiler Repairs in Birches Green	31	Boiler Repairs Pricing in Birches Green	39	Indexable	
https://www.birminghamboilerrepairs.uk/birches-green/glowworm-specialists	8	Glow-worm Specialists in Birches Green	38	Glow-worm Specialists Pricing in Birches Green	46	Indexable	
https://www.birminghamboilerrepairs.uk/birches-green/ariston-specialists	8	Ariston Specialists in Birches Green	36	Ariston Specialists Pricing in Birches Green	44	Indexable	
https://www.birminghamboilerrepairs.uk/birmingham/boiler-repairs	8	Boiler Repairs in Birmingham	28	Boiler Repairs Pricing in Birmingham	36	Indexable	
https://www.birminghamboilerrepairs.uk/birches-green/ferroli-specialists	8	Ferroli Specialists in Birches Green	36	Ferroli Specialists Pricing in Birches Green	44	Indexable	
https://www.birminghamboilerrepairs.uk/rubery/glowworm-specialists	8	Glow-worm Specialists in Rubery	31	Glow-worm Specialists Pricing in Rubery	39	Indexable	
https://www.birminghamboilerrepairs.uk/rubery/boiler-repairs	8	Boiler Repairs in Rubery	24	Boiler Repairs Pricing in Rubery	32	Indexable	
https://www.birminghamboilerrepairs.uk/rubery/gas-safety	8	Gas Safety Inspections in Rubery	32	Gas Safety Inspections Pricing in Rubery	40	Indexable	
https://www.birminghamboilerrepairs.uk/rubery/vokera-specialists	8	Vokera Specialists in Rubery	28	Vokera Specialists Pricing in Rubery	36	Indexable	
https://www.birminghamboilerrepairs.uk/rubery/potterton-specialists	8	Potterton Specialists in Rubery	31	Potterton Specialists Pricing in Rubery	39	Indexable	
https://www.birminghamboilerrepairs.uk/rubery/atag-specialists	8	Atag Specialists in Rubery	26	Atag Specialists Pricing in Rubery	34	Indexable	
https://www.birminghamboilerrepairs.uk/rubery/ariston-specialists	8	Ariston Specialists in Rubery	29	Ariston Specialists Pricing in Rubery	37	Indexable	
https://www.birminghamboilerrepairs.uk/rubery/heatline-specialists	8	Heatline Specialists in Rubery	30	Heatline Specialists Pricing in Rubery	38	Indexable	
https://www.birminghamboilerrepairs.uk/rubery/vaillant-specialists	8	Vaillant Specialists in Rubery	30	Vaillant Specialists Pricing in Rubery	38	Indexable	
https://www.birminghamboilerrepairs.uk/rubery/viessmann-specialists	8	Viessmann Specialists in Rubery	31	Viessmann Specialists Pricing in Rubery	39	Indexable	
https://www.birminghamboilerrepairs.uk/four-oaks/ideal-boilers-specialists	8	Ideal Boilers Specialists in Four Oaks	38	Ideal Boilers Specialists Pricing in Four Oaks	46	Indexable	
https://www.birminghamboilerrepairs.uk/four-oaks/combination-boiler-services	8	Combination Boiler Services in Four Oaks	40	Combination Boiler Services Pricing in Four Oaks	48	Indexable	
https://www.birminghamboilerrepairs.uk/four-oaks/combination-boiler-repairs	8	Combination Boiler Repairs in Four Oaks	39	Combination Boiler Repairs Pricing in Four Oaks	47	Indexable	
https://www.birminghamboilerrepairs.uk/four-oaks/biasi-specialists	8	Biasi Specialists in Four Oaks	30	Biasi Specialists Pricing in Four Oaks	38	Indexable	
https://www.birminghamboilerrepairs.uk/four-oaks/atag-specialists	8	Atag Specialists in Four Oaks	29	Atag Specialists Pricing in Four Oaks	37	Indexable	
https://www.birminghamboilerrepairs.uk/four-oaks/ariston-specialists	8	Ariston Specialists in Four Oaks	32	Ariston Specialists Pricing in Four Oaks	40	Indexable	
https://www.birminghamboilerrepairs.uk/four-oaks/glowworm-specialists	8	Glow-worm Specialists in Four Oaks	34	Glow-worm Specialists Pricing in Four Oaks	42	Indexable	
https://www.birminghamboilerrepairs.uk/four-oaks/main-boiler-specialists	8	Main Specialists in Four Oaks	29	Main Specialists Pricing in Four Oaks	37	Indexable	
https://www.birminghamboilerrepairs.uk/four-oaks/gas-safety	8	Gas Safety Inspections in Four Oaks	35	Gas Safety Inspections Pricing in Four Oaks	43	Indexable	
https://www.birminghamboilerrepairs.uk/four-oaks/alpha-boiler-specialists	8	Alpha Specialists in Four Oaks	30	Alpha Specialists Pricing in Four Oaks	38	Indexable	
https://www.birminghamboilerrepairs.uk/four-oaks/boiler-servicing	8	Boiler Servicing in Four Oaks	29	Boiler Servicing Pricing in Four Oaks	37	Indexable	
https://www.birminghamboilerrepairs.uk/four-oaks/intergas-specialists	8	Intergas Specialists in Four Oaks	33	Intergas Specialists Pricing in Four Oaks	41	Indexable	
https://www.birminghamboilerrepairs.uk/four-oaks/ferroli-specialists	8	Ferroli Specialists in Four Oaks	32	Ferroli Specialists Pricing in Four Oaks	40	Indexable	
https://www.birminghamboilerrepairs.uk/four-oaks/potterton-specialists	8	Potterton Specialists in Four Oaks	34	Potterton Specialists Pricing in Four Oaks	42	Indexable	
https://www.birminghamboilerrepairs.uk/four-oaks/worcester-bosch-specialists	8	Worcester Bosch Specialists in Four Oaks	40	Worcester Bosch Specialists Pricing in Four Oaks	48	Indexable	
https://www.birminghamboilerrepairs.uk/four-oaks/baxi-specialists	8	Baxi Specialists in Four Oaks	29	Baxi Specialists Pricing in Four Oaks	37	Indexable	
https://www.birminghamboilerrepairs.uk/four-oaks/vaillant-specialists	8	Vaillant Specialists in Four Oaks	33	Vaillant Specialists Pricing in Four Oaks	41	Indexable	
https://www.birminghamboilerrepairs.uk/four-oaks/boiler-repairs	8	Boiler Repairs in Four Oaks	27	Boiler Repairs Pricing in Four Oaks	35	Indexable	
https://www.birminghamboilerrepairs.uk/four-oaks/heatline-specialists	8	Heatline Specialists in Four Oaks	33	Heatline Specialists Pricing in Four Oaks	41	Indexable	
https://www.birminghamboilerrepairs.uk/four-oaks/vokera-specialists	8	Vokera Specialists in Four Oaks	31	Vokera Specialists Pricing in Four Oaks	39	Indexable	
https://www.birminghamboilerrepairs.uk/four-oaks/viessmann-specialists	8	Viessmann Specialists in Four Oaks	34	Viessmann Specialists Pricing in Four Oaks	42	Indexable	
https://www.birminghamboilerrepairs.uk/wythall/ariston-specialists	8	Ariston Specialists in Wythall	30	Ariston Specialists Pricing in Wythall	38	Indexable	
https://www.birminghamboilerrepairs.uk/wythall/worcester-bosch-specialists	8	Worcester Bosch Specialists in Wythall	38	Worcester Bosch Specialists Pricing in Wythall	46	Indexable	
https://www.birminghamboilerrepairs.uk/wythall/main-boiler-specialists	8	Main Specialists in Wythall	27	Main Specialists Pricing in Wythall	35	Indexable	
https://www.birminghamboilerrepairs.uk/wythall/boiler-servicing	8	Boiler Servicing in Wythall	27	Boiler Servicing Pricing in Wythall	35	Indexable	
https://www.birminghamboilerrepairs.uk/wythall/combination-boiler-repairs	8	Combination Boiler Repairs in Wythall	37	Combination Boiler Repairs Pricing in Wythall	45	Indexable	
https://www.birminghamboilerrepairs.uk/wythall/ferroli-specialists	8	Ferroli Specialists in Wythall	30	Ferroli Specialists Pricing in Wythall	38	Indexable	
https://www.birminghamboilerrepairs.uk/wythall/ideal-boilers-specialists	8	Ideal Boilers Specialists in Wythall	36	Ideal Boilers Specialists Pricing in Wythall	44	Indexable	
https://www.birminghamboilerrepairs.uk/wythall/intergas-specialists	8	Intergas Specialists in Wythall	31	Intergas Specialists Pricing in Wythall	39	Indexable	
https://www.birminghamboilerrepairs.uk/wythall/glowworm-specialists	8	Glow-worm Specialists in Wythall	32	Glow-worm Specialists Pricing in Wythall	40	Indexable	
https://www.birminghamboilerrepairs.uk/wythall/atag-specialists	8	Atag Specialists in Wythall	27	Atag Specialists Pricing in Wythall	35	Indexable	
https://www.birminghamboilerrepairs.uk/wythall/viessmann-specialists	8	Viessmann Specialists in Wythall	32	Viessmann Specialists Pricing in Wythall	40	Indexable	
https://www.birminghamboilerrepairs.uk/wythall/boiler-repairs	8	Boiler Repairs in Wythall	25	Boiler Repairs Pricing in Wythall	33	Indexable	
https://www.birminghamboilerrepairs.uk/wythall/gas-safety	8	Gas Safety Inspections in Wythall	33	Gas Safety Inspections Pricing in Wythall	41	Indexable	
https://www.birminghamboilerrepairs.uk/wythall/combination-boiler-services	8	Combination Boiler Services in Wythall	38	Combination Boiler Services Pricing in Wythall	46	Indexable	
https://www.birminghamboilerrepairs.uk/wythall/heatline-specialists	8	Heatline Specialists in Wythall	31	Heatline Specialists Pricing in Wythall	39	Indexable	
https://www.birminghamboilerrepairs.uk/wythall/alpha-boiler-specialists	8	Alpha Specialists in Wythall	28	Alpha Specialists Pricing in Wythall	36	Indexable	
https://www.birminghamboilerrepairs.uk/wythall/baxi-specialists	8	Baxi Specialists in Wythall	27	Baxi Specialists Pricing in Wythall	35	Indexable	
https://www.birminghamboilerrepairs.uk/wythall/potterton-specialists	8	Potterton Specialists in Wythall	32	Potterton Specialists Pricing in Wythall	40	Indexable	
https://www.birminghamboilerrepairs.uk/wythall/biasi-specialists	8	Biasi Specialists in Wythall	28	Biasi Specialists Pricing in Wythall	36	Indexable	
https://www.birminghamboilerrepairs.uk/wythall/vokera-specialists	8	Vokera Specialists in Wythall	29	Vokera Specialists Pricing in Wythall	37	Indexable	
https://www.birminghamboilerrepairs.uk/shenley-fields/boiler-repairs	8	Boiler Repairs in Shenley Fields	32	Boiler Repairs Pricing in Shenley Fields	40	Indexable	
https://www.birminghamboilerrepairs.uk/shenley-fields/ferroli-specialists	8	Ferroli Specialists in Shenley Fields	37	Ferroli Specialists Pricing in Shenley Fields	45	Indexable	
https://www.birminghamboilerrepairs.uk/wythall/vaillant-specialists	8	Vaillant Specialists in Wythall	31	Vaillant Specialists Pricing in Wythall	39	Indexable	
https://www.birminghamboilerrepairs.uk/shenley-fields/glowworm-specialists	8	Glow-worm Specialists in Shenley Fields	39	Glow-worm Specialists Pricing in Shenley Fields	47	Indexable	
https://www.birminghamboilerrepairs.uk/shenley-fields/heatline-specialists	8	Heatline Specialists in Shenley Fields	38	Heatline Specialists Pricing in Shenley Fields	46	Indexable	
https://www.birminghamboilerrepairs.uk/shenley-fields/main-boiler-specialists	8	Main Specialists in Shenley Fields	34	Main Specialists Pricing in Shenley Fields	42	Indexable	
https://www.birminghamboilerrepairs.uk/shenley-fields/atag-specialists	8	Atag Specialists in Shenley Fields	34	Atag Specialists Pricing in Shenley Fields	42	Indexable	
https://www.birminghamboilerrepairs.uk/shenley-fields/baxi-specialists	8	Baxi Specialists in Shenley Fields	34	Baxi Specialists Pricing in Shenley Fields	42	Indexable	
https://www.birminghamboilerrepairs.uk/shenley-fields/gas-safety	8	Gas Safety Inspections in Shenley Fields	40	Gas Safety Inspections Pricing in Shenley Fields	48	Indexable	
https://www.birminghamboilerrepairs.uk/shenley-fields/intergas-specialists	8	Intergas Specialists in Shenley Fields	38	Intergas Specialists Pricing in Shenley Fields	46	Indexable	
https://www.birminghamboilerrepairs.uk/shenley-fields/vokera-specialists	8	Vokera Specialists in Shenley Fields	36	Vokera Specialists Pricing in Shenley Fields	44	Indexable	
https://www.birminghamboilerrepairs.uk/shenley-fields/ariston-specialists	8	Ariston Specialists in Shenley Fields	37	Ariston Specialists Pricing in Shenley Fields	45	Indexable	
https://www.birminghamboilerrepairs.uk/shenley-fields/worcester-bosch-specialists	8	Worcester Bosch Specialists in Shenley Fields	45	Worcester Bosch Specialists Pricing in Shenley Fields	53	Indexable	
https://www.birminghamboilerrepairs.uk/shenley-fields/boiler-servicing	8	Boiler Servicing in Shenley Fields	34	Boiler Servicing Pricing in Shenley Fields	42	Indexable	
https://www.birminghamboilerrepairs.uk/shenley-fields/combination-boiler-services	8	Combination Boiler Services in Shenley Fields	45	Combination Boiler Services Pricing in Shenley Fields	53	Indexable	
https://www.birminghamboilerrepairs.uk/shenley-fields/viessmann-specialists	8	Viessmann Specialists in Shenley Fields	39	Viessmann Specialists Pricing in Shenley Fields	47	Indexable	
https://www.birminghamboilerrepairs.uk/shenley-fields/ideal-boilers-specialists	8	Ideal Boilers Specialists in Shenley Fields	43	Ideal Boilers Specialists Pricing in Shenley Fields	51	Indexable	
https://www.birminghamboilerrepairs.uk/shenley-fields/biasi-specialists	8	Biasi Specialists in Shenley Fields	35	Biasi Specialists Pricing in Shenley Fields	43	Indexable	
https://www.birminghamboilerrepairs.uk/shenley-fields/combination-boiler-repairs	8	Combination Boiler Repairs in Shenley Fields	44	Combination Boiler Repairs Pricing in Shenley Fields	52	Indexable	
https://www.birminghamboilerrepairs.uk/shenley-fields/alpha-boiler-specialists	8	Alpha Specialists in Shenley Fields	35	Alpha Specialists Pricing in Shenley Fields	43	Indexable	
https://www.birminghamboilerrepairs.uk/shenley-fields/potterton-specialists	8	Potterton Specialists in Shenley Fields	39	Potterton Specialists Pricing in Shenley Fields	47	Indexable	
https://www.birminghamboilerrepairs.uk/shenley-fields/vaillant-specialists	8	Vaillant Specialists in Shenley Fields	38	Vaillant Specialists Pricing in Shenley Fields	46	Indexable	
https://www.birminghamboilerrepairs.uk/rowney-green/glowworm-specialists	8	Glow-worm Specialists in Rowney Green	37	Glow-worm Specialists Pricing in Rowney Green	45	Indexable	
https://www.birminghamboilerrepairs.uk/rowney-green/ideal-boilers-specialists	8	Ideal Boilers Specialists in Rowney Green	41	Ideal Boilers Specialists Pricing in Rowney Green	49	Indexable	
https://www.birminghamboilerrepairs.uk/rowney-green/worcester-bosch-specialists	8	Worcester Bosch Specialists in Rowney Green	43	Worcester Bosch Specialists Pricing in Rowney Green	51	Indexable	
https://www.birminghamboilerrepairs.uk/rowney-green/vaillant-specialists	8	Vaillant Specialists in Rowney Green	36	Vaillant Specialists Pricing in Rowney Green	44	Indexable	
https://www.birminghamboilerrepairs.uk/rowney-green/intergas-specialists	8	Intergas Specialists in Rowney Green	36	Intergas Specialists Pricing in Rowney Green	44	Indexable	
https://www.birminghamboilerrepairs.uk/rowney-green/combination-boiler-services	8	Combination Boiler Services in Rowney Green	43	Combination Boiler Services Pricing in Rowney Green	51	Indexable	
https://www.birminghamboilerrepairs.uk/rowney-green/heatline-specialists	8	Heatline Specialists in Rowney Green	36	Heatline Specialists Pricing in Rowney Green	44	Indexable	
https://www.birminghamboilerrepairs.uk/rowney-green/boiler-servicing	8	Boiler Servicing in Rowney Green	32	Boiler Servicing Pricing in Rowney Green	40	Indexable	
https://www.birminghamboilerrepairs.uk/rowney-green/ferroli-specialists	8	Ferroli Specialists in Rowney Green	35	Ferroli Specialists Pricing in Rowney Green	43	Indexable	
https://www.birminghamboilerrepairs.uk/rowney-green/potterton-specialists	8	Potterton Specialists in Rowney Green	37	Potterton Specialists Pricing in Rowney Green	45	Indexable	
https://www.birminghamboilerrepairs.uk/rowney-green/gas-safety	8	Gas Safety Inspections in Rowney Green	38	Gas Safety Inspections Pricing in Rowney Green	46	Indexable	
https://www.birminghamboilerrepairs.uk/rowney-green/boiler-repairs	8	Boiler Repairs in Rowney Green	30	Boiler Repairs Pricing in Rowney Green	38	Indexable	
https://www.birminghamboilerrepairs.uk/rowney-green/baxi-specialists	8	Baxi Specialists in Rowney Green	32	Baxi Specialists Pricing in Rowney Green	40	Indexable	
https://www.birminghamboilerrepairs.uk/rowney-green/biasi-specialists	8	Biasi Specialists in Rowney Green	33	Biasi Specialists Pricing in Rowney Green	41	Indexable	
https://www.birminghamboilerrepairs.uk/rowney-green/alpha-boiler-specialists	8	Alpha Specialists in Rowney Green	33	Alpha Specialists Pricing in Rowney Green	41	Indexable	
https://www.birminghamboilerrepairs.uk/rowney-green/viessmann-specialists	8	Viessmann Specialists in Rowney Green	37	Viessmann Specialists Pricing in Rowney Green	45	Indexable	
https://www.birminghamboilerrepairs.uk/rowney-green/atag-specialists	8	Atag Specialists in Rowney Green	32	Atag Specialists Pricing in Rowney Green	40	Indexable	
https://www.birminghamboilerrepairs.uk/rowney-green/ariston-specialists	8	Ariston Specialists in Rowney Green	35	Ariston Specialists Pricing in Rowney Green	43	Indexable	
https://www.birminghamboilerrepairs.uk/rowney-green/combination-boiler-repairs	8	Combination Boiler Repairs in Rowney Green	42	Combination Boiler Repairs Pricing in Rowney Green	50	Indexable	
https://www.birminghamboilerrepairs.uk/rowney-green/main-boiler-specialists	8	Main Specialists in Rowney Green	32	Main Specialists Pricing in Rowney Green	40	Indexable	
https://www.birminghamboilerrepairs.uk/showell-green/worcester-bosch-specialists	8	Worcester Bosch Specialists in Showell Green	44	Worcester Bosch Specialists Pricing in Showell Green	52	Indexable	
https://www.birminghamboilerrepairs.uk/showell-green/ariston-specialists	8	Ariston Specialists in Showell Green	36	Ariston Specialists Pricing in Showell Green	44	Indexable	
https://www.birminghamboilerrepairs.uk/rowney-green/vokera-specialists	8	Vokera Specialists in Rowney Green	34	Vokera Specialists Pricing in Rowney Green	42	Indexable	
https://www.birminghamboilerrepairs.uk/showell-green/combination-boiler-repairs	8	Combination Boiler Repairs in Showell Green	43	Combination Boiler Repairs Pricing in Showell Green	51	Indexable	
https://www.birminghamboilerrepairs.uk/showell-green/glowworm-specialists	8	Glow-worm Specialists in Showell Green	38	Glow-worm Specialists Pricing in Showell Green	46	Indexable	
https://www.birminghamboilerrepairs.uk/showell-green/main-boiler-specialists	8	Main Specialists in Showell Green	33	Main Specialists Pricing in Showell Green	41	Indexable	
https://www.birminghamboilerrepairs.uk/showell-green/atag-specialists	8	Atag Specialists in Showell Green	33	Atag Specialists Pricing in Showell Green	41	Indexable	
https://www.birminghamboilerrepairs.uk/showell-green/ferroli-specialists	8	Ferroli Specialists in Showell Green	36	Ferroli Specialists Pricing in Showell Green	44	Indexable	
https://www.birminghamboilerrepairs.uk/showell-green/potterton-specialists	8	Potterton Specialists in Showell Green	38	Potterton Specialists Pricing in Showell Green	46	Indexable	
https://www.birminghamboilerrepairs.uk/showell-green/boiler-servicing	8	Boiler Servicing in Showell Green	33	Boiler Servicing Pricing in Showell Green	41	Indexable	
https://www.birminghamboilerrepairs.uk/showell-green/vokera-specialists	8	Vokera Specialists in Showell Green	35	Vokera Specialists Pricing in Showell Green	43	Indexable	
https://www.birminghamboilerrepairs.uk/showell-green/biasi-specialists	8	Biasi Specialists in Showell Green	34	Biasi Specialists Pricing in Showell Green	42	Indexable	
https://www.birminghamboilerrepairs.uk/showell-green/heatline-specialists	8	Heatline Specialists in Showell Green	37	Heatline Specialists Pricing in Showell Green	45	Indexable	
https://www.birminghamboilerrepairs.uk/showell-green/viessmann-specialists	8	Viessmann Specialists in Showell Green	38	Viessmann Specialists Pricing in Showell Green	46	Indexable	
https://www.birminghamboilerrepairs.uk/showell-green/ideal-boilers-specialists	8	Ideal Boilers Specialists in Showell Green	42	Ideal Boilers Specialists Pricing in Showell Green	50	Indexable	
https://www.birminghamboilerrepairs.uk/showell-green/boiler-repairs	8	Boiler Repairs in Showell Green	31	Boiler Repairs Pricing in Showell Green	39	Indexable	
https://www.birminghamboilerrepairs.uk/showell-green/intergas-specialists	8	Intergas Specialists in Showell Green	37	Intergas Specialists Pricing in Showell Green	45	Indexable	
https://www.birminghamboilerrepairs.uk/showell-green/gas-safety	8	Gas Safety Inspections in Showell Green	39	Gas Safety Inspections Pricing in Showell Green	47	Indexable	
https://www.birminghamboilerrepairs.uk/showell-green/combination-boiler-services	8	Combination Boiler Services in Showell Green	44	Combination Boiler Services Pricing in Showell Green	52	Indexable	
https://www.birminghamboilerrepairs.uk/showell-green/alpha-boiler-specialists	8	Alpha Specialists in Showell Green	34	Alpha Specialists Pricing in Showell Green	42	Indexable	
https://www.birminghamboilerrepairs.uk/showell-green/vaillant-specialists	8	Vaillant Specialists in Showell Green	37	Vaillant Specialists Pricing in Showell Green	45	Indexable	
https://www.birminghamboilerrepairs.uk/showell-green/baxi-specialists	8	Baxi Specialists in Showell Green	33	Baxi Specialists Pricing in Showell Green	41	Indexable	
https://www.birminghamboilerrepairs.uk/alvechurch/ferroli-specialists	8	Ferroli Specialists in Alvechurch	33	Ferroli Specialists Pricing in Alvechurch	41	Indexable	
https://www.birminghamboilerrepairs.uk/alvechurch/baxi-specialists	8	Baxi Specialists in Alvechurch	30	Baxi Specialists Pricing in Alvechurch	38	Indexable	
https://www.birminghamboilerrepairs.uk/alvechurch/viessmann-specialists	8	Viessmann Specialists in Alvechurch	35	Viessmann Specialists Pricing in Alvechurch	43	Indexable	
https://www.birminghamboilerrepairs.uk/alvechurch/intergas-specialists	8	Intergas Specialists in Alvechurch	34	Intergas Specialists Pricing in Alvechurch	42	Indexable	
https://www.birminghamboilerrepairs.uk/alvechurch/vaillant-specialists	8	Vaillant Specialists in Alvechurch	34	Vaillant Specialists Pricing in Alvechurch	42	Indexable	
https://www.birminghamboilerrepairs.uk/alvechurch/potterton-specialists	8	Potterton Specialists in Alvechurch	35	Potterton Specialists Pricing in Alvechurch	43	Indexable	
https://www.birminghamboilerrepairs.uk/alvechurch/biasi-specialists	8	Biasi Specialists in Alvechurch	31	Biasi Specialists Pricing in Alvechurch	39	Indexable	
https://www.birminghamboilerrepairs.uk/alvechurch/ariston-specialists	8	Ariston Specialists in Alvechurch	33	Ariston Specialists Pricing in Alvechurch	41	Indexable	
https://www.birminghamboilerrepairs.uk/alvechurch/boiler-servicing	8	Boiler Servicing in Alvechurch	30	Boiler Servicing Pricing in Alvechurch	38	Indexable	
https://www.birminghamboilerrepairs.uk/alvechurch/alpha-boiler-specialists	8	Alpha Specialists in Alvechurch	31	Alpha Specialists Pricing in Alvechurch	39	Indexable	
https://www.birminghamboilerrepairs.uk/alvechurch/heatline-specialists	8	Heatline Specialists in Alvechurch	34	Heatline Specialists Pricing in Alvechurch	42	Indexable	
https://www.birminghamboilerrepairs.uk/alvechurch/vokera-specialists	8	Vokera Specialists in Alvechurch	32	Vokera Specialists Pricing in Alvechurch	40	Indexable	
https://www.birminghamboilerrepairs.uk/alvechurch/worcester-bosch-specialists	8	Worcester Bosch Specialists in Alvechurch	41	Worcester Bosch Specialists Pricing in Alvechurch	49	Indexable	
https://www.birminghamboilerrepairs.uk/alvechurch/glowworm-specialists	8	Glow-worm Specialists in Alvechurch	35	Glow-worm Specialists Pricing in Alvechurch	43	Indexable	
https://www.birminghamboilerrepairs.uk/alvechurch/boiler-repairs	8	Boiler Repairs in Alvechurch	28	Boiler Repairs Pricing in Alvechurch	36	Indexable	
https://www.birminghamboilerrepairs.uk/alvechurch/gas-safety	8	Gas Safety Inspections in Alvechurch	36	Gas Safety Inspections Pricing in Alvechurch	44	Indexable	
https://www.birminghamboilerrepairs.uk/alvechurch/combination-boiler-services	8	Combination Boiler Services in Alvechurch	41	Combination Boiler Services Pricing in Alvechurch	49	Indexable	
https://www.birminghamboilerrepairs.uk/alvechurch/atag-specialists	8	Atag Specialists in Alvechurch	30	Atag Specialists Pricing in Alvechurch	38	Indexable	
https://www.birminghamboilerrepairs.uk/alvechurch/combination-boiler-repairs	8	Combination Boiler Repairs in Alvechurch	40	Combination Boiler Repairs Pricing in Alvechurch	48	Indexable	
https://www.birminghamboilerrepairs.uk/alvechurch/ideal-boilers-specialists	8	Ideal Boilers Specialists in Alvechurch	39	Ideal Boilers Specialists Pricing in Alvechurch	47	Indexable	
https://www.birminghamboilerrepairs.uk/oakenshaw/gas-safety	8	Gas Safety Inspections in Oakenshaw	35	Gas Safety Inspections Pricing in Oakenshaw	43	Indexable	
https://www.birminghamboilerrepairs.uk/alvechurch/main-boiler-specialists	8	Main Specialists in Alvechurch	30	Main Specialists Pricing in Alvechurch	38	Indexable	
https://www.birminghamboilerrepairs.uk/oakenshaw/atag-specialists	8	Atag Specialists in Oakenshaw	29	Atag Specialists Pricing in Oakenshaw	37	Indexable	
https://www.birminghamboilerrepairs.uk/oakenshaw/worcester-bosch-specialists	8	Worcester Bosch Specialists in Oakenshaw	40	Worcester Bosch Specialists Pricing in Oakenshaw	48	Indexable	
https://www.birminghamboilerrepairs.uk/oakenshaw/combination-boiler-services	8	Combination Boiler Services in Oakenshaw	40	Combination Boiler Services Pricing in Oakenshaw	48	Indexable	
https://www.birminghamboilerrepairs.uk/oakenshaw/boiler-servicing	8	Boiler Servicing in Oakenshaw	29	Boiler Servicing Pricing in Oakenshaw	37	Indexable	
https://www.birminghamboilerrepairs.uk/oakenshaw/intergas-specialists	8	Intergas Specialists in Oakenshaw	33	Intergas Specialists Pricing in Oakenshaw	41	Indexable	
https://www.birminghamboilerrepairs.uk/oakenshaw/baxi-specialists	8	Baxi Specialists in Oakenshaw	29	Baxi Specialists Pricing in Oakenshaw	37	Indexable	
https://www.birminghamboilerrepairs.uk/oakenshaw/potterton-specialists	8	Potterton Specialists in Oakenshaw	34	Potterton Specialists Pricing in Oakenshaw	42	Indexable	
https://www.birminghamboilerrepairs.uk/oakenshaw/viessmann-specialists	8	Viessmann Specialists in Oakenshaw	34	Viessmann Specialists Pricing in Oakenshaw	42	Indexable	
https://www.birminghamboilerrepairs.uk/oakenshaw/vokera-specialists	8	Vokera Specialists in Oakenshaw	31	Vokera Specialists Pricing in Oakenshaw	39	Indexable	
https://www.birminghamboilerrepairs.uk/oakenshaw/ferroli-specialists	8	Ferroli Specialists in Oakenshaw	32	Ferroli Specialists Pricing in Oakenshaw	40	Indexable	
https://www.birminghamboilerrepairs.uk/oakenshaw/vaillant-specialists	8	Vaillant Specialists in Oakenshaw	33	Vaillant Specialists Pricing in Oakenshaw	41	Indexable	
https://www.birminghamboilerrepairs.uk/oakenshaw/boiler-repairs	8	Boiler Repairs in Oakenshaw	27	Boiler Repairs Pricing in Oakenshaw	35	Indexable	
https://www.birminghamboilerrepairs.uk/oakenshaw/glowworm-specialists	8	Glow-worm Specialists in Oakenshaw	34	Glow-worm Specialists Pricing in Oakenshaw	42	Indexable	
https://www.birminghamboilerrepairs.uk/oakenshaw/ideal-boilers-specialists	8	Ideal Boilers Specialists in Oakenshaw	38	Ideal Boilers Specialists Pricing in Oakenshaw	46	Indexable	
https://www.birminghamboilerrepairs.uk/oakenshaw/ariston-specialists	8	Ariston Specialists in Oakenshaw	32	Ariston Specialists Pricing in Oakenshaw	40	Indexable	
https://www.birminghamboilerrepairs.uk/oakenshaw/biasi-specialists	8	Biasi Specialists in Oakenshaw	30	Biasi Specialists Pricing in Oakenshaw	38	Indexable	
https://www.birminghamboilerrepairs.uk/oakenshaw/combination-boiler-repairs	8	Combination Boiler Repairs in Oakenshaw	39	Combination Boiler Repairs Pricing in Oakenshaw	47	Indexable	
https://www.birminghamboilerrepairs.uk/oakenshaw/main-boiler-specialists	8	Main Specialists in Oakenshaw	29	Main Specialists Pricing in Oakenshaw	37	Indexable	
https://www.birminghamboilerrepairs.uk/oakenshaw/alpha-boiler-specialists	8	Alpha Specialists in Oakenshaw	30	Alpha Specialists Pricing in Oakenshaw	38	Indexable	
https://www.birminghamboilerrepairs.uk/oakenshaw/heatline-specialists	8	Heatline Specialists in Oakenshaw	33	Heatline Specialists Pricing in Oakenshaw	41	Indexable	
https://www.birminghamboilerrepairs.uk/chad-valley/atag-specialists	8	Atag Specialists in Chad Valley	31	Atag Specialists Pricing in Chad Valley	39	Indexable	
https://www.birminghamboilerrepairs.uk/chad-valley/combination-boiler-services	8	Combination Boiler Services in Chad Valley	42	Combination Boiler Services Pricing in Chad Valley	50	Indexable	
https://www.birminghamboilerrepairs.uk/chad-valley/viessmann-specialists	8	Viessmann Specialists in Chad Valley	36	Viessmann Specialists Pricing in Chad Valley	44	Indexable	
https://www.birminghamboilerrepairs.uk/chad-valley/baxi-specialists	8	Baxi Specialists in Chad Valley	31	Baxi Specialists Pricing in Chad Valley	39	Indexable	
https://www.birminghamboilerrepairs.uk/chad-valley/biasi-specialists	8	Biasi Specialists in Chad Valley	32	Biasi Specialists Pricing in Chad Valley	40	Indexable	
https://www.birminghamboilerrepairs.uk/chad-valley/worcester-bosch-specialists	8	Worcester Bosch Specialists in Chad Valley	42	Worcester Bosch Specialists Pricing in Chad Valley	50	Indexable	
https://www.birminghamboilerrepairs.uk/chad-valley/main-boiler-specialists	8	Main Specialists in Chad Valley	31	Main Specialists Pricing in Chad Valley	39	Indexable	
https://www.birminghamboilerrepairs.uk/chad-valley/ariston-specialists	8	Ariston Specialists in Chad Valley	34	Ariston Specialists Pricing in Chad Valley	42	Indexable	
https://www.birminghamboilerrepairs.uk/chad-valley/heatline-specialists	8	Heatline Specialists in Chad Valley	35	Heatline Specialists Pricing in Chad Valley	43	Indexable	
https://www.birminghamboilerrepairs.uk/chad-valley/gas-safety	8	Gas Safety Inspections in Chad Valley	37	Gas Safety Inspections Pricing in Chad Valley	45	Indexable	
https://www.birminghamboilerrepairs.uk/chad-valley/combination-boiler-repairs	8	Combination Boiler Repairs in Chad Valley	41	Combination Boiler Repairs Pricing in Chad Valley	49	Indexable	
https://www.birminghamboilerrepairs.uk/chad-valley/ferroli-specialists	8	Ferroli Specialists in Chad Valley	34	Ferroli Specialists Pricing in Chad Valley	42	Indexable	
https://www.birminghamboilerrepairs.uk/chad-valley/glowworm-specialists	8	Glow-worm Specialists in Chad Valley	36	Glow-worm Specialists Pricing in Chad Valley	44	Indexable	
https://www.birminghamboilerrepairs.uk/chad-valley/boiler-repairs	8	Boiler Repairs in Chad Valley	29	Boiler Repairs Pricing in Chad Valley	37	Indexable	
https://www.birminghamboilerrepairs.uk/chad-valley/ideal-boilers-specialists	8	Ideal Boilers Specialists in Chad Valley	40	Ideal Boilers Specialists Pricing in Chad Valley	48	Indexable	
https://www.birminghamboilerrepairs.uk/chad-valley/vaillant-specialists	8	Vaillant Specialists in Chad Valley	35	Vaillant Specialists Pricing in Chad Valley	43	Indexable	
https://www.birminghamboilerrepairs.uk/chad-valley/intergas-specialists	8	Intergas Specialists in Chad Valley	35	Intergas Specialists Pricing in Chad Valley	43	Indexable	
https://www.birminghamboilerrepairs.uk/chad-valley/potterton-specialists	8	Potterton Specialists in Chad Valley	36	Potterton Specialists Pricing in Chad Valley	44	Indexable	
https://www.birminghamboilerrepairs.uk/chad-valley/alpha-boiler-specialists	8	Alpha Specialists in Chad Valley	32	Alpha Specialists Pricing in Chad Valley	40	Indexable	
https://www.birminghamboilerrepairs.uk/chad-valley/vokera-specialists	8	Vokera Specialists in Chad Valley	33	Vokera Specialists Pricing in Chad Valley	41	Indexable	
https://www.birminghamboilerrepairs.uk/chad-valley/boiler-servicing	8	Boiler Servicing in Chad Valley	31	Boiler Servicing Pricing in Chad Valley	39	Indexable	
https://www.birminghamboilerrepairs.uk/northfield/ideal-boilers-specialists	8	Ideal Boilers Specialists in Northfield	39	Ideal Boilers Specialists Pricing in Northfield	47	Indexable	
https://www.birminghamboilerrepairs.uk/northfield/worcester-bosch-specialists	8	Worcester Bosch Specialists in Northfield	41	Worcester Bosch Specialists Pricing in Northfield	49	Indexable	
https://www.birminghamboilerrepairs.uk/northfield/ariston-specialists	8	Ariston Specialists in Northfield	33	Ariston Specialists Pricing in Northfield	41	Indexable	
https://www.birminghamboilerrepairs.uk/northfield/boiler-servicing	8	Boiler Servicing in Northfield	30	Boiler Servicing Pricing in Northfield	38	Indexable	
https://www.birminghamboilerrepairs.uk/northfield/boiler-repairs	8	Boiler Repairs in Northfield	28	Boiler Repairs Pricing in Northfield	36	Indexable	
https://www.birminghamboilerrepairs.uk/northfield/alpha-boiler-specialists	8	Alpha Specialists in Northfield	31	Alpha Specialists Pricing in Northfield	39	Indexable	
https://www.birminghamboilerrepairs.uk/northfield/vokera-specialists	8	Vokera Specialists in Northfield	32	Vokera Specialists Pricing in Northfield	40	Indexable	
https://www.birminghamboilerrepairs.uk/northfield/glowworm-specialists	8	Glow-worm Specialists in Northfield	35	Glow-worm Specialists Pricing in Northfield	43	Indexable	
https://www.birminghamboilerrepairs.uk/northfield/viessmann-specialists	8	Viessmann Specialists in Northfield	35	Viessmann Specialists Pricing in Northfield	43	Indexable	
https://www.birminghamboilerrepairs.uk/northfield/main-boiler-specialists	8	Main Specialists in Northfield	30	Main Specialists Pricing in Northfield	38	Indexable	
https://www.birminghamboilerrepairs.uk/northfield/gas-safety	8	Gas Safety Inspections in Northfield	36	Gas Safety Inspections Pricing in Northfield	44	Indexable	
https://www.birminghamboilerrepairs.uk/northfield/atag-specialists	8	Atag Specialists in Northfield	30	Atag Specialists Pricing in Northfield	38	Indexable	
https://www.birminghamboilerrepairs.uk/northfield/combination-boiler-repairs	8	Combination Boiler Repairs in Northfield	40	Combination Boiler Repairs Pricing in Northfield	48	Indexable	
https://www.birminghamboilerrepairs.uk/northfield/intergas-specialists	8	Intergas Specialists in Northfield	34	Intergas Specialists Pricing in Northfield	42	Indexable	
https://www.birminghamboilerrepairs.uk/northfield/ferroli-specialists	8	Ferroli Specialists in Northfield	33	Ferroli Specialists Pricing in Northfield	41	Indexable	
https://www.birminghamboilerrepairs.uk/northfield/biasi-specialists	8	Biasi Specialists in Northfield	31	Biasi Specialists Pricing in Northfield	39	Indexable	
https://www.birminghamboilerrepairs.uk/northfield/vaillant-specialists	8	Vaillant Specialists in Northfield	34	Vaillant Specialists Pricing in Northfield	42	Indexable	
https://www.birminghamboilerrepairs.uk/northfield/baxi-specialists	8	Baxi Specialists in Northfield	30	Baxi Specialists Pricing in Northfield	38	Indexable	
https://www.birminghamboilerrepairs.uk/northfield/combination-boiler-services	8	Combination Boiler Services in Northfield	41	Combination Boiler Services Pricing in Northfield	49	Indexable	
https://www.birminghamboilerrepairs.uk/northfield/potterton-specialists	8	Potterton Specialists in Northfield	35	Potterton Specialists Pricing in Northfield	43	Indexable	
https://www.birminghamboilerrepairs.uk/northfield/heatline-specialists	8	Heatline Specialists in Northfield	34	Heatline Specialists Pricing in Northfield	42	Indexable	
https://www.birminghamboilerrepairs.uk/erdington/boiler-servicing	8	Boiler Servicing in Erdington	29	Boiler Servicing Pricing in Erdington	37	Indexable	
https://www.birminghamboilerrepairs.uk/erdington/alpha-boiler-specialists	8	Alpha Specialists in Erdington	30	Alpha Specialists Pricing in Erdington	38	Indexable	
https://www.birminghamboilerrepairs.uk/erdington/intergas-specialists	8	Intergas Specialists in Erdington	33	Intergas Specialists Pricing in Erdington	41	Indexable	
https://www.birminghamboilerrepairs.uk/erdington/vaillant-specialists	8	Vaillant Specialists in Erdington	33	Vaillant Specialists Pricing in Erdington	41	Indexable	
https://www.birminghamboilerrepairs.uk/erdington/main-boiler-specialists	8	Main Specialists in Erdington	29	Main Specialists Pricing in Erdington	37	Indexable	
https://www.birminghamboilerrepairs.uk/erdington/ariston-specialists	8	Ariston Specialists in Erdington	32	Ariston Specialists Pricing in Erdington	40	Indexable	
https://www.birminghamboilerrepairs.uk/erdington/ideal-boilers-specialists	8	Ideal Boilers Specialists in Erdington	38	Ideal Boilers Specialists Pricing in Erdington	46	Indexable	
https://www.birminghamboilerrepairs.uk/erdington/ferroli-specialists	8	Ferroli Specialists in Erdington	32	Ferroli Specialists Pricing in Erdington	40	Indexable	
https://www.birminghamboilerrepairs.uk/erdington/boiler-repairs	8	Boiler Repairs in Erdington	27	Boiler Repairs Pricing in Erdington	35	Indexable	
https://www.birminghamboilerrepairs.uk/erdington/heatline-specialists	8	Heatline Specialists in Erdington	33	Heatline Specialists Pricing in Erdington	41	Indexable	
https://www.birminghamboilerrepairs.uk/erdington/viessmann-specialists	8	Viessmann Specialists in Erdington	34	Viessmann Specialists Pricing in Erdington	42	Indexable	
https://www.birminghamboilerrepairs.uk/erdington/biasi-specialists	8	Biasi Specialists in Erdington	30	Biasi Specialists Pricing in Erdington	38	Indexable	
https://www.birminghamboilerrepairs.uk/erdington/potterton-specialists	8	Potterton Specialists in Erdington	34	Potterton Specialists Pricing in Erdington	42	Indexable	
https://www.birminghamboilerrepairs.uk/erdington/gas-safety	8	Gas Safety Inspections in Erdington	35	Gas Safety Inspections Pricing in Erdington	43	Indexable	
https://www.birminghamboilerrepairs.uk/erdington/atag-specialists	8	Atag Specialists in Erdington	29	Atag Specialists Pricing in Erdington	37	Indexable	
https://www.birminghamboilerrepairs.uk/erdington/worcester-bosch-specialists	8	Worcester Bosch Specialists in Erdington	40	Worcester Bosch Specialists Pricing in Erdington	48	Indexable	
https://www.birminghamboilerrepairs.uk/erdington/glowworm-specialists	8	Glow-worm Specialists in Erdington	34	Glow-worm Specialists Pricing in Erdington	42	Indexable	
https://www.birminghamboilerrepairs.uk/erdington/vokera-specialists	8	Vokera Specialists in Erdington	31	Vokera Specialists Pricing in Erdington	39	Indexable	
https://www.birminghamboilerrepairs.uk/erdington/combination-boiler-repairs	8	Combination Boiler Repairs in Erdington	39	Combination Boiler Repairs Pricing in Erdington	47	Indexable	
https://www.birminghamboilerrepairs.uk/erdington/baxi-specialists	8	Baxi Specialists in Erdington	29	Baxi Specialists Pricing in Erdington	37	Indexable	
https://www.birminghamboilerrepairs.uk/erdington/combination-boiler-services	8	Combination Boiler Services in Erdington	40	Combination Boiler Services Pricing in Erdington	48	Indexable	
https://www.birminghamboilerrepairs.uk/kings-norton/alpha-boiler-specialists	8	Alpha Specialists in Kings Norton	33	Alpha Specialists Pricing in Kings Norton	41	Indexable	
https://www.birminghamboilerrepairs.uk/kings-norton/intergas-specialists	8	Intergas Specialists in Kings Norton	36	Intergas Specialists Pricing in Kings Norton	44	Indexable	
https://www.birminghamboilerrepairs.uk/kings-norton/glowworm-specialists	8	Glow-worm Specialists in Kings Norton	37	Glow-worm Specialists Pricing in Kings Norton	45	Indexable	
https://www.birminghamboilerrepairs.uk/kings-norton/combination-boiler-services	8	Combination Boiler Services in Kings Norton	43	Combination Boiler Services Pricing in Kings Norton	51	Indexable	
https://www.birminghamboilerrepairs.uk/kings-norton/ideal-boilers-specialists	8	Ideal Boilers Specialists in Kings Norton	41	Ideal Boilers Specialists Pricing in Kings Norton	49	Indexable	
https://www.birminghamboilerrepairs.uk/kings-norton/heatline-specialists	8	Heatline Specialists in Kings Norton	36	Heatline Specialists Pricing in Kings Norton	44	Indexable	
https://www.birminghamboilerrepairs.uk/kings-norton/worcester-bosch-specialists	8	Worcester Bosch Specialists in Kings Norton	43	Worcester Bosch Specialists Pricing in Kings Norton	51	Indexable	
https://www.birminghamboilerrepairs.uk/kings-norton/combination-boiler-repairs	8	Combination Boiler Repairs in Kings Norton	42	Combination Boiler Repairs Pricing in Kings Norton	50	Indexable	
https://www.birminghamboilerrepairs.uk/kings-norton/ferroli-specialists	8	Ferroli Specialists in Kings Norton	35	Ferroli Specialists Pricing in Kings Norton	43	Indexable	
https://www.birminghamboilerrepairs.uk/kings-norton/baxi-specialists	8	Baxi Specialists in Kings Norton	32	Baxi Specialists Pricing in Kings Norton	40	Indexable	
https://www.birminghamboilerrepairs.uk/kings-norton/boiler-repairs	8	Boiler Repairs in Kings Norton	30	Boiler Repairs Pricing in Kings Norton	38	Indexable	
https://www.birminghamboilerrepairs.uk/kings-norton/potterton-specialists	8	Potterton Specialists in Kings Norton	37	Potterton Specialists Pricing in Kings Norton	45	Indexable	
https://www.birminghamboilerrepairs.uk/kings-norton/viessmann-specialists	8	Viessmann Specialists in Kings Norton	37	Viessmann Specialists Pricing in Kings Norton	45	Indexable	
https://www.birminghamboilerrepairs.uk/kings-norton/ariston-specialists	8	Ariston Specialists in Kings Norton	35	Ariston Specialists Pricing in Kings Norton	43	Indexable	
https://www.birminghamboilerrepairs.uk/kings-norton/vokera-specialists	8	Vokera Specialists in Kings Norton	34	Vokera Specialists Pricing in Kings Norton	42	Indexable	
https://www.birminghamboilerrepairs.uk/kings-norton/boiler-servicing	8	Boiler Servicing in Kings Norton	32	Boiler Servicing Pricing in Kings Norton	40	Indexable	
https://www.birminghamboilerrepairs.uk/kings-norton/main-boiler-specialists	8	Main Specialists in Kings Norton	32	Main Specialists Pricing in Kings Norton	40	Indexable	
https://www.birminghamboilerrepairs.uk/kings-norton/atag-specialists	8	Atag Specialists in Kings Norton	32	Atag Specialists Pricing in Kings Norton	40	Indexable	
https://www.birminghamboilerrepairs.uk/kings-norton/gas-safety	8	Gas Safety Inspections in Kings Norton	38	Gas Safety Inspections Pricing in Kings Norton	46	Indexable	
https://www.birminghamboilerrepairs.uk/kings-norton/vaillant-specialists	8	Vaillant Specialists in Kings Norton	36	Vaillant Specialists Pricing in Kings Norton	44	Indexable	
https://www.birminghamboilerrepairs.uk/kings-norton/biasi-specialists	8	Biasi Specialists in Kings Norton	33	Biasi Specialists Pricing in Kings Norton	41	Indexable	
https://www.birminghamboilerrepairs.uk/castle-vale/ideal-boilers-specialists	8	Ideal Boilers Specialists in Castle Vale	40	Ideal Boilers Specialists Pricing in Castle Vale	48	Indexable	
https://www.birminghamboilerrepairs.uk/castle-vale/atag-specialists	8	Atag Specialists in Castle Vale	31	Atag Specialists Pricing in Castle Vale	39	Indexable	
https://www.birminghamboilerrepairs.uk/castle-vale/ariston-specialists	8	Ariston Specialists in Castle Vale	34	Ariston Specialists Pricing in Castle Vale	42	Indexable	
https://www.birminghamboilerrepairs.uk/castle-vale/biasi-specialists	8	Biasi Specialists in Castle Vale	32	Biasi Specialists Pricing in Castle Vale	40	Indexable	
https://www.birminghamboilerrepairs.uk/castle-vale/potterton-specialists	8	Potterton Specialists in Castle Vale	36	Potterton Specialists Pricing in Castle Vale	44	Indexable	
https://www.birminghamboilerrepairs.uk/castle-vale/alpha-boiler-specialists	8	Alpha Specialists in Castle Vale	32	Alpha Specialists Pricing in Castle Vale	40	Indexable	
https://www.birminghamboilerrepairs.uk/castle-vale/combination-boiler-services	8	Combination Boiler Services in Castle Vale	42	Combination Boiler Services Pricing in Castle Vale	50	Indexable	
https://www.birminghamboilerrepairs.uk/castle-vale/gas-safety	8	Gas Safety Inspections in Castle Vale	37	Gas Safety Inspections Pricing in Castle Vale	45	Indexable	
https://www.birminghamboilerrepairs.uk/castle-vale/worcester-bosch-specialists	8	Worcester Bosch Specialists in Castle Vale	42	Worcester Bosch Specialists Pricing in Castle Vale	50	Indexable	
https://www.birminghamboilerrepairs.uk/castle-vale/baxi-specialists	8	Baxi Specialists in Castle Vale	31	Baxi Specialists Pricing in Castle Vale	39	Indexable	
https://www.birminghamboilerrepairs.uk/castle-vale/ferroli-specialists	8	Ferroli Specialists in Castle Vale	34	Ferroli Specialists Pricing in Castle Vale	42	Indexable	
https://www.birminghamboilerrepairs.uk/castle-vale/boiler-repairs	8	Boiler Repairs in Castle Vale	29	Boiler Repairs Pricing in Castle Vale	37	Indexable	
https://www.birminghamboilerrepairs.uk/castle-vale/boiler-servicing	8	Boiler Servicing in Castle Vale	31	Boiler Servicing Pricing in Castle Vale	39	Indexable	
https://www.birminghamboilerrepairs.uk/castle-vale/vaillant-specialists	8	Vaillant Specialists in Castle Vale	35	Vaillant Specialists Pricing in Castle Vale	43	Indexable	
https://www.birminghamboilerrepairs.uk/castle-vale/vokera-specialists	8	Vokera Specialists in Castle Vale	33	Vokera Specialists Pricing in Castle Vale	41	Indexable	
https://www.birminghamboilerrepairs.uk/castle-vale/combination-boiler-repairs	8	Combination Boiler Repairs in Castle Vale	41	Combination Boiler Repairs Pricing in Castle Vale	49	Indexable	
https://www.birminghamboilerrepairs.uk/castle-vale/intergas-specialists	8	Intergas Specialists in Castle Vale	35	Intergas Specialists Pricing in Castle Vale	43	Indexable	
https://www.birminghamboilerrepairs.uk/castle-vale/heatline-specialists	8	Heatline Specialists in Castle Vale	35	Heatline Specialists Pricing in Castle Vale	43	Indexable	
https://www.birminghamboilerrepairs.uk/castle-vale/viessmann-specialists	8	Viessmann Specialists in Castle Vale	36	Viessmann Specialists Pricing in Castle Vale	44	Indexable	
https://www.birminghamboilerrepairs.uk/castle-vale/glowworm-specialists	8	Glow-worm Specialists in Castle Vale	36	Glow-worm Specialists Pricing in Castle Vale	44	Indexable	
https://www.birminghamboilerrepairs.uk/castle-vale/main-boiler-specialists	8	Main Specialists in Castle Vale	31	Main Specialists Pricing in Castle Vale	39	Indexable	
https://www.birminghamboilerrepairs.uk/perry-common/baxi-specialists	8	Baxi Specialists in Perry Common	32	Baxi Specialists Pricing in Perry Common	40	Indexable	
https://www.birminghamboilerrepairs.uk/perry-common/main-boiler-specialists	8	Main Specialists in Perry Common	32	Main Specialists Pricing in Perry Common	40	Indexable	
https://www.birminghamboilerrepairs.uk/perry-common/gas-safety	8	Gas Safety Inspections in Perry Common	38	Gas Safety Inspections Pricing in Perry Common	46	Indexable	
https://www.birminghamboilerrepairs.uk/perry-common/worcester-bosch-specialists	8	Worcester Bosch Specialists in Perry Common	43	Worcester Bosch Specialists Pricing in Perry Common	51	Indexable	
https://www.birminghamboilerrepairs.uk/perry-common/ferroli-specialists	8	Ferroli Specialists in Perry Common	35	Ferroli Specialists Pricing in Perry Common	43	Indexable	
https://www.birminghamboilerrepairs.uk/perry-common/combination-boiler-services	8	Combination Boiler Services in Perry Common	43	Combination Boiler Services Pricing in Perry Common	51	Indexable	
https://www.birminghamboilerrepairs.uk/perry-common/boiler-repairs	8	Boiler Repairs in Perry Common	30	Boiler Repairs Pricing in Perry Common	38	Indexable	
https://www.birminghamboilerrepairs.uk/perry-common/glowworm-specialists	8	Glow-worm Specialists in Perry Common	37	Glow-worm Specialists Pricing in Perry Common	45	Indexable	
https://www.birminghamboilerrepairs.uk/perry-common/atag-specialists	8	Atag Specialists in Perry Common	32	Atag Specialists Pricing in Perry Common	40	Indexable	
https://www.birminghamboilerrepairs.uk/perry-common/ideal-boilers-specialists	8	Ideal Boilers Specialists in Perry Common	41	Ideal Boilers Specialists Pricing in Perry Common	49	Indexable	
https://www.birminghamboilerrepairs.uk/perry-common/ariston-specialists	8	Ariston Specialists in Perry Common	35	Ariston Specialists Pricing in Perry Common	43	Indexable	
https://www.birminghamboilerrepairs.uk/perry-common/intergas-specialists	8	Intergas Specialists in Perry Common	36	Intergas Specialists Pricing in Perry Common	44	Indexable	
https://www.birminghamboilerrepairs.uk/perry-common/vokera-specialists	8	Vokera Specialists in Perry Common	34	Vokera Specialists Pricing in Perry Common	42	Indexable	
https://www.birminghamboilerrepairs.uk/perry-common/viessmann-specialists	8	Viessmann Specialists in Perry Common	37	Viessmann Specialists Pricing in Perry Common	45	Indexable	
https://www.birminghamboilerrepairs.uk/perry-common/boiler-servicing	8	Boiler Servicing in Perry Common	32	Boiler Servicing Pricing in Perry Common	40	Indexable	
https://www.birminghamboilerrepairs.uk/perry-common/alpha-boiler-specialists	8	Alpha Specialists in Perry Common	33	Alpha Specialists Pricing in Perry Common	41	Indexable	
https://www.birminghamboilerrepairs.uk/perry-common/biasi-specialists	8	Biasi Specialists in Perry Common	33	Biasi Specialists Pricing in Perry Common	41	Indexable	
https://www.birminghamboilerrepairs.uk/perry-common/heatline-specialists	8	Heatline Specialists in Perry Common	36	Heatline Specialists Pricing in Perry Common	44	Indexable	
https://www.birminghamboilerrepairs.uk/perry-common/vaillant-specialists	8	Vaillant Specialists in Perry Common	36	Vaillant Specialists Pricing in Perry Common	44	Indexable	
https://www.birminghamboilerrepairs.uk/perry-common/combination-boiler-repairs	8	Combination Boiler Repairs in Perry Common	42	Combination Boiler Repairs Pricing in Perry Common	50	Indexable	
https://www.birminghamboilerrepairs.uk/perry-common/potterton-specialists	8	Potterton Specialists in Perry Common	37	Potterton Specialists Pricing in Perry Common	45	Indexable	
https://www.birminghamboilerrepairs.uk/bordesley-green/vokera-specialists	8	Vokera Specialists in Bordesley Green	37	Vokera Specialists Pricing in Bordesley Green	45	Indexable	
https://www.birminghamboilerrepairs.uk/bordesley-green/vaillant-specialists	8	Vaillant Specialists in Bordesley Green	39	Vaillant Specialists Pricing in Bordesley Green	47	Indexable	
https://www.birminghamboilerrepairs.uk/bordesley-green/heatline-specialists	8	Heatline Specialists in Bordesley Green	39	Heatline Specialists Pricing in Bordesley Green	47	Indexable	
https://www.birminghamboilerrepairs.uk/bordesley-green/intergas-specialists	8	Intergas Specialists in Bordesley Green	39	Intergas Specialists Pricing in Bordesley Green	47	Indexable	
https://www.birminghamboilerrepairs.uk/bordesley-green/baxi-specialists	8	Baxi Specialists in Bordesley Green	35	Baxi Specialists Pricing in Bordesley Green	43	Indexable	
https://www.birminghamboilerrepairs.uk/bordesley-green/gas-safety	8	Gas Safety Inspections in Bordesley Green	41	Gas Safety Inspections Pricing in Bordesley Green	49	Indexable	
https://www.birminghamboilerrepairs.uk/bordesley-green/boiler-repairs	8	Boiler Repairs in Bordesley Green	33	Boiler Repairs Pricing in Bordesley Green	41	Indexable	
https://www.birminghamboilerrepairs.uk/bordesley-green/glowworm-specialists	8	Glow-worm Specialists in Bordesley Green	40	Glow-worm Specialists Pricing in Bordesley Green	48	Indexable	
https://www.birminghamboilerrepairs.uk/bordesley-green/combination-boiler-services	8	Combination Boiler Services in Bordesley Green	46	Combination Boiler Services Pricing in Bordesley Green	54	Indexable	
https://www.birminghamboilerrepairs.uk/bordesley-green/boiler-servicing	8	Boiler Servicing in Bordesley Green	35	Boiler Servicing Pricing in Bordesley Green	43	Indexable	
https://www.birminghamboilerrepairs.uk/bordesley-green/combination-boiler-repairs	8	Combination Boiler Repairs in Bordesley Green	45	Combination Boiler Repairs Pricing in Bordesley Green	53	Indexable	
https://www.birminghamboilerrepairs.uk/bordesley-green/viessmann-specialists	8	Viessmann Specialists in Bordesley Green	40	Viessmann Specialists Pricing in Bordesley Green	48	Indexable	
https://www.birminghamboilerrepairs.uk/bordesley-green/ideal-boilers-specialists	8	Ideal Boilers Specialists in Bordesley Green	44	Ideal Boilers Specialists Pricing in Bordesley Green	52	Indexable	
https://www.birminghamboilerrepairs.uk/bordesley-green/atag-specialists	8	Atag Specialists in Bordesley Green	35	Atag Specialists Pricing in Bordesley Green	43	Indexable	
https://www.birminghamboilerrepairs.uk/bordesley-green/ferroli-specialists	8	Ferroli Specialists in Bordesley Green	38	Ferroli Specialists Pricing in Bordesley Green	46	Indexable	
https://www.birminghamboilerrepairs.uk/bordesley-green/alpha-boiler-specialists	8	Alpha Specialists in Bordesley Green	36	Alpha Specialists Pricing in Bordesley Green	44	Indexable	
https://www.birminghamboilerrepairs.uk/bordesley-green/worcester-bosch-specialists	8	Worcester Bosch Specialists in Bordesley Green	46	Worcester Bosch Specialists Pricing in Bordesley Green	54	Indexable	
https://www.birminghamboilerrepairs.uk/bordesley-green/main-boiler-specialists	8	Main Specialists in Bordesley Green	35	Main Specialists Pricing in Bordesley Green	43	Indexable	
https://www.birminghamboilerrepairs.uk/walkwood/boiler-servicing	8	Boiler Servicing in Walkwood	28	Boiler Servicing Pricing in Walkwood	36	Indexable	
https://www.birminghamboilerrepairs.uk/bordesley-green/potterton-specialists	8	Potterton Specialists in Bordesley Green	40	Potterton Specialists Pricing in Bordesley Green	48	Indexable	
https://www.birminghamboilerrepairs.uk/bordesley-green/biasi-specialists	8	Biasi Specialists in Bordesley Green	36	Biasi Specialists Pricing in Bordesley Green	44	Indexable	
https://www.birminghamboilerrepairs.uk/walkwood/alpha-boiler-specialists	8	Alpha Specialists in Walkwood	29	Alpha Specialists Pricing in Walkwood	37	Indexable	
https://www.birminghamboilerrepairs.uk/bordesley-green/ariston-specialists	8	Ariston Specialists in Bordesley Green	38	Ariston Specialists Pricing in Bordesley Green	46	Indexable	
https://www.birminghamboilerrepairs.uk/walkwood/potterton-specialists	8	Potterton Specialists in Walkwood	33	Potterton Specialists Pricing in Walkwood	41	Indexable	
https://www.birminghamboilerrepairs.uk/walkwood/gas-safety	8	Gas Safety Inspections in Walkwood	34	Gas Safety Inspections Pricing in Walkwood	42	Indexable	
https://www.birminghamboilerrepairs.uk/walkwood/heatline-specialists	8	Heatline Specialists in Walkwood	32	Heatline Specialists Pricing in Walkwood	40	Indexable	
https://www.birminghamboilerrepairs.uk/walkwood/combination-boiler-services	8	Combination Boiler Services in Walkwood	39	Combination Boiler Services Pricing in Walkwood	47	Indexable	
https://www.birminghamboilerrepairs.uk/walkwood/vokera-specialists	8	Vokera Specialists in Walkwood	30	Vokera Specialists Pricing in Walkwood	38	Indexable	
https://www.birminghamboilerrepairs.uk/walkwood/boiler-repairs	8	Boiler Repairs in Walkwood	26	Boiler Repairs Pricing in Walkwood	34	Indexable	
https://www.birminghamboilerrepairs.uk/walkwood/vaillant-specialists	8	Vaillant Specialists in Walkwood	32	Vaillant Specialists Pricing in Walkwood	40	Indexable	
https://www.birminghamboilerrepairs.uk/walkwood/baxi-specialists	8	Baxi Specialists in Walkwood	28	Baxi Specialists Pricing in Walkwood	36	Indexable	
https://www.birminghamboilerrepairs.uk/walkwood/glowworm-specialists	8	Glow-worm Specialists in Walkwood	33	Glow-worm Specialists Pricing in Walkwood	41	Indexable	
https://www.birminghamboilerrepairs.uk/walkwood/ferroli-specialists	8	Ferroli Specialists in Walkwood	31	Ferroli Specialists Pricing in Walkwood	39	Indexable	
https://www.birminghamboilerrepairs.uk/walkwood/ideal-boilers-specialists	8	Ideal Boilers Specialists in Walkwood	37	Ideal Boilers Specialists Pricing in Walkwood	45	Indexable	
https://www.birminghamboilerrepairs.uk/walkwood/main-boiler-specialists	8	Main Specialists in Walkwood	28	Main Specialists Pricing in Walkwood	36	Indexable	
https://www.birminghamboilerrepairs.uk/walkwood/biasi-specialists	8	Biasi Specialists in Walkwood	29	Biasi Specialists Pricing in Walkwood	37	Indexable	
https://www.birminghamboilerrepairs.uk/walkwood/worcester-bosch-specialists	8	Worcester Bosch Specialists in Walkwood	39	Worcester Bosch Specialists Pricing in Walkwood	47	Indexable	
https://www.birminghamboilerrepairs.uk/walkwood/combination-boiler-repairs	8	Combination Boiler Repairs in Walkwood	38	Combination Boiler Repairs Pricing in Walkwood	46	Indexable	
https://www.birminghamboilerrepairs.uk/walkwood/atag-specialists	8	Atag Specialists in Walkwood	28	Atag Specialists Pricing in Walkwood	36	Indexable	
https://www.birminghamboilerrepairs.uk/walkwood/intergas-specialists	8	Intergas Specialists in Walkwood	32	Intergas Specialists Pricing in Walkwood	40	Indexable	
https://www.birminghamboilerrepairs.uk/walkwood/ariston-specialists	8	Ariston Specialists in Walkwood	31	Ariston Specialists Pricing in Walkwood	39	Indexable	
https://www.birminghamboilerrepairs.uk/walkwood/viessmann-specialists	8	Viessmann Specialists in Walkwood	33	Viessmann Specialists Pricing in Walkwood	41	Indexable	
https://www.birminghamboilerrepairs.uk/peddimore/vaillant-specialists	8	Vaillant Specialists in Peddimore	33	Vaillant Specialists Pricing in Peddimore	41	Indexable	
https://www.birminghamboilerrepairs.uk/peddimore/ariston-specialists	8	Ariston Specialists in Peddimore	32	Ariston Specialists Pricing in Peddimore	40	Indexable	
https://www.birminghamboilerrepairs.uk/peddimore/vokera-specialists	8	Vokera Specialists in Peddimore	31	Vokera Specialists Pricing in Peddimore	39	Indexable	
https://www.birminghamboilerrepairs.uk/peddimore/worcester-bosch-specialists	8	Worcester Bosch Specialists in Peddimore	40	Worcester Bosch Specialists Pricing in Peddimore	48	Indexable	
https://www.birminghamboilerrepairs.uk/peddimore/intergas-specialists	8	Intergas Specialists in Peddimore	33	Intergas Specialists Pricing in Peddimore	41	Indexable	
https://www.birminghamboilerrepairs.uk/peddimore/heatline-specialists	8	Heatline Specialists in Peddimore	33	Heatline Specialists Pricing in Peddimore	41	Indexable	
https://www.birminghamboilerrepairs.uk/peddimore/glowworm-specialists	8	Glow-worm Specialists in Peddimore	34	Glow-worm Specialists Pricing in Peddimore	42	Indexable	
https://www.birminghamboilerrepairs.uk/peddimore/biasi-specialists	8	Biasi Specialists in Peddimore	30	Biasi Specialists Pricing in Peddimore	38	Indexable	
https://www.birminghamboilerrepairs.uk/peddimore/main-boiler-specialists	8	Main Specialists in Peddimore	29	Main Specialists Pricing in Peddimore	37	Indexable	
https://www.birminghamboilerrepairs.uk/peddimore/gas-safety	8	Gas Safety Inspections in Peddimore	35	Gas Safety Inspections Pricing in Peddimore	43	Indexable	
https://www.birminghamboilerrepairs.uk/peddimore/ferroli-specialists	8	Ferroli Specialists in Peddimore	32	Ferroli Specialists Pricing in Peddimore	40	Indexable	
https://www.birminghamboilerrepairs.uk/peddimore/combination-boiler-repairs	8	Combination Boiler Repairs in Peddimore	39	Combination Boiler Repairs Pricing in Peddimore	47	Indexable	
https://www.birminghamboilerrepairs.uk/peddimore/boiler-repairs	8	Boiler Repairs in Peddimore	27	Boiler Repairs Pricing in Peddimore	35	Indexable	
https://www.birminghamboilerrepairs.uk/peddimore/baxi-specialists	8	Baxi Specialists in Peddimore	29	Baxi Specialists Pricing in Peddimore	37	Indexable	
https://www.birminghamboilerrepairs.uk/peddimore/potterton-specialists	8	Potterton Specialists in Peddimore	34	Potterton Specialists Pricing in Peddimore	42	Indexable	
https://www.birminghamboilerrepairs.uk/peddimore/ideal-boilers-specialists	8	Ideal Boilers Specialists in Peddimore	38	Ideal Boilers Specialists Pricing in Peddimore	46	Indexable	
https://www.birminghamboilerrepairs.uk/peddimore/viessmann-specialists	8	Viessmann Specialists in Peddimore	34	Viessmann Specialists Pricing in Peddimore	42	Indexable	
https://www.birminghamboilerrepairs.uk/peddimore/alpha-boiler-specialists	8	Alpha Specialists in Peddimore	30	Alpha Specialists Pricing in Peddimore	38	Indexable	
https://www.birminghamboilerrepairs.uk/peddimore/combination-boiler-services	8	Combination Boiler Services in Peddimore	40	Combination Boiler Services Pricing in Peddimore	48	Indexable	
https://www.birminghamboilerrepairs.uk/peddimore/atag-specialists	8	Atag Specialists in Peddimore	29	Atag Specialists Pricing in Peddimore	37	Indexable	
https://www.birminghamboilerrepairs.uk/peddimore/boiler-servicing	8	Boiler Servicing in Peddimore	29	Boiler Servicing Pricing in Peddimore	37	Indexable	
https://www.birminghamboilerrepairs.uk/springfield/worcester-bosch-specialists	8	Worcester Bosch Specialists in Springfield	42	Worcester Bosch Specialists Pricing in Springfield	50	Indexable	
https://www.birminghamboilerrepairs.uk/springfield/vokera-specialists	8	Vokera Specialists in Springfield	33	Vokera Specialists Pricing in Springfield	41	Indexable	
https://www.birminghamboilerrepairs.uk/springfield/glowworm-specialists	8	Glow-worm Specialists in Springfield	36	Glow-worm Specialists Pricing in Springfield	44	Indexable	
https://www.birminghamboilerrepairs.uk/springfield/boiler-repairs	8	Boiler Repairs in Springfield	29	Boiler Repairs Pricing in Springfield	37	Indexable	
https://www.birminghamboilerrepairs.uk/springfield/alpha-boiler-specialists	8	Alpha Specialists in Springfield	32	Alpha Specialists Pricing in Springfield	40	Indexable	
https://www.birminghamboilerrepairs.uk/springfield/heatline-specialists	8	Heatline Specialists in Springfield	35	Heatline Specialists Pricing in Springfield	43	Indexable	
https://www.birminghamboilerrepairs.uk/springfield/vaillant-specialists	8	Vaillant Specialists in Springfield	35	Vaillant Specialists Pricing in Springfield	43	Indexable	
https://www.birminghamboilerrepairs.uk/springfield/biasi-specialists	8	Biasi Specialists in Springfield	32	Biasi Specialists Pricing in Springfield	40	Indexable	
https://www.birminghamboilerrepairs.uk/springfield/ferroli-specialists	8	Ferroli Specialists in Springfield	34	Ferroli Specialists Pricing in Springfield	42	Indexable	
https://www.birminghamboilerrepairs.uk/springfield/gas-safety	8	Gas Safety Inspections in Springfield	37	Gas Safety Inspections Pricing in Springfield	45	Indexable	
https://www.birminghamboilerrepairs.uk/springfield/atag-specialists	8	Atag Specialists in Springfield	31	Atag Specialists Pricing in Springfield	39	Indexable	
https://www.birminghamboilerrepairs.uk/springfield/combination-boiler-repairs	8	Combination Boiler Repairs in Springfield	41	Combination Boiler Repairs Pricing in Springfield	49	Indexable	
https://www.birminghamboilerrepairs.uk/springfield/boiler-servicing	8	Boiler Servicing in Springfield	31	Boiler Servicing Pricing in Springfield	39	Indexable	
https://www.birminghamboilerrepairs.uk/springfield/main-boiler-specialists	8	Main Specialists in Springfield	31	Main Specialists Pricing in Springfield	39	Indexable	
https://www.birminghamboilerrepairs.uk/springfield/intergas-specialists	8	Intergas Specialists in Springfield	35	Intergas Specialists Pricing in Springfield	43	Indexable	
https://www.birminghamboilerrepairs.uk/springfield/combination-boiler-services	8	Combination Boiler Services in Springfield	42	Combination Boiler Services Pricing in Springfield	50	Indexable	
https://www.birminghamboilerrepairs.uk/springfield/baxi-specialists	8	Baxi Specialists in Springfield	31	Baxi Specialists Pricing in Springfield	39	Indexable	
https://www.birminghamboilerrepairs.uk/springfield/ariston-specialists	8	Ariston Specialists in Springfield	34	Ariston Specialists Pricing in Springfield	42	Indexable	
https://www.birminghamboilerrepairs.uk/springfield/ideal-boilers-specialists	8	Ideal Boilers Specialists in Springfield	40	Ideal Boilers Specialists Pricing in Springfield	48	Indexable	
https://www.birminghamboilerrepairs.uk/springfield/potterton-specialists	8	Potterton Specialists in Springfield	36	Potterton Specialists Pricing in Springfield	44	Indexable	
https://www.birminghamboilerrepairs.uk/springfield/viessmann-specialists	8	Viessmann Specialists in Springfield	36	Viessmann Specialists Pricing in Springfield	44	Indexable	
https://www.birminghamboilerrepairs.uk/high-heath/biasi-specialists	8	Biasi Specialists in High Heath	31	Biasi Specialists Pricing in High Heath	39	Indexable	
https://www.birminghamboilerrepairs.uk/high-heath/main-boiler-specialists	8	Main Specialists in High Heath	30	Main Specialists Pricing in High Heath	38	Indexable	
https://www.birminghamboilerrepairs.uk/high-heath/combination-boiler-services	8	Combination Boiler Services in High Heath	41	Combination Boiler Services Pricing in High Heath	49	Indexable	
https://www.birminghamboilerrepairs.uk/high-heath/boiler-servicing	8	Boiler Servicing in High Heath	30	Boiler Servicing Pricing in High Heath	38	Indexable	
https://www.birminghamboilerrepairs.uk/high-heath/worcester-bosch-specialists	8	Worcester Bosch Specialists in High Heath	41	Worcester Bosch Specialists Pricing in High Heath	49	Indexable	
https://www.birminghamboilerrepairs.uk/high-heath/vaillant-specialists	8	Vaillant Specialists in High Heath	34	Vaillant Specialists Pricing in High Heath	42	Indexable	
https://www.birminghamboilerrepairs.uk/high-heath/ariston-specialists	8	Ariston Specialists in High Heath	33	Ariston Specialists Pricing in High Heath	41	Indexable	
https://www.birminghamboilerrepairs.uk/high-heath/alpha-boiler-specialists	8	Alpha Specialists in High Heath	31	Alpha Specialists Pricing in High Heath	39	Indexable	
https://www.birminghamboilerrepairs.uk/high-heath/boiler-repairs	8	Boiler Repairs in High Heath	28	Boiler Repairs Pricing in High Heath	36	Indexable	
https://www.birminghamboilerrepairs.uk/high-heath/heatline-specialists	8	Heatline Specialists in High Heath	34	Heatline Specialists Pricing in High Heath	42	Indexable	
https://www.birminghamboilerrepairs.uk/high-heath/baxi-specialists	8	Baxi Specialists in High Heath	30	Baxi Specialists Pricing in High Heath	38	Indexable	
https://www.birminghamboilerrepairs.uk/high-heath/ferroli-specialists	8	Ferroli Specialists in High Heath	33	Ferroli Specialists Pricing in High Heath	41	Indexable	
https://www.birminghamboilerrepairs.uk/high-heath/atag-specialists	8	Atag Specialists in High Heath	30	Atag Specialists Pricing in High Heath	38	Indexable	
https://www.birminghamboilerrepairs.uk/high-heath/potterton-specialists	8	Potterton Specialists in High Heath	35	Potterton Specialists Pricing in High Heath	43	Indexable	
https://www.birminghamboilerrepairs.uk/high-heath/gas-safety	8	Gas Safety Inspections in High Heath	36	Gas Safety Inspections Pricing in High Heath	44	Indexable	
https://www.birminghamboilerrepairs.uk/high-heath/glowworm-specialists	8	Glow-worm Specialists in High Heath	35	Glow-worm Specialists Pricing in High Heath	43	Indexable	
https://www.birminghamboilerrepairs.uk/high-heath/ideal-boilers-specialists	8	Ideal Boilers Specialists in High Heath	39	Ideal Boilers Specialists Pricing in High Heath	47	Indexable	
https://www.birminghamboilerrepairs.uk/high-heath/intergas-specialists	8	Intergas Specialists in High Heath	34	Intergas Specialists Pricing in High Heath	42	Indexable	
https://www.birminghamboilerrepairs.uk/high-heath/viessmann-specialists	8	Viessmann Specialists in High Heath	35	Viessmann Specialists Pricing in High Heath	43	Indexable	
https://www.birminghamboilerrepairs.uk/high-heath/vokera-specialists	8	Vokera Specialists in High Heath	32	Vokera Specialists Pricing in High Heath	40	Indexable	
https://www.birminghamboilerrepairs.uk/high-heath/combination-boiler-repairs	8	Combination Boiler Repairs in High Heath	40	Combination Boiler Repairs Pricing in High Heath	48	Indexable	
https://www.birminghamboilerrepairs.uk/bournbrook/alpha-boiler-specialists	8	Alpha Specialists in Bournbrook	31	Alpha Specialists Pricing in Bournbrook	39	Indexable	
https://www.birminghamboilerrepairs.uk/bournbrook/combination-boiler-repairs	8	Combination Boiler Repairs in Bournbrook	40	Combination Boiler Repairs Pricing in Bournbrook	48	Indexable	
https://www.birminghamboilerrepairs.uk/bournbrook/combination-boiler-services	8	Combination Boiler Services in Bournbrook	41	Combination Boiler Services Pricing in Bournbrook	49	Indexable	
https://www.birminghamboilerrepairs.uk/bournbrook/boiler-servicing	8	Boiler Servicing in Bournbrook	30	Boiler Servicing Pricing in Bournbrook	38	Indexable	
https://www.birminghamboilerrepairs.uk/bournbrook/boiler-repairs	8	Boiler Repairs in Bournbrook	28	Boiler Repairs Pricing in Bournbrook	36	Indexable	
https://www.birminghamboilerrepairs.uk/bournbrook/viessmann-specialists	8	Viessmann Specialists in Bournbrook	35	Viessmann Specialists Pricing in Bournbrook	43	Indexable	
https://www.birminghamboilerrepairs.uk/bournbrook/atag-specialists	8	Atag Specialists in Bournbrook	30	Atag Specialists Pricing in Bournbrook	38	Indexable	
https://www.birminghamboilerrepairs.uk/bournbrook/vaillant-specialists	8	Vaillant Specialists in Bournbrook	34	Vaillant Specialists Pricing in Bournbrook	42	Indexable	
https://www.birminghamboilerrepairs.uk/bournbrook/potterton-specialists	8	Potterton Specialists in Bournbrook	35	Potterton Specialists Pricing in Bournbrook	43	Indexable	
https://www.birminghamboilerrepairs.uk/bournbrook/glowworm-specialists	8	Glow-worm Specialists in Bournbrook	35	Glow-worm Specialists Pricing in Bournbrook	43	Indexable	
https://www.birminghamboilerrepairs.uk/bournbrook/ariston-specialists	8	Ariston Specialists in Bournbrook	33	Ariston Specialists Pricing in Bournbrook	41	Indexable	
https://www.birminghamboilerrepairs.uk/bournbrook/ideal-boilers-specialists	8	Ideal Boilers Specialists in Bournbrook	39	Ideal Boilers Specialists Pricing in Bournbrook	47	Indexable	
https://www.birminghamboilerrepairs.uk/bournbrook/gas-safety	8	Gas Safety Inspections in Bournbrook	36	Gas Safety Inspections Pricing in Bournbrook	44	Indexable	
https://www.birminghamboilerrepairs.uk/bournbrook/worcester-bosch-specialists	8	Worcester Bosch Specialists in Bournbrook	41	Worcester Bosch Specialists Pricing in Bournbrook	49	Indexable	
https://www.birminghamboilerrepairs.uk/bournbrook/intergas-specialists	8	Intergas Specialists in Bournbrook	34	Intergas Specialists Pricing in Bournbrook	42	Indexable	
https://www.birminghamboilerrepairs.uk/bournbrook/ferroli-specialists	8	Ferroli Specialists in Bournbrook	33	Ferroli Specialists Pricing in Bournbrook	41	Indexable	
https://www.birminghamboilerrepairs.uk/bournbrook/biasi-specialists	8	Biasi Specialists in Bournbrook	31	Biasi Specialists Pricing in Bournbrook	39	Indexable	
https://www.birminghamboilerrepairs.uk/bournbrook/main-boiler-specialists	8	Main Specialists in Bournbrook	30	Main Specialists Pricing in Bournbrook	38	Indexable	
https://www.birminghamboilerrepairs.uk/bournbrook/vokera-specialists	8	Vokera Specialists in Bournbrook	32	Vokera Specialists Pricing in Bournbrook	40	Indexable	
https://www.birminghamboilerrepairs.uk/bournbrook/heatline-specialists	8	Heatline Specialists in Bournbrook	34	Heatline Specialists Pricing in Bournbrook	42	Indexable	
https://www.birminghamboilerrepairs.uk/reddicap-heath/ferroli-specialists	8	Ferroli Specialists in Reddicap Heath	37	Ferroli Specialists Pricing in Reddicap Heath	45	Indexable	
https://www.birminghamboilerrepairs.uk/reddicap-heath/boiler-repairs	8	Boiler Repairs in Reddicap Heath	32	Boiler Repairs Pricing in Reddicap Heath	40	Indexable	
https://www.birminghamboilerrepairs.uk/bournbrook/baxi-specialists	8	Baxi Specialists in Bournbrook	30	Baxi Specialists Pricing in Bournbrook	38	Indexable	
https://www.birminghamboilerrepairs.uk/reddicap-heath/main-boiler-specialists	8	Main Specialists in Reddicap Heath	34	Main Specialists Pricing in Reddicap Heath	42	Indexable	
https://www.birminghamboilerrepairs.uk/reddicap-heath/worcester-bosch-specialists	8	Worcester Bosch Specialists in Reddicap Heath	45	Worcester Bosch Specialists Pricing in Reddicap Heath	53	Indexable	
https://www.birminghamboilerrepairs.uk/reddicap-heath/vokera-specialists	8	Vokera Specialists in Reddicap Heath	36	Vokera Specialists Pricing in Reddicap Heath	44	Indexable	
https://www.birminghamboilerrepairs.uk/reddicap-heath/viessmann-specialists	8	Viessmann Specialists in Reddicap Heath	39	Viessmann Specialists Pricing in Reddicap Heath	47	Indexable	
https://www.birminghamboilerrepairs.uk/reddicap-heath/vaillant-specialists	8	Vaillant Specialists in Reddicap Heath	38	Vaillant Specialists Pricing in Reddicap Heath	46	Indexable	
https://www.birminghamboilerrepairs.uk/reddicap-heath/heatline-specialists	8	Heatline Specialists in Reddicap Heath	38	Heatline Specialists Pricing in Reddicap Heath	46	Indexable	
https://www.birminghamboilerrepairs.uk/reddicap-heath/ariston-specialists	8	Ariston Specialists in Reddicap Heath	37	Ariston Specialists Pricing in Reddicap Heath	45	Indexable	
https://www.birminghamboilerrepairs.uk/reddicap-heath/gas-safety	8	Gas Safety Inspections in Reddicap Heath	40	Gas Safety Inspections Pricing in Reddicap Heath	48	Indexable	
https://www.birminghamboilerrepairs.uk/reddicap-heath/baxi-specialists	8	Baxi Specialists in Reddicap Heath	34	Baxi Specialists Pricing in Reddicap Heath	42	Indexable	
https://www.birminghamboilerrepairs.uk/reddicap-heath/potterton-specialists	8	Potterton Specialists in Reddicap Heath	39	Potterton Specialists Pricing in Reddicap Heath	47	Indexable	
https://www.birminghamboilerrepairs.uk/reddicap-heath/combination-boiler-services	8	Combination Boiler Services in Reddicap Heath	45	Combination Boiler Services Pricing in Reddicap Heath	53	Indexable	
https://www.birminghamboilerrepairs.uk/reddicap-heath/biasi-specialists	8	Biasi Specialists in Reddicap Heath	35	Biasi Specialists Pricing in Reddicap Heath	43	Indexable	
https://www.birminghamboilerrepairs.uk/reddicap-heath/atag-specialists	8	Atag Specialists in Reddicap Heath	34	Atag Specialists Pricing in Reddicap Heath	42	Indexable	
https://www.birminghamboilerrepairs.uk/reddicap-heath/ideal-boilers-specialists	8	Ideal Boilers Specialists in Reddicap Heath	43	Ideal Boilers Specialists Pricing in Reddicap Heath	51	Indexable	
https://www.birminghamboilerrepairs.uk/reddicap-heath/glowworm-specialists	8	Glow-worm Specialists in Reddicap Heath	39	Glow-worm Specialists Pricing in Reddicap Heath	47	Indexable	
https://www.birminghamboilerrepairs.uk/reddicap-heath/boiler-servicing	8	Boiler Servicing in Reddicap Heath	34	Boiler Servicing Pricing in Reddicap Heath	42	Indexable	
https://www.birminghamboilerrepairs.uk/reddicap-heath/intergas-specialists	8	Intergas Specialists in Reddicap Heath	38	Intergas Specialists Pricing in Reddicap Heath	46	Indexable	
https://www.birminghamboilerrepairs.uk/reddicap-heath/alpha-boiler-specialists	8	Alpha Specialists in Reddicap Heath	35	Alpha Specialists Pricing in Reddicap Heath	43	Indexable	
https://www.birminghamboilerrepairs.uk/reddicap-heath/combination-boiler-repairs	8	Combination Boiler Repairs in Reddicap Heath	44	Combination Boiler Repairs Pricing in Reddicap Heath	52	Indexable	
https://www.birminghamboilerrepairs.uk/cradley-heath/combination-boiler-repairs	8	Combination Boiler Repairs in Cradley Heath	43	Combination Boiler Repairs Pricing in Cradley Heath	51	Indexable	
https://www.birminghamboilerrepairs.uk/cradley-heath/boiler-servicing	8	Boiler Servicing in Cradley Heath	33	Boiler Servicing Pricing in Cradley Heath	41	Indexable	
https://www.birminghamboilerrepairs.uk/cradley-heath/gas-safety	8	Gas Safety Inspections in Cradley Heath	39	Gas Safety Inspections Pricing in Cradley Heath	47	Indexable	
https://www.birminghamboilerrepairs.uk/cradley-heath/vokera-specialists	8	Vokera Specialists in Cradley Heath	35	Vokera Specialists Pricing in Cradley Heath	43	Indexable	
https://www.birminghamboilerrepairs.uk/cradley-heath/worcester-bosch-specialists	8	Worcester Bosch Specialists in Cradley Heath	44	Worcester Bosch Specialists Pricing in Cradley Heath	52	Indexable	
https://www.birminghamboilerrepairs.uk/cradley-heath/vaillant-specialists	8	Vaillant Specialists in Cradley Heath	37	Vaillant Specialists Pricing in Cradley Heath	45	Indexable	
https://www.birminghamboilerrepairs.uk/cradley-heath/ideal-boilers-specialists	8	Ideal Boilers Specialists in Cradley Heath	42	Ideal Boilers Specialists Pricing in Cradley Heath	50	Indexable	
https://www.birminghamboilerrepairs.uk/cradley-heath/alpha-boiler-specialists	8	Alpha Specialists in Cradley Heath	34	Alpha Specialists Pricing in Cradley Heath	42	Indexable	
https://www.birminghamboilerrepairs.uk/cradley-heath/biasi-specialists	8	Biasi Specialists in Cradley Heath	34	Biasi Specialists Pricing in Cradley Heath	42	Indexable	
https://www.birminghamboilerrepairs.uk/cradley-heath/atag-specialists	8	Atag Specialists in Cradley Heath	33	Atag Specialists Pricing in Cradley Heath	41	Indexable	
https://www.birminghamboilerrepairs.uk/cradley-heath/heatline-specialists	8	Heatline Specialists in Cradley Heath	37	Heatline Specialists Pricing in Cradley Heath	45	Indexable	
https://www.birminghamboilerrepairs.uk/cradley-heath/boiler-repairs	8	Boiler Repairs in Cradley Heath	31	Boiler Repairs Pricing in Cradley Heath	39	Indexable	
https://www.birminghamboilerrepairs.uk/cradley-heath/viessmann-specialists	8	Viessmann Specialists in Cradley Heath	38	Viessmann Specialists Pricing in Cradley Heath	46	Indexable	
https://www.birminghamboilerrepairs.uk/cradley-heath/baxi-specialists	8	Baxi Specialists in Cradley Heath	33	Baxi Specialists Pricing in Cradley Heath	41	Indexable	
https://www.birminghamboilerrepairs.uk/cradley-heath/ariston-specialists	8	Ariston Specialists in Cradley Heath	36	Ariston Specialists Pricing in Cradley Heath	44	Indexable	
https://www.birminghamboilerrepairs.uk/cradley-heath/combination-boiler-services	8	Combination Boiler Services in Cradley Heath	44	Combination Boiler Services Pricing in Cradley Heath	52	Indexable	
https://www.birminghamboilerrepairs.uk/cradley-heath/intergas-specialists	8	Intergas Specialists in Cradley Heath	37	Intergas Specialists Pricing in Cradley Heath	45	Indexable	
https://www.birminghamboilerrepairs.uk/cradley-heath/potterton-specialists	8	Potterton Specialists in Cradley Heath	38	Potterton Specialists Pricing in Cradley Heath	46	Indexable	
https://www.birminghamboilerrepairs.uk/cradley-heath/ferroli-specialists	8	Ferroli Specialists in Cradley Heath	36	Ferroli Specialists Pricing in Cradley Heath	44	Indexable	
https://www.birminghamboilerrepairs.uk/cradley-heath/glowworm-specialists	8	Glow-worm Specialists in Cradley Heath	38	Glow-worm Specialists Pricing in Cradley Heath	46	Indexable	
https://www.birminghamboilerrepairs.uk/cradley-heath/main-boiler-specialists	8	Main Specialists in Cradley Heath	33	Main Specialists Pricing in Cradley Heath	41	Indexable	
https://www.birminghamboilerrepairs.uk/shard-end/worcester-bosch-specialists	8	Worcester Bosch Specialists in Shard End	40	Worcester Bosch Specialists Pricing in Shard End	48	Indexable	
https://www.birminghamboilerrepairs.uk/shard-end/main-boiler-specialists	8	Main Specialists in Shard End	29	Main Specialists Pricing in Shard End	37	Indexable	
https://www.birminghamboilerrepairs.uk/shard-end/heatline-specialists	8	Heatline Specialists in Shard End	33	Heatline Specialists Pricing in Shard End	41	Indexable	
https://www.birminghamboilerrepairs.uk/shard-end/gas-safety	8	Gas Safety Inspections in Shard End	35	Gas Safety Inspections Pricing in Shard End	43	Indexable	
https://www.birminghamboilerrepairs.uk/shard-end/glowworm-specialists	8	Glow-worm Specialists in Shard End	34	Glow-worm Specialists Pricing in Shard End	42	Indexable	
https://www.birminghamboilerrepairs.uk/shard-end/boiler-repairs	8	Boiler Repairs in Shard End	27	Boiler Repairs Pricing in Shard End	35	Indexable	
https://www.birminghamboilerrepairs.uk/shard-end/alpha-boiler-specialists	8	Alpha Specialists in Shard End	30	Alpha Specialists Pricing in Shard End	38	Indexable	
https://www.birminghamboilerrepairs.uk/shard-end/ferroli-specialists	8	Ferroli Specialists in Shard End	32	Ferroli Specialists Pricing in Shard End	40	Indexable	
https://www.birminghamboilerrepairs.uk/shard-end/ideal-boilers-specialists	8	Ideal Boilers Specialists in Shard End	38	Ideal Boilers Specialists Pricing in Shard End	46	Indexable	
https://www.birminghamboilerrepairs.uk/shard-end/intergas-specialists	8	Intergas Specialists in Shard End	33	Intergas Specialists Pricing in Shard End	41	Indexable	
https://www.birminghamboilerrepairs.uk/shard-end/combination-boiler-repairs	8	Combination Boiler Repairs in Shard End	39	Combination Boiler Repairs Pricing in Shard End	47	Indexable	
https://www.birminghamboilerrepairs.uk/shard-end/vokera-specialists	8	Vokera Specialists in Shard End	31	Vokera Specialists Pricing in Shard End	39	Indexable	
https://www.birminghamboilerrepairs.uk/shard-end/viessmann-specialists	8	Viessmann Specialists in Shard End	34	Viessmann Specialists Pricing in Shard End	42	Indexable	
https://www.birminghamboilerrepairs.uk/shard-end/biasi-specialists	8	Biasi Specialists in Shard End	30	Biasi Specialists Pricing in Shard End	38	Indexable	
https://www.birminghamboilerrepairs.uk/shard-end/atag-specialists	8	Atag Specialists in Shard End	29	Atag Specialists Pricing in Shard End	37	Indexable	
https://www.birminghamboilerrepairs.uk/shard-end/vaillant-specialists	8	Vaillant Specialists in Shard End	33	Vaillant Specialists Pricing in Shard End	41	Indexable	
https://www.birminghamboilerrepairs.uk/shard-end/ariston-specialists	8	Ariston Specialists in Shard End	32	Ariston Specialists Pricing in Shard End	40	Indexable	
https://www.birminghamboilerrepairs.uk/shard-end/baxi-specialists	8	Baxi Specialists in Shard End	29	Baxi Specialists Pricing in Shard End	37	Indexable	
https://www.birminghamboilerrepairs.uk/shard-end/combination-boiler-services	8	Combination Boiler Services in Shard End	40	Combination Boiler Services Pricing in Shard End	48	Indexable	
https://www.birminghamboilerrepairs.uk/shard-end/boiler-servicing	8	Boiler Servicing in Shard End	29	Boiler Servicing Pricing in Shard End	37	Indexable	
https://www.birminghamboilerrepairs.uk/saltley/glowworm-specialists	8	Glow-worm Specialists in Saltley	32	Glow-worm Specialists Pricing in Saltley	40	Indexable	
https://www.birminghamboilerrepairs.uk/shard-end/potterton-specialists	8	Potterton Specialists in Shard End	34	Potterton Specialists Pricing in Shard End	42	Indexable	
https://www.birminghamboilerrepairs.uk/saltley/worcester-bosch-specialists	8	Worcester Bosch Specialists in Saltley	38	Worcester Bosch Specialists Pricing in Saltley	46	Indexable	
https://www.birminghamboilerrepairs.uk/saltley/vaillant-specialists	8	Vaillant Specialists in Saltley	31	Vaillant Specialists Pricing in Saltley	39	Indexable	
https://www.birminghamboilerrepairs.uk/saltley/heatline-specialists	8	Heatline Specialists in Saltley	31	Heatline Specialists Pricing in Saltley	39	Indexable	
https://www.birminghamboilerrepairs.uk/saltley/intergas-specialists	8	Intergas Specialists in Saltley	31	Intergas Specialists Pricing in Saltley	39	Indexable	
https://www.birminghamboilerrepairs.uk/saltley/main-boiler-specialists	8	Main Specialists in Saltley	27	Main Specialists Pricing in Saltley	35	Indexable	
https://www.birminghamboilerrepairs.uk/saltley/vokera-specialists	8	Vokera Specialists in Saltley	29	Vokera Specialists Pricing in Saltley	37	Indexable	
https://www.birminghamboilerrepairs.uk/saltley/boiler-servicing	8	Boiler Servicing in Saltley	27	Boiler Servicing Pricing in Saltley	35	Indexable	
https://www.birminghamboilerrepairs.uk/saltley/ideal-boilers-specialists	8	Ideal Boilers Specialists in Saltley	36	Ideal Boilers Specialists Pricing in Saltley	44	Indexable	
https://www.birminghamboilerrepairs.uk/saltley/gas-safety	8	Gas Safety Inspections in Saltley	33	Gas Safety Inspections Pricing in Saltley	41	Indexable	
https://www.birminghamboilerrepairs.uk/saltley/atag-specialists	8	Atag Specialists in Saltley	27	Atag Specialists Pricing in Saltley	35	Indexable	
https://www.birminghamboilerrepairs.uk/saltley/combination-boiler-repairs	8	Combination Boiler Repairs in Saltley	37	Combination Boiler Repairs Pricing in Saltley	45	Indexable	
https://www.birminghamboilerrepairs.uk/saltley/viessmann-specialists	8	Viessmann Specialists in Saltley	32	Viessmann Specialists Pricing in Saltley	40	Indexable	
https://www.birminghamboilerrepairs.uk/saltley/combination-boiler-services	8	Combination Boiler Services in Saltley	38	Combination Boiler Services Pricing in Saltley	46	Indexable	
https://www.birminghamboilerrepairs.uk/saltley/ferroli-specialists	8	Ferroli Specialists in Saltley	30	Ferroli Specialists Pricing in Saltley	38	Indexable	
https://www.birminghamboilerrepairs.uk/saltley/ariston-specialists	8	Ariston Specialists in Saltley	30	Ariston Specialists Pricing in Saltley	38	Indexable	
https://www.birminghamboilerrepairs.uk/saltley/alpha-boiler-specialists	8	Alpha Specialists in Saltley	28	Alpha Specialists Pricing in Saltley	36	Indexable	
https://www.birminghamboilerrepairs.uk/saltley/baxi-specialists	8	Baxi Specialists in Saltley	27	Baxi Specialists Pricing in Saltley	35	Indexable	
https://www.birminghamboilerrepairs.uk/saltley/boiler-repairs	8	Boiler Repairs in Saltley	25	Boiler Repairs Pricing in Saltley	33	Indexable	
https://www.birminghamboilerrepairs.uk/saltley/biasi-specialists	8	Biasi Specialists in Saltley	28	Biasi Specialists Pricing in Saltley	36	Indexable	
https://www.birminghamboilerrepairs.uk/hopwood/baxi-specialists	8	Baxi Specialists in Hopwood	27	Baxi Specialists Pricing in Hopwood	35	Indexable	
https://www.birminghamboilerrepairs.uk/saltley/potterton-specialists	8	Potterton Specialists in Saltley	32	Potterton Specialists Pricing in Saltley	40	Indexable	
https://www.birminghamboilerrepairs.uk/hopwood/viessmann-specialists	8	Viessmann Specialists in Hopwood	32	Viessmann Specialists Pricing in Hopwood	40	Indexable	
https://www.birminghamboilerrepairs.uk/hopwood/ferroli-specialists	8	Ferroli Specialists in Hopwood	30	Ferroli Specialists Pricing in Hopwood	38	Indexable	
https://www.birminghamboilerrepairs.uk/hopwood/biasi-specialists	8	Biasi Specialists in Hopwood	28	Biasi Specialists Pricing in Hopwood	36	Indexable	
https://www.birminghamboilerrepairs.uk/hopwood/potterton-specialists	8	Potterton Specialists in Hopwood	32	Potterton Specialists Pricing in Hopwood	40	Indexable	
https://www.birminghamboilerrepairs.uk/hopwood/worcester-bosch-specialists	8	Worcester Bosch Specialists in Hopwood	38	Worcester Bosch Specialists Pricing in Hopwood	46	Indexable	
https://www.birminghamboilerrepairs.uk/hopwood/gas-safety	8	Gas Safety Inspections in Hopwood	33	Gas Safety Inspections Pricing in Hopwood	41	Indexable	
https://www.birminghamboilerrepairs.uk/hopwood/combination-boiler-services	8	Combination Boiler Services in Hopwood	38	Combination Boiler Services Pricing in Hopwood	46	Indexable	
https://www.birminghamboilerrepairs.uk/hopwood/combination-boiler-repairs	8	Combination Boiler Repairs in Hopwood	37	Combination Boiler Repairs Pricing in Hopwood	45	Indexable	
https://www.birminghamboilerrepairs.uk/hopwood/heatline-specialists	8	Heatline Specialists in Hopwood	31	Heatline Specialists Pricing in Hopwood	39	Indexable	
https://www.birminghamboilerrepairs.uk/hopwood/vaillant-specialists	8	Vaillant Specialists in Hopwood	31	Vaillant Specialists Pricing in Hopwood	39	Indexable	
https://www.birminghamboilerrepairs.uk/hopwood/glowworm-specialists	8	Glow-worm Specialists in Hopwood	32	Glow-worm Specialists Pricing in Hopwood	40	Indexable	
https://www.birminghamboilerrepairs.uk/hopwood/main-boiler-specialists	8	Main Specialists in Hopwood	27	Main Specialists Pricing in Hopwood	35	Indexable	
https://www.birminghamboilerrepairs.uk/hopwood/boiler-servicing	8	Boiler Servicing in Hopwood	27	Boiler Servicing Pricing in Hopwood	35	Indexable	
https://www.birminghamboilerrepairs.uk/hopwood/vokera-specialists	8	Vokera Specialists in Hopwood	29	Vokera Specialists Pricing in Hopwood	37	Indexable	
https://www.birminghamboilerrepairs.uk/hopwood/alpha-boiler-specialists	8	Alpha Specialists in Hopwood	28	Alpha Specialists Pricing in Hopwood	36	Indexable	
https://www.birminghamboilerrepairs.uk/hopwood/ideal-boilers-specialists	8	Ideal Boilers Specialists in Hopwood	36	Ideal Boilers Specialists Pricing in Hopwood	44	Indexable	
https://www.birminghamboilerrepairs.uk/hopwood/intergas-specialists	8	Intergas Specialists in Hopwood	31	Intergas Specialists Pricing in Hopwood	39	Indexable	
https://www.birminghamboilerrepairs.uk/hopwood/boiler-repairs	8	Boiler Repairs in Hopwood	25	Boiler Repairs Pricing in Hopwood	33	Indexable	
https://www.birminghamboilerrepairs.uk/hopwood/ariston-specialists	8	Ariston Specialists in Hopwood	30	Ariston Specialists Pricing in Hopwood	38	Indexable	
https://www.birminghamboilerrepairs.uk/smethwick/combination-boiler-services	8	Combination Boiler Services in Smethwick	40	Combination Boiler Services Pricing in Smethwick	48	Indexable	
https://www.birminghamboilerrepairs.uk/hopwood/atag-specialists	8	Atag Specialists in Hopwood	27	Atag Specialists Pricing in Hopwood	35	Indexable	
https://www.birminghamboilerrepairs.uk/smethwick/potterton-specialists	8	Potterton Specialists in Smethwick	34	Potterton Specialists Pricing in Smethwick	42	Indexable	
https://www.birminghamboilerrepairs.uk/smethwick/baxi-specialists	8	Baxi Specialists in Smethwick	29	Baxi Specialists Pricing in Smethwick	37	Indexable	
https://www.birminghamboilerrepairs.uk/smethwick/viessmann-specialists	8	Viessmann Specialists in Smethwick	34	Viessmann Specialists Pricing in Smethwick	42	Indexable	
https://www.birminghamboilerrepairs.uk/smethwick/gas-safety	8	Gas Safety Inspections in Smethwick	35	Gas Safety Inspections Pricing in Smethwick	43	Indexable	
https://www.birminghamboilerrepairs.uk/smethwick/atag-specialists	8	Atag Specialists in Smethwick	29	Atag Specialists Pricing in Smethwick	37	Indexable	
https://www.birminghamboilerrepairs.uk/smethwick/alpha-boiler-specialists	8	Alpha Specialists in Smethwick	30	Alpha Specialists Pricing in Smethwick	38	Indexable	
https://www.birminghamboilerrepairs.uk/smethwick/ideal-boilers-specialists	8	Ideal Boilers Specialists in Smethwick	38	Ideal Boilers Specialists Pricing in Smethwick	46	Indexable	
https://www.birminghamboilerrepairs.uk/smethwick/vokera-specialists	8	Vokera Specialists in Smethwick	31	Vokera Specialists Pricing in Smethwick	39	Indexable	
https://www.birminghamboilerrepairs.uk/smethwick/vaillant-specialists	8	Vaillant Specialists in Smethwick	33	Vaillant Specialists Pricing in Smethwick	41	Indexable	
https://www.birminghamboilerrepairs.uk/smethwick/boiler-servicing	8	Boiler Servicing in Smethwick	29	Boiler Servicing Pricing in Smethwick	37	Indexable	
https://www.birminghamboilerrepairs.uk/smethwick/glowworm-specialists	8	Glow-worm Specialists in Smethwick	34	Glow-worm Specialists Pricing in Smethwick	42	Indexable	
https://www.birminghamboilerrepairs.uk/smethwick/combination-boiler-repairs	8	Combination Boiler Repairs in Smethwick	39	Combination Boiler Repairs Pricing in Smethwick	47	Indexable	
https://www.birminghamboilerrepairs.uk/smethwick/main-boiler-specialists	8	Main Specialists in Smethwick	29	Main Specialists Pricing in Smethwick	37	Indexable	
https://www.birminghamboilerrepairs.uk/smethwick/biasi-specialists	8	Biasi Specialists in Smethwick	30	Biasi Specialists Pricing in Smethwick	38	Indexable	
https://www.birminghamboilerrepairs.uk/smethwick/ferroli-specialists	8	Ferroli Specialists in Smethwick	32	Ferroli Specialists Pricing in Smethwick	40	Indexable	
https://www.birminghamboilerrepairs.uk/smethwick/worcester-bosch-specialists	8	Worcester Bosch Specialists in Smethwick	40	Worcester Bosch Specialists Pricing in Smethwick	48	Indexable	
https://www.birminghamboilerrepairs.uk/smethwick/boiler-repairs	8	Boiler Repairs in Smethwick	27	Boiler Repairs Pricing in Smethwick	35	Indexable	
https://www.birminghamboilerrepairs.uk/smethwick/heatline-specialists	8	Heatline Specialists in Smethwick	33	Heatline Specialists Pricing in Smethwick	41	Indexable	
https://www.birminghamboilerrepairs.uk/smethwick/intergas-specialists	8	Intergas Specialists in Smethwick	33	Intergas Specialists Pricing in Smethwick	41	Indexable	
https://www.birminghamboilerrepairs.uk/smethwick/ariston-specialists	8	Ariston Specialists in Smethwick	32	Ariston Specialists Pricing in Smethwick	40	Indexable	
https://www.birminghamboilerrepairs.uk/spring-vale/worcester-bosch-specialists	8	Worcester Bosch Specialists in Spring Vale	42	Worcester Bosch Specialists Pricing in Spring Vale	50	Indexable	
https://www.birminghamboilerrepairs.uk/spring-vale/ideal-boilers-specialists	8	Ideal Boilers Specialists in Spring Vale	40	Ideal Boilers Specialists Pricing in Spring Vale	48	Indexable	
https://www.birminghamboilerrepairs.uk/spring-vale/baxi-specialists	8	Baxi Specialists in Spring Vale	31	Baxi Specialists Pricing in Spring Vale	39	Indexable	
https://www.birminghamboilerrepairs.uk/spring-vale/boiler-repairs	8	Boiler Repairs in Spring Vale	29	Boiler Repairs Pricing in Spring Vale	37	Indexable	
https://www.birminghamboilerrepairs.uk/spring-vale/alpha-boiler-specialists	8	Alpha Specialists in Spring Vale	32	Alpha Specialists Pricing in Spring Vale	40	Indexable	
https://www.birminghamboilerrepairs.uk/spring-vale/boiler-servicing	8	Boiler Servicing in Spring Vale	31	Boiler Servicing Pricing in Spring Vale	39	Indexable	
https://www.birminghamboilerrepairs.uk/spring-vale/biasi-specialists	8	Biasi Specialists in Spring Vale	32	Biasi Specialists Pricing in Spring Vale	40	Indexable	
https://www.birminghamboilerrepairs.uk/spring-vale/vaillant-specialists	8	Vaillant Specialists in Spring Vale	35	Vaillant Specialists Pricing in Spring Vale	43	Indexable	
https://www.birminghamboilerrepairs.uk/spring-vale/combination-boiler-repairs	8	Combination Boiler Repairs in Spring Vale	41	Combination Boiler Repairs Pricing in Spring Vale	49	Indexable	
https://www.birminghamboilerrepairs.uk/spring-vale/ferroli-specialists	8	Ferroli Specialists in Spring Vale	34	Ferroli Specialists Pricing in Spring Vale	42	Indexable	
https://www.birminghamboilerrepairs.uk/spring-vale/intergas-specialists	8	Intergas Specialists in Spring Vale	35	Intergas Specialists Pricing in Spring Vale	43	Indexable	
https://www.birminghamboilerrepairs.uk/spring-vale/combination-boiler-services	8	Combination Boiler Services in Spring Vale	42	Combination Boiler Services Pricing in Spring Vale	50	Indexable	
https://www.birminghamboilerrepairs.uk/spring-vale/main-boiler-specialists	8	Main Specialists in Spring Vale	31	Main Specialists Pricing in Spring Vale	39	Indexable	
https://www.birminghamboilerrepairs.uk/spring-vale/potterton-specialists	8	Potterton Specialists in Spring Vale	36	Potterton Specialists Pricing in Spring Vale	44	Indexable	
https://www.birminghamboilerrepairs.uk/spring-vale/heatline-specialists	8	Heatline Specialists in Spring Vale	35	Heatline Specialists Pricing in Spring Vale	43	Indexable	
https://www.birminghamboilerrepairs.uk/spring-vale/atag-specialists	8	Atag Specialists in Spring Vale	31	Atag Specialists Pricing in Spring Vale	39	Indexable	
https://www.birminghamboilerrepairs.uk/spring-vale/ariston-specialists	8	Ariston Specialists in Spring Vale	34	Ariston Specialists Pricing in Spring Vale	42	Indexable	
https://www.birminghamboilerrepairs.uk/spring-vale/vokera-specialists	8	Vokera Specialists in Spring Vale	33	Vokera Specialists Pricing in Spring Vale	41	Indexable	
https://www.birminghamboilerrepairs.uk/spring-vale/viessmann-specialists	8	Viessmann Specialists in Spring Vale	36	Viessmann Specialists Pricing in Spring Vale	44	Indexable	
https://www.birminghamboilerrepairs.uk/spring-vale/glowworm-specialists	8	Glow-worm Specialists in Spring Vale	36	Glow-worm Specialists Pricing in Spring Vale	44	Indexable	
https://www.birminghamboilerrepairs.uk/spring-vale/gas-safety	8	Gas Safety Inspections in Spring Vale	37	Gas Safety Inspections Pricing in Spring Vale	45	Indexable	
https://www.birminghamboilerrepairs.uk/astwood-bank/gas-safety	8	Gas Safety Inspections in Astwood Bank	38	Gas Safety Inspections Pricing in Astwood Bank	46	Indexable	
https://www.birminghamboilerrepairs.uk/astwood-bank/combination-boiler-services	8	Combination Boiler Services in Astwood Bank	43	Combination Boiler Services Pricing in Astwood Bank	51	Indexable	
https://www.birminghamboilerrepairs.uk/astwood-bank/vokera-specialists	8	Vokera Specialists in Astwood Bank	34	Vokera Specialists Pricing in Astwood Bank	42	Indexable	
https://www.birminghamboilerrepairs.uk/astwood-bank/viessmann-specialists	8	Viessmann Specialists in Astwood Bank	37	Viessmann Specialists Pricing in Astwood Bank	45	Indexable	
https://www.birminghamboilerrepairs.uk/astwood-bank/glowworm-specialists	8	Glow-worm Specialists in Astwood Bank	37	Glow-worm Specialists Pricing in Astwood Bank	45	Indexable	
https://www.birminghamboilerrepairs.uk/astwood-bank/ferroli-specialists	8	Ferroli Specialists in Astwood Bank	35	Ferroli Specialists Pricing in Astwood Bank	43	Indexable	
https://www.birminghamboilerrepairs.uk/astwood-bank/worcester-bosch-specialists	8	Worcester Bosch Specialists in Astwood Bank	43	Worcester Bosch Specialists Pricing in Astwood Bank	51	Indexable	
https://www.birminghamboilerrepairs.uk/astwood-bank/heatline-specialists	8	Heatline Specialists in Astwood Bank	36	Heatline Specialists Pricing in Astwood Bank	44	Indexable	
https://www.birminghamboilerrepairs.uk/astwood-bank/alpha-boiler-specialists	8	Alpha Specialists in Astwood Bank	33	Alpha Specialists Pricing in Astwood Bank	41	Indexable	
https://www.birminghamboilerrepairs.uk/astwood-bank/boiler-repairs	8	Boiler Repairs in Astwood Bank	30	Boiler Repairs Pricing in Astwood Bank	38	Indexable	
https://www.birminghamboilerrepairs.uk/astwood-bank/ariston-specialists	8	Ariston Specialists in Astwood Bank	35	Ariston Specialists Pricing in Astwood Bank	43	Indexable	
https://www.birminghamboilerrepairs.uk/astwood-bank/main-boiler-specialists	8	Main Specialists in Astwood Bank	32	Main Specialists Pricing in Astwood Bank	40	Indexable	
https://www.birminghamboilerrepairs.uk/astwood-bank/ideal-boilers-specialists	8	Ideal Boilers Specialists in Astwood Bank	41	Ideal Boilers Specialists Pricing in Astwood Bank	49	Indexable	
https://www.birminghamboilerrepairs.uk/astwood-bank/intergas-specialists	8	Intergas Specialists in Astwood Bank	36	Intergas Specialists Pricing in Astwood Bank	44	Indexable	
https://www.birminghamboilerrepairs.uk/astwood-bank/vaillant-specialists	8	Vaillant Specialists in Astwood Bank	36	Vaillant Specialists Pricing in Astwood Bank	44	Indexable	
https://www.birminghamboilerrepairs.uk/astwood-bank/atag-specialists	8	Atag Specialists in Astwood Bank	32	Atag Specialists Pricing in Astwood Bank	40	Indexable	
https://www.birminghamboilerrepairs.uk/astwood-bank/boiler-servicing	8	Boiler Servicing in Astwood Bank	32	Boiler Servicing Pricing in Astwood Bank	40	Indexable	
https://www.birminghamboilerrepairs.uk/astwood-bank/biasi-specialists	8	Biasi Specialists in Astwood Bank	33	Biasi Specialists Pricing in Astwood Bank	41	Indexable	
https://www.birminghamboilerrepairs.uk/astwood-bank/baxi-specialists	8	Baxi Specialists in Astwood Bank	32	Baxi Specialists Pricing in Astwood Bank	40	Indexable	
https://www.birminghamboilerrepairs.uk/glebe-farm/gas-safety	8	Gas Safety Inspections in Glebe Farm	36	Gas Safety Inspections Pricing in Glebe Farm	44	Indexable	
https://www.birminghamboilerrepairs.uk/glebe-farm/vaillant-specialists	8	Vaillant Specialists in Glebe Farm	34	Vaillant Specialists Pricing in Glebe Farm	42	Indexable	
https://www.birminghamboilerrepairs.uk/astwood-bank/potterton-specialists	8	Potterton Specialists in Astwood Bank	37	Potterton Specialists Pricing in Astwood Bank	45	Indexable	
https://www.birminghamboilerrepairs.uk/astwood-bank/combination-boiler-repairs	8	Combination Boiler Repairs in Astwood Bank	42	Combination Boiler Repairs Pricing in Astwood Bank	50	Indexable	
https://www.birminghamboilerrepairs.uk/glebe-farm/baxi-specialists	8	Baxi Specialists in Glebe Farm	30	Baxi Specialists Pricing in Glebe Farm	38	Indexable	
https://www.birminghamboilerrepairs.uk/glebe-farm/glowworm-specialists	8	Glow-worm Specialists in Glebe Farm	35	Glow-worm Specialists Pricing in Glebe Farm	43	Indexable	
https://www.birminghamboilerrepairs.uk/glebe-farm/combination-boiler-services	8	Combination Boiler Services in Glebe Farm	41	Combination Boiler Services Pricing in Glebe Farm	49	Indexable	
https://www.birminghamboilerrepairs.uk/glebe-farm/vokera-specialists	8	Vokera Specialists in Glebe Farm	32	Vokera Specialists Pricing in Glebe Farm	40	Indexable	
https://www.birminghamboilerrepairs.uk/glebe-farm/ideal-boilers-specialists	8	Ideal Boilers Specialists in Glebe Farm	39	Ideal Boilers Specialists Pricing in Glebe Farm	47	Indexable	
https://www.birminghamboilerrepairs.uk/glebe-farm/main-boiler-specialists	8	Main Specialists in Glebe Farm	30	Main Specialists Pricing in Glebe Farm	38	Indexable	
https://www.birminghamboilerrepairs.uk/glebe-farm/potterton-specialists	8	Potterton Specialists in Glebe Farm	35	Potterton Specialists Pricing in Glebe Farm	43	Indexable	
https://www.birminghamboilerrepairs.uk/glebe-farm/intergas-specialists	8	Intergas Specialists in Glebe Farm	34	Intergas Specialists Pricing in Glebe Farm	42	Indexable	
https://www.birminghamboilerrepairs.uk/glebe-farm/ferroli-specialists	8	Ferroli Specialists in Glebe Farm	33	Ferroli Specialists Pricing in Glebe Farm	41	Indexable	
https://www.birminghamboilerrepairs.uk/glebe-farm/alpha-boiler-specialists	8	Alpha Specialists in Glebe Farm	31	Alpha Specialists Pricing in Glebe Farm	39	Indexable	
https://www.birminghamboilerrepairs.uk/glebe-farm/viessmann-specialists	8	Viessmann Specialists in Glebe Farm	35	Viessmann Specialists Pricing in Glebe Farm	43	Indexable	
https://www.birminghamboilerrepairs.uk/glebe-farm/boiler-servicing	8	Boiler Servicing in Glebe Farm	30	Boiler Servicing Pricing in Glebe Farm	38	Indexable	
https://www.birminghamboilerrepairs.uk/glebe-farm/combination-boiler-repairs	8	Combination Boiler Repairs in Glebe Farm	40	Combination Boiler Repairs Pricing in Glebe Farm	48	Indexable	
https://www.birminghamboilerrepairs.uk/glebe-farm/boiler-repairs	8	Boiler Repairs in Glebe Farm	28	Boiler Repairs Pricing in Glebe Farm	36	Indexable	
https://www.birminghamboilerrepairs.uk/glebe-farm/biasi-specialists	8	Biasi Specialists in Glebe Farm	31	Biasi Specialists Pricing in Glebe Farm	39	Indexable	
https://www.birminghamboilerrepairs.uk/glebe-farm/worcester-bosch-specialists	8	Worcester Bosch Specialists in Glebe Farm	41	Worcester Bosch Specialists Pricing in Glebe Farm	49	Indexable	
https://www.birminghamboilerrepairs.uk/glebe-farm/ariston-specialists	8	Ariston Specialists in Glebe Farm	33	Ariston Specialists Pricing in Glebe Farm	41	Indexable	
https://www.birminghamboilerrepairs.uk/glebe-farm/heatline-specialists	8	Heatline Specialists in Glebe Farm	34	Heatline Specialists Pricing in Glebe Farm	42	Indexable	
https://www.birminghamboilerrepairs.uk/glebe-farm/atag-specialists	8	Atag Specialists in Glebe Farm	30	Atag Specialists Pricing in Glebe Farm	38	Indexable	
https://www.birminghamboilerrepairs.uk/yardley-wood/worcester-bosch-specialists	8	Worcester Bosch Specialists in Yardley Wood	43	Worcester Bosch Specialists Pricing in Yardley Wood	51	Indexable	
https://www.birminghamboilerrepairs.uk/yardley-wood/baxi-specialists	8	Baxi Specialists in Yardley Wood	32	Baxi Specialists Pricing in Yardley Wood	40	Indexable	
https://www.birminghamboilerrepairs.uk/yardley-wood/atag-specialists	8	Atag Specialists in Yardley Wood	32	Atag Specialists Pricing in Yardley Wood	40	Indexable	
https://www.birminghamboilerrepairs.uk/yardley-wood/ferroli-specialists	8	Ferroli Specialists in Yardley Wood	35	Ferroli Specialists Pricing in Yardley Wood	43	Indexable	
https://www.birminghamboilerrepairs.uk/yardley-wood/boiler-repairs	8	Boiler Repairs in Yardley Wood	30	Boiler Repairs Pricing in Yardley Wood	38	Indexable	
https://www.birminghamboilerrepairs.uk/yardley-wood/ideal-boilers-specialists	8	Ideal Boilers Specialists in Yardley Wood	41	Ideal Boilers Specialists Pricing in Yardley Wood	49	Indexable	
https://www.birminghamboilerrepairs.uk/yardley-wood/combination-boiler-services	8	Combination Boiler Services in Yardley Wood	43	Combination Boiler Services Pricing in Yardley Wood	51	Indexable	
https://www.birminghamboilerrepairs.uk/yardley-wood/ariston-specialists	8	Ariston Specialists in Yardley Wood	35	Ariston Specialists Pricing in Yardley Wood	43	Indexable	
https://www.birminghamboilerrepairs.uk/yardley-wood/heatline-specialists	8	Heatline Specialists in Yardley Wood	36	Heatline Specialists Pricing in Yardley Wood	44	Indexable	
https://www.birminghamboilerrepairs.uk/yardley-wood/main-boiler-specialists	8	Main Specialists in Yardley Wood	32	Main Specialists Pricing in Yardley Wood	40	Indexable	
https://www.birminghamboilerrepairs.uk/yardley-wood/boiler-servicing	8	Boiler Servicing in Yardley Wood	32	Boiler Servicing Pricing in Yardley Wood	40	Indexable	
https://www.birminghamboilerrepairs.uk/yardley-wood/vaillant-specialists	8	Vaillant Specialists in Yardley Wood	36	Vaillant Specialists Pricing in Yardley Wood	44	Indexable	
https://www.birminghamboilerrepairs.uk/yardley-wood/vokera-specialists	8	Vokera Specialists in Yardley Wood	34	Vokera Specialists Pricing in Yardley Wood	42	Indexable	
https://www.birminghamboilerrepairs.uk/yardley-wood/gas-safety	8	Gas Safety Inspections in Yardley Wood	38	Gas Safety Inspections Pricing in Yardley Wood	46	Indexable	
https://www.birminghamboilerrepairs.uk/yardley-wood/viessmann-specialists	8	Viessmann Specialists in Yardley Wood	37	Viessmann Specialists Pricing in Yardley Wood	45	Indexable	
https://www.birminghamboilerrepairs.uk/yardley-wood/biasi-specialists	8	Biasi Specialists in Yardley Wood	33	Biasi Specialists Pricing in Yardley Wood	41	Indexable	
https://www.birminghamboilerrepairs.uk/yardley-wood/alpha-boiler-specialists	8	Alpha Specialists in Yardley Wood	33	Alpha Specialists Pricing in Yardley Wood	41	Indexable	
https://www.birminghamboilerrepairs.uk/yardley-wood/glowworm-specialists	8	Glow-worm Specialists in Yardley Wood	37	Glow-worm Specialists Pricing in Yardley Wood	45	Indexable	
https://www.birminghamboilerrepairs.uk/yardley-wood/intergas-specialists	8	Intergas Specialists in Yardley Wood	36	Intergas Specialists Pricing in Yardley Wood	44	Indexable	
https://www.birminghamboilerrepairs.uk/yardley-wood/combination-boiler-repairs	8	Combination Boiler Repairs in Yardley Wood	42	Combination Boiler Repairs Pricing in Yardley Wood	50	Indexable	
https://www.birminghamboilerrepairs.uk/yardley-wood/potterton-specialists	8	Potterton Specialists in Yardley Wood	37	Potterton Specialists Pricing in Yardley Wood	45	Indexable	
https://www.birminghamboilerrepairs.uk/south-woodgate/main-boiler-specialists	8	Main Specialists in South Woodgate	34	Main Specialists Pricing in South Woodgate	42	Indexable	
https://www.birminghamboilerrepairs.uk/south-woodgate/vaillant-specialists	8	Vaillant Specialists in South Woodgate	38	Vaillant Specialists Pricing in South Woodgate	46	Indexable	
https://www.birminghamboilerrepairs.uk/south-woodgate/glowworm-specialists	8	Glow-worm Specialists in South Woodgate	39	Glow-worm Specialists Pricing in South Woodgate	47	Indexable	
https://www.birminghamboilerrepairs.uk/south-woodgate/boiler-repairs	8	Boiler Repairs in South Woodgate	32	Boiler Repairs Pricing in South Woodgate	40	Indexable	
https://www.birminghamboilerrepairs.uk/south-woodgate/alpha-boiler-specialists	8	Alpha Specialists in South Woodgate	35	Alpha Specialists Pricing in South Woodgate	43	Indexable	
https://www.birminghamboilerrepairs.uk/south-woodgate/boiler-servicing	8	Boiler Servicing in South Woodgate	34	Boiler Servicing Pricing in South Woodgate	42	Indexable	
https://www.birminghamboilerrepairs.uk/south-woodgate/ideal-boilers-specialists	8	Ideal Boilers Specialists in South Woodgate	43	Ideal Boilers Specialists Pricing in South Woodgate	51	Indexable	
https://www.birminghamboilerrepairs.uk/south-woodgate/gas-safety	8	Gas Safety Inspections in South Woodgate	40	Gas Safety Inspections Pricing in South Woodgate	48	Indexable	
https://www.birminghamboilerrepairs.uk/south-woodgate/vokera-specialists	8	Vokera Specialists in South Woodgate	36	Vokera Specialists Pricing in South Woodgate	44	Indexable	
https://www.birminghamboilerrepairs.uk/south-woodgate/baxi-specialists	8	Baxi Specialists in South Woodgate	34	Baxi Specialists Pricing in South Woodgate	42	Indexable	
https://www.birminghamboilerrepairs.uk/south-woodgate/combination-boiler-repairs	8	Combination Boiler Repairs in South Woodgate	44	Combination Boiler Repairs Pricing in South Woodgate	52	Indexable	
https://www.birminghamboilerrepairs.uk/south-woodgate/heatline-specialists	8	Heatline Specialists in South Woodgate	38	Heatline Specialists Pricing in South Woodgate	46	Indexable	
https://www.birminghamboilerrepairs.uk/south-woodgate/ariston-specialists	8	Ariston Specialists in South Woodgate	37	Ariston Specialists Pricing in South Woodgate	45	Indexable	
https://www.birminghamboilerrepairs.uk/south-woodgate/viessmann-specialists	8	Viessmann Specialists in South Woodgate	39	Viessmann Specialists Pricing in South Woodgate	47	Indexable	
https://www.birminghamboilerrepairs.uk/south-woodgate/combination-boiler-services	8	Combination Boiler Services in South Woodgate	45	Combination Boiler Services Pricing in South Woodgate	53	Indexable	
https://www.birminghamboilerrepairs.uk/south-woodgate/potterton-specialists	8	Potterton Specialists in South Woodgate	39	Potterton Specialists Pricing in South Woodgate	47	Indexable	
https://www.birminghamboilerrepairs.uk/south-woodgate/biasi-specialists	8	Biasi Specialists in South Woodgate	35	Biasi Specialists Pricing in South Woodgate	43	Indexable	
https://www.birminghamboilerrepairs.uk/south-woodgate/ferroli-specialists	8	Ferroli Specialists in South Woodgate	37	Ferroli Specialists Pricing in South Woodgate	45	Indexable	
https://www.birminghamboilerrepairs.uk/south-woodgate/worcester-bosch-specialists	8	Worcester Bosch Specialists in South Woodgate	45	Worcester Bosch Specialists Pricing in South Woodgate	53	Indexable	
https://www.birminghamboilerrepairs.uk/south-woodgate/intergas-specialists	8	Intergas Specialists in South Woodgate	38	Intergas Specialists Pricing in South Woodgate	46	Indexable	
https://www.birminghamboilerrepairs.uk/south-woodgate/atag-specialists	8	Atag Specialists in South Woodgate	34	Atag Specialists Pricing in South Woodgate	42	Indexable	
https://www.birminghamboilerrepairs.uk/bromford/ferroli-specialists	8	Ferroli Specialists in Bromford	31	Ferroli Specialists Pricing in Bromford	39	Indexable	
https://www.birminghamboilerrepairs.uk/bromford/combination-boiler-repairs	8	Combination Boiler Repairs in Bromford	38	Combination Boiler Repairs Pricing in Bromford	46	Indexable	
https://www.birminghamboilerrepairs.uk/bromford/baxi-specialists	8	Baxi Specialists in Bromford	28	Baxi Specialists Pricing in Bromford	36	Indexable	
https://www.birminghamboilerrepairs.uk/bromford/glowworm-specialists	8	Glow-worm Specialists in Bromford	33	Glow-worm Specialists Pricing in Bromford	41	Indexable	
https://www.birminghamboilerrepairs.uk/bromford/vaillant-specialists	8	Vaillant Specialists in Bromford	32	Vaillant Specialists Pricing in Bromford	40	Indexable	
https://www.birminghamboilerrepairs.uk/bromford/boiler-repairs	8	Boiler Repairs in Bromford	26	Boiler Repairs Pricing in Bromford	34	Indexable	
https://www.birminghamboilerrepairs.uk/bromford/gas-safety	8	Gas Safety Inspections in Bromford	34	Gas Safety Inspections Pricing in Bromford	42	Indexable	
https://www.birminghamboilerrepairs.uk/bromford/worcester-bosch-specialists	8	Worcester Bosch Specialists in Bromford	39	Worcester Bosch Specialists Pricing in Bromford	47	Indexable	
https://www.birminghamboilerrepairs.uk/bromford/heatline-specialists	8	Heatline Specialists in Bromford	32	Heatline Specialists Pricing in Bromford	40	Indexable	
https://www.birminghamboilerrepairs.uk/bromford/atag-specialists	8	Atag Specialists in Bromford	28	Atag Specialists Pricing in Bromford	36	Indexable	
https://www.birminghamboilerrepairs.uk/bromford/boiler-servicing	8	Boiler Servicing in Bromford	28	Boiler Servicing Pricing in Bromford	36	Indexable	
https://www.birminghamboilerrepairs.uk/bromford/vokera-specialists	8	Vokera Specialists in Bromford	30	Vokera Specialists Pricing in Bromford	38	Indexable	
https://www.birminghamboilerrepairs.uk/bromford/combination-boiler-services	8	Combination Boiler Services in Bromford	39	Combination Boiler Services Pricing in Bromford	47	Indexable	
https://www.birminghamboilerrepairs.uk/bromford/ideal-boilers-specialists	8	Ideal Boilers Specialists in Bromford	37	Ideal Boilers Specialists Pricing in Bromford	45	Indexable	
https://www.birminghamboilerrepairs.uk/bromford/ariston-specialists	8	Ariston Specialists in Bromford	31	Ariston Specialists Pricing in Bromford	39	Indexable	
https://www.birminghamboilerrepairs.uk/bromford/alpha-boiler-specialists	8	Alpha Specialists in Bromford	29	Alpha Specialists Pricing in Bromford	37	Indexable	
https://www.birminghamboilerrepairs.uk/bromford/biasi-specialists	8	Biasi Specialists in Bromford	29	Biasi Specialists Pricing in Bromford	37	Indexable	
https://www.birminghamboilerrepairs.uk/bromford/intergas-specialists	8	Intergas Specialists in Bromford	32	Intergas Specialists Pricing in Bromford	40	Indexable	
https://www.birminghamboilerrepairs.uk/bromford/viessmann-specialists	8	Viessmann Specialists in Bromford	33	Viessmann Specialists Pricing in Bromford	41	Indexable	
https://www.birminghamboilerrepairs.uk/bromford/potterton-specialists	8	Potterton Specialists in Bromford	33	Potterton Specialists Pricing in Bromford	41	Indexable	
https://www.birminghamboilerrepairs.uk/bromford/main-boiler-specialists	8	Main Specialists in Bromford	28	Main Specialists Pricing in Bromford	36	Indexable	
https://www.birminghamboilerrepairs.uk/old-oscott/baxi-specialists	8	Baxi Specialists in Old Oscott	30	Baxi Specialists Pricing in Old Oscott	38	Indexable	
https://www.birminghamboilerrepairs.uk/old-oscott/ariston-specialists	8	Ariston Specialists in Old Oscott	33	Ariston Specialists Pricing in Old Oscott	41	Indexable	
https://www.birminghamboilerrepairs.uk/old-oscott/combination-boiler-repairs	8	Combination Boiler Repairs in Old Oscott	40	Combination Boiler Repairs Pricing in Old Oscott	48	Indexable	
https://www.birminghamboilerrepairs.uk/old-oscott/ferroli-specialists	8	Ferroli Specialists in Old Oscott	33	Ferroli Specialists Pricing in Old Oscott	41	Indexable	
https://www.birminghamboilerrepairs.uk/old-oscott/worcester-bosch-specialists	8	Worcester Bosch Specialists in Old Oscott	41	Worcester Bosch Specialists Pricing in Old Oscott	49	Indexable	
https://www.birminghamboilerrepairs.uk/old-oscott/boiler-servicing	8	Boiler Servicing in Old Oscott	30	Boiler Servicing Pricing in Old Oscott	38	Indexable	
https://www.birminghamboilerrepairs.uk/old-oscott/main-boiler-specialists	8	Main Specialists in Old Oscott	30	Main Specialists Pricing in Old Oscott	38	Indexable	
https://www.birminghamboilerrepairs.uk/old-oscott/glowworm-specialists	8	Glow-worm Specialists in Old Oscott	35	Glow-worm Specialists Pricing in Old Oscott	43	Indexable	
https://www.birminghamboilerrepairs.uk/old-oscott/atag-specialists	8	Atag Specialists in Old Oscott	30	Atag Specialists Pricing in Old Oscott	38	Indexable	
https://www.birminghamboilerrepairs.uk/old-oscott/boiler-repairs	8	Boiler Repairs in Old Oscott	28	Boiler Repairs Pricing in Old Oscott	36	Indexable	
https://www.birminghamboilerrepairs.uk/old-oscott/heatline-specialists	8	Heatline Specialists in Old Oscott	34	Heatline Specialists Pricing in Old Oscott	42	Indexable	
https://www.birminghamboilerrepairs.uk/old-oscott/viessmann-specialists	8	Viessmann Specialists in Old Oscott	35	Viessmann Specialists Pricing in Old Oscott	43	Indexable	
https://www.birminghamboilerrepairs.uk/old-oscott/combination-boiler-services	8	Combination Boiler Services in Old Oscott	41	Combination Boiler Services Pricing in Old Oscott	49	Indexable	
https://www.birminghamboilerrepairs.uk/old-oscott/ideal-boilers-specialists	8	Ideal Boilers Specialists in Old Oscott	39	Ideal Boilers Specialists Pricing in Old Oscott	47	Indexable	
https://www.birminghamboilerrepairs.uk/old-oscott/vokera-specialists	8	Vokera Specialists in Old Oscott	32	Vokera Specialists Pricing in Old Oscott	40	Indexable	
https://www.birminghamboilerrepairs.uk/old-oscott/intergas-specialists	8	Intergas Specialists in Old Oscott	34	Intergas Specialists Pricing in Old Oscott	42	Indexable	
https://www.birminghamboilerrepairs.uk/old-oscott/biasi-specialists	8	Biasi Specialists in Old Oscott	31	Biasi Specialists Pricing in Old Oscott	39	Indexable	
https://www.birminghamboilerrepairs.uk/old-oscott/vaillant-specialists	8	Vaillant Specialists in Old Oscott	34	Vaillant Specialists Pricing in Old Oscott	42	Indexable	
https://www.birminghamboilerrepairs.uk/old-oscott/potterton-specialists	8	Potterton Specialists in Old Oscott	35	Potterton Specialists Pricing in Old Oscott	43	Indexable	
https://www.birminghamboilerrepairs.uk/old-oscott/alpha-boiler-specialists	8	Alpha Specialists in Old Oscott	31	Alpha Specialists Pricing in Old Oscott	39	Indexable	
https://www.birminghamboilerrepairs.uk/old-oscott/gas-safety	8	Gas Safety Inspections in Old Oscott	36	Gas Safety Inspections Pricing in Old Oscott	44	Indexable	
https://www.birminghamboilerrepairs.uk/perry-beeches/boiler-servicing	8	Boiler Servicing in Perry Beeches	33	Boiler Servicing Pricing in Perry Beeches	41	Indexable	
https://www.birminghamboilerrepairs.uk/perry-beeches/combination-boiler-services	8	Combination Boiler Services in Perry Beeches	44	Combination Boiler Services Pricing in Perry Beeches	52	Indexable	
https://www.birminghamboilerrepairs.uk/perry-beeches/ideal-boilers-specialists	8	Ideal Boilers Specialists in Perry Beeches	42	Ideal Boilers Specialists Pricing in Perry Beeches	50	Indexable	
https://www.birminghamboilerrepairs.uk/perry-beeches/gas-safety	8	Gas Safety Inspections in Perry Beeches	39	Gas Safety Inspections Pricing in Perry Beeches	47	Indexable	
https://www.birminghamboilerrepairs.uk/perry-beeches/intergas-specialists	8	Intergas Specialists in Perry Beeches	37	Intergas Specialists Pricing in Perry Beeches	45	Indexable	
https://www.birminghamboilerrepairs.uk/perry-beeches/vaillant-specialists	8	Vaillant Specialists in Perry Beeches	37	Vaillant Specialists Pricing in Perry Beeches	45	Indexable	
https://www.birminghamboilerrepairs.uk/perry-beeches/main-boiler-specialists	8	Main Specialists in Perry Beeches	33	Main Specialists Pricing in Perry Beeches	41	Indexable	
https://www.birminghamboilerrepairs.uk/perry-beeches/worcester-bosch-specialists	8	Worcester Bosch Specialists in Perry Beeches	44	Worcester Bosch Specialists Pricing in Perry Beeches	52	Indexable	
https://www.birminghamboilerrepairs.uk/perry-beeches/boiler-repairs	8	Boiler Repairs in Perry Beeches	31	Boiler Repairs Pricing in Perry Beeches	39	Indexable	
https://www.birminghamboilerrepairs.uk/perry-beeches/atag-specialists	8	Atag Specialists in Perry Beeches	33	Atag Specialists Pricing in Perry Beeches	41	Indexable	
https://www.birminghamboilerrepairs.uk/perry-beeches/glowworm-specialists	8	Glow-worm Specialists in Perry Beeches	38	Glow-worm Specialists Pricing in Perry Beeches	46	Indexable	
https://www.birminghamboilerrepairs.uk/perry-beeches/ferroli-specialists	8	Ferroli Specialists in Perry Beeches	36	Ferroli Specialists Pricing in Perry Beeches	44	Indexable	
https://www.birminghamboilerrepairs.uk/perry-beeches/vokera-specialists	8	Vokera Specialists in Perry Beeches	35	Vokera Specialists Pricing in Perry Beeches	43	Indexable	
https://www.birminghamboilerrepairs.uk/perry-beeches/biasi-specialists	8	Biasi Specialists in Perry Beeches	34	Biasi Specialists Pricing in Perry Beeches	42	Indexable	
https://www.birminghamboilerrepairs.uk/perry-beeches/viessmann-specialists	8	Viessmann Specialists in Perry Beeches	38	Viessmann Specialists Pricing in Perry Beeches	46	Indexable	
https://www.birminghamboilerrepairs.uk/perry-beeches/baxi-specialists	8	Baxi Specialists in Perry Beeches	33	Baxi Specialists Pricing in Perry Beeches	41	Indexable	
https://www.birminghamboilerrepairs.uk/perry-beeches/combination-boiler-repairs	8	Combination Boiler Repairs in Perry Beeches	43	Combination Boiler Repairs Pricing in Perry Beeches	51	Indexable	
https://www.birminghamboilerrepairs.uk/perry-beeches/heatline-specialists	8	Heatline Specialists in Perry Beeches	37	Heatline Specialists Pricing in Perry Beeches	45	Indexable	
https://www.birminghamboilerrepairs.uk/perry-beeches/alpha-boiler-specialists	8	Alpha Specialists in Perry Beeches	34	Alpha Specialists Pricing in Perry Beeches	42	Indexable	
https://www.birminghamboilerrepairs.uk/perry-beeches/potterton-specialists	8	Potterton Specialists in Perry Beeches	38	Potterton Specialists Pricing in Perry Beeches	46	Indexable	
https://www.birminghamboilerrepairs.uk/perry-beeches/ariston-specialists	8	Ariston Specialists in Perry Beeches	36	Ariston Specialists Pricing in Perry Beeches	44	Indexable	
https://www.birminghamboilerrepairs.uk/quinton/alpha-boiler-specialists	8	Alpha Specialists in Quinton	28	Alpha Specialists Pricing in Quinton	36	Indexable	
https://www.birminghamboilerrepairs.uk/quinton/biasi-specialists	8	Biasi Specialists in Quinton	28	Biasi Specialists Pricing in Quinton	36	Indexable	
https://www.birminghamboilerrepairs.uk/quinton/baxi-specialists	8	Baxi Specialists in Quinton	27	Baxi Specialists Pricing in Quinton	35	Indexable	
https://www.birminghamboilerrepairs.uk/quinton/potterton-specialists	8	Potterton Specialists in Quinton	32	Potterton Specialists Pricing in Quinton	40	Indexable	
https://www.birminghamboilerrepairs.uk/quinton/glowworm-specialists	8	Glow-worm Specialists in Quinton	32	Glow-worm Specialists Pricing in Quinton	40	Indexable	
https://www.birminghamboilerrepairs.uk/quinton/gas-safety	8	Gas Safety Inspections in Quinton	33	Gas Safety Inspections Pricing in Quinton	41	Indexable	
https://www.birminghamboilerrepairs.uk/quinton/atag-specialists	8	Atag Specialists in Quinton	27	Atag Specialists Pricing in Quinton	35	Indexable	
https://www.birminghamboilerrepairs.uk/quinton/heatline-specialists	8	Heatline Specialists in Quinton	31	Heatline Specialists Pricing in Quinton	39	Indexable	
https://www.birminghamboilerrepairs.uk/quinton/ariston-specialists	8	Ariston Specialists in Quinton	30	Ariston Specialists Pricing in Quinton	38	Indexable	
https://www.birminghamboilerrepairs.uk/quinton/ferroli-specialists	8	Ferroli Specialists in Quinton	30	Ferroli Specialists Pricing in Quinton	38	Indexable	
https://www.birminghamboilerrepairs.uk/quinton/ideal-boilers-specialists	8	Ideal Boilers Specialists in Quinton	36	Ideal Boilers Specialists Pricing in Quinton	44	Indexable	
https://www.birminghamboilerrepairs.uk/quinton/main-boiler-specialists	8	Main Specialists in Quinton	27	Main Specialists Pricing in Quinton	35	Indexable	
https://www.birminghamboilerrepairs.uk/quinton/intergas-specialists	8	Intergas Specialists in Quinton	31	Intergas Specialists Pricing in Quinton	39	Indexable	
https://www.birminghamboilerrepairs.uk/quinton/boiler-repairs	8	Boiler Repairs in Quinton	25	Boiler Repairs Pricing in Quinton	33	Indexable	
https://www.birminghamboilerrepairs.uk/quinton/worcester-bosch-specialists	8	Worcester Bosch Specialists in Quinton	38	Worcester Bosch Specialists Pricing in Quinton	46	Indexable	
https://www.birminghamboilerrepairs.uk/quinton/boiler-servicing	8	Boiler Servicing in Quinton	27	Boiler Servicing Pricing in Quinton	35	Indexable	
https://www.birminghamboilerrepairs.uk/quinton/combination-boiler-repairs	8	Combination Boiler Repairs in Quinton	37	Combination Boiler Repairs Pricing in Quinton	45	Indexable	
https://www.birminghamboilerrepairs.uk/quinton/combination-boiler-services	8	Combination Boiler Services in Quinton	38	Combination Boiler Services Pricing in Quinton	46	Indexable	
https://www.birminghamboilerrepairs.uk/quinton/viessmann-specialists	8	Viessmann Specialists in Quinton	32	Viessmann Specialists Pricing in Quinton	40	Indexable	
https://www.birminghamboilerrepairs.uk/quinton/vaillant-specialists	8	Vaillant Specialists in Quinton	31	Vaillant Specialists Pricing in Quinton	39	Indexable	
https://www.birminghamboilerrepairs.uk/quinton/vokera-specialists	8	Vokera Specialists in Quinton	29	Vokera Specialists Pricing in Quinton	37	Indexable	
https://www.birminghamboilerrepairs.uk/stourbridge/gas-safety	8	Gas Safety Inspections in Stourbridge	37	Gas Safety Inspections Pricing in Stourbridge	45	Indexable	
https://www.birminghamboilerrepairs.uk/stourbridge/main-boiler-specialists	8	Main Specialists in Stourbridge	31	Main Specialists Pricing in Stourbridge	39	Indexable	
https://www.birminghamboilerrepairs.uk/stourbridge/alpha-boiler-specialists	8	Alpha Specialists in Stourbridge	32	Alpha Specialists Pricing in Stourbridge	40	Indexable	
https://www.birminghamboilerrepairs.uk/stourbridge/ferroli-specialists	8	Ferroli Specialists in Stourbridge	34	Ferroli Specialists Pricing in Stourbridge	42	Indexable	
https://www.birminghamboilerrepairs.uk/stourbridge/combination-boiler-repairs	8	Combination Boiler Repairs in Stourbridge	41	Combination Boiler Repairs Pricing in Stourbridge	49	Indexable	
https://www.birminghamboilerrepairs.uk/stourbridge/potterton-specialists	8	Potterton Specialists in Stourbridge	36	Potterton Specialists Pricing in Stourbridge	44	Indexable	
https://www.birminghamboilerrepairs.uk/stourbridge/glowworm-specialists	8	Glow-worm Specialists in Stourbridge	36	Glow-worm Specialists Pricing in Stourbridge	44	Indexable	
https://www.birminghamboilerrepairs.uk/stourbridge/heatline-specialists	8	Heatline Specialists in Stourbridge	35	Heatline Specialists Pricing in Stourbridge	43	Indexable	
https://www.birminghamboilerrepairs.uk/stourbridge/biasi-specialists	8	Biasi Specialists in Stourbridge	32	Biasi Specialists Pricing in Stourbridge	40	Indexable	
https://www.birminghamboilerrepairs.uk/stourbridge/boiler-repairs	8	Boiler Repairs in Stourbridge	29	Boiler Repairs Pricing in Stourbridge	37	Indexable	
https://www.birminghamboilerrepairs.uk/stourbridge/atag-specialists	8	Atag Specialists in Stourbridge	31	Atag Specialists Pricing in Stourbridge	39	Indexable	
https://www.birminghamboilerrepairs.uk/stourbridge/viessmann-specialists	8	Viessmann Specialists in Stourbridge	36	Viessmann Specialists Pricing in Stourbridge	44	Indexable	
https://www.birminghamboilerrepairs.uk/stourbridge/boiler-servicing	8	Boiler Servicing in Stourbridge	31	Boiler Servicing Pricing in Stourbridge	39	Indexable	
https://www.birminghamboilerrepairs.uk/stourbridge/ariston-specialists	8	Ariston Specialists in Stourbridge	34	Ariston Specialists Pricing in Stourbridge	42	Indexable	
https://www.birminghamboilerrepairs.uk/stourbridge/intergas-specialists	8	Intergas Specialists in Stourbridge	35	Intergas Specialists Pricing in Stourbridge	43	Indexable	
https://www.birminghamboilerrepairs.uk/stourbridge/combination-boiler-services	8	Combination Boiler Services in Stourbridge	42	Combination Boiler Services Pricing in Stourbridge	50	Indexable	
https://www.birminghamboilerrepairs.uk/stourbridge/worcester-bosch-specialists	8	Worcester Bosch Specialists in Stourbridge	42	Worcester Bosch Specialists Pricing in Stourbridge	50	Indexable	
https://www.birminghamboilerrepairs.uk/stourbridge/vaillant-specialists	8	Vaillant Specialists in Stourbridge	35	Vaillant Specialists Pricing in Stourbridge	43	Indexable	
https://www.birminghamboilerrepairs.uk/stourbridge/ideal-boilers-specialists	8	Ideal Boilers Specialists in Stourbridge	40	Ideal Boilers Specialists Pricing in Stourbridge	48	Indexable	
https://www.birminghamboilerrepairs.uk/stourbridge/vokera-specialists	8	Vokera Specialists in Stourbridge	33	Vokera Specialists Pricing in Stourbridge	41	Indexable	
https://www.birminghamboilerrepairs.uk/stourbridge/baxi-specialists	8	Baxi Specialists in Stourbridge	31	Baxi Specialists Pricing in Stourbridge	39	Indexable	
https://www.birminghamboilerrepairs.uk/the-parade/worcester-bosch-specialists	8	Worcester Bosch Specialists in The Parade	41	Worcester Bosch Specialists Pricing in The Parade	49	Indexable	
https://www.birminghamboilerrepairs.uk/the-parade/combination-boiler-repairs	8	Combination Boiler Repairs in The Parade	40	Combination Boiler Repairs Pricing in The Parade	48	Indexable	
https://www.birminghamboilerrepairs.uk/the-parade/boiler-servicing	8	Boiler Servicing in The Parade	30	Boiler Servicing Pricing in The Parade	38	Indexable	
https://www.birminghamboilerrepairs.uk/the-parade/baxi-specialists	8	Baxi Specialists in The Parade	30	Baxi Specialists Pricing in The Parade	38	Indexable	
https://www.birminghamboilerrepairs.uk/the-parade/combination-boiler-services	8	Combination Boiler Services in The Parade	41	Combination Boiler Services Pricing in The Parade	49	Indexable	
https://www.birminghamboilerrepairs.uk/the-parade/glowworm-specialists	8	Glow-worm Specialists in The Parade	35	Glow-worm Specialists Pricing in The Parade	43	Indexable	
https://www.birminghamboilerrepairs.uk/the-parade/ariston-specialists	8	Ariston Specialists in The Parade	33	Ariston Specialists Pricing in The Parade	41	Indexable	
https://www.birminghamboilerrepairs.uk/the-parade/intergas-specialists	8	Intergas Specialists in The Parade	34	Intergas Specialists Pricing in The Parade	42	Indexable	
https://www.birminghamboilerrepairs.uk/the-parade/potterton-specialists	8	Potterton Specialists in The Parade	35	Potterton Specialists Pricing in The Parade	43	Indexable	
https://www.birminghamboilerrepairs.uk/the-parade/vokera-specialists	8	Vokera Specialists in The Parade	32	Vokera Specialists Pricing in The Parade	40	Indexable	
https://www.birminghamboilerrepairs.uk/the-parade/biasi-specialists	8	Biasi Specialists in The Parade	31	Biasi Specialists Pricing in The Parade	39	Indexable	
https://www.birminghamboilerrepairs.uk/the-parade/ferroli-specialists	8	Ferroli Specialists in The Parade	33	Ferroli Specialists Pricing in The Parade	41	Indexable	
https://www.birminghamboilerrepairs.uk/the-parade/heatline-specialists	8	Heatline Specialists in The Parade	34	Heatline Specialists Pricing in The Parade	42	Indexable	
https://www.birminghamboilerrepairs.uk/the-parade/ideal-boilers-specialists	8	Ideal Boilers Specialists in The Parade	39	Ideal Boilers Specialists Pricing in The Parade	47	Indexable	
https://www.birminghamboilerrepairs.uk/the-parade/main-boiler-specialists	8	Main Specialists in The Parade	30	Main Specialists Pricing in The Parade	38	Indexable	
https://www.birminghamboilerrepairs.uk/the-parade/vaillant-specialists	8	Vaillant Specialists in The Parade	34	Vaillant Specialists Pricing in The Parade	42	Indexable	
https://www.birminghamboilerrepairs.uk/the-parade/gas-safety	8	Gas Safety Inspections in The Parade	36	Gas Safety Inspections Pricing in The Parade	44	Indexable	
https://www.birminghamboilerrepairs.uk/the-parade/alpha-boiler-specialists	8	Alpha Specialists in The Parade	31	Alpha Specialists Pricing in The Parade	39	Indexable	
https://www.birminghamboilerrepairs.uk/the-parade/boiler-repairs	8	Boiler Repairs in The Parade	28	Boiler Repairs Pricing in The Parade	36	Indexable	
https://www.birminghamboilerrepairs.uk/the-parade/viessmann-specialists	8	Viessmann Specialists in The Parade	35	Viessmann Specialists Pricing in The Parade	43	Indexable	
https://www.birminghamboilerrepairs.uk/the-parade/atag-specialists	8	Atag Specialists in The Parade	30	Atag Specialists Pricing in The Parade	38	Indexable	
https://www.birminghamboilerrepairs.uk/tile-cross/worcester-bosch-specialists	8	Worcester Bosch Specialists in Tile Cross	41	Worcester Bosch Specialists Pricing in Tile Cross	49	Indexable	
https://www.birminghamboilerrepairs.uk/tile-cross/baxi-specialists	8	Baxi Specialists in Tile Cross	30	Baxi Specialists Pricing in Tile Cross	38	Indexable	
https://www.birminghamboilerrepairs.uk/tile-cross/alpha-boiler-specialists	8	Alpha Specialists in Tile Cross	31	Alpha Specialists Pricing in Tile Cross	39	Indexable	
https://www.birminghamboilerrepairs.uk/tile-cross/ferroli-specialists	8	Ferroli Specialists in Tile Cross	33	Ferroli Specialists Pricing in Tile Cross	41	Indexable	
https://www.birminghamboilerrepairs.uk/tile-cross/intergas-specialists	8	Intergas Specialists in Tile Cross	34	Intergas Specialists Pricing in Tile Cross	42	Indexable	
https://www.birminghamboilerrepairs.uk/tile-cross/heatline-specialists	8	Heatline Specialists in Tile Cross	34	Heatline Specialists Pricing in Tile Cross	42	Indexable	
https://www.birminghamboilerrepairs.uk/tile-cross/combination-boiler-services	8	Combination Boiler Services in Tile Cross	41	Combination Boiler Services Pricing in Tile Cross	49	Indexable	
https://www.birminghamboilerrepairs.uk/tile-cross/ariston-specialists	8	Ariston Specialists in Tile Cross	33	Ariston Specialists Pricing in Tile Cross	41	Indexable	
https://www.birminghamboilerrepairs.uk/tile-cross/viessmann-specialists	8	Viessmann Specialists in Tile Cross	35	Viessmann Specialists Pricing in Tile Cross	43	Indexable	
https://www.birminghamboilerrepairs.uk/tile-cross/biasi-specialists	8	Biasi Specialists in Tile Cross	31	Biasi Specialists Pricing in Tile Cross	39	Indexable	
https://www.birminghamboilerrepairs.uk/tile-cross/combination-boiler-repairs	8	Combination Boiler Repairs in Tile Cross	40	Combination Boiler Repairs Pricing in Tile Cross	48	Indexable	
https://www.birminghamboilerrepairs.uk/tile-cross/boiler-servicing	8	Boiler Servicing in Tile Cross	30	Boiler Servicing Pricing in Tile Cross	38	Indexable	
https://www.birminghamboilerrepairs.uk/tile-cross/glowworm-specialists	8	Glow-worm Specialists in Tile Cross	35	Glow-worm Specialists Pricing in Tile Cross	43	Indexable	
https://www.birminghamboilerrepairs.uk/tile-cross/gas-safety	8	Gas Safety Inspections in Tile Cross	36	Gas Safety Inspections Pricing in Tile Cross	44	Indexable	
https://www.birminghamboilerrepairs.uk/tile-cross/boiler-repairs	8	Boiler Repairs in Tile Cross	28	Boiler Repairs Pricing in Tile Cross	36	Indexable	
https://www.birminghamboilerrepairs.uk/tile-cross/main-boiler-specialists	8	Main Specialists in Tile Cross	30	Main Specialists Pricing in Tile Cross	38	Indexable	
https://www.birminghamboilerrepairs.uk/tile-cross/potterton-specialists	8	Potterton Specialists in Tile Cross	35	Potterton Specialists Pricing in Tile Cross	43	Indexable	
https://www.birminghamboilerrepairs.uk/tile-cross/vaillant-specialists	8	Vaillant Specialists in Tile Cross	34	Vaillant Specialists Pricing in Tile Cross	42	Indexable	
https://www.birminghamboilerrepairs.uk/tile-cross/ideal-boilers-specialists	8	Ideal Boilers Specialists in Tile Cross	39	Ideal Boilers Specialists Pricing in Tile Cross	47	Indexable	
https://www.birminghamboilerrepairs.uk/smithfield/gas-safety	8	Gas Safety Inspections in Smithfield	36	Gas Safety Inspections Pricing in Smithfield	44	Indexable	
https://www.birminghamboilerrepairs.uk/smithfield/main-boiler-specialists	8	Main Specialists in Smithfield	30	Main Specialists Pricing in Smithfield	38	Indexable	
https://www.birminghamboilerrepairs.uk/tile-cross/atag-specialists	8	Atag Specialists in Tile Cross	30	Atag Specialists Pricing in Tile Cross	38	Indexable	
https://www.birminghamboilerrepairs.uk/tile-cross/vokera-specialists	8	Vokera Specialists in Tile Cross	32	Vokera Specialists Pricing in Tile Cross	40	Indexable	
https://www.birminghamboilerrepairs.uk/smithfield/atag-specialists	8	Atag Specialists in Smithfield	30	Atag Specialists Pricing in Smithfield	38	Indexable	
https://www.birminghamboilerrepairs.uk/smithfield/baxi-specialists	8	Baxi Specialists in Smithfield	30	Baxi Specialists Pricing in Smithfield	38	Indexable	
https://www.birminghamboilerrepairs.uk/smithfield/biasi-specialists	8	Biasi Specialists in Smithfield	31	Biasi Specialists Pricing in Smithfield	39	Indexable	
https://www.birminghamboilerrepairs.uk/smithfield/viessmann-specialists	8	Viessmann Specialists in Smithfield	35	Viessmann Specialists Pricing in Smithfield	43	Indexable	
https://www.birminghamboilerrepairs.uk/smithfield/vokera-specialists	8	Vokera Specialists in Smithfield	32	Vokera Specialists Pricing in Smithfield	40	Indexable	
https://www.birminghamboilerrepairs.uk/smithfield/potterton-specialists	8	Potterton Specialists in Smithfield	35	Potterton Specialists Pricing in Smithfield	43	Indexable	
https://www.birminghamboilerrepairs.uk/smithfield/worcester-bosch-specialists	8	Worcester Bosch Specialists in Smithfield	41	Worcester Bosch Specialists Pricing in Smithfield	49	Indexable	
https://www.birminghamboilerrepairs.uk/smithfield/combination-boiler-services	8	Combination Boiler Services in Smithfield	41	Combination Boiler Services Pricing in Smithfield	49	Indexable	
https://www.birminghamboilerrepairs.uk/smithfield/ferroli-specialists	8	Ferroli Specialists in Smithfield	33	Ferroli Specialists Pricing in Smithfield	41	Indexable	
https://www.birminghamboilerrepairs.uk/smithfield/vaillant-specialists	8	Vaillant Specialists in Smithfield	34	Vaillant Specialists Pricing in Smithfield	42	Indexable	
https://www.birminghamboilerrepairs.uk/smithfield/glowworm-specialists	8	Glow-worm Specialists in Smithfield	35	Glow-worm Specialists Pricing in Smithfield	43	Indexable	
https://www.birminghamboilerrepairs.uk/smithfield/boiler-servicing	8	Boiler Servicing in Smithfield	30	Boiler Servicing Pricing in Smithfield	38	Indexable	
https://www.birminghamboilerrepairs.uk/smithfield/intergas-specialists	8	Intergas Specialists in Smithfield	34	Intergas Specialists Pricing in Smithfield	42	Indexable	
https://www.birminghamboilerrepairs.uk/smithfield/alpha-boiler-specialists	8	Alpha Specialists in Smithfield	31	Alpha Specialists Pricing in Smithfield	39	Indexable	
https://www.birminghamboilerrepairs.uk/smithfield/ideal-boilers-specialists	8	Ideal Boilers Specialists in Smithfield	39	Ideal Boilers Specialists Pricing in Smithfield	47	Indexable	
https://www.birminghamboilerrepairs.uk/smithfield/boiler-repairs	8	Boiler Repairs in Smithfield	28	Boiler Repairs Pricing in Smithfield	36	Indexable	
https://www.birminghamboilerrepairs.uk/smithfield/ariston-specialists	8	Ariston Specialists in Smithfield	33	Ariston Specialists Pricing in Smithfield	41	Indexable	
https://www.birminghamboilerrepairs.uk/smithfield/combination-boiler-repairs	8	Combination Boiler Repairs in Smithfield	40	Combination Boiler Repairs Pricing in Smithfield	48	Indexable	
https://www.birminghamboilerrepairs.uk/smithfield/heatline-specialists	8	Heatline Specialists in Smithfield	34	Heatline Specialists Pricing in Smithfield	42	Indexable	
https://www.birminghamboilerrepairs.uk/redditch/vaillant-specialists	8	Vaillant Specialists in Redditch	32	Vaillant Specialists Pricing in Redditch	40	Indexable	
https://www.birminghamboilerrepairs.uk/redditch/alpha-boiler-specialists	8	Alpha Specialists in Redditch	29	Alpha Specialists Pricing in Redditch	37	Indexable	
https://www.birminghamboilerrepairs.uk/redditch/intergas-specialists	8	Intergas Specialists in Redditch	32	Intergas Specialists Pricing in Redditch	40	Indexable	
https://www.birminghamboilerrepairs.uk/redditch/boiler-repairs	8	Boiler Repairs in Redditch	26	Boiler Repairs Pricing in Redditch	34	Indexable	
https://www.birminghamboilerrepairs.uk/redditch/boiler-servicing	8	Boiler Servicing in Redditch	28	Boiler Servicing Pricing in Redditch	36	Indexable	
https://www.birminghamboilerrepairs.uk/redditch/combination-boiler-repairs	8	Combination Boiler Repairs in Redditch	38	Combination Boiler Repairs Pricing in Redditch	46	Indexable	
https://www.birminghamboilerrepairs.uk/redditch/viessmann-specialists	8	Viessmann Specialists in Redditch	33	Viessmann Specialists Pricing in Redditch	41	Indexable	
https://www.birminghamboilerrepairs.uk/redditch/vokera-specialists	8	Vokera Specialists in Redditch	30	Vokera Specialists Pricing in Redditch	38	Indexable	
https://www.birminghamboilerrepairs.uk/redditch/glowworm-specialists	8	Glow-worm Specialists in Redditch	33	Glow-worm Specialists Pricing in Redditch	41	Indexable	
https://www.birminghamboilerrepairs.uk/redditch/worcester-bosch-specialists	8	Worcester Bosch Specialists in Redditch	39	Worcester Bosch Specialists Pricing in Redditch	47	Indexable	
https://www.birminghamboilerrepairs.uk/redditch/ariston-specialists	8	Ariston Specialists in Redditch	31	Ariston Specialists Pricing in Redditch	39	Indexable	
https://www.birminghamboilerrepairs.uk/redditch/atag-specialists	8	Atag Specialists in Redditch	28	Atag Specialists Pricing in Redditch	36	Indexable	
https://www.birminghamboilerrepairs.uk/redditch/gas-safety	8	Gas Safety Inspections in Redditch	34	Gas Safety Inspections Pricing in Redditch	42	Indexable	
https://www.birminghamboilerrepairs.uk/redditch/potterton-specialists	8	Potterton Specialists in Redditch	33	Potterton Specialists Pricing in Redditch	41	Indexable	
https://www.birminghamboilerrepairs.uk/redditch/ideal-boilers-specialists	8	Ideal Boilers Specialists in Redditch	37	Ideal Boilers Specialists Pricing in Redditch	45	Indexable	
https://www.birminghamboilerrepairs.uk/redditch/combination-boiler-services	8	Combination Boiler Services in Redditch	39	Combination Boiler Services Pricing in Redditch	47	Indexable	
https://www.birminghamboilerrepairs.uk/redditch/baxi-specialists	8	Baxi Specialists in Redditch	28	Baxi Specialists Pricing in Redditch	36	Indexable	
https://www.birminghamboilerrepairs.uk/redditch/heatline-specialists	8	Heatline Specialists in Redditch	32	Heatline Specialists Pricing in Redditch	40	Indexable	
https://www.birminghamboilerrepairs.uk/redditch/main-boiler-specialists	8	Main Specialists in Redditch	28	Main Specialists Pricing in Redditch	36	Indexable	
https://www.birminghamboilerrepairs.uk/redditch/ferroli-specialists	8	Ferroli Specialists in Redditch	31	Ferroli Specialists Pricing in Redditch	39	Indexable	
https://www.birminghamboilerrepairs.uk/redditch/biasi-specialists	8	Biasi Specialists in Redditch	29	Biasi Specialists Pricing in Redditch	37	Indexable	
https://www.birminghamboilerrepairs.uk/hill-wood/viessmann-specialists	8	Viessmann Specialists in Hill Wood	34	Viessmann Specialists Pricing in Hill Wood	42	Indexable	
https://www.birminghamboilerrepairs.uk/hill-wood/ariston-specialists	8	Ariston Specialists in Hill Wood	32	Ariston Specialists Pricing in Hill Wood	40	Indexable	
https://www.birminghamboilerrepairs.uk/hill-wood/main-boiler-specialists	8	Main Specialists in Hill Wood	29	Main Specialists Pricing in Hill Wood	37	Indexable	
https://www.birminghamboilerrepairs.uk/hill-wood/combination-boiler-services	8	Combination Boiler Services in Hill Wood	40	Combination Boiler Services Pricing in Hill Wood	48	Indexable	
https://www.birminghamboilerrepairs.uk/hill-wood/baxi-specialists	8	Baxi Specialists in Hill Wood	29	Baxi Specialists Pricing in Hill Wood	37	Indexable	
https://www.birminghamboilerrepairs.uk/hill-wood/vokera-specialists	8	Vokera Specialists in Hill Wood	31	Vokera Specialists Pricing in Hill Wood	39	Indexable	
https://www.birminghamboilerrepairs.uk/hill-wood/ideal-boilers-specialists	8	Ideal Boilers Specialists in Hill Wood	38	Ideal Boilers Specialists Pricing in Hill Wood	46	Indexable	
https://www.birminghamboilerrepairs.uk/hill-wood/vaillant-specialists	8	Vaillant Specialists in Hill Wood	33	Vaillant Specialists Pricing in Hill Wood	41	Indexable	
https://www.birminghamboilerrepairs.uk/hill-wood/atag-specialists	8	Atag Specialists in Hill Wood	29	Atag Specialists Pricing in Hill Wood	37	Indexable	
https://www.birminghamboilerrepairs.uk/hill-wood/ferroli-specialists	8	Ferroli Specialists in Hill Wood	32	Ferroli Specialists Pricing in Hill Wood	40	Indexable	
https://www.birminghamboilerrepairs.uk/hill-wood/boiler-servicing	8	Boiler Servicing in Hill Wood	29	Boiler Servicing Pricing in Hill Wood	37	Indexable	
https://www.birminghamboilerrepairs.uk/hill-wood/potterton-specialists	8	Potterton Specialists in Hill Wood	34	Potterton Specialists Pricing in Hill Wood	42	Indexable	
https://www.birminghamboilerrepairs.uk/hill-wood/combination-boiler-repairs	8	Combination Boiler Repairs in Hill Wood	39	Combination Boiler Repairs Pricing in Hill Wood	47	Indexable	
https://www.birminghamboilerrepairs.uk/hill-wood/alpha-boiler-specialists	8	Alpha Specialists in Hill Wood	30	Alpha Specialists Pricing in Hill Wood	38	Indexable	
https://www.birminghamboilerrepairs.uk/hill-wood/glowworm-specialists	8	Glow-worm Specialists in Hill Wood	34	Glow-worm Specialists Pricing in Hill Wood	42	Indexable	
https://www.birminghamboilerrepairs.uk/hill-wood/biasi-specialists	8	Biasi Specialists in Hill Wood	30	Biasi Specialists Pricing in Hill Wood	38	Indexable	
https://www.birminghamboilerrepairs.uk/hill-wood/worcester-bosch-specialists	8	Worcester Bosch Specialists in Hill Wood	40	Worcester Bosch Specialists Pricing in Hill Wood	48	Indexable	
https://www.birminghamboilerrepairs.uk/hill-wood/heatline-specialists	8	Heatline Specialists in Hill Wood	33	Heatline Specialists Pricing in Hill Wood	41	Indexable	
https://www.birminghamboilerrepairs.uk/hill-wood/boiler-repairs	8	Boiler Repairs in Hill Wood	27	Boiler Repairs Pricing in Hill Wood	35	Indexable	
https://www.birminghamboilerrepairs.uk/hill-wood/intergas-specialists	8	Intergas Specialists in Hill Wood	33	Intergas Specialists Pricing in Hill Wood	41	Indexable	
https://www.birminghamboilerrepairs.uk/hill-wood/gas-safety	8	Gas Safety Inspections in Hill Wood	35	Gas Safety Inspections Pricing in Hill Wood	43	Indexable	
https://www.birminghamboilerrepairs.uk/gun-quarter/ideal-boilers-specialists	8	Ideal Boilers Specialists in Gun Quarter	40	Ideal Boilers Specialists Pricing in Gun Quarter	48	Indexable	
https://www.birminghamboilerrepairs.uk/gun-quarter/atag-specialists	8	Atag Specialists in Gun Quarter	31	Atag Specialists Pricing in Gun Quarter	39	Indexable	
https://www.birminghamboilerrepairs.uk/gun-quarter/vokera-specialists	8	Vokera Specialists in Gun Quarter	33	Vokera Specialists Pricing in Gun Quarter	41	Indexable	
https://www.birminghamboilerrepairs.uk/gun-quarter/intergas-specialists	8	Intergas Specialists in Gun Quarter	35	Intergas Specialists Pricing in Gun Quarter	43	Indexable	
https://www.birminghamboilerrepairs.uk/gun-quarter/ferroli-specialists	8	Ferroli Specialists in Gun Quarter	34	Ferroli Specialists Pricing in Gun Quarter	42	Indexable	
https://www.birminghamboilerrepairs.uk/gun-quarter/glowworm-specialists	8	Glow-worm Specialists in Gun Quarter	36	Glow-worm Specialists Pricing in Gun Quarter	44	Indexable	
https://www.birminghamboilerrepairs.uk/gun-quarter/boiler-servicing	8	Boiler Servicing in Gun Quarter	31	Boiler Servicing Pricing in Gun Quarter	39	Indexable	
https://www.birminghamboilerrepairs.uk/gun-quarter/ariston-specialists	8	Ariston Specialists in Gun Quarter	34	Ariston Specialists Pricing in Gun Quarter	42	Indexable	
https://www.birminghamboilerrepairs.uk/gun-quarter/boiler-repairs	8	Boiler Repairs in Gun Quarter	29	Boiler Repairs Pricing in Gun Quarter	37	Indexable	
https://www.birminghamboilerrepairs.uk/gun-quarter/alpha-boiler-specialists	8	Alpha Specialists in Gun Quarter	32	Alpha Specialists Pricing in Gun Quarter	40	Indexable	
https://www.birminghamboilerrepairs.uk/gun-quarter/vaillant-specialists	8	Vaillant Specialists in Gun Quarter	35	Vaillant Specialists Pricing in Gun Quarter	43	Indexable	
https://www.birminghamboilerrepairs.uk/gun-quarter/potterton-specialists	8	Potterton Specialists in Gun Quarter	36	Potterton Specialists Pricing in Gun Quarter	44	Indexable	
https://www.birminghamboilerrepairs.uk/gun-quarter/baxi-specialists	8	Baxi Specialists in Gun Quarter	31	Baxi Specialists Pricing in Gun Quarter	39	Indexable	
https://www.birminghamboilerrepairs.uk/gun-quarter/viessmann-specialists	8	Viessmann Specialists in Gun Quarter	36	Viessmann Specialists Pricing in Gun Quarter	44	Indexable	
https://www.birminghamboilerrepairs.uk/gun-quarter/combination-boiler-repairs	8	Combination Boiler Repairs in Gun Quarter	41	Combination Boiler Repairs Pricing in Gun Quarter	49	Indexable	
https://www.birminghamboilerrepairs.uk/gun-quarter/heatline-specialists	8	Heatline Specialists in Gun Quarter	35	Heatline Specialists Pricing in Gun Quarter	43	Indexable	
https://www.birminghamboilerrepairs.uk/gun-quarter/biasi-specialists	8	Biasi Specialists in Gun Quarter	32	Biasi Specialists Pricing in Gun Quarter	40	Indexable	
https://www.birminghamboilerrepairs.uk/gun-quarter/combination-boiler-services	8	Combination Boiler Services in Gun Quarter	42	Combination Boiler Services Pricing in Gun Quarter	50	Indexable	
https://www.birminghamboilerrepairs.uk/gun-quarter/gas-safety	8	Gas Safety Inspections in Gun Quarter	37	Gas Safety Inspections Pricing in Gun Quarter	45	Indexable	
https://www.birminghamboilerrepairs.uk/gun-quarter/worcester-bosch-specialists	8	Worcester Bosch Specialists in Gun Quarter	42	Worcester Bosch Specialists Pricing in Gun Quarter	50	Indexable	
https://www.birminghamboilerrepairs.uk/gun-quarter/main-boiler-specialists	8	Main Specialists in Gun Quarter	31	Main Specialists Pricing in Gun Quarter	39	Indexable	
https://www.birminghamboilerrepairs.uk/perry-barr/alpha-boiler-specialists	8	Alpha Specialists in Perry Barr	31	Alpha Specialists Pricing in Perry Barr	39	Indexable	
https://www.birminghamboilerrepairs.uk/perry-barr/ideal-boilers-specialists	8	Ideal Boilers Specialists in Perry Barr	39	Ideal Boilers Specialists Pricing in Perry Barr	47	Indexable	
https://www.birminghamboilerrepairs.uk/perry-barr/boiler-servicing	8	Boiler Servicing in Perry Barr	30	Boiler Servicing Pricing in Perry Barr	38	Indexable	
https://www.birminghamboilerrepairs.uk/perry-barr/potterton-specialists	8	Potterton Specialists in Perry Barr	35	Potterton Specialists Pricing in Perry Barr	43	Indexable	
https://www.birminghamboilerrepairs.uk/perry-barr/main-boiler-specialists	8	Main Specialists in Perry Barr	30	Main Specialists Pricing in Perry Barr	38	Indexable	
https://www.birminghamboilerrepairs.uk/perry-barr/ariston-specialists	8	Ariston Specialists in Perry Barr	33	Ariston Specialists Pricing in Perry Barr	41	Indexable	
https://www.birminghamboilerrepairs.uk/perry-barr/biasi-specialists	8	Biasi Specialists in Perry Barr	31	Biasi Specialists Pricing in Perry Barr	39	Indexable	
https://www.birminghamboilerrepairs.uk/perry-barr/boiler-repairs	8	Boiler Repairs in Perry Barr	28	Boiler Repairs Pricing in Perry Barr	36	Indexable	
https://www.birminghamboilerrepairs.uk/perry-barr/glowworm-specialists	8	Glow-worm Specialists in Perry Barr	35	Glow-worm Specialists Pricing in Perry Barr	43	Indexable	
https://www.birminghamboilerrepairs.uk/perry-barr/combination-boiler-repairs	8	Combination Boiler Repairs in Perry Barr	40	Combination Boiler Repairs Pricing in Perry Barr	48	Indexable	
https://www.birminghamboilerrepairs.uk/perry-barr/intergas-specialists	8	Intergas Specialists in Perry Barr	34	Intergas Specialists Pricing in Perry Barr	42	Indexable	
https://www.birminghamboilerrepairs.uk/perry-barr/ferroli-specialists	8	Ferroli Specialists in Perry Barr	33	Ferroli Specialists Pricing in Perry Barr	41	Indexable	
https://www.birminghamboilerrepairs.uk/perry-barr/baxi-specialists	8	Baxi Specialists in Perry Barr	30	Baxi Specialists Pricing in Perry Barr	38	Indexable	
https://www.birminghamboilerrepairs.uk/perry-barr/heatline-specialists	8	Heatline Specialists in Perry Barr	34	Heatline Specialists Pricing in Perry Barr	42	Indexable	
https://www.birminghamboilerrepairs.uk/perry-barr/vaillant-specialists	8	Vaillant Specialists in Perry Barr	34	Vaillant Specialists Pricing in Perry Barr	42	Indexable	
https://www.birminghamboilerrepairs.uk/perry-barr/gas-safety	8	Gas Safety Inspections in Perry Barr	36	Gas Safety Inspections Pricing in Perry Barr	44	Indexable	
https://www.birminghamboilerrepairs.uk/perry-barr/viessmann-specialists	8	Viessmann Specialists in Perry Barr	35	Viessmann Specialists Pricing in Perry Barr	43	Indexable	
https://www.birminghamboilerrepairs.uk/perry-barr/worcester-bosch-specialists	8	Worcester Bosch Specialists in Perry Barr	41	Worcester Bosch Specialists Pricing in Perry Barr	49	Indexable	
https://www.birminghamboilerrepairs.uk/perry-barr/atag-specialists	8	Atag Specialists in Perry Barr	30	Atag Specialists Pricing in Perry Barr	38	Indexable	
https://www.birminghamboilerrepairs.uk/perry-barr/combination-boiler-services	8	Combination Boiler Services in Perry Barr	41	Combination Boiler Services Pricing in Perry Barr	49	Indexable	
https://www.birminghamboilerrepairs.uk/perry-barr/vokera-specialists	8	Vokera Specialists in Perry Barr	32	Vokera Specialists Pricing in Perry Barr	40	Indexable	
https://www.birminghamboilerrepairs.uk/selly-park/combination-boiler-repairs	8	Combination Boiler Repairs in Selly Park	40	Combination Boiler Repairs Pricing in Selly Park	48	Indexable	
https://www.birminghamboilerrepairs.uk/selly-park/baxi-specialists	8	Baxi Specialists in Selly Park	30	Baxi Specialists Pricing in Selly Park	38	Indexable	
https://www.birminghamboilerrepairs.uk/selly-park/main-boiler-specialists	8	Main Specialists in Selly Park	30	Main Specialists Pricing in Selly Park	38	Indexable	
https://www.birminghamboilerrepairs.uk/selly-park/gas-safety	8	Gas Safety Inspections in Selly Park	36	Gas Safety Inspections Pricing in Selly Park	44	Indexable	
https://www.birminghamboilerrepairs.uk/selly-park/glowworm-specialists	8	Glow-worm Specialists in Selly Park	35	Glow-worm Specialists Pricing in Selly Park	43	Indexable	
https://www.birminghamboilerrepairs.uk/selly-park/vaillant-specialists	8	Vaillant Specialists in Selly Park	34	Vaillant Specialists Pricing in Selly Park	42	Indexable	
https://www.birminghamboilerrepairs.uk/selly-park/vokera-specialists	8	Vokera Specialists in Selly Park	32	Vokera Specialists Pricing in Selly Park	40	Indexable	
https://www.birminghamboilerrepairs.uk/selly-park/ariston-specialists	8	Ariston Specialists in Selly Park	33	Ariston Specialists Pricing in Selly Park	41	Indexable	
https://www.birminghamboilerrepairs.uk/selly-park/boiler-servicing	8	Boiler Servicing in Selly Park	30	Boiler Servicing Pricing in Selly Park	38	Indexable	
https://www.birminghamboilerrepairs.uk/selly-park/worcester-bosch-specialists	8	Worcester Bosch Specialists in Selly Park	41	Worcester Bosch Specialists Pricing in Selly Park	49	Indexable	
https://www.birminghamboilerrepairs.uk/selly-park/potterton-specialists	8	Potterton Specialists in Selly Park	35	Potterton Specialists Pricing in Selly Park	43	Indexable	
https://www.birminghamboilerrepairs.uk/selly-park/alpha-boiler-specialists	8	Alpha Specialists in Selly Park	31	Alpha Specialists Pricing in Selly Park	39	Indexable	
https://www.birminghamboilerrepairs.uk/selly-park/viessmann-specialists	8	Viessmann Specialists in Selly Park	35	Viessmann Specialists Pricing in Selly Park	43	Indexable	
https://www.birminghamboilerrepairs.uk/selly-park/intergas-specialists	8	Intergas Specialists in Selly Park	34	Intergas Specialists Pricing in Selly Park	42	Indexable	
https://www.birminghamboilerrepairs.uk/selly-park/biasi-specialists	8	Biasi Specialists in Selly Park	31	Biasi Specialists Pricing in Selly Park	39	Indexable	
https://www.birminghamboilerrepairs.uk/selly-park/boiler-repairs	8	Boiler Repairs in Selly Park	28	Boiler Repairs Pricing in Selly Park	36	Indexable	
https://www.birminghamboilerrepairs.uk/selly-park/ferroli-specialists	8	Ferroli Specialists in Selly Park	33	Ferroli Specialists Pricing in Selly Park	41	Indexable	
https://www.birminghamboilerrepairs.uk/selly-park/heatline-specialists	8	Heatline Specialists in Selly Park	34	Heatline Specialists Pricing in Selly Park	42	Indexable	
https://www.birminghamboilerrepairs.uk/selly-park/combination-boiler-services	8	Combination Boiler Services in Selly Park	41	Combination Boiler Services Pricing in Selly Park	49	Indexable	
https://www.birminghamboilerrepairs.uk/selly-park/ideal-boilers-specialists	8	Ideal Boilers Specialists in Selly Park	39	Ideal Boilers Specialists Pricing in Selly Park	47	Indexable	
https://www.birminghamboilerrepairs.uk/selly-park/atag-specialists	8	Atag Specialists in Selly Park	30	Atag Specialists Pricing in Selly Park	38	Indexable	
https://www.birminghamboilerrepairs.uk/halesowen/gas-safety	8	Gas Safety Inspections in Halesowen	35	Gas Safety Inspections Pricing in Halesowen	43	Indexable	
https://www.birminghamboilerrepairs.uk/halesowen/ideal-boilers-specialists	8	Ideal Boilers Specialists in Halesowen	38	Ideal Boilers Specialists Pricing in Halesowen	46	Indexable	
https://www.birminghamboilerrepairs.uk/halesowen/alpha-boiler-specialists	8	Alpha Specialists in Halesowen	30	Alpha Specialists Pricing in Halesowen	38	Indexable	
https://www.birminghamboilerrepairs.uk/halesowen/worcester-bosch-specialists	8	Worcester Bosch Specialists in Halesowen	40	Worcester Bosch Specialists Pricing in Halesowen	48	Indexable	
https://www.birminghamboilerrepairs.uk/halesowen/vokera-specialists	8	Vokera Specialists in Halesowen	31	Vokera Specialists Pricing in Halesowen	39	Indexable	
https://www.birminghamboilerrepairs.uk/halesowen/ariston-specialists	8	Ariston Specialists in Halesowen	32	Ariston Specialists Pricing in Halesowen	40	Indexable	
https://www.birminghamboilerrepairs.uk/halesowen/biasi-specialists	8	Biasi Specialists in Halesowen	30	Biasi Specialists Pricing in Halesowen	38	Indexable	
https://www.birminghamboilerrepairs.uk/halesowen/combination-boiler-services	8	Combination Boiler Services in Halesowen	40	Combination Boiler Services Pricing in Halesowen	48	Indexable	
https://www.birminghamboilerrepairs.uk/halesowen/combination-boiler-repairs	8	Combination Boiler Repairs in Halesowen	39	Combination Boiler Repairs Pricing in Halesowen	47	Indexable	
https://www.birminghamboilerrepairs.uk/halesowen/intergas-specialists	8	Intergas Specialists in Halesowen	33	Intergas Specialists Pricing in Halesowen	41	Indexable	
https://www.birminghamboilerrepairs.uk/halesowen/baxi-specialists	8	Baxi Specialists in Halesowen	29	Baxi Specialists Pricing in Halesowen	37	Indexable	
https://www.birminghamboilerrepairs.uk/halesowen/glowworm-specialists	8	Glow-worm Specialists in Halesowen	34	Glow-worm Specialists Pricing in Halesowen	42	Indexable	
https://www.birminghamboilerrepairs.uk/halesowen/potterton-specialists	8	Potterton Specialists in Halesowen	34	Potterton Specialists Pricing in Halesowen	42	Indexable	
https://www.birminghamboilerrepairs.uk/halesowen/boiler-repairs	8	Boiler Repairs in Halesowen	27	Boiler Repairs Pricing in Halesowen	35	Indexable	
https://www.birminghamboilerrepairs.uk/halesowen/viessmann-specialists	8	Viessmann Specialists in Halesowen	34	Viessmann Specialists Pricing in Halesowen	42	Indexable	
https://www.birminghamboilerrepairs.uk/halesowen/boiler-servicing	8	Boiler Servicing in Halesowen	29	Boiler Servicing Pricing in Halesowen	37	Indexable	
https://www.birminghamboilerrepairs.uk/halesowen/heatline-specialists	8	Heatline Specialists in Halesowen	33	Heatline Specialists Pricing in Halesowen	41	Indexable	
https://www.birminghamboilerrepairs.uk/halesowen/main-boiler-specialists	8	Main Specialists in Halesowen	29	Main Specialists Pricing in Halesowen	37	Indexable	
https://www.birminghamboilerrepairs.uk/halesowen/ferroli-specialists	8	Ferroli Specialists in Halesowen	32	Ferroli Specialists Pricing in Halesowen	40	Indexable	
https://www.birminghamboilerrepairs.uk/halesowen/vaillant-specialists	8	Vaillant Specialists in Halesowen	33	Vaillant Specialists Pricing in Halesowen	41	Indexable	
https://www.birminghamboilerrepairs.uk/halesowen/atag-specialists	8	Atag Specialists in Halesowen	29	Atag Specialists Pricing in Halesowen	37	Indexable	
https://www.birminghamboilerrepairs.uk/thimble-end/combination-boiler-services	8	Combination Boiler Services in Thimble End	42	Combination Boiler Services Pricing in Thimble End	50	Indexable	
https://www.birminghamboilerrepairs.uk/thimble-end/vaillant-specialists	8	Vaillant Specialists in Thimble End	35	Vaillant Specialists Pricing in Thimble End	43	Indexable	
https://www.birminghamboilerrepairs.uk/thimble-end/glowworm-specialists	8	Glow-worm Specialists in Thimble End	36	Glow-worm Specialists Pricing in Thimble End	44	Indexable	
https://www.birminghamboilerrepairs.uk/thimble-end/alpha-boiler-specialists	8	Alpha Specialists in Thimble End	32	Alpha Specialists Pricing in Thimble End	40	Indexable	
https://www.birminghamboilerrepairs.uk/thimble-end/intergas-specialists	8	Intergas Specialists in Thimble End	35	Intergas Specialists Pricing in Thimble End	43	Indexable	
https://www.birminghamboilerrepairs.uk/thimble-end/heatline-specialists	8	Heatline Specialists in Thimble End	35	Heatline Specialists Pricing in Thimble End	43	Indexable	
https://www.birminghamboilerrepairs.uk/thimble-end/baxi-specialists	8	Baxi Specialists in Thimble End	31	Baxi Specialists Pricing in Thimble End	39	Indexable	
https://www.birminghamboilerrepairs.uk/thimble-end/ariston-specialists	8	Ariston Specialists in Thimble End	34	Ariston Specialists Pricing in Thimble End	42	Indexable	
https://www.birminghamboilerrepairs.uk/thimble-end/potterton-specialists	8	Potterton Specialists in Thimble End	36	Potterton Specialists Pricing in Thimble End	44	Indexable	
https://www.birminghamboilerrepairs.uk/thimble-end/worcester-bosch-specialists	8	Worcester Bosch Specialists in Thimble End	42	Worcester Bosch Specialists Pricing in Thimble End	50	Indexable	
https://www.birminghamboilerrepairs.uk/thimble-end/ideal-boilers-specialists	8	Ideal Boilers Specialists in Thimble End	40	Ideal Boilers Specialists Pricing in Thimble End	48	Indexable	
https://www.birminghamboilerrepairs.uk/thimble-end/vokera-specialists	8	Vokera Specialists in Thimble End	33	Vokera Specialists Pricing in Thimble End	41	Indexable	
https://www.birminghamboilerrepairs.uk/thimble-end/boiler-repairs	8	Boiler Repairs in Thimble End	29	Boiler Repairs Pricing in Thimble End	37	Indexable	
https://www.birminghamboilerrepairs.uk/thimble-end/combination-boiler-repairs	8	Combination Boiler Repairs in Thimble End	41	Combination Boiler Repairs Pricing in Thimble End	49	Indexable	
https://www.birminghamboilerrepairs.uk/thimble-end/atag-specialists	8	Atag Specialists in Thimble End	31	Atag Specialists Pricing in Thimble End	39	Indexable	
https://www.birminghamboilerrepairs.uk/thimble-end/viessmann-specialists	8	Viessmann Specialists in Thimble End	36	Viessmann Specialists Pricing in Thimble End	44	Indexable	
https://www.birminghamboilerrepairs.uk/thimble-end/biasi-specialists	8	Biasi Specialists in Thimble End	32	Biasi Specialists Pricing in Thimble End	40	Indexable	
https://www.birminghamboilerrepairs.uk/thimble-end/ferroli-specialists	8	Ferroli Specialists in Thimble End	34	Ferroli Specialists Pricing in Thimble End	42	Indexable	
https://www.birminghamboilerrepairs.uk/thimble-end/boiler-servicing	8	Boiler Servicing in Thimble End	31	Boiler Servicing Pricing in Thimble End	39	Indexable	
https://www.birminghamboilerrepairs.uk/thimble-end/gas-safety	8	Gas Safety Inspections in Thimble End	37	Gas Safety Inspections Pricing in Thimble End	45	Indexable	
https://www.birminghamboilerrepairs.uk/thimble-end/main-boiler-specialists	8	Main Specialists in Thimble End	31	Main Specialists Pricing in Thimble End	39	Indexable	
https://www.birminghamboilerrepairs.uk/frankley/worcester-bosch-specialists	8	Worcester Bosch Specialists in Frankley	39	Worcester Bosch Specialists Pricing in Frankley	47	Indexable	
https://www.birminghamboilerrepairs.uk/frankley/vokera-specialists	8	Vokera Specialists in Frankley	30	Vokera Specialists Pricing in Frankley	38	Indexable	
https://www.birminghamboilerrepairs.uk/frankley/ferroli-specialists	8	Ferroli Specialists in Frankley	31	Ferroli Specialists Pricing in Frankley	39	Indexable	
https://www.birminghamboilerrepairs.uk/frankley/baxi-specialists	8	Baxi Specialists in Frankley	28	Baxi Specialists Pricing in Frankley	36	Indexable	
https://www.birminghamboilerrepairs.uk/frankley/viessmann-specialists	8	Viessmann Specialists in Frankley	33	Viessmann Specialists Pricing in Frankley	41	Indexable	
https://www.birminghamboilerrepairs.uk/frankley/gas-safety	8	Gas Safety Inspections in Frankley	34	Gas Safety Inspections Pricing in Frankley	42	Indexable	
https://www.birminghamboilerrepairs.uk/frankley/combination-boiler-services	8	Combination Boiler Services in Frankley	39	Combination Boiler Services Pricing in Frankley	47	Indexable	
https://www.birminghamboilerrepairs.uk/frankley/biasi-specialists	8	Biasi Specialists in Frankley	29	Biasi Specialists Pricing in Frankley	37	Indexable	
https://www.birminghamboilerrepairs.uk/frankley/main-boiler-specialists	8	Main Specialists in Frankley	28	Main Specialists Pricing in Frankley	36	Indexable	
https://www.birminghamboilerrepairs.uk/frankley/vaillant-specialists	8	Vaillant Specialists in Frankley	32	Vaillant Specialists Pricing in Frankley	40	Indexable	
https://www.birminghamboilerrepairs.uk/frankley/alpha-boiler-specialists	8	Alpha Specialists in Frankley	29	Alpha Specialists Pricing in Frankley	37	Indexable	
https://www.birminghamboilerrepairs.uk/frankley/heatline-specialists	8	Heatline Specialists in Frankley	32	Heatline Specialists Pricing in Frankley	40	Indexable	
https://www.birminghamboilerrepairs.uk/frankley/boiler-repairs	8	Boiler Repairs in Frankley	26	Boiler Repairs Pricing in Frankley	34	Indexable	
https://www.birminghamboilerrepairs.uk/frankley/intergas-specialists	8	Intergas Specialists in Frankley	32	Intergas Specialists Pricing in Frankley	40	Indexable	
https://www.birminghamboilerrepairs.uk/frankley/ideal-boilers-specialists	8	Ideal Boilers Specialists in Frankley	37	Ideal Boilers Specialists Pricing in Frankley	45	Indexable	
https://www.birminghamboilerrepairs.uk/frankley/glowworm-specialists	8	Glow-worm Specialists in Frankley	33	Glow-worm Specialists Pricing in Frankley	41	Indexable	
https://www.birminghamboilerrepairs.uk/frankley/potterton-specialists	8	Potterton Specialists in Frankley	33	Potterton Specialists Pricing in Frankley	41	Indexable	
https://www.birminghamboilerrepairs.uk/frankley/atag-specialists	8	Atag Specialists in Frankley	28	Atag Specialists Pricing in Frankley	36	Indexable	
https://www.birminghamboilerrepairs.uk/frankley/boiler-servicing	8	Boiler Servicing in Frankley	28	Boiler Servicing Pricing in Frankley	36	Indexable	
https://www.birminghamboilerrepairs.uk/frankley/ariston-specialists	8	Ariston Specialists in Frankley	31	Ariston Specialists Pricing in Frankley	39	Indexable	
https://www.birminghamboilerrepairs.uk/frankley/combination-boiler-repairs	8	Combination Boiler Repairs in Frankley	38	Combination Boiler Repairs Pricing in Frankley	46	Indexable	
https://www.birminghamboilerrepairs.uk/turves-green/boiler-servicing	8	Boiler Servicing in Turves Green	32	Boiler Servicing Pricing in Turves Green	40	Indexable	
https://www.birminghamboilerrepairs.uk/turves-green/worcester-bosch-specialists	8	Worcester Bosch Specialists in Turves Green	43	Worcester Bosch Specialists Pricing in Turves Green	51	Indexable	
https://www.birminghamboilerrepairs.uk/turves-green/potterton-specialists	8	Potterton Specialists in Turves Green	37	Potterton Specialists Pricing in Turves Green	45	Indexable	
https://www.birminghamboilerrepairs.uk/turves-green/main-boiler-specialists	8	Main Specialists in Turves Green	32	Main Specialists Pricing in Turves Green	40	Indexable	
https://www.birminghamboilerrepairs.uk/turves-green/ideal-boilers-specialists	8	Ideal Boilers Specialists in Turves Green	41	Ideal Boilers Specialists Pricing in Turves Green	49	Indexable	
https://www.birminghamboilerrepairs.uk/turves-green/vokera-specialists	8	Vokera Specialists in Turves Green	34	Vokera Specialists Pricing in Turves Green	42	Indexable	
https://www.birminghamboilerrepairs.uk/turves-green/intergas-specialists	8	Intergas Specialists in Turves Green	36	Intergas Specialists Pricing in Turves Green	44	Indexable	
https://www.birminghamboilerrepairs.uk/turves-green/gas-safety	8	Gas Safety Inspections in Turves Green	38	Gas Safety Inspections Pricing in Turves Green	46	Indexable	
https://www.birminghamboilerrepairs.uk/turves-green/biasi-specialists	8	Biasi Specialists in Turves Green	33	Biasi Specialists Pricing in Turves Green	41	Indexable	
https://www.birminghamboilerrepairs.uk/turves-green/ariston-specialists	8	Ariston Specialists in Turves Green	35	Ariston Specialists Pricing in Turves Green	43	Indexable	
https://www.birminghamboilerrepairs.uk/turves-green/boiler-repairs	8	Boiler Repairs in Turves Green	30	Boiler Repairs Pricing in Turves Green	38	Indexable	
https://www.birminghamboilerrepairs.uk/turves-green/vaillant-specialists	8	Vaillant Specialists in Turves Green	36	Vaillant Specialists Pricing in Turves Green	44	Indexable	
https://www.birminghamboilerrepairs.uk/turves-green/glowworm-specialists	8	Glow-worm Specialists in Turves Green	37	Glow-worm Specialists Pricing in Turves Green	45	Indexable	
https://www.birminghamboilerrepairs.uk/turves-green/atag-specialists	8	Atag Specialists in Turves Green	32	Atag Specialists Pricing in Turves Green	40	Indexable	
https://www.birminghamboilerrepairs.uk/turves-green/alpha-boiler-specialists	8	Alpha Specialists in Turves Green	33	Alpha Specialists Pricing in Turves Green	41	Indexable	
https://www.birminghamboilerrepairs.uk/turves-green/baxi-specialists	8	Baxi Specialists in Turves Green	32	Baxi Specialists Pricing in Turves Green	40	Indexable	
https://www.birminghamboilerrepairs.uk/turves-green/viessmann-specialists	8	Viessmann Specialists in Turves Green	37	Viessmann Specialists Pricing in Turves Green	45	Indexable	
https://www.birminghamboilerrepairs.uk/turves-green/ferroli-specialists	8	Ferroli Specialists in Turves Green	35	Ferroli Specialists Pricing in Turves Green	43	Indexable	
https://www.birminghamboilerrepairs.uk/turves-green/combination-boiler-services	8	Combination Boiler Services in Turves Green	43	Combination Boiler Services Pricing in Turves Green	51	Indexable	
https://www.birminghamboilerrepairs.uk/turves-green/heatline-specialists	8	Heatline Specialists in Turves Green	36	Heatline Specialists Pricing in Turves Green	44	Indexable	
https://www.birminghamboilerrepairs.uk/gib-heath/biasi-specialists	8	Biasi Specialists in Gib Heath	30	Biasi Specialists Pricing in Gib Heath	38	Indexable	
https://www.birminghamboilerrepairs.uk/turves-green/combination-boiler-repairs	8	Combination Boiler Repairs in Turves Green	42	Combination Boiler Repairs Pricing in Turves Green	50	Indexable	
https://www.birminghamboilerrepairs.uk/gib-heath/main-boiler-specialists	8	Main Specialists in Gib Heath	29	Main Specialists Pricing in Gib Heath	37	Indexable	
https://www.birminghamboilerrepairs.uk/gib-heath/potterton-specialists	8	Potterton Specialists in Gib Heath	34	Potterton Specialists Pricing in Gib Heath	42	Indexable	
https://www.birminghamboilerrepairs.uk/gib-heath/atag-specialists	8	Atag Specialists in Gib Heath	29	Atag Specialists Pricing in Gib Heath	37	Indexable	
https://www.birminghamboilerrepairs.uk/gib-heath/baxi-specialists	8	Baxi Specialists in Gib Heath	29	Baxi Specialists Pricing in Gib Heath	37	Indexable	
https://www.birminghamboilerrepairs.uk/gib-heath/glowworm-specialists	8	Glow-worm Specialists in Gib Heath	34	Glow-worm Specialists Pricing in Gib Heath	42	Indexable	
https://www.birminghamboilerrepairs.uk/gib-heath/heatline-specialists	8	Heatline Specialists in Gib Heath	33	Heatline Specialists Pricing in Gib Heath	41	Indexable	
https://www.birminghamboilerrepairs.uk/gib-heath/intergas-specialists	8	Intergas Specialists in Gib Heath	33	Intergas Specialists Pricing in Gib Heath	41	Indexable	
https://www.birminghamboilerrepairs.uk/gib-heath/alpha-boiler-specialists	8	Alpha Specialists in Gib Heath	30	Alpha Specialists Pricing in Gib Heath	38	Indexable	
https://www.birminghamboilerrepairs.uk/gib-heath/combination-boiler-repairs	8	Combination Boiler Repairs in Gib Heath	39	Combination Boiler Repairs Pricing in Gib Heath	47	Indexable	
https://www.birminghamboilerrepairs.uk/gib-heath/boiler-servicing	8	Boiler Servicing in Gib Heath	29	Boiler Servicing Pricing in Gib Heath	37	Indexable	
https://www.birminghamboilerrepairs.uk/gib-heath/gas-safety	8	Gas Safety Inspections in Gib Heath	35	Gas Safety Inspections Pricing in Gib Heath	43	Indexable	
https://www.birminghamboilerrepairs.uk/gib-heath/vokera-specialists	8	Vokera Specialists in Gib Heath	31	Vokera Specialists Pricing in Gib Heath	39	Indexable	
https://www.birminghamboilerrepairs.uk/gib-heath/ferroli-specialists	8	Ferroli Specialists in Gib Heath	32	Ferroli Specialists Pricing in Gib Heath	40	Indexable	
https://www.birminghamboilerrepairs.uk/gib-heath/ideal-boilers-specialists	8	Ideal Boilers Specialists in Gib Heath	38	Ideal Boilers Specialists Pricing in Gib Heath	46	Indexable	
https://www.birminghamboilerrepairs.uk/gib-heath/boiler-repairs	8	Boiler Repairs in Gib Heath	27	Boiler Repairs Pricing in Gib Heath	35	Indexable	
https://www.birminghamboilerrepairs.uk/gib-heath/combination-boiler-services	8	Combination Boiler Services in Gib Heath	40	Combination Boiler Services Pricing in Gib Heath	48	Indexable	
https://www.birminghamboilerrepairs.uk/gib-heath/worcester-bosch-specialists	8	Worcester Bosch Specialists in Gib Heath	40	Worcester Bosch Specialists Pricing in Gib Heath	48	Indexable	
https://www.birminghamboilerrepairs.uk/gib-heath/vaillant-specialists	8	Vaillant Specialists in Gib Heath	33	Vaillant Specialists Pricing in Gib Heath	41	Indexable	
https://www.birminghamboilerrepairs.uk/gib-heath/ariston-specialists	8	Ariston Specialists in Gib Heath	32	Ariston Specialists Pricing in Gib Heath	40	Indexable	
https://www.birminghamboilerrepairs.uk/gib-heath/viessmann-specialists	8	Viessmann Specialists in Gib Heath	34	Viessmann Specialists Pricing in Gib Heath	42	Indexable	
https://www.birminghamboilerrepairs.uk/ten-acres/boiler-servicing	8	Boiler Servicing in Ten Acres	29	Boiler Servicing Pricing in Ten Acres	37	Indexable	
https://www.birminghamboilerrepairs.uk/ten-acres/heatline-specialists	8	Heatline Specialists in Ten Acres	33	Heatline Specialists Pricing in Ten Acres	41	Indexable	
https://www.birminghamboilerrepairs.uk/ten-acres/intergas-specialists	8	Intergas Specialists in Ten Acres	33	Intergas Specialists Pricing in Ten Acres	41	Indexable	
https://www.birminghamboilerrepairs.uk/ten-acres/vaillant-specialists	8	Vaillant Specialists in Ten Acres	33	Vaillant Specialists Pricing in Ten Acres	41	Indexable	
https://www.birminghamboilerrepairs.uk/ten-acres/alpha-boiler-specialists	8	Alpha Specialists in Ten Acres	30	Alpha Specialists Pricing in Ten Acres	38	Indexable	
https://www.birminghamboilerrepairs.uk/ten-acres/ariston-specialists	8	Ariston Specialists in Ten Acres	32	Ariston Specialists Pricing in Ten Acres	40	Indexable	
https://www.birminghamboilerrepairs.uk/ten-acres/ideal-boilers-specialists	8	Ideal Boilers Specialists in Ten Acres	38	Ideal Boilers Specialists Pricing in Ten Acres	46	Indexable	
https://www.birminghamboilerrepairs.uk/ten-acres/potterton-specialists	8	Potterton Specialists in Ten Acres	34	Potterton Specialists Pricing in Ten Acres	42	Indexable	
https://www.birminghamboilerrepairs.uk/ten-acres/baxi-specialists	8	Baxi Specialists in Ten Acres	29	Baxi Specialists Pricing in Ten Acres	37	Indexable	
https://www.birminghamboilerrepairs.uk/ten-acres/boiler-repairs	8	Boiler Repairs in Ten Acres	27	Boiler Repairs Pricing in Ten Acres	35	Indexable	
https://www.birminghamboilerrepairs.uk/ten-acres/gas-safety	8	Gas Safety Inspections in Ten Acres	35	Gas Safety Inspections Pricing in Ten Acres	43	Indexable	
https://www.birminghamboilerrepairs.uk/ten-acres/vokera-specialists	8	Vokera Specialists in Ten Acres	31	Vokera Specialists Pricing in Ten Acres	39	Indexable	
https://www.birminghamboilerrepairs.uk/ten-acres/worcester-bosch-specialists	8	Worcester Bosch Specialists in Ten Acres	40	Worcester Bosch Specialists Pricing in Ten Acres	48	Indexable	
https://www.birminghamboilerrepairs.uk/ten-acres/combination-boiler-services	8	Combination Boiler Services in Ten Acres	40	Combination Boiler Services Pricing in Ten Acres	48	Indexable	
https://www.birminghamboilerrepairs.uk/ten-acres/viessmann-specialists	8	Viessmann Specialists in Ten Acres	34	Viessmann Specialists Pricing in Ten Acres	42	Indexable	
https://www.birminghamboilerrepairs.uk/ten-acres/biasi-specialists	8	Biasi Specialists in Ten Acres	30	Biasi Specialists Pricing in Ten Acres	38	Indexable	
https://www.birminghamboilerrepairs.uk/ten-acres/glowworm-specialists	8	Glow-worm Specialists in Ten Acres	34	Glow-worm Specialists Pricing in Ten Acres	42	Indexable	
https://www.birminghamboilerrepairs.uk/ten-acres/atag-specialists	8	Atag Specialists in Ten Acres	29	Atag Specialists Pricing in Ten Acres	37	Indexable	
https://www.birminghamboilerrepairs.uk/ten-acres/ferroli-specialists	8	Ferroli Specialists in Ten Acres	32	Ferroli Specialists Pricing in Ten Acres	40	Indexable	
https://www.birminghamboilerrepairs.uk/ten-acres/main-boiler-specialists	8	Main Specialists in Ten Acres	29	Main Specialists Pricing in Ten Acres	37	Indexable	
https://www.birminghamboilerrepairs.uk/ten-acres/combination-boiler-repairs	8	Combination Boiler Repairs in Ten Acres	39	Combination Boiler Repairs Pricing in Ten Acres	47	Indexable	
https://www.birminghamboilerrepairs.uk/tower-hill/gas-safety	8	Gas Safety Inspections in Tower Hill	36	Gas Safety Inspections Pricing in Tower Hill	44	Indexable	
https://www.birminghamboilerrepairs.uk/tower-hill/viessmann-specialists	8	Viessmann Specialists in Tower Hill	35	Viessmann Specialists Pricing in Tower Hill	43	Indexable	
https://www.birminghamboilerrepairs.uk/tower-hill/potterton-specialists	8	Potterton Specialists in Tower Hill	35	Potterton Specialists Pricing in Tower Hill	43	Indexable	
https://www.birminghamboilerrepairs.uk/tower-hill/ariston-specialists	8	Ariston Specialists in Tower Hill	33	Ariston Specialists Pricing in Tower Hill	41	Indexable	
https://www.birminghamboilerrepairs.uk/tower-hill/glowworm-specialists	8	Glow-worm Specialists in Tower Hill	35	Glow-worm Specialists Pricing in Tower Hill	43	Indexable	
https://www.birminghamboilerrepairs.uk/tower-hill/combination-boiler-services	8	Combination Boiler Services in Tower Hill	41	Combination Boiler Services Pricing in Tower Hill	49	Indexable	
https://www.birminghamboilerrepairs.uk/tower-hill/ferroli-specialists	8	Ferroli Specialists in Tower Hill	33	Ferroli Specialists Pricing in Tower Hill	41	Indexable	
https://www.birminghamboilerrepairs.uk/tower-hill/alpha-boiler-specialists	8	Alpha Specialists in Tower Hill	31	Alpha Specialists Pricing in Tower Hill	39	Indexable	
https://www.birminghamboilerrepairs.uk/tower-hill/biasi-specialists	8	Biasi Specialists in Tower Hill	31	Biasi Specialists Pricing in Tower Hill	39	Indexable	
https://www.birminghamboilerrepairs.uk/tower-hill/combination-boiler-repairs	8	Combination Boiler Repairs in Tower Hill	40	Combination Boiler Repairs Pricing in Tower Hill	48	Indexable	
https://www.birminghamboilerrepairs.uk/tower-hill/ideal-boilers-specialists	8	Ideal Boilers Specialists in Tower Hill	39	Ideal Boilers Specialists Pricing in Tower Hill	47	Indexable	
https://www.birminghamboilerrepairs.uk/tower-hill/vokera-specialists	8	Vokera Specialists in Tower Hill	32	Vokera Specialists Pricing in Tower Hill	40	Indexable	
https://www.birminghamboilerrepairs.uk/tower-hill/intergas-specialists	8	Intergas Specialists in Tower Hill	34	Intergas Specialists Pricing in Tower Hill	42	Indexable	
https://www.birminghamboilerrepairs.uk/tower-hill/worcester-bosch-specialists	8	Worcester Bosch Specialists in Tower Hill	41	Worcester Bosch Specialists Pricing in Tower Hill	49	Indexable	
https://www.birminghamboilerrepairs.uk/tower-hill/main-boiler-specialists	8	Main Specialists in Tower Hill	30	Main Specialists Pricing in Tower Hill	38	Indexable	
https://www.birminghamboilerrepairs.uk/tower-hill/baxi-specialists	8	Baxi Specialists in Tower Hill	30	Baxi Specialists Pricing in Tower Hill	38	Indexable	
https://www.birminghamboilerrepairs.uk/tower-hill/vaillant-specialists	8	Vaillant Specialists in Tower Hill	34	Vaillant Specialists Pricing in Tower Hill	42	Indexable	
https://www.birminghamboilerrepairs.uk/tower-hill/boiler-repairs	8	Boiler Repairs in Tower Hill	28	Boiler Repairs Pricing in Tower Hill	36	Indexable	
https://www.birminghamboilerrepairs.uk/tower-hill/boiler-servicing	8	Boiler Servicing in Tower Hill	30	Boiler Servicing Pricing in Tower Hill	38	Indexable	
https://www.birminghamboilerrepairs.uk/tower-hill/atag-specialists	8	Atag Specialists in Tower Hill	30	Atag Specialists Pricing in Tower Hill	38	Indexable	
https://www.birminghamboilerrepairs.uk/tower-hill/heatline-specialists	8	Heatline Specialists in Tower Hill	34	Heatline Specialists Pricing in Tower Hill	42	Indexable	
https://www.birminghamboilerrepairs.uk/camp-hill/atag-specialists	8	Atag Specialists in Camp Hill	29	Atag Specialists Pricing in Camp Hill	37	Indexable	
https://www.birminghamboilerrepairs.uk/camp-hill/gas-safety	8	Gas Safety Inspections in Camp Hill	35	Gas Safety Inspections Pricing in Camp Hill	43	Indexable	
https://www.birminghamboilerrepairs.uk/camp-hill/intergas-specialists	8	Intergas Specialists in Camp Hill	33	Intergas Specialists Pricing in Camp Hill	41	Indexable	
https://www.birminghamboilerrepairs.uk/camp-hill/heatline-specialists	8	Heatline Specialists in Camp Hill	33	Heatline Specialists Pricing in Camp Hill	41	Indexable	
https://www.birminghamboilerrepairs.uk/camp-hill/worcester-bosch-specialists	8	Worcester Bosch Specialists in Camp Hill	40	Worcester Bosch Specialists Pricing in Camp Hill	48	Indexable	
https://www.birminghamboilerrepairs.uk/camp-hill/vokera-specialists	8	Vokera Specialists in Camp Hill	31	Vokera Specialists Pricing in Camp Hill	39	Indexable	
https://www.birminghamboilerrepairs.uk/camp-hill/baxi-specialists	8	Baxi Specialists in Camp Hill	29	Baxi Specialists Pricing in Camp Hill	37	Indexable	
https://www.birminghamboilerrepairs.uk/camp-hill/alpha-boiler-specialists	8	Alpha Specialists in Camp Hill	30	Alpha Specialists Pricing in Camp Hill	38	Indexable	
https://www.birminghamboilerrepairs.uk/camp-hill/combination-boiler-repairs	8	Combination Boiler Repairs in Camp Hill	39	Combination Boiler Repairs Pricing in Camp Hill	47	Indexable	
https://www.birminghamboilerrepairs.uk/camp-hill/viessmann-specialists	8	Viessmann Specialists in Camp Hill	34	Viessmann Specialists Pricing in Camp Hill	42	Indexable	
https://www.birminghamboilerrepairs.uk/camp-hill/ferroli-specialists	8	Ferroli Specialists in Camp Hill	32	Ferroli Specialists Pricing in Camp Hill	40	Indexable	
https://www.birminghamboilerrepairs.uk/camp-hill/boiler-repairs	8	Boiler Repairs in Camp Hill	27	Boiler Repairs Pricing in Camp Hill	35	Indexable	
https://www.birminghamboilerrepairs.uk/camp-hill/boiler-servicing	8	Boiler Servicing in Camp Hill	29	Boiler Servicing Pricing in Camp Hill	37	Indexable	
https://www.birminghamboilerrepairs.uk/camp-hill/main-boiler-specialists	8	Main Specialists in Camp Hill	29	Main Specialists Pricing in Camp Hill	37	Indexable	
https://www.birminghamboilerrepairs.uk/camp-hill/vaillant-specialists	8	Vaillant Specialists in Camp Hill	33	Vaillant Specialists Pricing in Camp Hill	41	Indexable	
https://www.birminghamboilerrepairs.uk/camp-hill/potterton-specialists	8	Potterton Specialists in Camp Hill	34	Potterton Specialists Pricing in Camp Hill	42	Indexable	
https://www.birminghamboilerrepairs.uk/camp-hill/biasi-specialists	8	Biasi Specialists in Camp Hill	30	Biasi Specialists Pricing in Camp Hill	38	Indexable	
https://www.birminghamboilerrepairs.uk/camp-hill/ideal-boilers-specialists	8	Ideal Boilers Specialists in Camp Hill	38	Ideal Boilers Specialists Pricing in Camp Hill	46	Indexable	
https://www.birminghamboilerrepairs.uk/camp-hill/combination-boiler-services	8	Combination Boiler Services in Camp Hill	40	Combination Boiler Services Pricing in Camp Hill	48	Indexable	
https://www.birminghamboilerrepairs.uk/camp-hill/glowworm-specialists	8	Glow-worm Specialists in Camp Hill	34	Glow-worm Specialists Pricing in Camp Hill	42	Indexable	
https://www.birminghamboilerrepairs.uk/camp-hill/ariston-specialists	8	Ariston Specialists in Camp Hill	32	Ariston Specialists Pricing in Camp Hill	40	Indexable	
https://www.birminghamboilerrepairs.uk/oldbury/boiler-repairs	8	Boiler Repairs in Oldbury	25	Boiler Repairs Pricing in Oldbury	33	Indexable	
https://www.birminghamboilerrepairs.uk/oldbury/gas-safety	8	Gas Safety Inspections in Oldbury	33	Gas Safety Inspections Pricing in Oldbury	41	Indexable	
https://www.birminghamboilerrepairs.uk/oldbury/main-boiler-specialists	8	Main Specialists in Oldbury	27	Main Specialists Pricing in Oldbury	35	Indexable	
https://www.birminghamboilerrepairs.uk/oldbury/potterton-specialists	8	Potterton Specialists in Oldbury	32	Potterton Specialists Pricing in Oldbury	40	Indexable	
https://www.birminghamboilerrepairs.uk/oldbury/boiler-servicing	8	Boiler Servicing in Oldbury	27	Boiler Servicing Pricing in Oldbury	35	Indexable	
https://www.birminghamboilerrepairs.uk/oldbury/alpha-boiler-specialists	8	Alpha Specialists in Oldbury	28	Alpha Specialists Pricing in Oldbury	36	Indexable	
https://www.birminghamboilerrepairs.uk/oldbury/intergas-specialists	8	Intergas Specialists in Oldbury	31	Intergas Specialists Pricing in Oldbury	39	Indexable	
https://www.birminghamboilerrepairs.uk/oldbury/baxi-specialists	8	Baxi Specialists in Oldbury	27	Baxi Specialists Pricing in Oldbury	35	Indexable	
https://www.birminghamboilerrepairs.uk/oldbury/ferroli-specialists	8	Ferroli Specialists in Oldbury	30	Ferroli Specialists Pricing in Oldbury	38	Indexable	
https://www.birminghamboilerrepairs.uk/oldbury/viessmann-specialists	8	Viessmann Specialists in Oldbury	32	Viessmann Specialists Pricing in Oldbury	40	Indexable	
https://www.birminghamboilerrepairs.uk/oldbury/atag-specialists	8	Atag Specialists in Oldbury	27	Atag Specialists Pricing in Oldbury	35	Indexable	
https://www.birminghamboilerrepairs.uk/oldbury/biasi-specialists	8	Biasi Specialists in Oldbury	28	Biasi Specialists Pricing in Oldbury	36	Indexable	
https://www.birminghamboilerrepairs.uk/oldbury/vokera-specialists	8	Vokera Specialists in Oldbury	29	Vokera Specialists Pricing in Oldbury	37	Indexable	
https://www.birminghamboilerrepairs.uk/oldbury/ariston-specialists	8	Ariston Specialists in Oldbury	30	Ariston Specialists Pricing in Oldbury	38	Indexable	
https://www.birminghamboilerrepairs.uk/oldbury/worcester-bosch-specialists	8	Worcester Bosch Specialists in Oldbury	38	Worcester Bosch Specialists Pricing in Oldbury	46	Indexable	
https://www.birminghamboilerrepairs.uk/oldbury/glowworm-specialists	8	Glow-worm Specialists in Oldbury	32	Glow-worm Specialists Pricing in Oldbury	40	Indexable	
https://www.birminghamboilerrepairs.uk/oldbury/combination-boiler-repairs	8	Combination Boiler Repairs in Oldbury	37	Combination Boiler Repairs Pricing in Oldbury	45	Indexable	
https://www.birminghamboilerrepairs.uk/oldbury/heatline-specialists	8	Heatline Specialists in Oldbury	31	Heatline Specialists Pricing in Oldbury	39	Indexable	
https://www.birminghamboilerrepairs.uk/oldbury/combination-boiler-services	8	Combination Boiler Services in Oldbury	38	Combination Boiler Services Pricing in Oldbury	46	Indexable	
https://www.birminghamboilerrepairs.uk/oldbury/ideal-boilers-specialists	8	Ideal Boilers Specialists in Oldbury	36	Ideal Boilers Specialists Pricing in Oldbury	44	Indexable	
https://www.birminghamboilerrepairs.uk/oldbury/vaillant-specialists	8	Vaillant Specialists in Oldbury	31	Vaillant Specialists Pricing in Oldbury	39	Indexable	
https://www.birminghamboilerrepairs.uk/brandwood-end/combination-boiler-repairs	8	Combination Boiler Repairs in Brandwood End	43	Combination Boiler Repairs Pricing in Brandwood End	51	Indexable	
https://www.birminghamboilerrepairs.uk/brandwood-end/heatline-specialists	8	Heatline Specialists in Brandwood End	37	Heatline Specialists Pricing in Brandwood End	45	Indexable	
https://www.birminghamboilerrepairs.uk/brandwood-end/intergas-specialists	8	Intergas Specialists in Brandwood End	37	Intergas Specialists Pricing in Brandwood End	45	Indexable	
https://www.birminghamboilerrepairs.uk/brandwood-end/ideal-boilers-specialists	8	Ideal Boilers Specialists in Brandwood End	42	Ideal Boilers Specialists Pricing in Brandwood End	50	Indexable	
https://www.birminghamboilerrepairs.uk/brandwood-end/vaillant-specialists	8	Vaillant Specialists in Brandwood End	37	Vaillant Specialists Pricing in Brandwood End	45	Indexable	
https://www.birminghamboilerrepairs.uk/brandwood-end/combination-boiler-services	8	Combination Boiler Services in Brandwood End	44	Combination Boiler Services Pricing in Brandwood End	52	Indexable	
https://www.birminghamboilerrepairs.uk/brandwood-end/glowworm-specialists	8	Glow-worm Specialists in Brandwood End	38	Glow-worm Specialists Pricing in Brandwood End	46	Indexable	
https://www.birminghamboilerrepairs.uk/brandwood-end/atag-specialists	8	Atag Specialists in Brandwood End	33	Atag Specialists Pricing in Brandwood End	41	Indexable	
https://www.birminghamboilerrepairs.uk/brandwood-end/worcester-bosch-specialists	8	Worcester Bosch Specialists in Brandwood End	44	Worcester Bosch Specialists Pricing in Brandwood End	52	Indexable	
https://www.birminghamboilerrepairs.uk/brandwood-end/alpha-boiler-specialists	8	Alpha Specialists in Brandwood End	34	Alpha Specialists Pricing in Brandwood End	42	Indexable	
https://www.birminghamboilerrepairs.uk/brandwood-end/potterton-specialists	8	Potterton Specialists in Brandwood End	38	Potterton Specialists Pricing in Brandwood End	46	Indexable	
https://www.birminghamboilerrepairs.uk/brandwood-end/ariston-specialists	8	Ariston Specialists in Brandwood End	36	Ariston Specialists Pricing in Brandwood End	44	Indexable	
https://www.birminghamboilerrepairs.uk/brandwood-end/vokera-specialists	8	Vokera Specialists in Brandwood End	35	Vokera Specialists Pricing in Brandwood End	43	Indexable	
https://www.birminghamboilerrepairs.uk/brandwood-end/boiler-servicing	8	Boiler Servicing in Brandwood End	33	Boiler Servicing Pricing in Brandwood End	41	Indexable	
https://www.birminghamboilerrepairs.uk/brandwood-end/ferroli-specialists	8	Ferroli Specialists in Brandwood End	36	Ferroli Specialists Pricing in Brandwood End	44	Indexable	
https://www.birminghamboilerrepairs.uk/brandwood-end/biasi-specialists	8	Biasi Specialists in Brandwood End	34	Biasi Specialists Pricing in Brandwood End	42	Indexable	
https://www.birminghamboilerrepairs.uk/brandwood-end/baxi-specialists	8	Baxi Specialists in Brandwood End	33	Baxi Specialists Pricing in Brandwood End	41	Indexable	
https://www.birminghamboilerrepairs.uk/brandwood-end/viessmann-specialists	8	Viessmann Specialists in Brandwood End	38	Viessmann Specialists Pricing in Brandwood End	46	Indexable	
https://www.birminghamboilerrepairs.uk/brandwood-end/gas-safety	8	Gas Safety Inspections in Brandwood End	39	Gas Safety Inspections Pricing in Brandwood End	47	Indexable	
https://www.birminghamboilerrepairs.uk/brandwood-end/main-boiler-specialists	8	Main Specialists in Brandwood End	33	Main Specialists Pricing in Brandwood End	41	Indexable	
https://www.birminghamboilerrepairs.uk/brandwood-end/boiler-repairs	8	Boiler Repairs in Brandwood End	31	Boiler Repairs Pricing in Brandwood End	39	Indexable	
https://www.birminghamboilerrepairs.uk/hamstead/alpha-boiler-specialists	8	Alpha Specialists in Hamstead	29	Alpha Specialists Pricing in Hamstead	37	Indexable	
https://www.birminghamboilerrepairs.uk/hamstead/biasi-specialists	8	Biasi Specialists in Hamstead	29	Biasi Specialists Pricing in Hamstead	37	Indexable	
https://www.birminghamboilerrepairs.uk/hamstead/viessmann-specialists	8	Viessmann Specialists in Hamstead	33	Viessmann Specialists Pricing in Hamstead	41	Indexable	
https://www.birminghamboilerrepairs.uk/hamstead/ariston-specialists	8	Ariston Specialists in Hamstead	31	Ariston Specialists Pricing in Hamstead	39	Indexable	
https://www.birminghamboilerrepairs.uk/hamstead/atag-specialists	8	Atag Specialists in Hamstead	28	Atag Specialists Pricing in Hamstead	36	Indexable	
https://www.birminghamboilerrepairs.uk/hamstead/vaillant-specialists	8	Vaillant Specialists in Hamstead	32	Vaillant Specialists Pricing in Hamstead	40	Indexable	
https://www.birminghamboilerrepairs.uk/hamstead/potterton-specialists	8	Potterton Specialists in Hamstead	33	Potterton Specialists Pricing in Hamstead	41	Indexable	
https://www.birminghamboilerrepairs.uk/hamstead/combination-boiler-services	8	Combination Boiler Services in Hamstead	39	Combination Boiler Services Pricing in Hamstead	47	Indexable	
https://www.birminghamboilerrepairs.uk/hamstead/glowworm-specialists	8	Glow-worm Specialists in Hamstead	33	Glow-worm Specialists Pricing in Hamstead	41	Indexable	
https://www.birminghamboilerrepairs.uk/hamstead/gas-safety	8	Gas Safety Inspections in Hamstead	34	Gas Safety Inspections Pricing in Hamstead	42	Indexable	
https://www.birminghamboilerrepairs.uk/hamstead/worcester-bosch-specialists	8	Worcester Bosch Specialists in Hamstead	39	Worcester Bosch Specialists Pricing in Hamstead	47	Indexable	
https://www.birminghamboilerrepairs.uk/hamstead/combination-boiler-repairs	8	Combination Boiler Repairs in Hamstead	38	Combination Boiler Repairs Pricing in Hamstead	46	Indexable	
https://www.birminghamboilerrepairs.uk/hamstead/ferroli-specialists	8	Ferroli Specialists in Hamstead	31	Ferroli Specialists Pricing in Hamstead	39	Indexable	
https://www.birminghamboilerrepairs.uk/hamstead/main-boiler-specialists	8	Main Specialists in Hamstead	28	Main Specialists Pricing in Hamstead	36	Indexable	
https://www.birminghamboilerrepairs.uk/hamstead/baxi-specialists	8	Baxi Specialists in Hamstead	28	Baxi Specialists Pricing in Hamstead	36	Indexable	
https://www.birminghamboilerrepairs.uk/hamstead/ideal-boilers-specialists	8	Ideal Boilers Specialists in Hamstead	37	Ideal Boilers Specialists Pricing in Hamstead	45	Indexable	
https://www.birminghamboilerrepairs.uk/hamstead/intergas-specialists	8	Intergas Specialists in Hamstead	32	Intergas Specialists Pricing in Hamstead	40	Indexable	
https://www.birminghamboilerrepairs.uk/hamstead/boiler-servicing	8	Boiler Servicing in Hamstead	28	Boiler Servicing Pricing in Hamstead	36	Indexable	
https://www.birminghamboilerrepairs.uk/hamstead/boiler-repairs	8	Boiler Repairs in Hamstead	26	Boiler Repairs Pricing in Hamstead	34	Indexable	
https://www.birminghamboilerrepairs.uk/hall-green/boiler-repairs	8	Boiler Repairs in Hall Green	28	Boiler Repairs Pricing in Hall Green	36	Indexable	
https://www.birminghamboilerrepairs.uk/hamstead/heatline-specialists	8	Heatline Specialists in Hamstead	32	Heatline Specialists Pricing in Hamstead	40	Indexable	
https://www.birminghamboilerrepairs.uk/hamstead/vokera-specialists	8	Vokera Specialists in Hamstead	30	Vokera Specialists Pricing in Hamstead	38	Indexable	
https://www.birminghamboilerrepairs.uk/hall-green/gas-safety	8	Gas Safety Inspections in Hall Green	36	Gas Safety Inspections Pricing in Hall Green	44	Indexable	
https://www.birminghamboilerrepairs.uk/hall-green/viessmann-specialists	8	Viessmann Specialists in Hall Green	35	Viessmann Specialists Pricing in Hall Green	43	Indexable	
https://www.birminghamboilerrepairs.uk/hall-green/combination-boiler-services	8	Combination Boiler Services in Hall Green	41	Combination Boiler Services Pricing in Hall Green	49	Indexable	
https://www.birminghamboilerrepairs.uk/hall-green/boiler-servicing	8	Boiler Servicing in Hall Green	30	Boiler Servicing Pricing in Hall Green	38	Indexable	
https://www.birminghamboilerrepairs.uk/hall-green/worcester-bosch-specialists	8	Worcester Bosch Specialists in Hall Green	41	Worcester Bosch Specialists Pricing in Hall Green	49	Indexable	
https://www.birminghamboilerrepairs.uk/hall-green/ariston-specialists	8	Ariston Specialists in Hall Green	33	Ariston Specialists Pricing in Hall Green	41	Indexable	
https://www.birminghamboilerrepairs.uk/hall-green/main-boiler-specialists	8	Main Specialists in Hall Green	30	Main Specialists Pricing in Hall Green	38	Indexable	
https://www.birminghamboilerrepairs.uk/hall-green/combination-boiler-repairs	8	Combination Boiler Repairs in Hall Green	40	Combination Boiler Repairs Pricing in Hall Green	48	Indexable	
https://www.birminghamboilerrepairs.uk/hall-green/biasi-specialists	8	Biasi Specialists in Hall Green	31	Biasi Specialists Pricing in Hall Green	39	Indexable	
https://www.birminghamboilerrepairs.uk/hall-green/ferroli-specialists	8	Ferroli Specialists in Hall Green	33	Ferroli Specialists Pricing in Hall Green	41	Indexable	
https://www.birminghamboilerrepairs.uk/hall-green/heatline-specialists	8	Heatline Specialists in Hall Green	34	Heatline Specialists Pricing in Hall Green	42	Indexable	
https://www.birminghamboilerrepairs.uk/hall-green/baxi-specialists	8	Baxi Specialists in Hall Green	30	Baxi Specialists Pricing in Hall Green	38	Indexable	
https://www.birminghamboilerrepairs.uk/hall-green/glowworm-specialists	8	Glow-worm Specialists in Hall Green	35	Glow-worm Specialists Pricing in Hall Green	43	Indexable	
https://www.birminghamboilerrepairs.uk/hall-green/vaillant-specialists	8	Vaillant Specialists in Hall Green	34	Vaillant Specialists Pricing in Hall Green	42	Indexable	
https://www.birminghamboilerrepairs.uk/hall-green/alpha-boiler-specialists	8	Alpha Specialists in Hall Green	31	Alpha Specialists Pricing in Hall Green	39	Indexable	
https://www.birminghamboilerrepairs.uk/hall-green/ideal-boilers-specialists	8	Ideal Boilers Specialists in Hall Green	39	Ideal Boilers Specialists Pricing in Hall Green	47	Indexable	
https://www.birminghamboilerrepairs.uk/hall-green/atag-specialists	8	Atag Specialists in Hall Green	30	Atag Specialists Pricing in Hall Green	38	Indexable	
https://www.birminghamboilerrepairs.uk/hall-green/intergas-specialists	8	Intergas Specialists in Hall Green	34	Intergas Specialists Pricing in Hall Green	42	Indexable	
https://www.birminghamboilerrepairs.uk/hall-green/vokera-specialists	8	Vokera Specialists in Hall Green	32	Vokera Specialists Pricing in Hall Green	40	Indexable	
https://www.birminghamboilerrepairs.uk/tyburn/alpha-boiler-specialists	8	Alpha Specialists in Tyburn	27	Alpha Specialists Pricing in Tyburn	35	Indexable	
https://www.birminghamboilerrepairs.uk/tyburn/intergas-specialists	8	Intergas Specialists in Tyburn	30	Intergas Specialists Pricing in Tyburn	38	Indexable	
https://www.birminghamboilerrepairs.uk/tyburn/vokera-specialists	8	Vokera Specialists in Tyburn	28	Vokera Specialists Pricing in Tyburn	36	Indexable	
https://www.birminghamboilerrepairs.uk/hall-green/potterton-specialists	8	Potterton Specialists in Hall Green	35	Potterton Specialists Pricing in Hall Green	43	Indexable	
https://www.birminghamboilerrepairs.uk/tyburn/heatline-specialists	8	Heatline Specialists in Tyburn	30	Heatline Specialists Pricing in Tyburn	38	Indexable	
https://www.birminghamboilerrepairs.uk/tyburn/combination-boiler-repairs	8	Combination Boiler Repairs in Tyburn	36	Combination Boiler Repairs Pricing in Tyburn	44	Indexable	
https://www.birminghamboilerrepairs.uk/tyburn/vaillant-specialists	8	Vaillant Specialists in Tyburn	30	Vaillant Specialists Pricing in Tyburn	38	Indexable	
https://www.birminghamboilerrepairs.uk/tyburn/ideal-boilers-specialists	8	Ideal Boilers Specialists in Tyburn	35	Ideal Boilers Specialists Pricing in Tyburn	43	Indexable	
https://www.birminghamboilerrepairs.uk/tyburn/glowworm-specialists	8	Glow-worm Specialists in Tyburn	31	Glow-worm Specialists Pricing in Tyburn	39	Indexable	
https://www.birminghamboilerrepairs.uk/tyburn/worcester-bosch-specialists	8	Worcester Bosch Specialists in Tyburn	37	Worcester Bosch Specialists Pricing in Tyburn	45	Indexable	
https://www.birminghamboilerrepairs.uk/tyburn/ariston-specialists	8	Ariston Specialists in Tyburn	29	Ariston Specialists Pricing in Tyburn	37	Indexable	
https://www.birminghamboilerrepairs.uk/tyburn/combination-boiler-services	8	Combination Boiler Services in Tyburn	37	Combination Boiler Services Pricing in Tyburn	45	Indexable	
https://www.birminghamboilerrepairs.uk/tyburn/baxi-specialists	8	Baxi Specialists in Tyburn	26	Baxi Specialists Pricing in Tyburn	34	Indexable	
https://www.birminghamboilerrepairs.uk/tyburn/biasi-specialists	8	Biasi Specialists in Tyburn	27	Biasi Specialists Pricing in Tyburn	35	Indexable	
https://www.birminghamboilerrepairs.uk/tyburn/viessmann-specialists	8	Viessmann Specialists in Tyburn	31	Viessmann Specialists Pricing in Tyburn	39	Indexable	
https://www.birminghamboilerrepairs.uk/tyburn/ferroli-specialists	8	Ferroli Specialists in Tyburn	29	Ferroli Specialists Pricing in Tyburn	37	Indexable	
https://www.birminghamboilerrepairs.uk/tyburn/potterton-specialists	8	Potterton Specialists in Tyburn	31	Potterton Specialists Pricing in Tyburn	39	Indexable	
https://www.birminghamboilerrepairs.uk/tyburn/boiler-repairs	8	Boiler Repairs in Tyburn	24	Boiler Repairs Pricing in Tyburn	32	Indexable	
https://www.birminghamboilerrepairs.uk/tyburn/gas-safety	8	Gas Safety Inspections in Tyburn	32	Gas Safety Inspections Pricing in Tyburn	40	Indexable	
https://www.birminghamboilerrepairs.uk/tyburn/main-boiler-specialists	8	Main Specialists in Tyburn	26	Main Specialists Pricing in Tyburn	34	Indexable	
https://www.birminghamboilerrepairs.uk/tyburn/boiler-servicing	8	Boiler Servicing in Tyburn	26	Boiler Servicing Pricing in Tyburn	34	Indexable	
https://www.birminghamboilerrepairs.uk/tyburn/atag-specialists	8	Atag Specialists in Tyburn	26	Atag Specialists Pricing in Tyburn	34	Indexable	
https://www.birminghamboilerrepairs.uk/theatreland/viessmann-specialists	8	Viessmann Specialists in Theatreland	36	Viessmann Specialists Pricing in Theatreland	44	Indexable	
https://www.birminghamboilerrepairs.uk/theatreland/potterton-specialists	8	Potterton Specialists in Theatreland	36	Potterton Specialists Pricing in Theatreland	44	Indexable	
https://www.birminghamboilerrepairs.uk/theatreland/intergas-specialists	8	Intergas Specialists in Theatreland	35	Intergas Specialists Pricing in Theatreland	43	Indexable	
https://www.birminghamboilerrepairs.uk/theatreland/gas-safety	8	Gas Safety Inspections in Theatreland	37	Gas Safety Inspections Pricing in Theatreland	45	Indexable	
https://www.birminghamboilerrepairs.uk/theatreland/biasi-specialists	8	Biasi Specialists in Theatreland	32	Biasi Specialists Pricing in Theatreland	40	Indexable	
https://www.birminghamboilerrepairs.uk/theatreland/vokera-specialists	8	Vokera Specialists in Theatreland	33	Vokera Specialists Pricing in Theatreland	41	Indexable	
https://www.birminghamboilerrepairs.uk/theatreland/ariston-specialists	8	Ariston Specialists in Theatreland	34	Ariston Specialists Pricing in Theatreland	42	Indexable	
https://www.birminghamboilerrepairs.uk/theatreland/glowworm-specialists	8	Glow-worm Specialists in Theatreland	36	Glow-worm Specialists Pricing in Theatreland	44	Indexable	
https://www.birminghamboilerrepairs.uk/theatreland/atag-specialists	8	Atag Specialists in Theatreland	31	Atag Specialists Pricing in Theatreland	39	Indexable	
https://www.birminghamboilerrepairs.uk/theatreland/combination-boiler-repairs	8	Combination Boiler Repairs in Theatreland	41	Combination Boiler Repairs Pricing in Theatreland	49	Indexable	
https://www.birminghamboilerrepairs.uk/theatreland/ideal-boilers-specialists	8	Ideal Boilers Specialists in Theatreland	40	Ideal Boilers Specialists Pricing in Theatreland	48	Indexable	
https://www.birminghamboilerrepairs.uk/theatreland/combination-boiler-services	8	Combination Boiler Services in Theatreland	42	Combination Boiler Services Pricing in Theatreland	50	Indexable	
https://www.birminghamboilerrepairs.uk/theatreland/ferroli-specialists	8	Ferroli Specialists in Theatreland	34	Ferroli Specialists Pricing in Theatreland	42	Indexable	
https://www.birminghamboilerrepairs.uk/theatreland/boiler-servicing	8	Boiler Servicing in Theatreland	31	Boiler Servicing Pricing in Theatreland	39	Indexable	
https://www.birminghamboilerrepairs.uk/theatreland/alpha-boiler-specialists	8	Alpha Specialists in Theatreland	32	Alpha Specialists Pricing in Theatreland	40	Indexable	
https://www.birminghamboilerrepairs.uk/theatreland/main-boiler-specialists	8	Main Specialists in Theatreland	31	Main Specialists Pricing in Theatreland	39	Indexable	
https://www.birminghamboilerrepairs.uk/theatreland/boiler-repairs	8	Boiler Repairs in Theatreland	29	Boiler Repairs Pricing in Theatreland	37	Indexable	
https://www.birminghamboilerrepairs.uk/theatreland/baxi-specialists	8	Baxi Specialists in Theatreland	31	Baxi Specialists Pricing in Theatreland	39	Indexable	
https://www.birminghamboilerrepairs.uk/theatreland/worcester-bosch-specialists	8	Worcester Bosch Specialists in Theatreland	42	Worcester Bosch Specialists Pricing in Theatreland	50	Indexable	
https://www.birminghamboilerrepairs.uk/theatreland/heatline-specialists	8	Heatline Specialists in Theatreland	35	Heatline Specialists Pricing in Theatreland	43	Indexable	
https://www.birminghamboilerrepairs.uk/theatreland/vaillant-specialists	8	Vaillant Specialists in Theatreland	35	Vaillant Specialists Pricing in Theatreland	43	Indexable	
https://www.birminghamboilerrepairs.uk/tardebigge/vokera-specialists	8	Vokera Specialists in Tardebigge	32	Vokera Specialists Pricing in Tardebigge	40	Indexable	
https://www.birminghamboilerrepairs.uk/tardebigge/potterton-specialists	8	Potterton Specialists in Tardebigge	35	Potterton Specialists Pricing in Tardebigge	43	Indexable	
https://www.birminghamboilerrepairs.uk/tardebigge/intergas-specialists	8	Intergas Specialists in Tardebigge	34	Intergas Specialists Pricing in Tardebigge	42	Indexable	
https://www.birminghamboilerrepairs.uk/tardebigge/gas-safety	8	Gas Safety Inspections in Tardebigge	36	Gas Safety Inspections Pricing in Tardebigge	44	Indexable	
https://www.birminghamboilerrepairs.uk/tardebigge/combination-boiler-repairs	8	Combination Boiler Repairs in Tardebigge	40	Combination Boiler Repairs Pricing in Tardebigge	48	Indexable	
https://www.birminghamboilerrepairs.uk/tardebigge/vaillant-specialists	8	Vaillant Specialists in Tardebigge	34	Vaillant Specialists Pricing in Tardebigge	42	Indexable	
https://www.birminghamboilerrepairs.uk/tardebigge/alpha-boiler-specialists	8	Alpha Specialists in Tardebigge	31	Alpha Specialists Pricing in Tardebigge	39	Indexable	
https://www.birminghamboilerrepairs.uk/tardebigge/ariston-specialists	8	Ariston Specialists in Tardebigge	33	Ariston Specialists Pricing in Tardebigge	41	Indexable	
https://www.birminghamboilerrepairs.uk/tardebigge/main-boiler-specialists	8	Main Specialists in Tardebigge	30	Main Specialists Pricing in Tardebigge	38	Indexable	
https://www.birminghamboilerrepairs.uk/tardebigge/heatline-specialists	8	Heatline Specialists in Tardebigge	34	Heatline Specialists Pricing in Tardebigge	42	Indexable	
https://www.birminghamboilerrepairs.uk/tardebigge/biasi-specialists	8	Biasi Specialists in Tardebigge	31	Biasi Specialists Pricing in Tardebigge	39	Indexable	
https://www.birminghamboilerrepairs.uk/tardebigge/boiler-repairs	8	Boiler Repairs in Tardebigge	28	Boiler Repairs Pricing in Tardebigge	36	Indexable	
https://www.birminghamboilerrepairs.uk/tardebigge/atag-specialists	8	Atag Specialists in Tardebigge	30	Atag Specialists Pricing in Tardebigge	38	Indexable	
https://www.birminghamboilerrepairs.uk/tardebigge/combination-boiler-services	8	Combination Boiler Services in Tardebigge	41	Combination Boiler Services Pricing in Tardebigge	49	Indexable	
https://www.birminghamboilerrepairs.uk/tardebigge/ideal-boilers-specialists	8	Ideal Boilers Specialists in Tardebigge	39	Ideal Boilers Specialists Pricing in Tardebigge	47	Indexable	
https://www.birminghamboilerrepairs.uk/tardebigge/baxi-specialists	8	Baxi Specialists in Tardebigge	30	Baxi Specialists Pricing in Tardebigge	38	Indexable	
https://www.birminghamboilerrepairs.uk/tardebigge/worcester-bosch-specialists	8	Worcester Bosch Specialists in Tardebigge	41	Worcester Bosch Specialists Pricing in Tardebigge	49	Indexable	
https://www.birminghamboilerrepairs.uk/tardebigge/boiler-servicing	8	Boiler Servicing in Tardebigge	30	Boiler Servicing Pricing in Tardebigge	38	Indexable	
https://www.birminghamboilerrepairs.uk/tardebigge/viessmann-specialists	8	Viessmann Specialists in Tardebigge	35	Viessmann Specialists Pricing in Tardebigge	43	Indexable	
https://www.birminghamboilerrepairs.uk/tardebigge/glowworm-specialists	8	Glow-worm Specialists in Tardebigge	35	Glow-worm Specialists Pricing in Tardebigge	43	Indexable	
https://www.birminghamboilerrepairs.uk/tardebigge/ferroli-specialists	8	Ferroli Specialists in Tardebigge	33	Ferroli Specialists Pricing in Tardebigge	41	Indexable	
https://www.birminghamboilerrepairs.uk/roughley/viessmann-specialists	8	Viessmann Specialists in Roughley	33	Viessmann Specialists Pricing in Roughley	41	Indexable	
https://www.birminghamboilerrepairs.uk/roughley/baxi-specialists	8	Baxi Specialists in Roughley	28	Baxi Specialists Pricing in Roughley	36	Indexable	
https://www.birminghamboilerrepairs.uk/roughley/vokera-specialists	8	Vokera Specialists in Roughley	30	Vokera Specialists Pricing in Roughley	38	Indexable	
https://www.birminghamboilerrepairs.uk/roughley/atag-specialists	8	Atag Specialists in Roughley	28	Atag Specialists Pricing in Roughley	36	Indexable	
https://www.birminghamboilerrepairs.uk/roughley/ariston-specialists	8	Ariston Specialists in Roughley	31	Ariston Specialists Pricing in Roughley	39	Indexable	
https://www.birminghamboilerrepairs.uk/roughley/potterton-specialists	8	Potterton Specialists in Roughley	33	Potterton Specialists Pricing in Roughley	41	Indexable	
https://www.birminghamboilerrepairs.uk/roughley/glowworm-specialists	8	Glow-worm Specialists in Roughley	33	Glow-worm Specialists Pricing in Roughley	41	Indexable	
https://www.birminghamboilerrepairs.uk/roughley/ideal-boilers-specialists	8	Ideal Boilers Specialists in Roughley	37	Ideal Boilers Specialists Pricing in Roughley	45	Indexable	
https://www.birminghamboilerrepairs.uk/roughley/worcester-bosch-specialists	8	Worcester Bosch Specialists in Roughley	39	Worcester Bosch Specialists Pricing in Roughley	47	Indexable	
https://www.birminghamboilerrepairs.uk/roughley/ferroli-specialists	8	Ferroli Specialists in Roughley	31	Ferroli Specialists Pricing in Roughley	39	Indexable	
https://www.birminghamboilerrepairs.uk/roughley/intergas-specialists	8	Intergas Specialists in Roughley	32	Intergas Specialists Pricing in Roughley	40	Indexable	
https://www.birminghamboilerrepairs.uk/roughley/main-boiler-specialists	8	Main Specialists in Roughley	28	Main Specialists Pricing in Roughley	36	Indexable	
https://www.birminghamboilerrepairs.uk/roughley/biasi-specialists	8	Biasi Specialists in Roughley	29	Biasi Specialists Pricing in Roughley	37	Indexable	
https://www.birminghamboilerrepairs.uk/roughley/boiler-servicing	8	Boiler Servicing in Roughley	28	Boiler Servicing Pricing in Roughley	36	Indexable	
https://www.birminghamboilerrepairs.uk/roughley/combination-boiler-services	8	Combination Boiler Services in Roughley	39	Combination Boiler Services Pricing in Roughley	47	Indexable	
https://www.birminghamboilerrepairs.uk/roughley/heatline-specialists	8	Heatline Specialists in Roughley	32	Heatline Specialists Pricing in Roughley	40	Indexable	
https://www.birminghamboilerrepairs.uk/roughley/vaillant-specialists	8	Vaillant Specialists in Roughley	32	Vaillant Specialists Pricing in Roughley	40	Indexable	
https://www.birminghamboilerrepairs.uk/roughley/boiler-repairs	8	Boiler Repairs in Roughley	26	Boiler Repairs Pricing in Roughley	34	Indexable	
https://www.birminghamboilerrepairs.uk/roughley/gas-safety	8	Gas Safety Inspections in Roughley	34	Gas Safety Inspections Pricing in Roughley	42	Indexable	
https://www.birminghamboilerrepairs.uk/roughley/alpha-boiler-specialists	8	Alpha Specialists in Roughley	29	Alpha Specialists Pricing in Roughley	37	Indexable	
https://www.birminghamboilerrepairs.uk/roughley/combination-boiler-repairs	8	Combination Boiler Repairs in Roughley	38	Combination Boiler Repairs Pricing in Roughley	46	Indexable	
https://www.birminghamboilerrepairs.uk/shenley-green/intergas-specialists	8	Intergas Specialists in Shenley Green	37	Intergas Specialists Pricing in Shenley Green	45	Indexable	
https://www.birminghamboilerrepairs.uk/shenley-green/ferroli-specialists	8	Ferroli Specialists in Shenley Green	36	Ferroli Specialists Pricing in Shenley Green	44	Indexable	
https://www.birminghamboilerrepairs.uk/shenley-green/boiler-repairs	8	Boiler Repairs in Shenley Green	31	Boiler Repairs Pricing in Shenley Green	39	Indexable	
https://www.birminghamboilerrepairs.uk/shenley-green/vokera-specialists	8	Vokera Specialists in Shenley Green	35	Vokera Specialists Pricing in Shenley Green	43	Indexable	
https://www.birminghamboilerrepairs.uk/shenley-green/vaillant-specialists	8	Vaillant Specialists in Shenley Green	37	Vaillant Specialists Pricing in Shenley Green	45	Indexable	
https://www.birminghamboilerrepairs.uk/shenley-green/biasi-specialists	8	Biasi Specialists in Shenley Green	34	Biasi Specialists Pricing in Shenley Green	42	Indexable	
https://www.birminghamboilerrepairs.uk/shenley-green/baxi-specialists	8	Baxi Specialists in Shenley Green	33	Baxi Specialists Pricing in Shenley Green	41	Indexable	
https://www.birminghamboilerrepairs.uk/shenley-green/gas-safety	8	Gas Safety Inspections in Shenley Green	39	Gas Safety Inspections Pricing in Shenley Green	47	Indexable	
https://www.birminghamboilerrepairs.uk/shenley-green/heatline-specialists	8	Heatline Specialists in Shenley Green	37	Heatline Specialists Pricing in Shenley Green	45	Indexable	
https://www.birminghamboilerrepairs.uk/shenley-green/ariston-specialists	8	Ariston Specialists in Shenley Green	36	Ariston Specialists Pricing in Shenley Green	44	Indexable	
https://www.birminghamboilerrepairs.uk/shenley-green/worcester-bosch-specialists	8	Worcester Bosch Specialists in Shenley Green	44	Worcester Bosch Specialists Pricing in Shenley Green	52	Indexable	
https://www.birminghamboilerrepairs.uk/shenley-green/viessmann-specialists	8	Viessmann Specialists in Shenley Green	38	Viessmann Specialists Pricing in Shenley Green	46	Indexable	
https://www.birminghamboilerrepairs.uk/shenley-green/main-boiler-specialists	8	Main Specialists in Shenley Green	33	Main Specialists Pricing in Shenley Green	41	Indexable	
https://www.birminghamboilerrepairs.uk/shenley-green/combination-boiler-services	8	Combination Boiler Services in Shenley Green	44	Combination Boiler Services Pricing in Shenley Green	52	Indexable	
https://www.birminghamboilerrepairs.uk/shenley-green/combination-boiler-repairs	8	Combination Boiler Repairs in Shenley Green	43	Combination Boiler Repairs Pricing in Shenley Green	51	Indexable	
https://www.birminghamboilerrepairs.uk/shenley-green/ideal-boilers-specialists	8	Ideal Boilers Specialists in Shenley Green	42	Ideal Boilers Specialists Pricing in Shenley Green	50	Indexable	
https://www.birminghamboilerrepairs.uk/shenley-green/potterton-specialists	8	Potterton Specialists in Shenley Green	38	Potterton Specialists Pricing in Shenley Green	46	Indexable	
https://www.birminghamboilerrepairs.uk/shenley-green/boiler-servicing	8	Boiler Servicing in Shenley Green	33	Boiler Servicing Pricing in Shenley Green	41	Indexable	
https://www.birminghamboilerrepairs.uk/shenley-green/alpha-boiler-specialists	8	Alpha Specialists in Shenley Green	34	Alpha Specialists Pricing in Shenley Green	42	Indexable	
https://www.birminghamboilerrepairs.uk/shenley-green/glowworm-specialists	8	Glow-worm Specialists in Shenley Green	38	Glow-worm Specialists Pricing in Shenley Green	46	Indexable	
https://www.birminghamboilerrepairs.uk/shenley-green/atag-specialists	8	Atag Specialists in Shenley Green	33	Atag Specialists Pricing in Shenley Green	41	Indexable	
https://www.birminghamboilerrepairs.uk/sparkhill/intergas-specialists	8	Intergas Specialists in Sparkhill	33	Intergas Specialists Pricing in Sparkhill	41	Indexable	
https://www.birminghamboilerrepairs.uk/sparkhill/ariston-specialists	8	Ariston Specialists in Sparkhill	32	Ariston Specialists Pricing in Sparkhill	40	Indexable	
https://www.birminghamboilerrepairs.uk/sparkhill/boiler-servicing	8	Boiler Servicing in Sparkhill	29	Boiler Servicing Pricing in Sparkhill	37	Indexable	
https://www.birminghamboilerrepairs.uk/sparkhill/heatline-specialists	8	Heatline Specialists in Sparkhill	33	Heatline Specialists Pricing in Sparkhill	41	Indexable	
https://www.birminghamboilerrepairs.uk/sparkhill/ideal-boilers-specialists	8	Ideal Boilers Specialists in Sparkhill	38	Ideal Boilers Specialists Pricing in Sparkhill	46	Indexable	
https://www.birminghamboilerrepairs.uk/sparkhill/main-boiler-specialists	8	Main Specialists in Sparkhill	29	Main Specialists Pricing in Sparkhill	37	Indexable	
https://www.birminghamboilerrepairs.uk/sparkhill/vaillant-specialists	8	Vaillant Specialists in Sparkhill	33	Vaillant Specialists Pricing in Sparkhill	41	Indexable	
https://www.birminghamboilerrepairs.uk/sparkhill/alpha-boiler-specialists	8	Alpha Specialists in Sparkhill	30	Alpha Specialists Pricing in Sparkhill	38	Indexable	
https://www.birminghamboilerrepairs.uk/sparkhill/biasi-specialists	8	Biasi Specialists in Sparkhill	30	Biasi Specialists Pricing in Sparkhill	38	Indexable	
https://www.birminghamboilerrepairs.uk/sparkhill/atag-specialists	8	Atag Specialists in Sparkhill	29	Atag Specialists Pricing in Sparkhill	37	Indexable	
https://www.birminghamboilerrepairs.uk/sparkhill/potterton-specialists	8	Potterton Specialists in Sparkhill	34	Potterton Specialists Pricing in Sparkhill	42	Indexable	
https://www.birminghamboilerrepairs.uk/sparkhill/combination-boiler-services	8	Combination Boiler Services in Sparkhill	40	Combination Boiler Services Pricing in Sparkhill	48	Indexable	
https://www.birminghamboilerrepairs.uk/sparkhill/ferroli-specialists	8	Ferroli Specialists in Sparkhill	32	Ferroli Specialists Pricing in Sparkhill	40	Indexable	
https://www.birminghamboilerrepairs.uk/sparkhill/baxi-specialists	8	Baxi Specialists in Sparkhill	29	Baxi Specialists Pricing in Sparkhill	37	Indexable	
https://www.birminghamboilerrepairs.uk/sparkhill/worcester-bosch-specialists	8	Worcester Bosch Specialists in Sparkhill	40	Worcester Bosch Specialists Pricing in Sparkhill	48	Indexable	
https://www.birminghamboilerrepairs.uk/sparkhill/vokera-specialists	8	Vokera Specialists in Sparkhill	31	Vokera Specialists Pricing in Sparkhill	39	Indexable	
https://www.birminghamboilerrepairs.uk/sparkhill/glowworm-specialists	8	Glow-worm Specialists in Sparkhill	34	Glow-worm Specialists Pricing in Sparkhill	42	Indexable	
https://www.birminghamboilerrepairs.uk/sparkhill/gas-safety	8	Gas Safety Inspections in Sparkhill	35	Gas Safety Inspections Pricing in Sparkhill	43	Indexable	
https://www.birminghamboilerrepairs.uk/sparkhill/viessmann-specialists	8	Viessmann Specialists in Sparkhill	34	Viessmann Specialists Pricing in Sparkhill	42	Indexable	
https://www.birminghamboilerrepairs.uk/sparkhill/combination-boiler-repairs	8	Combination Boiler Repairs in Sparkhill	39	Combination Boiler Repairs Pricing in Sparkhill	47	Indexable	
https://www.birminghamboilerrepairs.uk/sparkhill/boiler-repairs	8	Boiler Repairs in Sparkhill	27	Boiler Repairs Pricing in Sparkhill	35	Indexable	
https://www.birminghamboilerrepairs.uk/grimstock-hill/worcester-bosch-specialists	8	Worcester Bosch Specialists in Grimstock Hill	45	Worcester Bosch Specialists Pricing in Grimstock Hill	53	Indexable	
https://www.birminghamboilerrepairs.uk/grimstock-hill/alpha-boiler-specialists	8	Alpha Specialists in Grimstock Hill	35	Alpha Specialists Pricing in Grimstock Hill	43	Indexable	
https://www.birminghamboilerrepairs.uk/grimstock-hill/atag-specialists	8	Atag Specialists in Grimstock Hill	34	Atag Specialists Pricing in Grimstock Hill	42	Indexable	
https://www.birminghamboilerrepairs.uk/grimstock-hill/baxi-specialists	8	Baxi Specialists in Grimstock Hill	34	Baxi Specialists Pricing in Grimstock Hill	42	Indexable	
https://www.birminghamboilerrepairs.uk/grimstock-hill/vokera-specialists	8	Vokera Specialists in Grimstock Hill	36	Vokera Specialists Pricing in Grimstock Hill	44	Indexable	
https://www.birminghamboilerrepairs.uk/grimstock-hill/combination-boiler-repairs	8	Combination Boiler Repairs in Grimstock Hill	44	Combination Boiler Repairs Pricing in Grimstock Hill	52	Indexable	
https://www.birminghamboilerrepairs.uk/grimstock-hill/boiler-servicing	8	Boiler Servicing in Grimstock Hill	34	Boiler Servicing Pricing in Grimstock Hill	42	Indexable	
https://www.birminghamboilerrepairs.uk/grimstock-hill/main-boiler-specialists	8	Main Specialists in Grimstock Hill	34	Main Specialists Pricing in Grimstock Hill	42	Indexable	
https://www.birminghamboilerrepairs.uk/grimstock-hill/biasi-specialists	8	Biasi Specialists in Grimstock Hill	35	Biasi Specialists Pricing in Grimstock Hill	43	Indexable	
https://www.birminghamboilerrepairs.uk/grimstock-hill/glowworm-specialists	8	Glow-worm Specialists in Grimstock Hill	39	Glow-worm Specialists Pricing in Grimstock Hill	47	Indexable	
https://www.birminghamboilerrepairs.uk/grimstock-hill/boiler-repairs	8	Boiler Repairs in Grimstock Hill	32	Boiler Repairs Pricing in Grimstock Hill	40	Indexable	
https://www.birminghamboilerrepairs.uk/grimstock-hill/vaillant-specialists	8	Vaillant Specialists in Grimstock Hill	38	Vaillant Specialists Pricing in Grimstock Hill	46	Indexable	
https://www.birminghamboilerrepairs.uk/grimstock-hill/ariston-specialists	8	Ariston Specialists in Grimstock Hill	37	Ariston Specialists Pricing in Grimstock Hill	45	Indexable	
https://www.birminghamboilerrepairs.uk/grimstock-hill/intergas-specialists	8	Intergas Specialists in Grimstock Hill	38	Intergas Specialists Pricing in Grimstock Hill	46	Indexable	
https://www.birminghamboilerrepairs.uk/grimstock-hill/ideal-boilers-specialists	8	Ideal Boilers Specialists in Grimstock Hill	43	Ideal Boilers Specialists Pricing in Grimstock Hill	51	Indexable	
https://www.birminghamboilerrepairs.uk/grimstock-hill/ferroli-specialists	8	Ferroli Specialists in Grimstock Hill	37	Ferroli Specialists Pricing in Grimstock Hill	45	Indexable	
https://www.birminghamboilerrepairs.uk/grimstock-hill/heatline-specialists	8	Heatline Specialists in Grimstock Hill	38	Heatline Specialists Pricing in Grimstock Hill	46	Indexable	
https://www.birminghamboilerrepairs.uk/grimstock-hill/gas-safety	8	Gas Safety Inspections in Grimstock Hill	40	Gas Safety Inspections Pricing in Grimstock Hill	48	Indexable	
https://www.birminghamboilerrepairs.uk/grimstock-hill/viessmann-specialists	8	Viessmann Specialists in Grimstock Hill	39	Viessmann Specialists Pricing in Grimstock Hill	47	Indexable	
https://www.birminghamboilerrepairs.uk/grimstock-hill/potterton-specialists	8	Potterton Specialists in Grimstock Hill	39	Potterton Specialists Pricing in Grimstock Hill	47	Indexable	
https://www.birminghamboilerrepairs.uk/grimstock-hill/combination-boiler-services	8	Combination Boiler Services in Grimstock Hill	45	Combination Boiler Services Pricing in Grimstock Hill	53	Indexable	
https://www.birminghamboilerrepairs.uk/dudley/main-boiler-specialists	8	Main Specialists in Dudley	26	Main Specialists Pricing in Dudley	34	Indexable	
https://www.birminghamboilerrepairs.uk/dudley/ariston-specialists	8	Ariston Specialists in Dudley	29	Ariston Specialists Pricing in Dudley	37	Indexable	
https://www.birminghamboilerrepairs.uk/dudley/alpha-boiler-specialists	8	Alpha Specialists in Dudley	27	Alpha Specialists Pricing in Dudley	35	Indexable	
https://www.birminghamboilerrepairs.uk/dudley/combination-boiler-services	8	Combination Boiler Services in Dudley	37	Combination Boiler Services Pricing in Dudley	45	Indexable	
https://www.birminghamboilerrepairs.uk/dudley/heatline-specialists	8	Heatline Specialists in Dudley	30	Heatline Specialists Pricing in Dudley	38	Indexable	
https://www.birminghamboilerrepairs.uk/dudley/worcester-bosch-specialists	8	Worcester Bosch Specialists in Dudley	37	Worcester Bosch Specialists Pricing in Dudley	45	Indexable	
https://www.birminghamboilerrepairs.uk/dudley/baxi-specialists	8	Baxi Specialists in Dudley	26	Baxi Specialists Pricing in Dudley	34	Indexable	
https://www.birminghamboilerrepairs.uk/dudley/boiler-servicing	8	Boiler Servicing in Dudley	26	Boiler Servicing Pricing in Dudley	34	Indexable	
https://www.birminghamboilerrepairs.uk/dudley/vokera-specialists	8	Vokera Specialists in Dudley	28	Vokera Specialists Pricing in Dudley	36	Indexable	
https://www.birminghamboilerrepairs.uk/dudley/intergas-specialists	8	Intergas Specialists in Dudley	30	Intergas Specialists Pricing in Dudley	38	Indexable	
https://www.birminghamboilerrepairs.uk/dudley/biasi-specialists	8	Biasi Specialists in Dudley	27	Biasi Specialists Pricing in Dudley	35	Indexable	
https://www.birminghamboilerrepairs.uk/dudley/vaillant-specialists	8	Vaillant Specialists in Dudley	30	Vaillant Specialists Pricing in Dudley	38	Indexable	
https://www.birminghamboilerrepairs.uk/dudley/ferroli-specialists	8	Ferroli Specialists in Dudley	29	Ferroli Specialists Pricing in Dudley	37	Indexable	
https://www.birminghamboilerrepairs.uk/dudley/atag-specialists	8	Atag Specialists in Dudley	26	Atag Specialists Pricing in Dudley	34	Indexable	
https://www.birminghamboilerrepairs.uk/dudley/potterton-specialists	8	Potterton Specialists in Dudley	31	Potterton Specialists Pricing in Dudley	39	Indexable	
https://www.birminghamboilerrepairs.uk/dudley/combination-boiler-repairs	8	Combination Boiler Repairs in Dudley	36	Combination Boiler Repairs Pricing in Dudley	44	Indexable	
https://www.birminghamboilerrepairs.uk/dudley/boiler-repairs	8	Boiler Repairs in Dudley	24	Boiler Repairs Pricing in Dudley	32	Indexable	
https://www.birminghamboilerrepairs.uk/dudley/glowworm-specialists	8	Glow-worm Specialists in Dudley	31	Glow-worm Specialists Pricing in Dudley	39	Indexable	
https://www.birminghamboilerrepairs.uk/dudley/gas-safety	8	Gas Safety Inspections in Dudley	32	Gas Safety Inspections Pricing in Dudley	40	Indexable	
https://www.birminghamboilerrepairs.uk/dudley/ideal-boilers-specialists	8	Ideal Boilers Specialists in Dudley	35	Ideal Boilers Specialists Pricing in Dudley	43	Indexable	
https://www.birminghamboilerrepairs.uk/dudley/viessmann-specialists	8	Viessmann Specialists in Dudley	31	Viessmann Specialists Pricing in Dudley	39	Indexable	
https://www.birminghamboilerrepairs.uk/dodford/boiler-servicing	8	Boiler Servicing in Dodford	27	Boiler Servicing Pricing in Dodford	35	Indexable	
https://www.birminghamboilerrepairs.uk/dodford/heatline-specialists	8	Heatline Specialists in Dodford	31	Heatline Specialists Pricing in Dodford	39	Indexable	
https://www.birminghamboilerrepairs.uk/dodford/vokera-specialists	8	Vokera Specialists in Dodford	29	Vokera Specialists Pricing in Dodford	37	Indexable	
https://www.birminghamboilerrepairs.uk/dodford/vaillant-specialists	8	Vaillant Specialists in Dodford	31	Vaillant Specialists Pricing in Dodford	39	Indexable	
https://www.birminghamboilerrepairs.uk/dodford/atag-specialists	8	Atag Specialists in Dodford	27	Atag Specialists Pricing in Dodford	35	Indexable	
https://www.birminghamboilerrepairs.uk/dodford/potterton-specialists	8	Potterton Specialists in Dodford	32	Potterton Specialists Pricing in Dodford	40	Indexable	
https://www.birminghamboilerrepairs.uk/dodford/combination-boiler-repairs	8	Combination Boiler Repairs in Dodford	37	Combination Boiler Repairs Pricing in Dodford	45	Indexable	
https://www.birminghamboilerrepairs.uk/dodford/alpha-boiler-specialists	8	Alpha Specialists in Dodford	28	Alpha Specialists Pricing in Dodford	36	Indexable	
https://www.birminghamboilerrepairs.uk/dodford/ariston-specialists	8	Ariston Specialists in Dodford	30	Ariston Specialists Pricing in Dodford	38	Indexable	
https://www.birminghamboilerrepairs.uk/dodford/viessmann-specialists	8	Viessmann Specialists in Dodford	32	Viessmann Specialists Pricing in Dodford	40	Indexable	
https://www.birminghamboilerrepairs.uk/dodford/biasi-specialists	8	Biasi Specialists in Dodford	28	Biasi Specialists Pricing in Dodford	36	Indexable	
https://www.birminghamboilerrepairs.uk/dodford/glowworm-specialists	8	Glow-worm Specialists in Dodford	32	Glow-worm Specialists Pricing in Dodford	40	Indexable	
https://www.birminghamboilerrepairs.uk/dodford/intergas-specialists	8	Intergas Specialists in Dodford	31	Intergas Specialists Pricing in Dodford	39	Indexable	
https://www.birminghamboilerrepairs.uk/dodford/ideal-boilers-specialists	8	Ideal Boilers Specialists in Dodford	36	Ideal Boilers Specialists Pricing in Dodford	44	Indexable	
https://www.birminghamboilerrepairs.uk/dodford/main-boiler-specialists	8	Main Specialists in Dodford	27	Main Specialists Pricing in Dodford	35	Indexable	
https://www.birminghamboilerrepairs.uk/dodford/gas-safety	8	Gas Safety Inspections in Dodford	33	Gas Safety Inspections Pricing in Dodford	41	Indexable	
https://www.birminghamboilerrepairs.uk/dodford/combination-boiler-services	8	Combination Boiler Services in Dodford	38	Combination Boiler Services Pricing in Dodford	46	Indexable	
https://www.birminghamboilerrepairs.uk/dodford/ferroli-specialists	8	Ferroli Specialists in Dodford	30	Ferroli Specialists Pricing in Dodford	38	Indexable	
https://www.birminghamboilerrepairs.uk/dodford/worcester-bosch-specialists	8	Worcester Bosch Specialists in Dodford	38	Worcester Bosch Specialists Pricing in Dodford	46	Indexable	
https://www.birminghamboilerrepairs.uk/dodford/baxi-specialists	8	Baxi Specialists in Dodford	27	Baxi Specialists Pricing in Dodford	35	Indexable	
https://www.birminghamboilerrepairs.uk/dodford/boiler-repairs	8	Boiler Repairs in Dodford	25	Boiler Repairs Pricing in Dodford	33	Indexable	
https://www.birminghamboilerrepairs.uk/bromsgrove/atag-specialists	8	Atag Specialists in Bromsgrove	30	Atag Specialists Pricing in Bromsgrove	38	Indexable	
https://www.birminghamboilerrepairs.uk/bromsgrove/boiler-repairs	8	Boiler Repairs in Bromsgrove	28	Boiler Repairs Pricing in Bromsgrove	36	Indexable	
https://www.birminghamboilerrepairs.uk/bromsgrove/ideal-boilers-specialists	8	Ideal Boilers Specialists in Bromsgrove	39	Ideal Boilers Specialists Pricing in Bromsgrove	47	Indexable	
https://www.birminghamboilerrepairs.uk/bromsgrove/heatline-specialists	8	Heatline Specialists in Bromsgrove	34	Heatline Specialists Pricing in Bromsgrove	42	Indexable	
https://www.birminghamboilerrepairs.uk/bromsgrove/alpha-boiler-specialists	8	Alpha Specialists in Bromsgrove	31	Alpha Specialists Pricing in Bromsgrove	39	Indexable	
https://www.birminghamboilerrepairs.uk/bromsgrove/vokera-specialists	8	Vokera Specialists in Bromsgrove	32	Vokera Specialists Pricing in Bromsgrove	40	Indexable	
https://www.birminghamboilerrepairs.uk/bromsgrove/main-boiler-specialists	8	Main Specialists in Bromsgrove	30	Main Specialists Pricing in Bromsgrove	38	Indexable	
https://www.birminghamboilerrepairs.uk/bromsgrove/combination-boiler-repairs	8	Combination Boiler Repairs in Bromsgrove	40	Combination Boiler Repairs Pricing in Bromsgrove	48	Indexable	
https://www.birminghamboilerrepairs.uk/bromsgrove/worcester-bosch-specialists	8	Worcester Bosch Specialists in Bromsgrove	41	Worcester Bosch Specialists Pricing in Bromsgrove	49	Indexable	
https://www.birminghamboilerrepairs.uk/bromsgrove/biasi-specialists	8	Biasi Specialists in Bromsgrove	31	Biasi Specialists Pricing in Bromsgrove	39	Indexable	
https://www.birminghamboilerrepairs.uk/bromsgrove/combination-boiler-services	8	Combination Boiler Services in Bromsgrove	41	Combination Boiler Services Pricing in Bromsgrove	49	Indexable	
https://www.birminghamboilerrepairs.uk/bromsgrove/vaillant-specialists	8	Vaillant Specialists in Bromsgrove	34	Vaillant Specialists Pricing in Bromsgrove	42	Indexable	
https://www.birminghamboilerrepairs.uk/bromsgrove/ferroli-specialists	8	Ferroli Specialists in Bromsgrove	33	Ferroli Specialists Pricing in Bromsgrove	41	Indexable	
https://www.birminghamboilerrepairs.uk/bromsgrove/potterton-specialists	8	Potterton Specialists in Bromsgrove	35	Potterton Specialists Pricing in Bromsgrove	43	Indexable	
https://www.birminghamboilerrepairs.uk/bromsgrove/viessmann-specialists	8	Viessmann Specialists in Bromsgrove	35	Viessmann Specialists Pricing in Bromsgrove	43	Indexable	
https://www.birminghamboilerrepairs.uk/bromsgrove/boiler-servicing	8	Boiler Servicing in Bromsgrove	30	Boiler Servicing Pricing in Bromsgrove	38	Indexable	
https://www.birminghamboilerrepairs.uk/bromsgrove/ariston-specialists	8	Ariston Specialists in Bromsgrove	33	Ariston Specialists Pricing in Bromsgrove	41	Indexable	
https://www.birminghamboilerrepairs.uk/bromsgrove/gas-safety	8	Gas Safety Inspections in Bromsgrove	36	Gas Safety Inspections Pricing in Bromsgrove	44	Indexable	
https://www.birminghamboilerrepairs.uk/bromsgrove/glowworm-specialists	8	Glow-worm Specialists in Bromsgrove	35	Glow-worm Specialists Pricing in Bromsgrove	43	Indexable	
https://www.birminghamboilerrepairs.uk/bromsgrove/intergas-specialists	8	Intergas Specialists in Bromsgrove	34	Intergas Specialists Pricing in Bromsgrove	42	Indexable	
https://www.birminghamboilerrepairs.uk/tyseley/vokera-specialists	8	Vokera Specialists in Tyseley	29	Vokera Specialists Pricing in Tyseley	37	Indexable	
https://www.birminghamboilerrepairs.uk/bromsgrove/baxi-specialists	8	Baxi Specialists in Bromsgrove	30	Baxi Specialists Pricing in Bromsgrove	38	Indexable	
https://www.birminghamboilerrepairs.uk/tyseley/boiler-servicing	8	Boiler Servicing in Tyseley	27	Boiler Servicing Pricing in Tyseley	35	Indexable	
https://www.birminghamboilerrepairs.uk/tyseley/ferroli-specialists	8	Ferroli Specialists in Tyseley	30	Ferroli Specialists Pricing in Tyseley	38	Indexable	
https://www.birminghamboilerrepairs.uk/tyseley/alpha-boiler-specialists	8	Alpha Specialists in Tyseley	28	Alpha Specialists Pricing in Tyseley	36	Indexable	
https://www.birminghamboilerrepairs.uk/tyseley/gas-safety	8	Gas Safety Inspections in Tyseley	33	Gas Safety Inspections Pricing in Tyseley	41	Indexable	
https://www.birminghamboilerrepairs.uk/tyseley/intergas-specialists	8	Intergas Specialists in Tyseley	31	Intergas Specialists Pricing in Tyseley	39	Indexable	
https://www.birminghamboilerrepairs.uk/tyseley/boiler-repairs	8	Boiler Repairs in Tyseley	25	Boiler Repairs Pricing in Tyseley	33	Indexable	
https://www.birminghamboilerrepairs.uk/tyseley/main-boiler-specialists	8	Main Specialists in Tyseley	27	Main Specialists Pricing in Tyseley	35	Indexable	
https://www.birminghamboilerrepairs.uk/tyseley/ideal-boilers-specialists	8	Ideal Boilers Specialists in Tyseley	36	Ideal Boilers Specialists Pricing in Tyseley	44	Indexable	
https://www.birminghamboilerrepairs.uk/tyseley/glowworm-specialists	8	Glow-worm Specialists in Tyseley	32	Glow-worm Specialists Pricing in Tyseley	40	Indexable	
https://www.birminghamboilerrepairs.uk/tyseley/ariston-specialists	8	Ariston Specialists in Tyseley	30	Ariston Specialists Pricing in Tyseley	38	Indexable	
https://www.birminghamboilerrepairs.uk/tyseley/atag-specialists	8	Atag Specialists in Tyseley	27	Atag Specialists Pricing in Tyseley	35	Indexable	
https://www.birminghamboilerrepairs.uk/tyseley/viessmann-specialists	8	Viessmann Specialists in Tyseley	32	Viessmann Specialists Pricing in Tyseley	40	Indexable	
https://www.birminghamboilerrepairs.uk/tyseley/biasi-specialists	8	Biasi Specialists in Tyseley	28	Biasi Specialists Pricing in Tyseley	36	Indexable	
https://www.birminghamboilerrepairs.uk/tyseley/vaillant-specialists	8	Vaillant Specialists in Tyseley	31	Vaillant Specialists Pricing in Tyseley	39	Indexable	
https://www.birminghamboilerrepairs.uk/tyseley/baxi-specialists	8	Baxi Specialists in Tyseley	27	Baxi Specialists Pricing in Tyseley	35	Indexable	
https://www.birminghamboilerrepairs.uk/tyseley/worcester-bosch-specialists	8	Worcester Bosch Specialists in Tyseley	38	Worcester Bosch Specialists Pricing in Tyseley	46	Indexable	
https://www.birminghamboilerrepairs.uk/tyseley/potterton-specialists	8	Potterton Specialists in Tyseley	32	Potterton Specialists Pricing in Tyseley	40	Indexable	
https://www.birminghamboilerrepairs.uk/tyseley/combination-boiler-services	8	Combination Boiler Services in Tyseley	38	Combination Boiler Services Pricing in Tyseley	46	Indexable	
https://www.birminghamboilerrepairs.uk/tyseley/heatline-specialists	8	Heatline Specialists in Tyseley	31	Heatline Specialists Pricing in Tyseley	39	Indexable	
https://www.birminghamboilerrepairs.uk/tyseley/combination-boiler-repairs	8	Combination Boiler Repairs in Tyseley	37	Combination Boiler Repairs Pricing in Tyseley	45	Indexable	
https://www.birminghamboilerrepairs.uk/parkhall/vokera-specialists	8	Vokera Specialists in Parkhall	30	Vokera Specialists Pricing in Parkhall	38	Indexable	
https://www.birminghamboilerrepairs.uk/parkhall/main-boiler-specialists	8	Main Specialists in Parkhall	28	Main Specialists Pricing in Parkhall	36	Indexable	
https://www.birminghamboilerrepairs.uk/parkhall/ferroli-specialists	8	Ferroli Specialists in Parkhall	31	Ferroli Specialists Pricing in Parkhall	39	Indexable	
https://www.birminghamboilerrepairs.uk/parkhall/boiler-servicing	8	Boiler Servicing in Parkhall	28	Boiler Servicing Pricing in Parkhall	36	Indexable	
https://www.birminghamboilerrepairs.uk/parkhall/ariston-specialists	8	Ariston Specialists in Parkhall	31	Ariston Specialists Pricing in Parkhall	39	Indexable	
https://www.birminghamboilerrepairs.uk/parkhall/vaillant-specialists	8	Vaillant Specialists in Parkhall	32	Vaillant Specialists Pricing in Parkhall	40	Indexable	
https://www.birminghamboilerrepairs.uk/parkhall/glowworm-specialists	8	Glow-worm Specialists in Parkhall	33	Glow-worm Specialists Pricing in Parkhall	41	Indexable	
https://www.birminghamboilerrepairs.uk/parkhall/viessmann-specialists	8	Viessmann Specialists in Parkhall	33	Viessmann Specialists Pricing in Parkhall	41	Indexable	
https://www.birminghamboilerrepairs.uk/parkhall/atag-specialists	8	Atag Specialists in Parkhall	28	Atag Specialists Pricing in Parkhall	36	Indexable	
https://www.birminghamboilerrepairs.uk/parkhall/intergas-specialists	8	Intergas Specialists in Parkhall	32	Intergas Specialists Pricing in Parkhall	40	Indexable	
https://www.birminghamboilerrepairs.uk/parkhall/biasi-specialists	8	Biasi Specialists in Parkhall	29	Biasi Specialists Pricing in Parkhall	37	Indexable	
https://www.birminghamboilerrepairs.uk/parkhall/combination-boiler-repairs	8	Combination Boiler Repairs in Parkhall	38	Combination Boiler Repairs Pricing in Parkhall	46	Indexable	
https://www.birminghamboilerrepairs.uk/parkhall/baxi-specialists	8	Baxi Specialists in Parkhall	28	Baxi Specialists Pricing in Parkhall	36	Indexable	
https://www.birminghamboilerrepairs.uk/parkhall/potterton-specialists	8	Potterton Specialists in Parkhall	33	Potterton Specialists Pricing in Parkhall	41	Indexable	
https://www.birminghamboilerrepairs.uk/parkhall/alpha-boiler-specialists	8	Alpha Specialists in Parkhall	29	Alpha Specialists Pricing in Parkhall	37	Indexable	
https://www.birminghamboilerrepairs.uk/parkhall/boiler-repairs	8	Boiler Repairs in Parkhall	26	Boiler Repairs Pricing in Parkhall	34	Indexable	
https://www.birminghamboilerrepairs.uk/parkhall/ideal-boilers-specialists	8	Ideal Boilers Specialists in Parkhall	37	Ideal Boilers Specialists Pricing in Parkhall	45	Indexable	
https://www.birminghamboilerrepairs.uk/parkhall/gas-safety	8	Gas Safety Inspections in Parkhall	34	Gas Safety Inspections Pricing in Parkhall	42	Indexable	
https://www.birminghamboilerrepairs.uk/parkhall/heatline-specialists	8	Heatline Specialists in Parkhall	32	Heatline Specialists Pricing in Parkhall	40	Indexable	
https://www.birminghamboilerrepairs.uk/sutton-coldfield/atag-specialists	8	Atag Specialists in Sutton Coldfield	36	Atag Specialists Pricing in Sutton Coldfield	44	Indexable	
https://www.birminghamboilerrepairs.uk/parkhall/combination-boiler-services	8	Combination Boiler Services in Parkhall	39	Combination Boiler Services Pricing in Parkhall	47	Indexable	
https://www.birminghamboilerrepairs.uk/parkhall/worcester-bosch-specialists	8	Worcester Bosch Specialists in Parkhall	39	Worcester Bosch Specialists Pricing in Parkhall	47	Indexable	
https://www.birminghamboilerrepairs.uk/sutton-coldfield/alpha-boiler-specialists	8	Alpha Specialists in Sutton Coldfield	37	Alpha Specialists Pricing in Sutton Coldfield	45	Indexable	
https://www.birminghamboilerrepairs.uk/sutton-coldfield/combination-boiler-repairs	8	Combination Boiler Repairs in Sutton Coldfield	46	Combination Boiler Repairs Pricing in Sutton Coldfield	54	Indexable	
https://www.birminghamboilerrepairs.uk/sutton-coldfield/baxi-specialists	8	Baxi Specialists in Sutton Coldfield	36	Baxi Specialists Pricing in Sutton Coldfield	44	Indexable	
https://www.birminghamboilerrepairs.uk/sutton-coldfield/ariston-specialists	8	Ariston Specialists in Sutton Coldfield	39	Ariston Specialists Pricing in Sutton Coldfield	47	Indexable	
https://www.birminghamboilerrepairs.uk/sutton-coldfield/potterton-specialists	8	Potterton Specialists in Sutton Coldfield	41	Potterton Specialists Pricing in Sutton Coldfield	49	Indexable	
https://www.birminghamboilerrepairs.uk/sutton-coldfield/intergas-specialists	8	Intergas Specialists in Sutton Coldfield	40	Intergas Specialists Pricing in Sutton Coldfield	48	Indexable	
https://www.birminghamboilerrepairs.uk/sutton-coldfield/glowworm-specialists	8	Glow-worm Specialists in Sutton Coldfield	41	Glow-worm Specialists Pricing in Sutton Coldfield	49	Indexable	
https://www.birminghamboilerrepairs.uk/sutton-coldfield/vaillant-specialists	8	Vaillant Specialists in Sutton Coldfield	40	Vaillant Specialists Pricing in Sutton Coldfield	48	Indexable	
https://www.birminghamboilerrepairs.uk/sutton-coldfield/boiler-servicing	8	Boiler Servicing in Sutton Coldfield	36	Boiler Servicing Pricing in Sutton Coldfield	44	Indexable	
https://www.birminghamboilerrepairs.uk/sutton-coldfield/gas-safety	8	Gas Safety Inspections in Sutton Coldfield	42	Gas Safety Inspections Pricing in Sutton Coldfield	50	Indexable	
https://www.birminghamboilerrepairs.uk/sutton-coldfield/main-boiler-specialists	8	Main Specialists in Sutton Coldfield	36	Main Specialists Pricing in Sutton Coldfield	44	Indexable	
https://www.birminghamboilerrepairs.uk/sutton-coldfield/viessmann-specialists	8	Viessmann Specialists in Sutton Coldfield	41	Viessmann Specialists Pricing in Sutton Coldfield	49	Indexable	
https://www.birminghamboilerrepairs.uk/sutton-coldfield/heatline-specialists	8	Heatline Specialists in Sutton Coldfield	40	Heatline Specialists Pricing in Sutton Coldfield	48	Indexable	
https://www.birminghamboilerrepairs.uk/sutton-coldfield/worcester-bosch-specialists	8	Worcester Bosch Specialists in Sutton Coldfield	47	Worcester Bosch Specialists Pricing in Sutton Coldfield	55	Indexable	
https://www.birminghamboilerrepairs.uk/sutton-coldfield/combination-boiler-services	8	Combination Boiler Services in Sutton Coldfield	47	Combination Boiler Services Pricing in Sutton Coldfield	55	Indexable	
https://www.birminghamboilerrepairs.uk/sutton-coldfield/ideal-boilers-specialists	8	Ideal Boilers Specialists in Sutton Coldfield	45	Ideal Boilers Specialists Pricing in Sutton Coldfield	53	Indexable	
https://www.birminghamboilerrepairs.uk/sutton-coldfield/biasi-specialists	8	Biasi Specialists in Sutton Coldfield	37	Biasi Specialists Pricing in Sutton Coldfield	45	Indexable	
https://www.birminghamboilerrepairs.uk/sutton-coldfield/vokera-specialists	8	Vokera Specialists in Sutton Coldfield	38	Vokera Specialists Pricing in Sutton Coldfield	46	Indexable	
https://www.birminghamboilerrepairs.uk/sutton-coldfield/boiler-repairs	8	Boiler Repairs in Sutton Coldfield	34	Boiler Repairs Pricing in Sutton Coldfield	42	Indexable	
https://www.birminghamboilerrepairs.uk/sutton-coldfield/ferroli-specialists	8	Ferroli Specialists in Sutton Coldfield	39	Ferroli Specialists Pricing in Sutton Coldfield	47	Indexable	
https://www.birminghamboilerrepairs.uk/yardley/boiler-servicing	8	Boiler Servicing in Yardley	27	Boiler Servicing Pricing in Yardley	35	Indexable	
https://www.birminghamboilerrepairs.uk/yardley/combination-boiler-repairs	8	Combination Boiler Repairs in Yardley	37	Combination Boiler Repairs Pricing in Yardley	45	Indexable	
https://www.birminghamboilerrepairs.uk/yardley/worcester-bosch-specialists	8	Worcester Bosch Specialists in Yardley	38	Worcester Bosch Specialists Pricing in Yardley	46	Indexable	
https://www.birminghamboilerrepairs.uk/yardley/viessmann-specialists	8	Viessmann Specialists in Yardley	32	Viessmann Specialists Pricing in Yardley	40	Indexable	
https://www.birminghamboilerrepairs.uk/yardley/main-boiler-specialists	8	Main Specialists in Yardley	27	Main Specialists Pricing in Yardley	35	Indexable	
https://www.birminghamboilerrepairs.uk/yardley/intergas-specialists	8	Intergas Specialists in Yardley	31	Intergas Specialists Pricing in Yardley	39	Indexable	
https://www.birminghamboilerrepairs.uk/yardley/vokera-specialists	8	Vokera Specialists in Yardley	29	Vokera Specialists Pricing in Yardley	37	Indexable	
https://www.birminghamboilerrepairs.uk/yardley/ideal-boilers-specialists	8	Ideal Boilers Specialists in Yardley	36	Ideal Boilers Specialists Pricing in Yardley	44	Indexable	
https://www.birminghamboilerrepairs.uk/yardley/gas-safety	8	Gas Safety Inspections in Yardley	33	Gas Safety Inspections Pricing in Yardley	41	Indexable	
https://www.birminghamboilerrepairs.uk/yardley/biasi-specialists	8	Biasi Specialists in Yardley	28	Biasi Specialists Pricing in Yardley	36	Indexable	
https://www.birminghamboilerrepairs.uk/yardley/combination-boiler-services	8	Combination Boiler Services in Yardley	38	Combination Boiler Services Pricing in Yardley	46	Indexable	
https://www.birminghamboilerrepairs.uk/yardley/heatline-specialists	8	Heatline Specialists in Yardley	31	Heatline Specialists Pricing in Yardley	39	Indexable	
https://www.birminghamboilerrepairs.uk/yardley/boiler-repairs	8	Boiler Repairs in Yardley	25	Boiler Repairs Pricing in Yardley	33	Indexable	
https://www.birminghamboilerrepairs.uk/yardley/potterton-specialists	8	Potterton Specialists in Yardley	32	Potterton Specialists Pricing in Yardley	40	Indexable	
https://www.birminghamboilerrepairs.uk/yardley/alpha-boiler-specialists	8	Alpha Specialists in Yardley	28	Alpha Specialists Pricing in Yardley	36	Indexable	
https://www.birminghamboilerrepairs.uk/yardley/ariston-specialists	8	Ariston Specialists in Yardley	30	Ariston Specialists Pricing in Yardley	38	Indexable	
https://www.birminghamboilerrepairs.uk/yardley/atag-specialists	8	Atag Specialists in Yardley	27	Atag Specialists Pricing in Yardley	35	Indexable	
https://www.birminghamboilerrepairs.uk/yardley/baxi-specialists	8	Baxi Specialists in Yardley	27	Baxi Specialists Pricing in Yardley	35	Indexable	
https://www.birminghamboilerrepairs.uk/yardley/glowworm-specialists	8	Glow-worm Specialists in Yardley	32	Glow-worm Specialists Pricing in Yardley	40	Indexable	
https://www.birminghamboilerrepairs.uk/yardley/vaillant-specialists	8	Vaillant Specialists in Yardley	31	Vaillant Specialists Pricing in Yardley	39	Indexable	
https://www.birminghamboilerrepairs.uk/yardley/ferroli-specialists	8	Ferroli Specialists in Yardley	30	Ferroli Specialists Pricing in Yardley	38	Indexable	
https://www.birminghamboilerrepairs.uk/hawkesley/gas-safety	8	Gas Safety Inspections in Hawkesley	35	Gas Safety Inspections Pricing in Hawkesley	43	Indexable	
https://www.birminghamboilerrepairs.uk/hawkesley/intergas-specialists	8	Intergas Specialists in Hawkesley	33	Intergas Specialists Pricing in Hawkesley	41	Indexable	
https://www.birminghamboilerrepairs.uk/hawkesley/combination-boiler-repairs	8	Combination Boiler Repairs in Hawkesley	39	Combination Boiler Repairs Pricing in Hawkesley	47	Indexable	
https://www.birminghamboilerrepairs.uk/hawkesley/ferroli-specialists	8	Ferroli Specialists in Hawkesley	32	Ferroli Specialists Pricing in Hawkesley	40	Indexable	
https://www.birminghamboilerrepairs.uk/hawkesley/biasi-specialists	8	Biasi Specialists in Hawkesley	30	Biasi Specialists Pricing in Hawkesley	38	Indexable	
https://www.birminghamboilerrepairs.uk/hawkesley/boiler-servicing	8	Boiler Servicing in Hawkesley	29	Boiler Servicing Pricing in Hawkesley	37	Indexable	
https://www.birminghamboilerrepairs.uk/hawkesley/boiler-repairs	8	Boiler Repairs in Hawkesley	27	Boiler Repairs Pricing in Hawkesley	35	Indexable	
https://www.birminghamboilerrepairs.uk/hawkesley/heatline-specialists	8	Heatline Specialists in Hawkesley	33	Heatline Specialists Pricing in Hawkesley	41	Indexable	
https://www.birminghamboilerrepairs.uk/hawkesley/combination-boiler-services	8	Combination Boiler Services in Hawkesley	40	Combination Boiler Services Pricing in Hawkesley	48	Indexable	
https://www.birminghamboilerrepairs.uk/hawkesley/ideal-boilers-specialists	8	Ideal Boilers Specialists in Hawkesley	38	Ideal Boilers Specialists Pricing in Hawkesley	46	Indexable	
https://www.birminghamboilerrepairs.uk/hawkesley/atag-specialists	8	Atag Specialists in Hawkesley	29	Atag Specialists Pricing in Hawkesley	37	Indexable	
https://www.birminghamboilerrepairs.uk/hawkesley/worcester-bosch-specialists	8	Worcester Bosch Specialists in Hawkesley	40	Worcester Bosch Specialists Pricing in Hawkesley	48	Indexable	
https://www.birminghamboilerrepairs.uk/hawkesley/vokera-specialists	8	Vokera Specialists in Hawkesley	31	Vokera Specialists Pricing in Hawkesley	39	Indexable	
https://www.birminghamboilerrepairs.uk/hawkesley/alpha-boiler-specialists	8	Alpha Specialists in Hawkesley	30	Alpha Specialists Pricing in Hawkesley	38	Indexable	
https://www.birminghamboilerrepairs.uk/hawkesley/glowworm-specialists	8	Glow-worm Specialists in Hawkesley	34	Glow-worm Specialists Pricing in Hawkesley	42	Indexable	
https://www.birminghamboilerrepairs.uk/hawkesley/ariston-specialists	8	Ariston Specialists in Hawkesley	32	Ariston Specialists Pricing in Hawkesley	40	Indexable	
https://www.birminghamboilerrepairs.uk/hawkesley/vaillant-specialists	8	Vaillant Specialists in Hawkesley	33	Vaillant Specialists Pricing in Hawkesley	41	Indexable	
https://www.birminghamboilerrepairs.uk/hawkesley/potterton-specialists	8	Potterton Specialists in Hawkesley	34	Potterton Specialists Pricing in Hawkesley	42	Indexable	
https://www.birminghamboilerrepairs.uk/hawkesley/main-boiler-specialists	8	Main Specialists in Hawkesley	29	Main Specialists Pricing in Hawkesley	37	Indexable	
https://www.birminghamboilerrepairs.uk/hawkesley/viessmann-specialists	8	Viessmann Specialists in Hawkesley	34	Viessmann Specialists Pricing in Hawkesley	42	Indexable	
https://www.birminghamboilerrepairs.uk/hawkesley/baxi-specialists	8	Baxi Specialists in Hawkesley	29	Baxi Specialists Pricing in Hawkesley	37	Indexable	
https://www.birminghamboilerrepairs.uk/birchfield/ferroli-specialists	8	Ferroli Specialists in Birchfield	33	Ferroli Specialists Pricing in Birchfield	41	Indexable	
https://www.birminghamboilerrepairs.uk/birchfield/atag-specialists	8	Atag Specialists in Birchfield	30	Atag Specialists Pricing in Birchfield	38	Indexable	
https://www.birminghamboilerrepairs.uk/birchfield/boiler-servicing	8	Boiler Servicing in Birchfield	30	Boiler Servicing Pricing in Birchfield	38	Indexable	
https://www.birminghamboilerrepairs.uk/birchfield/glowworm-specialists	8	Glow-worm Specialists in Birchfield	35	Glow-worm Specialists Pricing in Birchfield	43	Indexable	
https://www.birminghamboilerrepairs.uk/birchfield/alpha-boiler-specialists	8	Alpha Specialists in Birchfield	31	Alpha Specialists Pricing in Birchfield	39	Indexable	
https://www.birminghamboilerrepairs.uk/birchfield/baxi-specialists	8	Baxi Specialists in Birchfield	30	Baxi Specialists Pricing in Birchfield	38	Indexable	
https://www.birminghamboilerrepairs.uk/birchfield/heatline-specialists	8	Heatline Specialists in Birchfield	34	Heatline Specialists Pricing in Birchfield	42	Indexable	
https://www.birminghamboilerrepairs.uk/birchfield/potterton-specialists	8	Potterton Specialists in Birchfield	35	Potterton Specialists Pricing in Birchfield	43	Indexable	
https://www.birminghamboilerrepairs.uk/birchfield/biasi-specialists	8	Biasi Specialists in Birchfield	31	Biasi Specialists Pricing in Birchfield	39	Indexable	
https://www.birminghamboilerrepairs.uk/birchfield/vokera-specialists	8	Vokera Specialists in Birchfield	32	Vokera Specialists Pricing in Birchfield	40	Indexable	
https://www.birminghamboilerrepairs.uk/birchfield/combination-boiler-repairs	8	Combination Boiler Repairs in Birchfield	40	Combination Boiler Repairs Pricing in Birchfield	48	Indexable	
https://www.birminghamboilerrepairs.uk/birchfield/main-boiler-specialists	8	Main Specialists in Birchfield	30	Main Specialists Pricing in Birchfield	38	Indexable	
https://www.birminghamboilerrepairs.uk/birchfield/gas-safety	8	Gas Safety Inspections in Birchfield	36	Gas Safety Inspections Pricing in Birchfield	44	Indexable	
https://www.birminghamboilerrepairs.uk/birchfield/boiler-repairs	8	Boiler Repairs in Birchfield	28	Boiler Repairs Pricing in Birchfield	36	Indexable	
https://www.birminghamboilerrepairs.uk/birchfield/intergas-specialists	8	Intergas Specialists in Birchfield	34	Intergas Specialists Pricing in Birchfield	42	Indexable	
https://www.birminghamboilerrepairs.uk/birchfield/ariston-specialists	8	Ariston Specialists in Birchfield	33	Ariston Specialists Pricing in Birchfield	41	Indexable	
https://www.birminghamboilerrepairs.uk/birchfield/vaillant-specialists	8	Vaillant Specialists in Birchfield	34	Vaillant Specialists Pricing in Birchfield	42	Indexable	
https://www.birminghamboilerrepairs.uk/birchfield/combination-boiler-services	8	Combination Boiler Services in Birchfield	41	Combination Boiler Services Pricing in Birchfield	49	Indexable	
https://www.birminghamboilerrepairs.uk/birchfield/viessmann-specialists	8	Viessmann Specialists in Birchfield	35	Viessmann Specialists Pricing in Birchfield	43	Indexable	
https://www.birminghamboilerrepairs.uk/birchfield/ideal-boilers-specialists	8	Ideal Boilers Specialists in Birchfield	39	Ideal Boilers Specialists Pricing in Birchfield	47	Indexable	
https://www.birminghamboilerrepairs.uk/hodge-hill/gas-safety	8	Gas Safety Inspections in Hodge Hill	36	Gas Safety Inspections Pricing in Hodge Hill	44	Indexable	
https://www.birminghamboilerrepairs.uk/birchfield/worcester-bosch-specialists	8	Worcester Bosch Specialists in Birchfield	41	Worcester Bosch Specialists Pricing in Birchfield	49	Indexable	
https://www.birminghamboilerrepairs.uk/hodge-hill/alpha-boiler-specialists	8	Alpha Specialists in Hodge Hill	31	Alpha Specialists Pricing in Hodge Hill	39	Indexable	
https://www.birminghamboilerrepairs.uk/hodge-hill/vaillant-specialists	8	Vaillant Specialists in Hodge Hill	34	Vaillant Specialists Pricing in Hodge Hill	42	Indexable	
https://www.birminghamboilerrepairs.uk/hodge-hill/boiler-servicing	8	Boiler Servicing in Hodge Hill	30	Boiler Servicing Pricing in Hodge Hill	38	Indexable	
https://www.birminghamboilerrepairs.uk/hodge-hill/viessmann-specialists	8	Viessmann Specialists in Hodge Hill	35	Viessmann Specialists Pricing in Hodge Hill	43	Indexable	
https://www.birminghamboilerrepairs.uk/hodge-hill/biasi-specialists	8	Biasi Specialists in Hodge Hill	31	Biasi Specialists Pricing in Hodge Hill	39	Indexable	
https://www.birminghamboilerrepairs.uk/hodge-hill/vokera-specialists	8	Vokera Specialists in Hodge Hill	32	Vokera Specialists Pricing in Hodge Hill	40	Indexable	
https://www.birminghamboilerrepairs.uk/hodge-hill/intergas-specialists	8	Intergas Specialists in Hodge Hill	34	Intergas Specialists Pricing in Hodge Hill	42	Indexable	
https://www.birminghamboilerrepairs.uk/hodge-hill/boiler-repairs	8	Boiler Repairs in Hodge Hill	28	Boiler Repairs Pricing in Hodge Hill	36	Indexable	
https://www.birminghamboilerrepairs.uk/hodge-hill/potterton-specialists	8	Potterton Specialists in Hodge Hill	35	Potterton Specialists Pricing in Hodge Hill	43	Indexable	
https://www.birminghamboilerrepairs.uk/hodge-hill/ideal-boilers-specialists	8	Ideal Boilers Specialists in Hodge Hill	39	Ideal Boilers Specialists Pricing in Hodge Hill	47	Indexable	
https://www.birminghamboilerrepairs.uk/hodge-hill/atag-specialists	8	Atag Specialists in Hodge Hill	30	Atag Specialists Pricing in Hodge Hill	38	Indexable	
https://www.birminghamboilerrepairs.uk/hodge-hill/glowworm-specialists	8	Glow-worm Specialists in Hodge Hill	35	Glow-worm Specialists Pricing in Hodge Hill	43	Indexable	
https://www.birminghamboilerrepairs.uk/hodge-hill/ferroli-specialists	8	Ferroli Specialists in Hodge Hill	33	Ferroli Specialists Pricing in Hodge Hill	41	Indexable	
https://www.birminghamboilerrepairs.uk/hodge-hill/worcester-bosch-specialists	8	Worcester Bosch Specialists in Hodge Hill	41	Worcester Bosch Specialists Pricing in Hodge Hill	49	Indexable	
https://www.birminghamboilerrepairs.uk/hodge-hill/heatline-specialists	8	Heatline Specialists in Hodge Hill	34	Heatline Specialists Pricing in Hodge Hill	42	Indexable	
https://www.birminghamboilerrepairs.uk/hodge-hill/combination-boiler-repairs	8	Combination Boiler Repairs in Hodge Hill	40	Combination Boiler Repairs Pricing in Hodge Hill	48	Indexable	
https://www.birminghamboilerrepairs.uk/hodge-hill/baxi-specialists	8	Baxi Specialists in Hodge Hill	30	Baxi Specialists Pricing in Hodge Hill	38	Indexable	
https://www.birminghamboilerrepairs.uk/hodge-hill/main-boiler-specialists	8	Main Specialists in Hodge Hill	30	Main Specialists Pricing in Hodge Hill	38	Indexable	
https://www.birminghamboilerrepairs.uk/hodge-hill/ariston-specialists	8	Ariston Specialists in Hodge Hill	33	Ariston Specialists Pricing in Hodge Hill	41	Indexable	
https://www.birminghamboilerrepairs.uk/hodge-hill/combination-boiler-services	8	Combination Boiler Services in Hodge Hill	41	Combination Boiler Services Pricing in Hodge Hill	49	Indexable	
https://www.birminghamboilerrepairs.uk/edgbaston/ideal-boilers-specialists	8	Ideal Boilers Specialists in Edgbaston	38	Ideal Boilers Specialists Pricing in Edgbaston	46	Indexable	
https://www.birminghamboilerrepairs.uk/edgbaston/biasi-specialists	8	Biasi Specialists in Edgbaston	30	Biasi Specialists Pricing in Edgbaston	38	Indexable	
https://www.birminghamboilerrepairs.uk/edgbaston/alpha-boiler-specialists	8	Alpha Specialists in Edgbaston	30	Alpha Specialists Pricing in Edgbaston	38	Indexable	
https://www.birminghamboilerrepairs.uk/edgbaston/ariston-specialists	8	Ariston Specialists in Edgbaston	32	Ariston Specialists Pricing in Edgbaston	40	Indexable	
https://www.birminghamboilerrepairs.uk/edgbaston/boiler-servicing	8	Boiler Servicing in Edgbaston	29	Boiler Servicing Pricing in Edgbaston	37	Indexable	
https://www.birminghamboilerrepairs.uk/edgbaston/worcester-bosch-specialists	8	Worcester Bosch Specialists in Edgbaston	40	Worcester Bosch Specialists Pricing in Edgbaston	48	Indexable	
https://www.birminghamboilerrepairs.uk/edgbaston/vaillant-specialists	8	Vaillant Specialists in Edgbaston	33	Vaillant Specialists Pricing in Edgbaston	41	Indexable	
https://www.birminghamboilerrepairs.uk/edgbaston/glowworm-specialists	8	Glow-worm Specialists in Edgbaston	34	Glow-worm Specialists Pricing in Edgbaston	42	Indexable	
https://www.birminghamboilerrepairs.uk/edgbaston/atag-specialists	8	Atag Specialists in Edgbaston	29	Atag Specialists Pricing in Edgbaston	37	Indexable	
https://www.birminghamboilerrepairs.uk/edgbaston/heatline-specialists	8	Heatline Specialists in Edgbaston	33	Heatline Specialists Pricing in Edgbaston	41	Indexable	
https://www.birminghamboilerrepairs.uk/edgbaston/viessmann-specialists	8	Viessmann Specialists in Edgbaston	34	Viessmann Specialists Pricing in Edgbaston	42	Indexable	
https://www.birminghamboilerrepairs.uk/edgbaston/boiler-repairs	8	Boiler Repairs in Edgbaston	27	Boiler Repairs Pricing in Edgbaston	35	Indexable	
https://www.birminghamboilerrepairs.uk/edgbaston/combination-boiler-repairs	8	Combination Boiler Repairs in Edgbaston	39	Combination Boiler Repairs Pricing in Edgbaston	47	Indexable	
https://www.birminghamboilerrepairs.uk/edgbaston/vokera-specialists	8	Vokera Specialists in Edgbaston	31	Vokera Specialists Pricing in Edgbaston	39	Indexable	
https://www.birminghamboilerrepairs.uk/edgbaston/combination-boiler-services	8	Combination Boiler Services in Edgbaston	40	Combination Boiler Services Pricing in Edgbaston	48	Indexable	
https://www.birminghamboilerrepairs.uk/edgbaston/gas-safety	8	Gas Safety Inspections in Edgbaston	35	Gas Safety Inspections Pricing in Edgbaston	43	Indexable	
https://www.birminghamboilerrepairs.uk/edgbaston/main-boiler-specialists	8	Main Specialists in Edgbaston	29	Main Specialists Pricing in Edgbaston	37	Indexable	
https://www.birminghamboilerrepairs.uk/edgbaston/baxi-specialists	8	Baxi Specialists in Edgbaston	29	Baxi Specialists Pricing in Edgbaston	37	Indexable	
https://www.birminghamboilerrepairs.uk/edgbaston/potterton-specialists	8	Potterton Specialists in Edgbaston	34	Potterton Specialists Pricing in Edgbaston	42	Indexable	
https://www.birminghamboilerrepairs.uk/edgbaston/ferroli-specialists	8	Ferroli Specialists in Edgbaston	32	Ferroli Specialists Pricing in Edgbaston	40	Indexable	
https://www.birminghamboilerrepairs.uk/short-heath/combination-boiler-services	8	Combination Boiler Services in Short Heath	42	Combination Boiler Services Pricing in Short Heath	50	Indexable	
https://www.birminghamboilerrepairs.uk/short-heath/gas-safety	8	Gas Safety Inspections in Short Heath	37	Gas Safety Inspections Pricing in Short Heath	45	Indexable	
https://www.birminghamboilerrepairs.uk/edgbaston/intergas-specialists	8	Intergas Specialists in Edgbaston	33	Intergas Specialists Pricing in Edgbaston	41	Indexable	
https://www.birminghamboilerrepairs.uk/short-heath/ideal-boilers-specialists	8	Ideal Boilers Specialists in Short Heath	40	Ideal Boilers Specialists Pricing in Short Heath	48	Indexable	
https://www.birminghamboilerrepairs.uk/short-heath/intergas-specialists	8	Intergas Specialists in Short Heath	35	Intergas Specialists Pricing in Short Heath	43	Indexable	
https://www.birminghamboilerrepairs.uk/short-heath/baxi-specialists	8	Baxi Specialists in Short Heath	31	Baxi Specialists Pricing in Short Heath	39	Indexable	
https://www.birminghamboilerrepairs.uk/short-heath/combination-boiler-repairs	8	Combination Boiler Repairs in Short Heath	41	Combination Boiler Repairs Pricing in Short Heath	49	Indexable	
https://www.birminghamboilerrepairs.uk/short-heath/vokera-specialists	8	Vokera Specialists in Short Heath	33	Vokera Specialists Pricing in Short Heath	41	Indexable	
https://www.birminghamboilerrepairs.uk/short-heath/boiler-servicing	8	Boiler Servicing in Short Heath	31	Boiler Servicing Pricing in Short Heath	39	Indexable	
https://www.birminghamboilerrepairs.uk/short-heath/heatline-specialists	8	Heatline Specialists in Short Heath	35	Heatline Specialists Pricing in Short Heath	43	Indexable	
https://www.birminghamboilerrepairs.uk/short-heath/viessmann-specialists	8	Viessmann Specialists in Short Heath	36	Viessmann Specialists Pricing in Short Heath	44	Indexable	
https://www.birminghamboilerrepairs.uk/short-heath/boiler-repairs	8	Boiler Repairs in Short Heath	29	Boiler Repairs Pricing in Short Heath	37	Indexable	
https://www.birminghamboilerrepairs.uk/short-heath/atag-specialists	8	Atag Specialists in Short Heath	31	Atag Specialists Pricing in Short Heath	39	Indexable	
https://www.birminghamboilerrepairs.uk/short-heath/ariston-specialists	8	Ariston Specialists in Short Heath	34	Ariston Specialists Pricing in Short Heath	42	Indexable	
https://www.birminghamboilerrepairs.uk/short-heath/alpha-boiler-specialists	8	Alpha Specialists in Short Heath	32	Alpha Specialists Pricing in Short Heath	40	Indexable	
https://www.birminghamboilerrepairs.uk/short-heath/biasi-specialists	8	Biasi Specialists in Short Heath	32	Biasi Specialists Pricing in Short Heath	40	Indexable	
https://www.birminghamboilerrepairs.uk/short-heath/potterton-specialists	8	Potterton Specialists in Short Heath	36	Potterton Specialists Pricing in Short Heath	44	Indexable	
https://www.birminghamboilerrepairs.uk/short-heath/worcester-bosch-specialists	8	Worcester Bosch Specialists in Short Heath	42	Worcester Bosch Specialists Pricing in Short Heath	50	Indexable	
https://www.birminghamboilerrepairs.uk/short-heath/glowworm-specialists	8	Glow-worm Specialists in Short Heath	36	Glow-worm Specialists Pricing in Short Heath	44	Indexable	
https://www.birminghamboilerrepairs.uk/short-heath/vaillant-specialists	8	Vaillant Specialists in Short Heath	35	Vaillant Specialists Pricing in Short Heath	43	Indexable	
https://www.birminghamboilerrepairs.uk/short-heath/main-boiler-specialists	8	Main Specialists in Short Heath	31	Main Specialists Pricing in Short Heath	39	Indexable	
https://www.birminghamboilerrepairs.uk/short-heath/ferroli-specialists	8	Ferroli Specialists in Short Heath	34	Ferroli Specialists Pricing in Short Heath	42	Indexable	
https://www.birminghamboilerrepairs.uk/stirchley/vaillant-specialists	8	Vaillant Specialists in Stirchley	33	Vaillant Specialists Pricing in Stirchley	41	Indexable	
https://www.birminghamboilerrepairs.uk/stirchley/intergas-specialists	8	Intergas Specialists in Stirchley	33	Intergas Specialists Pricing in Stirchley	41	Indexable	
https://www.birminghamboilerrepairs.uk/stirchley/gas-safety	8	Gas Safety Inspections in Stirchley	35	Gas Safety Inspections Pricing in Stirchley	43	Indexable	
https://www.birminghamboilerrepairs.uk/stirchley/biasi-specialists	8	Biasi Specialists in Stirchley	30	Biasi Specialists Pricing in Stirchley	38	Indexable	
https://www.birminghamboilerrepairs.uk/stirchley/alpha-boiler-specialists	8	Alpha Specialists in Stirchley	30	Alpha Specialists Pricing in Stirchley	38	Indexable	
https://www.birminghamboilerrepairs.uk/stirchley/heatline-specialists	8	Heatline Specialists in Stirchley	33	Heatline Specialists Pricing in Stirchley	41	Indexable	
https://www.birminghamboilerrepairs.uk/stirchley/glowworm-specialists	8	Glow-worm Specialists in Stirchley	34	Glow-worm Specialists Pricing in Stirchley	42	Indexable	
https://www.birminghamboilerrepairs.uk/stirchley/ideal-boilers-specialists	8	Ideal Boilers Specialists in Stirchley	38	Ideal Boilers Specialists Pricing in Stirchley	46	Indexable	
https://www.birminghamboilerrepairs.uk/stirchley/atag-specialists	8	Atag Specialists in Stirchley	29	Atag Specialists Pricing in Stirchley	37	Indexable	
https://www.birminghamboilerrepairs.uk/stirchley/ariston-specialists	8	Ariston Specialists in Stirchley	32	Ariston Specialists Pricing in Stirchley	40	Indexable	
https://www.birminghamboilerrepairs.uk/stirchley/combination-boiler-services	8	Combination Boiler Services in Stirchley	40	Combination Boiler Services Pricing in Stirchley	48	Indexable	
https://www.birminghamboilerrepairs.uk/stirchley/ferroli-specialists	8	Ferroli Specialists in Stirchley	32	Ferroli Specialists Pricing in Stirchley	40	Indexable	
https://www.birminghamboilerrepairs.uk/stirchley/baxi-specialists	8	Baxi Specialists in Stirchley	29	Baxi Specialists Pricing in Stirchley	37	Indexable	
https://www.birminghamboilerrepairs.uk/stirchley/boiler-servicing	8	Boiler Servicing in Stirchley	29	Boiler Servicing Pricing in Stirchley	37	Indexable	
https://www.birminghamboilerrepairs.uk/stirchley/potterton-specialists	8	Potterton Specialists in Stirchley	34	Potterton Specialists Pricing in Stirchley	42	Indexable	
https://www.birminghamboilerrepairs.uk/stirchley/main-boiler-specialists	8	Main Specialists in Stirchley	29	Main Specialists Pricing in Stirchley	37	Indexable	
https://www.birminghamboilerrepairs.uk/stirchley/boiler-repairs	8	Boiler Repairs in Stirchley	27	Boiler Repairs Pricing in Stirchley	35	Indexable	
https://www.birminghamboilerrepairs.uk/stirchley/viessmann-specialists	8	Viessmann Specialists in Stirchley	34	Viessmann Specialists Pricing in Stirchley	42	Indexable	
https://www.birminghamboilerrepairs.uk/stirchley/worcester-bosch-specialists	8	Worcester Bosch Specialists in Stirchley	40	Worcester Bosch Specialists Pricing in Stirchley	48	Indexable	
https://www.birminghamboilerrepairs.uk/stirchley/vokera-specialists	8	Vokera Specialists in Stirchley	31	Vokera Specialists Pricing in Stirchley	39	Indexable	
https://www.birminghamboilerrepairs.uk/deritend/vokera-specialists	8	Vokera Specialists in Deritend	30	Vokera Specialists Pricing in Deritend	38	Indexable	
https://www.birminghamboilerrepairs.uk/deritend/biasi-specialists	8	Biasi Specialists in Deritend	29	Biasi Specialists Pricing in Deritend	37	Indexable	
https://www.birminghamboilerrepairs.uk/stirchley/combination-boiler-repairs	8	Combination Boiler Repairs in Stirchley	39	Combination Boiler Repairs Pricing in Stirchley	47	Indexable	
https://www.birminghamboilerrepairs.uk/deritend/ideal-boilers-specialists	8	Ideal Boilers Specialists in Deritend	37	Ideal Boilers Specialists Pricing in Deritend	45	Indexable	
https://www.birminghamboilerrepairs.uk/deritend/ariston-specialists	8	Ariston Specialists in Deritend	31	Ariston Specialists Pricing in Deritend	39	Indexable	
https://www.birminghamboilerrepairs.uk/deritend/viessmann-specialists	8	Viessmann Specialists in Deritend	33	Viessmann Specialists Pricing in Deritend	41	Indexable	
https://www.birminghamboilerrepairs.uk/deritend/baxi-specialists	8	Baxi Specialists in Deritend	28	Baxi Specialists Pricing in Deritend	36	Indexable	
https://www.birminghamboilerrepairs.uk/deritend/main-boiler-specialists	8	Main Specialists in Deritend	28	Main Specialists Pricing in Deritend	36	Indexable	
https://www.birminghamboilerrepairs.uk/deritend/atag-specialists	8	Atag Specialists in Deritend	28	Atag Specialists Pricing in Deritend	36	Indexable	
https://www.birminghamboilerrepairs.uk/deritend/heatline-specialists	8	Heatline Specialists in Deritend	32	Heatline Specialists Pricing in Deritend	40	Indexable	
https://www.birminghamboilerrepairs.uk/deritend/boiler-repairs	8	Boiler Repairs in Deritend	26	Boiler Repairs Pricing in Deritend	34	Indexable	
https://www.birminghamboilerrepairs.uk/deritend/intergas-specialists	8	Intergas Specialists in Deritend	32	Intergas Specialists Pricing in Deritend	40	Indexable	
https://www.birminghamboilerrepairs.uk/deritend/boiler-servicing	8	Boiler Servicing in Deritend	28	Boiler Servicing Pricing in Deritend	36	Indexable	
https://www.birminghamboilerrepairs.uk/deritend/combination-boiler-repairs	8	Combination Boiler Repairs in Deritend	38	Combination Boiler Repairs Pricing in Deritend	46	Indexable	
https://www.birminghamboilerrepairs.uk/deritend/worcester-bosch-specialists	8	Worcester Bosch Specialists in Deritend	39	Worcester Bosch Specialists Pricing in Deritend	47	Indexable	
https://www.birminghamboilerrepairs.uk/deritend/glowworm-specialists	8	Glow-worm Specialists in Deritend	33	Glow-worm Specialists Pricing in Deritend	41	Indexable	
https://www.birminghamboilerrepairs.uk/deritend/ferroli-specialists	8	Ferroli Specialists in Deritend	31	Ferroli Specialists Pricing in Deritend	39	Indexable	
https://www.birminghamboilerrepairs.uk/deritend/alpha-boiler-specialists	8	Alpha Specialists in Deritend	29	Alpha Specialists Pricing in Deritend	37	Indexable	
https://www.birminghamboilerrepairs.uk/deritend/potterton-specialists	8	Potterton Specialists in Deritend	33	Potterton Specialists Pricing in Deritend	41	Indexable	
https://www.birminghamboilerrepairs.uk/deritend/combination-boiler-services	8	Combination Boiler Services in Deritend	39	Combination Boiler Services Pricing in Deritend	47	Indexable	
https://www.birminghamboilerrepairs.uk/deritend/vaillant-specialists	8	Vaillant Specialists in Deritend	32	Vaillant Specialists Pricing in Deritend	40	Indexable	
https://www.birminghamboilerrepairs.uk/deritend/gas-safety	8	Gas Safety Inspections in Deritend	34	Gas Safety Inspections Pricing in Deritend	42	Indexable	
https://www.birminghamboilerrepairs.uk/southside/intergas-specialists	8	Intergas Specialists in Southside	33	Intergas Specialists Pricing in Southside	41	Indexable	
https://www.birminghamboilerrepairs.uk/southside/viessmann-specialists	8	Viessmann Specialists in Southside	34	Viessmann Specialists Pricing in Southside	42	Indexable	
https://www.birminghamboilerrepairs.uk/southside/baxi-specialists	8	Baxi Specialists in Southside	29	Baxi Specialists Pricing in Southside	37	Indexable	
https://www.birminghamboilerrepairs.uk/southside/heatline-specialists	8	Heatline Specialists in Southside	33	Heatline Specialists Pricing in Southside	41	Indexable	
https://www.birminghamboilerrepairs.uk/southside/ferroli-specialists	8	Ferroli Specialists in Southside	32	Ferroli Specialists Pricing in Southside	40	Indexable	
https://www.birminghamboilerrepairs.uk/southside/main-boiler-specialists	8	Main Specialists in Southside	29	Main Specialists Pricing in Southside	37	Indexable	
https://www.birminghamboilerrepairs.uk/southside/worcester-bosch-specialists	8	Worcester Bosch Specialists in Southside	40	Worcester Bosch Specialists Pricing in Southside	48	Indexable	
https://www.birminghamboilerrepairs.uk/southside/glowworm-specialists	8	Glow-worm Specialists in Southside	34	Glow-worm Specialists Pricing in Southside	42	Indexable	
https://www.birminghamboilerrepairs.uk/southside/boiler-repairs	8	Boiler Repairs in Southside	27	Boiler Repairs Pricing in Southside	35	Indexable	
https://www.birminghamboilerrepairs.uk/southside/biasi-specialists	8	Biasi Specialists in Southside	30	Biasi Specialists Pricing in Southside	38	Indexable	
https://www.birminghamboilerrepairs.uk/southside/alpha-boiler-specialists	8	Alpha Specialists in Southside	30	Alpha Specialists Pricing in Southside	38	Indexable	
https://www.birminghamboilerrepairs.uk/southside/combination-boiler-repairs	8	Combination Boiler Repairs in Southside	39	Combination Boiler Repairs Pricing in Southside	47	Indexable	
https://www.birminghamboilerrepairs.uk/southside/ideal-boilers-specialists	8	Ideal Boilers Specialists in Southside	38	Ideal Boilers Specialists Pricing in Southside	46	Indexable	
https://www.birminghamboilerrepairs.uk/southside/boiler-servicing	8	Boiler Servicing in Southside	29	Boiler Servicing Pricing in Southside	37	Indexable	
https://www.birminghamboilerrepairs.uk/southside/gas-safety	8	Gas Safety Inspections in Southside	35	Gas Safety Inspections Pricing in Southside	43	Indexable	
https://www.birminghamboilerrepairs.uk/southside/ariston-specialists	8	Ariston Specialists in Southside	32	Ariston Specialists Pricing in Southside	40	Indexable	
https://www.birminghamboilerrepairs.uk/southside/combination-boiler-services	8	Combination Boiler Services in Southside	40	Combination Boiler Services Pricing in Southside	48	Indexable	
https://www.birminghamboilerrepairs.uk/southside/vokera-specialists	8	Vokera Specialists in Southside	31	Vokera Specialists Pricing in Southside	39	Indexable	
https://www.birminghamboilerrepairs.uk/southside/vaillant-specialists	8	Vaillant Specialists in Southside	33	Vaillant Specialists Pricing in Southside	41	Indexable	
https://www.birminghamboilerrepairs.uk/southside/atag-specialists	8	Atag Specialists in Southside	29	Atag Specialists Pricing in Southside	37	Indexable	
https://www.birminghamboilerrepairs.uk/streetly/boiler-servicing	8	Boiler Servicing in Streetly	28	Boiler Servicing Pricing in Streetly	36	Indexable	
https://www.birminghamboilerrepairs.uk/southside/potterton-specialists	8	Potterton Specialists in Southside	34	Potterton Specialists Pricing in Southside	42	Indexable	
https://www.birminghamboilerrepairs.uk/streetly/viessmann-specialists	8	Viessmann Specialists in Streetly	33	Viessmann Specialists Pricing in Streetly	41	Indexable	
https://www.birminghamboilerrepairs.uk/streetly/glowworm-specialists	8	Glow-worm Specialists in Streetly	33	Glow-worm Specialists Pricing in Streetly	41	Indexable	
https://www.birminghamboilerrepairs.uk/streetly/combination-boiler-services	8	Combination Boiler Services in Streetly	39	Combination Boiler Services Pricing in Streetly	47	Indexable	
https://www.birminghamboilerrepairs.uk/streetly/ariston-specialists	8	Ariston Specialists in Streetly	31	Ariston Specialists Pricing in Streetly	39	Indexable	
https://www.birminghamboilerrepairs.uk/streetly/vaillant-specialists	8	Vaillant Specialists in Streetly	32	Vaillant Specialists Pricing in Streetly	40	Indexable	
https://www.birminghamboilerrepairs.uk/streetly/biasi-specialists	8	Biasi Specialists in Streetly	29	Biasi Specialists Pricing in Streetly	37	Indexable	
https://www.birminghamboilerrepairs.uk/streetly/atag-specialists	8	Atag Specialists in Streetly	28	Atag Specialists Pricing in Streetly	36	Indexable	
https://www.birminghamboilerrepairs.uk/streetly/baxi-specialists	8	Baxi Specialists in Streetly	28	Baxi Specialists Pricing in Streetly	36	Indexable	
https://www.birminghamboilerrepairs.uk/streetly/alpha-boiler-specialists	8	Alpha Specialists in Streetly	29	Alpha Specialists Pricing in Streetly	37	Indexable	
https://www.birminghamboilerrepairs.uk/streetly/intergas-specialists	8	Intergas Specialists in Streetly	32	Intergas Specialists Pricing in Streetly	40	Indexable	
https://www.birminghamboilerrepairs.uk/streetly/main-boiler-specialists	8	Main Specialists in Streetly	28	Main Specialists Pricing in Streetly	36	Indexable	
https://www.birminghamboilerrepairs.uk/streetly/combination-boiler-repairs	8	Combination Boiler Repairs in Streetly	38	Combination Boiler Repairs Pricing in Streetly	46	Indexable	
https://www.birminghamboilerrepairs.uk/streetly/boiler-repairs	8	Boiler Repairs in Streetly	26	Boiler Repairs Pricing in Streetly	34	Indexable	
https://www.birminghamboilerrepairs.uk/streetly/heatline-specialists	8	Heatline Specialists in Streetly	32	Heatline Specialists Pricing in Streetly	40	Indexable	
https://www.birminghamboilerrepairs.uk/streetly/worcester-bosch-specialists	8	Worcester Bosch Specialists in Streetly	39	Worcester Bosch Specialists Pricing in Streetly	47	Indexable	
https://www.birminghamboilerrepairs.uk/streetly/vokera-specialists	8	Vokera Specialists in Streetly	30	Vokera Specialists Pricing in Streetly	38	Indexable	
https://www.birminghamboilerrepairs.uk/streetly/potterton-specialists	8	Potterton Specialists in Streetly	33	Potterton Specialists Pricing in Streetly	41	Indexable	
https://www.birminghamboilerrepairs.uk/streetly/gas-safety	8	Gas Safety Inspections in Streetly	34	Gas Safety Inspections Pricing in Streetly	42	Indexable	
https://www.birminghamboilerrepairs.uk/streetly/ferroli-specialists	8	Ferroli Specialists in Streetly	31	Ferroli Specialists Pricing in Streetly	39	Indexable	
https://www.birminghamboilerrepairs.uk/streetly/ideal-boilers-specialists	8	Ideal Boilers Specialists in Streetly	37	Ideal Boilers Specialists Pricing in Streetly	45	Indexable	
https://www.birminghamboilerrepairs.uk/greet/atag-specialists	8	Atag Specialists in Greet	25	Atag Specialists Pricing in Greet	33	Indexable	
https://www.birminghamboilerrepairs.uk/greet/combination-boiler-repairs	8	Combination Boiler Repairs in Greet	35	Combination Boiler Repairs Pricing in Greet	43	Indexable	
https://www.birminghamboilerrepairs.uk/greet/ideal-boilers-specialists	8	Ideal Boilers Specialists in Greet	34	Ideal Boilers Specialists Pricing in Greet	42	Indexable	
https://www.birminghamboilerrepairs.uk/greet/viessmann-specialists	8	Viessmann Specialists in Greet	30	Viessmann Specialists Pricing in Greet	38	Indexable	
https://www.birminghamboilerrepairs.uk/greet/main-boiler-specialists	8	Main Specialists in Greet	25	Main Specialists Pricing in Greet	33	Indexable	
https://www.birminghamboilerrepairs.uk/greet/vokera-specialists	8	Vokera Specialists in Greet	27	Vokera Specialists Pricing in Greet	35	Indexable	
https://www.birminghamboilerrepairs.uk/greet/worcester-bosch-specialists	8	Worcester Bosch Specialists in Greet	36	Worcester Bosch Specialists Pricing in Greet	44	Indexable	
https://www.birminghamboilerrepairs.uk/greet/boiler-repairs	8	Boiler Repairs in Greet	23	Boiler Repairs Pricing in Greet	31	Indexable	
https://www.birminghamboilerrepairs.uk/greet/baxi-specialists	8	Baxi Specialists in Greet	25	Baxi Specialists Pricing in Greet	33	Indexable	
https://www.birminghamboilerrepairs.uk/greet/vaillant-specialists	8	Vaillant Specialists in Greet	29	Vaillant Specialists Pricing in Greet	37	Indexable	
https://www.birminghamboilerrepairs.uk/greet/glowworm-specialists	8	Glow-worm Specialists in Greet	30	Glow-worm Specialists Pricing in Greet	38	Indexable	
https://www.birminghamboilerrepairs.uk/greet/potterton-specialists	8	Potterton Specialists in Greet	30	Potterton Specialists Pricing in Greet	38	Indexable	
https://www.birminghamboilerrepairs.uk/greet/alpha-boiler-specialists	8	Alpha Specialists in Greet	26	Alpha Specialists Pricing in Greet	34	Indexable	
https://www.birminghamboilerrepairs.uk/greet/boiler-servicing	8	Boiler Servicing in Greet	25	Boiler Servicing Pricing in Greet	33	Indexable	
https://www.birminghamboilerrepairs.uk/greet/combination-boiler-services	8	Combination Boiler Services in Greet	36	Combination Boiler Services Pricing in Greet	44	Indexable	
https://www.birminghamboilerrepairs.uk/greet/ferroli-specialists	8	Ferroli Specialists in Greet	28	Ferroli Specialists Pricing in Greet	36	Indexable	
https://www.birminghamboilerrepairs.uk/greet/intergas-specialists	8	Intergas Specialists in Greet	29	Intergas Specialists Pricing in Greet	37	Indexable	
https://www.birminghamboilerrepairs.uk/greet/biasi-specialists	8	Biasi Specialists in Greet	26	Biasi Specialists Pricing in Greet	34	Indexable	
https://www.birminghamboilerrepairs.uk/greet/heatline-specialists	8	Heatline Specialists in Greet	29	Heatline Specialists Pricing in Greet	37	Indexable	
https://www.birminghamboilerrepairs.uk/greet/gas-safety	8	Gas Safety Inspections in Greet	31	Gas Safety Inspections Pricing in Greet	39	Indexable	
https://www.birminghamboilerrepairs.uk/greet/ariston-specialists	8	Ariston Specialists in Greet	28	Ariston Specialists Pricing in Greet	36	Indexable	
https://www.birminghamboilerrepairs.uk/sparkbrook/baxi-specialists	8	Baxi Specialists in Sparkbrook	30	Baxi Specialists Pricing in Sparkbrook	38	Indexable	
https://www.birminghamboilerrepairs.uk/sparkbrook/boiler-repairs	8	Boiler Repairs in Sparkbrook	28	Boiler Repairs Pricing in Sparkbrook	36	Indexable	
https://www.birminghamboilerrepairs.uk/sparkbrook/atag-specialists	8	Atag Specialists in Sparkbrook	30	Atag Specialists Pricing in Sparkbrook	38	Indexable	
https://www.birminghamboilerrepairs.uk/sparkbrook/worcester-bosch-specialists	8	Worcester Bosch Specialists in Sparkbrook	41	Worcester Bosch Specialists Pricing in Sparkbrook	49	Indexable	
https://www.birminghamboilerrepairs.uk/sparkbrook/viessmann-specialists	8	Viessmann Specialists in Sparkbrook	35	Viessmann Specialists Pricing in Sparkbrook	43	Indexable	
https://www.birminghamboilerrepairs.uk/sparkbrook/vaillant-specialists	8	Vaillant Specialists in Sparkbrook	34	Vaillant Specialists Pricing in Sparkbrook	42	Indexable	
https://www.birminghamboilerrepairs.uk/sparkbrook/vokera-specialists	8	Vokera Specialists in Sparkbrook	32	Vokera Specialists Pricing in Sparkbrook	40	Indexable	
https://www.birminghamboilerrepairs.uk/sparkbrook/main-boiler-specialists	8	Main Specialists in Sparkbrook	30	Main Specialists Pricing in Sparkbrook	38	Indexable	
https://www.birminghamboilerrepairs.uk/sparkbrook/combination-boiler-repairs	8	Combination Boiler Repairs in Sparkbrook	40	Combination Boiler Repairs Pricing in Sparkbrook	48	Indexable	
https://www.birminghamboilerrepairs.uk/sparkbrook/heatline-specialists	8	Heatline Specialists in Sparkbrook	34	Heatline Specialists Pricing in Sparkbrook	42	Indexable	
https://www.birminghamboilerrepairs.uk/sparkbrook/ferroli-specialists	8	Ferroli Specialists in Sparkbrook	33	Ferroli Specialists Pricing in Sparkbrook	41	Indexable	
https://www.birminghamboilerrepairs.uk/sparkbrook/boiler-servicing	8	Boiler Servicing in Sparkbrook	30	Boiler Servicing Pricing in Sparkbrook	38	Indexable	
https://www.birminghamboilerrepairs.uk/sparkbrook/combination-boiler-services	8	Combination Boiler Services in Sparkbrook	41	Combination Boiler Services Pricing in Sparkbrook	49	Indexable	
https://www.birminghamboilerrepairs.uk/sparkbrook/gas-safety	8	Gas Safety Inspections in Sparkbrook	36	Gas Safety Inspections Pricing in Sparkbrook	44	Indexable	
https://www.birminghamboilerrepairs.uk/sparkbrook/ariston-specialists	8	Ariston Specialists in Sparkbrook	33	Ariston Specialists Pricing in Sparkbrook	41	Indexable	
https://www.birminghamboilerrepairs.uk/sparkbrook/alpha-boiler-specialists	8	Alpha Specialists in Sparkbrook	31	Alpha Specialists Pricing in Sparkbrook	39	Indexable	
https://www.birminghamboilerrepairs.uk/sparkbrook/potterton-specialists	8	Potterton Specialists in Sparkbrook	35	Potterton Specialists Pricing in Sparkbrook	43	Indexable	
https://www.birminghamboilerrepairs.uk/sparkbrook/ideal-boilers-specialists	8	Ideal Boilers Specialists in Sparkbrook	39	Ideal Boilers Specialists Pricing in Sparkbrook	47	Indexable	
https://www.birminghamboilerrepairs.uk/sparkbrook/glowworm-specialists	8	Glow-worm Specialists in Sparkbrook	35	Glow-worm Specialists Pricing in Sparkbrook	43	Indexable	
https://www.birminghamboilerrepairs.uk/sparkbrook/biasi-specialists	8	Biasi Specialists in Sparkbrook	31	Biasi Specialists Pricing in Sparkbrook	39	Indexable	
https://www.birminghamboilerrepairs.uk/sparkbrook/intergas-specialists	8	Intergas Specialists in Sparkbrook	34	Intergas Specialists Pricing in Sparkbrook	42	Indexable	
https://www.birminghamboilerrepairs.uk/harts-green/viessmann-specialists	8	Viessmann Specialists in Harts Green	36	Viessmann Specialists Pricing in Harts Green	44	Indexable	
https://www.birminghamboilerrepairs.uk/harts-green/vaillant-specialists	8	Vaillant Specialists in Harts Green	35	Vaillant Specialists Pricing in Harts Green	43	Indexable	
https://www.birminghamboilerrepairs.uk/harts-green/heatline-specialists	8	Heatline Specialists in Harts Green	35	Heatline Specialists Pricing in Harts Green	43	Indexable	
https://www.birminghamboilerrepairs.uk/harts-green/boiler-servicing	8	Boiler Servicing in Harts Green	31	Boiler Servicing Pricing in Harts Green	39	Indexable	
https://www.birminghamboilerrepairs.uk/harts-green/combination-boiler-repairs	8	Combination Boiler Repairs in Harts Green	41	Combination Boiler Repairs Pricing in Harts Green	49	Indexable	
https://www.birminghamboilerrepairs.uk/harts-green/gas-safety	8	Gas Safety Inspections in Harts Green	37	Gas Safety Inspections Pricing in Harts Green	45	Indexable	
https://www.birminghamboilerrepairs.uk/harts-green/biasi-specialists	8	Biasi Specialists in Harts Green	32	Biasi Specialists Pricing in Harts Green	40	Indexable	
https://www.birminghamboilerrepairs.uk/harts-green/combination-boiler-services	8	Combination Boiler Services in Harts Green	42	Combination Boiler Services Pricing in Harts Green	50	Indexable	
https://www.birminghamboilerrepairs.uk/harts-green/main-boiler-specialists	8	Main Specialists in Harts Green	31	Main Specialists Pricing in Harts Green	39	Indexable	
https://www.birminghamboilerrepairs.uk/harts-green/ideal-boilers-specialists	8	Ideal Boilers Specialists in Harts Green	40	Ideal Boilers Specialists Pricing in Harts Green	48	Indexable	
https://www.birminghamboilerrepairs.uk/harts-green/alpha-boiler-specialists	8	Alpha Specialists in Harts Green	32	Alpha Specialists Pricing in Harts Green	40	Indexable	
https://www.birminghamboilerrepairs.uk/harts-green/vokera-specialists	8	Vokera Specialists in Harts Green	33	Vokera Specialists Pricing in Harts Green	41	Indexable	
https://www.birminghamboilerrepairs.uk/harts-green/baxi-specialists	8	Baxi Specialists in Harts Green	31	Baxi Specialists Pricing in Harts Green	39	Indexable	
https://www.birminghamboilerrepairs.uk/harts-green/potterton-specialists	8	Potterton Specialists in Harts Green	36	Potterton Specialists Pricing in Harts Green	44	Indexable	
https://www.birminghamboilerrepairs.uk/harts-green/worcester-bosch-specialists	8	Worcester Bosch Specialists in Harts Green	42	Worcester Bosch Specialists Pricing in Harts Green	50	Indexable	
https://www.birminghamboilerrepairs.uk/harts-green/ferroli-specialists	8	Ferroli Specialists in Harts Green	34	Ferroli Specialists Pricing in Harts Green	42	Indexable	
https://www.birminghamboilerrepairs.uk/harts-green/boiler-repairs	8	Boiler Repairs in Harts Green	29	Boiler Repairs Pricing in Harts Green	37	Indexable	
https://www.birminghamboilerrepairs.uk/harts-green/atag-specialists	8	Atag Specialists in Harts Green	31	Atag Specialists Pricing in Harts Green	39	Indexable	
https://www.birminghamboilerrepairs.uk/harts-green/ariston-specialists	8	Ariston Specialists in Harts Green	34	Ariston Specialists Pricing in Harts Green	42	Indexable	
https://www.birminghamboilerrepairs.uk/harts-green/glowworm-specialists	8	Glow-worm Specialists in Harts Green	36	Glow-worm Specialists Pricing in Harts Green	44	Indexable	
https://www.birminghamboilerrepairs.uk/harts-green/intergas-specialists	8	Intergas Specialists in Harts Green	35	Intergas Specialists Pricing in Harts Green	43	Indexable	
https://www.birminghamboilerrepairs.uk/highters-heath/vaillant-specialists	8	Vaillant Specialists in Highters Heath	38	Vaillant Specialists Pricing in Highters Heath	46	Indexable	
https://www.birminghamboilerrepairs.uk/highters-heath/ideal-boilers-specialists	8	Ideal Boilers Specialists in Highters Heath	43	Ideal Boilers Specialists Pricing in Highters Heath	51	Indexable	
https://www.birminghamboilerrepairs.uk/highters-heath/combination-boiler-services	8	Combination Boiler Services in Highters Heath	45	Combination Boiler Services Pricing in Highters Heath	53	Indexable	
https://www.birminghamboilerrepairs.uk/highters-heath/intergas-specialists	8	Intergas Specialists in Highters Heath	38	Intergas Specialists Pricing in Highters Heath	46	Indexable	
https://www.birminghamboilerrepairs.uk/highters-heath/heatline-specialists	8	Heatline Specialists in Highters Heath	38	Heatline Specialists Pricing in Highters Heath	46	Indexable	
https://www.birminghamboilerrepairs.uk/highters-heath/gas-safety	8	Gas Safety Inspections in Highters Heath	40	Gas Safety Inspections Pricing in Highters Heath	48	Indexable	
https://www.birminghamboilerrepairs.uk/highters-heath/biasi-specialists	8	Biasi Specialists in Highters Heath	35	Biasi Specialists Pricing in Highters Heath	43	Indexable	
https://www.birminghamboilerrepairs.uk/highters-heath/main-boiler-specialists	8	Main Specialists in Highters Heath	34	Main Specialists Pricing in Highters Heath	42	Indexable	
https://www.birminghamboilerrepairs.uk/highters-heath/ferroli-specialists	8	Ferroli Specialists in Highters Heath	37	Ferroli Specialists Pricing in Highters Heath	45	Indexable	
https://www.birminghamboilerrepairs.uk/highters-heath/worcester-bosch-specialists	8	Worcester Bosch Specialists in Highters Heath	45	Worcester Bosch Specialists Pricing in Highters Heath	53	Indexable	
https://www.birminghamboilerrepairs.uk/highters-heath/baxi-specialists	8	Baxi Specialists in Highters Heath	34	Baxi Specialists Pricing in Highters Heath	42	Indexable	
https://www.birminghamboilerrepairs.uk/highters-heath/vokera-specialists	8	Vokera Specialists in Highters Heath	36	Vokera Specialists Pricing in Highters Heath	44	Indexable	
https://www.birminghamboilerrepairs.uk/highters-heath/alpha-boiler-specialists	8	Alpha Specialists in Highters Heath	35	Alpha Specialists Pricing in Highters Heath	43	Indexable	
https://www.birminghamboilerrepairs.uk/highters-heath/glowworm-specialists	8	Glow-worm Specialists in Highters Heath	39	Glow-worm Specialists Pricing in Highters Heath	47	Indexable	
https://www.birminghamboilerrepairs.uk/highters-heath/combination-boiler-repairs	8	Combination Boiler Repairs in Highters Heath	44	Combination Boiler Repairs Pricing in Highters Heath	52	Indexable	
https://www.birminghamboilerrepairs.uk/highters-heath/boiler-servicing	8	Boiler Servicing in Highters Heath	34	Boiler Servicing Pricing in Highters Heath	42	Indexable	
https://www.birminghamboilerrepairs.uk/highters-heath/ariston-specialists	8	Ariston Specialists in Highters Heath	37	Ariston Specialists Pricing in Highters Heath	45	Indexable	
https://www.birminghamboilerrepairs.uk/highters-heath/potterton-specialists	8	Potterton Specialists in Highters Heath	39	Potterton Specialists Pricing in Highters Heath	47	Indexable	
https://www.birminghamboilerrepairs.uk/highters-heath/boiler-repairs	8	Boiler Repairs in Highters Heath	32	Boiler Repairs Pricing in Highters Heath	40	Indexable	
https://www.birminghamboilerrepairs.uk/highters-heath/viessmann-specialists	8	Viessmann Specialists in Highters Heath	39	Viessmann Specialists Pricing in Highters Heath	47	Indexable	
https://www.birminghamboilerrepairs.uk/highters-heath/atag-specialists	8	Atag Specialists in Highters Heath	34	Atag Specialists Pricing in Highters Heath	42	Indexable	
https://www.birminghamboilerrepairs.uk/west-midlands/alpha-boiler-specialists	8	Alpha Specialists in West Midlands	34	Alpha Specialists Pricing in West Midlands	42	Indexable	
https://www.birminghamboilerrepairs.uk/west-midlands/main-boiler-specialists	8	Main Specialists in West Midlands	33	Main Specialists Pricing in West Midlands	41	Indexable	
https://www.birminghamboilerrepairs.uk/west-midlands/boiler-servicing	8	Boiler Servicing in West Midlands	33	Boiler Servicing Pricing in West Midlands	41	Indexable	
https://www.birminghamboilerrepairs.uk/west-midlands/ideal-boilers-specialists	8	Ideal Boilers Specialists in West Midlands	42	Ideal Boilers Specialists Pricing in West Midlands	50	Indexable	
https://www.birminghamboilerrepairs.uk/west-midlands/vokera-specialists	8	Vokera Specialists in West Midlands	35	Vokera Specialists Pricing in West Midlands	43	Indexable	
https://www.birminghamboilerrepairs.uk/west-midlands/potterton-specialists	8	Potterton Specialists in West Midlands	38	Potterton Specialists Pricing in West Midlands	46	Indexable	
https://www.birminghamboilerrepairs.uk/west-midlands/glowworm-specialists	8	Glow-worm Specialists in West Midlands	38	Glow-worm Specialists Pricing in West Midlands	46	Indexable	
https://www.birminghamboilerrepairs.uk/west-midlands/baxi-specialists	8	Baxi Specialists in West Midlands	33	Baxi Specialists Pricing in West Midlands	41	Indexable	
https://www.birminghamboilerrepairs.uk/west-midlands/ariston-specialists	8	Ariston Specialists in West Midlands	36	Ariston Specialists Pricing in West Midlands	44	Indexable	
https://www.birminghamboilerrepairs.uk/west-midlands/heatline-specialists	8	Heatline Specialists in West Midlands	37	Heatline Specialists Pricing in West Midlands	45	Indexable	
https://www.birminghamboilerrepairs.uk/west-midlands/viessmann-specialists	8	Viessmann Specialists in West Midlands	38	Viessmann Specialists Pricing in West Midlands	46	Indexable	
https://www.birminghamboilerrepairs.uk/west-midlands/intergas-specialists	8	Intergas Specialists in West Midlands	37	Intergas Specialists Pricing in West Midlands	45	Indexable	
https://www.birminghamboilerrepairs.uk/west-midlands/atag-specialists	8	Atag Specialists in West Midlands	33	Atag Specialists Pricing in West Midlands	41	Indexable	
https://www.birminghamboilerrepairs.uk/west-midlands/biasi-specialists	8	Biasi Specialists in West Midlands	34	Biasi Specialists Pricing in West Midlands	42	Indexable	
https://www.birminghamboilerrepairs.uk/west-midlands/vaillant-specialists	8	Vaillant Specialists in West Midlands	37	Vaillant Specialists Pricing in West Midlands	45	Indexable	
https://www.birminghamboilerrepairs.uk/browns-green/vaillant-specialists	8	Vaillant Specialists in Browns Green	36	Vaillant Specialists Pricing in Browns Green	44	Indexable	
https://www.birminghamboilerrepairs.uk/browns-green/glowworm-specialists	8	Glow-worm Specialists in Browns Green	37	Glow-worm Specialists Pricing in Browns Green	45	Indexable	
https://www.birminghamboilerrepairs.uk/browns-green/potterton-specialists	8	Potterton Specialists in Browns Green	37	Potterton Specialists Pricing in Browns Green	45	Indexable	
https://www.birminghamboilerrepairs.uk/browns-green/atag-specialists	8	Atag Specialists in Browns Green	32	Atag Specialists Pricing in Browns Green	40	Indexable	
https://www.birminghamboilerrepairs.uk/browns-green/combination-boiler-services	8	Combination Boiler Services in Browns Green	43	Combination Boiler Services Pricing in Browns Green	51	Indexable	
https://www.birminghamboilerrepairs.uk/browns-green/worcester-bosch-specialists	8	Worcester Bosch Specialists in Browns Green	43	Worcester Bosch Specialists Pricing in Browns Green	51	Indexable	
https://www.birminghamboilerrepairs.uk/browns-green/heatline-specialists	8	Heatline Specialists in Browns Green	36	Heatline Specialists Pricing in Browns Green	44	Indexable	
https://www.birminghamboilerrepairs.uk/browns-green/gas-safety	8	Gas Safety Inspections in Browns Green	38	Gas Safety Inspections Pricing in Browns Green	46	Indexable	
https://www.birminghamboilerrepairs.uk/browns-green/main-boiler-specialists	8	Main Specialists in Browns Green	32	Main Specialists Pricing in Browns Green	40	Indexable	
https://www.birminghamboilerrepairs.uk/browns-green/baxi-specialists	8	Baxi Specialists in Browns Green	32	Baxi Specialists Pricing in Browns Green	40	Indexable	
https://www.birminghamboilerrepairs.uk/browns-green/intergas-specialists	8	Intergas Specialists in Browns Green	36	Intergas Specialists Pricing in Browns Green	44	Indexable	
https://www.birminghamboilerrepairs.uk/browns-green/combination-boiler-repairs	8	Combination Boiler Repairs in Browns Green	42	Combination Boiler Repairs Pricing in Browns Green	50	Indexable	
https://www.birminghamboilerrepairs.uk/browns-green/ideal-boilers-specialists	8	Ideal Boilers Specialists in Browns Green	41	Ideal Boilers Specialists Pricing in Browns Green	49	Indexable	
https://www.birminghamboilerrepairs.uk/browns-green/ferroli-specialists	8	Ferroli Specialists in Browns Green	35	Ferroli Specialists Pricing in Browns Green	43	Indexable	
https://www.birminghamboilerrepairs.uk/browns-green/boiler-servicing	8	Boiler Servicing in Browns Green	32	Boiler Servicing Pricing in Browns Green	40	Indexable	
https://www.birminghamboilerrepairs.uk/browns-green/biasi-specialists	8	Biasi Specialists in Browns Green	33	Biasi Specialists Pricing in Browns Green	41	Indexable	
https://www.birminghamboilerrepairs.uk/browns-green/viessmann-specialists	8	Viessmann Specialists in Browns Green	37	Viessmann Specialists Pricing in Browns Green	45	Indexable	
https://www.birminghamboilerrepairs.uk/browns-green/ariston-specialists	8	Ariston Specialists in Browns Green	35	Ariston Specialists Pricing in Browns Green	43	Indexable	
https://www.birminghamboilerrepairs.uk/browns-green/vokera-specialists	8	Vokera Specialists in Browns Green	34	Vokera Specialists Pricing in Browns Green	42	Indexable	
https://www.birminghamboilerrepairs.uk/browns-green/alpha-boiler-specialists	8	Alpha Specialists in Browns Green	33	Alpha Specialists Pricing in Browns Green	41	Indexable	
https://www.birminghamboilerrepairs.uk/browns-green/boiler-repairs	8	Boiler Repairs in Browns Green	30	Boiler Repairs Pricing in Browns Green	38	Indexable	
https://www.birminghamboilerrepairs.uk/queslett/ariston-specialists	8	Ariston Specialists in Queslett	31	Ariston Specialists Pricing in Queslett	39	Indexable	
https://www.birminghamboilerrepairs.uk/queslett/atag-specialists	8	Atag Specialists in Queslett	28	Atag Specialists Pricing in Queslett	36	Indexable	
https://www.birminghamboilerrepairs.uk/queslett/vokera-specialists	8	Vokera Specialists in Queslett	30	Vokera Specialists Pricing in Queslett	38	Indexable	
https://www.birminghamboilerrepairs.uk/queslett/biasi-specialists	8	Biasi Specialists in Queslett	29	Biasi Specialists Pricing in Queslett	37	Indexable	
https://www.birminghamboilerrepairs.uk/queslett/vaillant-specialists	8	Vaillant Specialists in Queslett	32	Vaillant Specialists Pricing in Queslett	40	Indexable	
https://www.birminghamboilerrepairs.uk/queslett/ideal-boilers-specialists	8	Ideal Boilers Specialists in Queslett	37	Ideal Boilers Specialists Pricing in Queslett	45	Indexable	
https://www.birminghamboilerrepairs.uk/queslett/heatline-specialists	8	Heatline Specialists in Queslett	32	Heatline Specialists Pricing in Queslett	40	Indexable	
https://www.birminghamboilerrepairs.uk/queslett/combination-boiler-repairs	8	Combination Boiler Repairs in Queslett	38	Combination Boiler Repairs Pricing in Queslett	46	Indexable	
https://www.birminghamboilerrepairs.uk/queslett/boiler-repairs	8	Boiler Repairs in Queslett	26	Boiler Repairs Pricing in Queslett	34	Indexable	
https://www.birminghamboilerrepairs.uk/queslett/boiler-servicing	8	Boiler Servicing in Queslett	28	Boiler Servicing Pricing in Queslett	36	Indexable	
https://www.birminghamboilerrepairs.uk/queslett/ferroli-specialists	8	Ferroli Specialists in Queslett	31	Ferroli Specialists Pricing in Queslett	39	Indexable	
https://www.birminghamboilerrepairs.uk/queslett/potterton-specialists	8	Potterton Specialists in Queslett	33	Potterton Specialists Pricing in Queslett	41	Indexable	
https://www.birminghamboilerrepairs.uk/queslett/alpha-boiler-specialists	8	Alpha Specialists in Queslett	29	Alpha Specialists Pricing in Queslett	37	Indexable	
https://www.birminghamboilerrepairs.uk/queslett/baxi-specialists	8	Baxi Specialists in Queslett	28	Baxi Specialists Pricing in Queslett	36	Indexable	
https://www.birminghamboilerrepairs.uk/queslett/main-boiler-specialists	8	Main Specialists in Queslett	28	Main Specialists Pricing in Queslett	36	Indexable	
https://www.birminghamboilerrepairs.uk/queslett/combination-boiler-services	8	Combination Boiler Services in Queslett	39	Combination Boiler Services Pricing in Queslett	47	Indexable	
https://www.birminghamboilerrepairs.uk/queslett/worcester-bosch-specialists	8	Worcester Bosch Specialists in Queslett	39	Worcester Bosch Specialists Pricing in Queslett	47	Indexable	
https://www.birminghamboilerrepairs.uk/queslett/gas-safety	8	Gas Safety Inspections in Queslett	34	Gas Safety Inspections Pricing in Queslett	42	Indexable	
https://www.birminghamboilerrepairs.uk/queslett/intergas-specialists	8	Intergas Specialists in Queslett	32	Intergas Specialists Pricing in Queslett	40	Indexable	
https://www.birminghamboilerrepairs.uk/queslett/viessmann-specialists	8	Viessmann Specialists in Queslett	33	Viessmann Specialists Pricing in Queslett	41	Indexable	
https://www.birminghamboilerrepairs.uk/stockfield/baxi-specialists	8	Baxi Specialists in Stockfield	30	Baxi Specialists Pricing in Stockfield	38	Indexable	
https://www.birminghamboilerrepairs.uk/queslett/glowworm-specialists	8	Glow-worm Specialists in Queslett	33	Glow-worm Specialists Pricing in Queslett	41	Indexable	
https://www.birminghamboilerrepairs.uk/stockfield/ferroli-specialists	8	Ferroli Specialists in Stockfield	33	Ferroli Specialists Pricing in Stockfield	41	Indexable	
https://www.birminghamboilerrepairs.uk/stockfield/atag-specialists	8	Atag Specialists in Stockfield	30	Atag Specialists Pricing in Stockfield	38	Indexable	
https://www.birminghamboilerrepairs.uk/stockfield/ariston-specialists	8	Ariston Specialists in Stockfield	33	Ariston Specialists Pricing in Stockfield	41	Indexable	
https://www.birminghamboilerrepairs.uk/stockfield/gas-safety	8	Gas Safety Inspections in Stockfield	36	Gas Safety Inspections Pricing in Stockfield	44	Indexable	
https://www.birminghamboilerrepairs.uk/stockfield/boiler-repairs	8	Boiler Repairs in Stockfield	28	Boiler Repairs Pricing in Stockfield	36	Indexable	
https://www.birminghamboilerrepairs.uk/stockfield/alpha-boiler-specialists	8	Alpha Specialists in Stockfield	31	Alpha Specialists Pricing in Stockfield	39	Indexable	
https://www.birminghamboilerrepairs.uk/stockfield/ideal-boilers-specialists	8	Ideal Boilers Specialists in Stockfield	39	Ideal Boilers Specialists Pricing in Stockfield	47	Indexable	
https://www.birminghamboilerrepairs.uk/stockfield/glowworm-specialists	8	Glow-worm Specialists in Stockfield	35	Glow-worm Specialists Pricing in Stockfield	43	Indexable	
https://www.birminghamboilerrepairs.uk/stockfield/combination-boiler-repairs	8	Combination Boiler Repairs in Stockfield	40	Combination Boiler Repairs Pricing in Stockfield	48	Indexable	
https://www.birminghamboilerrepairs.uk/stockfield/worcester-bosch-specialists	8	Worcester Bosch Specialists in Stockfield	41	Worcester Bosch Specialists Pricing in Stockfield	49	Indexable	
https://www.birminghamboilerrepairs.uk/stockfield/viessmann-specialists	8	Viessmann Specialists in Stockfield	35	Viessmann Specialists Pricing in Stockfield	43	Indexable	
https://www.birminghamboilerrepairs.uk/stockfield/intergas-specialists	8	Intergas Specialists in Stockfield	34	Intergas Specialists Pricing in Stockfield	42	Indexable	
https://www.birminghamboilerrepairs.uk/stockfield/boiler-servicing	8	Boiler Servicing in Stockfield	30	Boiler Servicing Pricing in Stockfield	38	Indexable	
https://www.birminghamboilerrepairs.uk/stockfield/combination-boiler-services	8	Combination Boiler Services in Stockfield	41	Combination Boiler Services Pricing in Stockfield	49	Indexable	
https://www.birminghamboilerrepairs.uk/stockfield/potterton-specialists	8	Potterton Specialists in Stockfield	35	Potterton Specialists Pricing in Stockfield	43	Indexable	
https://www.birminghamboilerrepairs.uk/stockfield/biasi-specialists	8	Biasi Specialists in Stockfield	31	Biasi Specialists Pricing in Stockfield	39	Indexable	
https://www.birminghamboilerrepairs.uk/stockfield/heatline-specialists	8	Heatline Specialists in Stockfield	34	Heatline Specialists Pricing in Stockfield	42	Indexable	
https://www.birminghamboilerrepairs.uk/stockfield/main-boiler-specialists	8	Main Specialists in Stockfield	30	Main Specialists Pricing in Stockfield	38	Indexable	
https://www.birminghamboilerrepairs.uk/stockfield/vaillant-specialists	8	Vaillant Specialists in Stockfield	34	Vaillant Specialists Pricing in Stockfield	42	Indexable	
https://www.birminghamboilerrepairs.uk/churchfield/ariston-specialists	8	Ariston Specialists in Churchfield	34	Ariston Specialists Pricing in Churchfield	42	Indexable	
https://www.birminghamboilerrepairs.uk/churchfield/vaillant-specialists	8	Vaillant Specialists in Churchfield	35	Vaillant Specialists Pricing in Churchfield	43	Indexable	
https://www.birminghamboilerrepairs.uk/churchfield/atag-specialists	8	Atag Specialists in Churchfield	31	Atag Specialists Pricing in Churchfield	39	Indexable	
https://www.birminghamboilerrepairs.uk/stockfield/vokera-specialists	8	Vokera Specialists in Stockfield	32	Vokera Specialists Pricing in Stockfield	40	Indexable	
https://www.birminghamboilerrepairs.uk/churchfield/vokera-specialists	8	Vokera Specialists in Churchfield	33	Vokera Specialists Pricing in Churchfield	41	Indexable	
https://www.birminghamboilerrepairs.uk/churchfield/gas-safety	8	Gas Safety Inspections in Churchfield	37	Gas Safety Inspections Pricing in Churchfield	45	Indexable	
https://www.birminghamboilerrepairs.uk/churchfield/ferroli-specialists	8	Ferroli Specialists in Churchfield	34	Ferroli Specialists Pricing in Churchfield	42	Indexable	
https://www.birminghamboilerrepairs.uk/churchfield/potterton-specialists	8	Potterton Specialists in Churchfield	36	Potterton Specialists Pricing in Churchfield	44	Indexable	
https://www.birminghamboilerrepairs.uk/churchfield/boiler-servicing	8	Boiler Servicing in Churchfield	31	Boiler Servicing Pricing in Churchfield	39	Indexable	
https://www.birminghamboilerrepairs.uk/churchfield/biasi-specialists	8	Biasi Specialists in Churchfield	32	Biasi Specialists Pricing in Churchfield	40	Indexable	
https://www.birminghamboilerrepairs.uk/churchfield/heatline-specialists	8	Heatline Specialists in Churchfield	35	Heatline Specialists Pricing in Churchfield	43	Indexable	
https://www.birminghamboilerrepairs.uk/churchfield/combination-boiler-services	8	Combination Boiler Services in Churchfield	42	Combination Boiler Services Pricing in Churchfield	50	Indexable	
https://www.birminghamboilerrepairs.uk/churchfield/viessmann-specialists	8	Viessmann Specialists in Churchfield	36	Viessmann Specialists Pricing in Churchfield	44	Indexable	
https://www.birminghamboilerrepairs.uk/churchfield/ideal-boilers-specialists	8	Ideal Boilers Specialists in Churchfield	40	Ideal Boilers Specialists Pricing in Churchfield	48	Indexable	
https://www.birminghamboilerrepairs.uk/churchfield/alpha-boiler-specialists	8	Alpha Specialists in Churchfield	32	Alpha Specialists Pricing in Churchfield	40	Indexable	
https://www.birminghamboilerrepairs.uk/churchfield/worcester-bosch-specialists	8	Worcester Bosch Specialists in Churchfield	42	Worcester Bosch Specialists Pricing in Churchfield	50	Indexable	
https://www.birminghamboilerrepairs.uk/churchfield/combination-boiler-repairs	8	Combination Boiler Repairs in Churchfield	41	Combination Boiler Repairs Pricing in Churchfield	49	Indexable	
https://www.birminghamboilerrepairs.uk/churchfield/boiler-repairs	8	Boiler Repairs in Churchfield	29	Boiler Repairs Pricing in Churchfield	37	Indexable	
https://www.birminghamboilerrepairs.uk/churchfield/baxi-specialists	8	Baxi Specialists in Churchfield	31	Baxi Specialists Pricing in Churchfield	39	Indexable	
https://www.birminghamboilerrepairs.uk/churchfield/main-boiler-specialists	8	Main Specialists in Churchfield	31	Main Specialists Pricing in Churchfield	39	Indexable	
https://www.birminghamboilerrepairs.uk/aston-fields/atag-specialists	8	Atag Specialists in Aston Fields	32	Atag Specialists Pricing in Aston Fields	40	Indexable	
https://www.birminghamboilerrepairs.uk/aston-fields/ideal-boilers-specialists	8	Ideal Boilers Specialists in Aston Fields	41	Ideal Boilers Specialists Pricing in Aston Fields	49	Indexable	
https://www.birminghamboilerrepairs.uk/aston-fields/worcester-bosch-specialists	8	Worcester Bosch Specialists in Aston Fields	43	Worcester Bosch Specialists Pricing in Aston Fields	51	Indexable	
https://www.birminghamboilerrepairs.uk/churchfield/glowworm-specialists	8	Glow-worm Specialists in Churchfield	36	Glow-worm Specialists Pricing in Churchfield	44	Indexable	
https://www.birminghamboilerrepairs.uk/churchfield/intergas-specialists	8	Intergas Specialists in Churchfield	35	Intergas Specialists Pricing in Churchfield	43	Indexable	
https://www.birminghamboilerrepairs.uk/aston-fields/glowworm-specialists	8	Glow-worm Specialists in Aston Fields	37	Glow-worm Specialists Pricing in Aston Fields	45	Indexable	
https://www.birminghamboilerrepairs.uk/aston-fields/baxi-specialists	8	Baxi Specialists in Aston Fields	32	Baxi Specialists Pricing in Aston Fields	40	Indexable	
https://www.birminghamboilerrepairs.uk/aston-fields/gas-safety	8	Gas Safety Inspections in Aston Fields	38	Gas Safety Inspections Pricing in Aston Fields	46	Indexable	
https://www.birminghamboilerrepairs.uk/aston-fields/alpha-boiler-specialists	8	Alpha Specialists in Aston Fields	33	Alpha Specialists Pricing in Aston Fields	41	Indexable	
https://www.birminghamboilerrepairs.uk/aston-fields/main-boiler-specialists	8	Main Specialists in Aston Fields	32	Main Specialists Pricing in Aston Fields	40	Indexable	
https://www.birminghamboilerrepairs.uk/aston-fields/boiler-servicing	8	Boiler Servicing in Aston Fields	32	Boiler Servicing Pricing in Aston Fields	40	Indexable	
https://www.birminghamboilerrepairs.uk/aston-fields/boiler-repairs	8	Boiler Repairs in Aston Fields	30	Boiler Repairs Pricing in Aston Fields	38	Indexable	
https://www.birminghamboilerrepairs.uk/aston-fields/biasi-specialists	8	Biasi Specialists in Aston Fields	33	Biasi Specialists Pricing in Aston Fields	41	Indexable	
https://www.birminghamboilerrepairs.uk/aston-fields/ferroli-specialists	8	Ferroli Specialists in Aston Fields	35	Ferroli Specialists Pricing in Aston Fields	43	Indexable	
https://www.birminghamboilerrepairs.uk/aston-fields/intergas-specialists	8	Intergas Specialists in Aston Fields	36	Intergas Specialists Pricing in Aston Fields	44	Indexable	
https://www.birminghamboilerrepairs.uk/aston-fields/vaillant-specialists	8	Vaillant Specialists in Aston Fields	36	Vaillant Specialists Pricing in Aston Fields	44	Indexable	
https://www.birminghamboilerrepairs.uk/aston-fields/combination-boiler-services	8	Combination Boiler Services in Aston Fields	43	Combination Boiler Services Pricing in Aston Fields	51	Indexable	
https://www.birminghamboilerrepairs.uk/aston-fields/combination-boiler-repairs	8	Combination Boiler Repairs in Aston Fields	42	Combination Boiler Repairs Pricing in Aston Fields	50	Indexable	
https://www.birminghamboilerrepairs.uk/aston-fields/vokera-specialists	8	Vokera Specialists in Aston Fields	34	Vokera Specialists Pricing in Aston Fields	42	Indexable	
https://www.birminghamboilerrepairs.uk/aston-fields/viessmann-specialists	8	Viessmann Specialists in Aston Fields	37	Viessmann Specialists Pricing in Aston Fields	45	Indexable	
https://www.birminghamboilerrepairs.uk/aston-fields/ariston-specialists	8	Ariston Specialists in Aston Fields	35	Ariston Specialists Pricing in Aston Fields	43	Indexable	
https://www.birminghamboilerrepairs.uk/aston-fields/potterton-specialists	8	Potterton Specialists in Aston Fields	37	Potterton Specialists Pricing in Aston Fields	45	Indexable	
https://www.birminghamboilerrepairs.uk/weoley-castle/vokera-specialists	8	Vokera Specialists in Weoley Castle	35	Vokera Specialists Pricing in Weoley Castle	43	Indexable	
https://www.birminghamboilerrepairs.uk/aston-fields/heatline-specialists	8	Heatline Specialists in Aston Fields	36	Heatline Specialists Pricing in Aston Fields	44	Indexable	
https://www.birminghamboilerrepairs.uk/weoley-castle/main-boiler-specialists	8	Main Specialists in Weoley Castle	33	Main Specialists Pricing in Weoley Castle	41	Indexable	
https://www.birminghamboilerrepairs.uk/weoley-castle/boiler-servicing	8	Boiler Servicing in Weoley Castle	33	Boiler Servicing Pricing in Weoley Castle	41	Indexable	
https://www.birminghamboilerrepairs.uk/weoley-castle/alpha-boiler-specialists	8	Alpha Specialists in Weoley Castle	34	Alpha Specialists Pricing in Weoley Castle	42	Indexable	
https://www.birminghamboilerrepairs.uk/weoley-castle/ferroli-specialists	8	Ferroli Specialists in Weoley Castle	36	Ferroli Specialists Pricing in Weoley Castle	44	Indexable	
https://www.birminghamboilerrepairs.uk/weoley-castle/intergas-specialists	8	Intergas Specialists in Weoley Castle	37	Intergas Specialists Pricing in Weoley Castle	45	Indexable	
https://www.birminghamboilerrepairs.uk/weoley-castle/viessmann-specialists	8	Viessmann Specialists in Weoley Castle	38	Viessmann Specialists Pricing in Weoley Castle	46	Indexable	
https://www.birminghamboilerrepairs.uk/weoley-castle/atag-specialists	8	Atag Specialists in Weoley Castle	33	Atag Specialists Pricing in Weoley Castle	41	Indexable	
https://www.birminghamboilerrepairs.uk/weoley-castle/heatline-specialists	8	Heatline Specialists in Weoley Castle	37	Heatline Specialists Pricing in Weoley Castle	45	Indexable	
https://www.birminghamboilerrepairs.uk/weoley-castle/gas-safety	8	Gas Safety Inspections in Weoley Castle	39	Gas Safety Inspections Pricing in Weoley Castle	47	Indexable	
https://www.birminghamboilerrepairs.uk/weoley-castle/ariston-specialists	8	Ariston Specialists in Weoley Castle	36	Ariston Specialists Pricing in Weoley Castle	44	Indexable	
https://www.birminghamboilerrepairs.uk/weoley-castle/potterton-specialists	8	Potterton Specialists in Weoley Castle	38	Potterton Specialists Pricing in Weoley Castle	46	Indexable	
https://www.birminghamboilerrepairs.uk/weoley-castle/biasi-specialists	8	Biasi Specialists in Weoley Castle	34	Biasi Specialists Pricing in Weoley Castle	42	Indexable	
https://www.birminghamboilerrepairs.uk/weoley-castle/combination-boiler-repairs	8	Combination Boiler Repairs in Weoley Castle	43	Combination Boiler Repairs Pricing in Weoley Castle	51	Indexable	
https://www.birminghamboilerrepairs.uk/weoley-castle/glowworm-specialists	8	Glow-worm Specialists in Weoley Castle	38	Glow-worm Specialists Pricing in Weoley Castle	46	Indexable	
https://www.birminghamboilerrepairs.uk/weoley-castle/worcester-bosch-specialists	8	Worcester Bosch Specialists in Weoley Castle	44	Worcester Bosch Specialists Pricing in Weoley Castle	52	Indexable	
https://www.birminghamboilerrepairs.uk/weoley-castle/combination-boiler-services	8	Combination Boiler Services in Weoley Castle	44	Combination Boiler Services Pricing in Weoley Castle	52	Indexable	
https://www.birminghamboilerrepairs.uk/weoley-castle/vaillant-specialists	8	Vaillant Specialists in Weoley Castle	37	Vaillant Specialists Pricing in Weoley Castle	45	Indexable	
https://www.birminghamboilerrepairs.uk/weoley-castle/ideal-boilers-specialists	8	Ideal Boilers Specialists in Weoley Castle	42	Ideal Boilers Specialists Pricing in Weoley Castle	50	Indexable	
https://www.birminghamboilerrepairs.uk/weoley-castle/boiler-repairs	8	Boiler Repairs in Weoley Castle	31	Boiler Repairs Pricing in Weoley Castle	39	Indexable	
https://www.birminghamboilerrepairs.uk/weoley-castle/baxi-specialists	8	Baxi Specialists in Weoley Castle	33	Baxi Specialists Pricing in Weoley Castle	41	Indexable	
https://www.birminghamboilerrepairs.uk/finstall/ariston-specialists	8	Ariston Specialists in Finstall	31	Ariston Specialists Pricing in Finstall	39	Indexable	
https://www.birminghamboilerrepairs.uk/finstall/atag-specialists	8	Atag Specialists in Finstall	28	Atag Specialists Pricing in Finstall	36	Indexable	
https://www.birminghamboilerrepairs.uk/finstall/combination-boiler-services	8	Combination Boiler Services in Finstall	39	Combination Boiler Services Pricing in Finstall	47	Indexable	
https://www.birminghamboilerrepairs.uk/finstall/boiler-repairs	8	Boiler Repairs in Finstall	26	Boiler Repairs Pricing in Finstall	34	Indexable	
https://www.birminghamboilerrepairs.uk/finstall/ferroli-specialists	8	Ferroli Specialists in Finstall	31	Ferroli Specialists Pricing in Finstall	39	Indexable	
https://www.birminghamboilerrepairs.uk/finstall/baxi-specialists	8	Baxi Specialists in Finstall	28	Baxi Specialists Pricing in Finstall	36	Indexable	
https://www.birminghamboilerrepairs.uk/finstall/ideal-boilers-specialists	8	Ideal Boilers Specialists in Finstall	37	Ideal Boilers Specialists Pricing in Finstall	45	Indexable	
https://www.birminghamboilerrepairs.uk/finstall/intergas-specialists	8	Intergas Specialists in Finstall	32	Intergas Specialists Pricing in Finstall	40	Indexable	
https://www.birminghamboilerrepairs.uk/finstall/biasi-specialists	8	Biasi Specialists in Finstall	29	Biasi Specialists Pricing in Finstall	37	Indexable	
https://www.birminghamboilerrepairs.uk/finstall/heatline-specialists	8	Heatline Specialists in Finstall	32	Heatline Specialists Pricing in Finstall	40	Indexable	
https://www.birminghamboilerrepairs.uk/finstall/vaillant-specialists	8	Vaillant Specialists in Finstall	32	Vaillant Specialists Pricing in Finstall	40	Indexable	
https://www.birminghamboilerrepairs.uk/finstall/main-boiler-specialists	8	Main Specialists in Finstall	28	Main Specialists Pricing in Finstall	36	Indexable	
https://www.birminghamboilerrepairs.uk/finstall/viessmann-specialists	8	Viessmann Specialists in Finstall	33	Viessmann Specialists Pricing in Finstall	41	Indexable	
https://www.birminghamboilerrepairs.uk/finstall/combination-boiler-repairs	8	Combination Boiler Repairs in Finstall	38	Combination Boiler Repairs Pricing in Finstall	46	Indexable	
https://www.birminghamboilerrepairs.uk/finstall/glowworm-specialists	8	Glow-worm Specialists in Finstall	33	Glow-worm Specialists Pricing in Finstall	41	Indexable	
https://www.birminghamboilerrepairs.uk/finstall/boiler-servicing	8	Boiler Servicing in Finstall	28	Boiler Servicing Pricing in Finstall	36	Indexable	
https://www.birminghamboilerrepairs.uk/finstall/gas-safety	8	Gas Safety Inspections in Finstall	34	Gas Safety Inspections Pricing in Finstall	42	Indexable	
https://www.birminghamboilerrepairs.uk/finstall/potterton-specialists	8	Potterton Specialists in Finstall	33	Potterton Specialists Pricing in Finstall	41	Indexable	
https://www.birminghamboilerrepairs.uk/finstall/worcester-bosch-specialists	8	Worcester Bosch Specialists in Finstall	39	Worcester Bosch Specialists Pricing in Finstall	47	Indexable	
https://www.birminghamboilerrepairs.uk/finstall/alpha-boiler-specialists	8	Alpha Specialists in Finstall	29	Alpha Specialists Pricing in Finstall	37	Indexable	
https://www.birminghamboilerrepairs.uk/finstall/vokera-specialists	8	Vokera Specialists in Finstall	30	Vokera Specialists Pricing in Finstall	38	Indexable	
https://www.birminghamboilerrepairs.uk/west-bromwich/gas-safety	8	Gas Safety Inspections in West Bromwich	39	Gas Safety Inspections Pricing in West Bromwich	47	Indexable	
https://www.birminghamboilerrepairs.uk/west-bromwich/vaillant-specialists	8	Vaillant Specialists in West Bromwich	37	Vaillant Specialists Pricing in West Bromwich	45	Indexable	
https://www.birminghamboilerrepairs.uk/west-bromwich/alpha-boiler-specialists	8	Alpha Specialists in West Bromwich	34	Alpha Specialists Pricing in West Bromwich	42	Indexable	
https://www.birminghamboilerrepairs.uk/west-bromwich/vokera-specialists	8	Vokera Specialists in West Bromwich	35	Vokera Specialists Pricing in West Bromwich	43	Indexable	
https://www.birminghamboilerrepairs.uk/west-bromwich/ideal-boilers-specialists	8	Ideal Boilers Specialists in West Bromwich	42	Ideal Boilers Specialists Pricing in West Bromwich	50	Indexable	
https://www.birminghamboilerrepairs.uk/west-bromwich/glowworm-specialists	8	Glow-worm Specialists in West Bromwich	38	Glow-worm Specialists Pricing in West Bromwich	46	Indexable	
https://www.birminghamboilerrepairs.uk/west-bromwich/main-boiler-specialists	8	Main Specialists in West Bromwich	33	Main Specialists Pricing in West Bromwich	41	Indexable	
https://www.birminghamboilerrepairs.uk/west-bromwich/intergas-specialists	8	Intergas Specialists in West Bromwich	37	Intergas Specialists Pricing in West Bromwich	45	Indexable	
https://www.birminghamboilerrepairs.uk/west-bromwich/baxi-specialists	8	Baxi Specialists in West Bromwich	33	Baxi Specialists Pricing in West Bromwich	41	Indexable	
https://www.birminghamboilerrepairs.uk/west-bromwich/atag-specialists	8	Atag Specialists in West Bromwich	33	Atag Specialists Pricing in West Bromwich	41	Indexable	
https://www.birminghamboilerrepairs.uk/west-bromwich/ariston-specialists	8	Ariston Specialists in West Bromwich	36	Ariston Specialists Pricing in West Bromwich	44	Indexable	
https://www.birminghamboilerrepairs.uk/west-bromwich/boiler-servicing	8	Boiler Servicing in West Bromwich	33	Boiler Servicing Pricing in West Bromwich	41	Indexable	
https://www.birminghamboilerrepairs.uk/west-bromwich/biasi-specialists	8	Biasi Specialists in West Bromwich	34	Biasi Specialists Pricing in West Bromwich	42	Indexable	
https://www.birminghamboilerrepairs.uk/west-bromwich/combination-boiler-repairs	8	Combination Boiler Repairs in West Bromwich	43	Combination Boiler Repairs Pricing in West Bromwich	51	Indexable	
https://www.birminghamboilerrepairs.uk/west-bromwich/boiler-repairs	8	Boiler Repairs in West Bromwich	31	Boiler Repairs Pricing in West Bromwich	39	Indexable	
https://www.birminghamboilerrepairs.uk/west-bromwich/worcester-bosch-specialists	8	Worcester Bosch Specialists in West Bromwich	44	Worcester Bosch Specialists Pricing in West Bromwich	52	Indexable	
https://www.birminghamboilerrepairs.uk/west-bromwich/potterton-specialists	8	Potterton Specialists in West Bromwich	38	Potterton Specialists Pricing in West Bromwich	46	Indexable	
https://www.birminghamboilerrepairs.uk/west-bromwich/ferroli-specialists	8	Ferroli Specialists in West Bromwich	36	Ferroli Specialists Pricing in West Bromwich	44	Indexable	
https://www.birminghamboilerrepairs.uk/west-bromwich/combination-boiler-services	8	Combination Boiler Services in West Bromwich	44	Combination Boiler Services Pricing in West Bromwich	52	Indexable	
https://www.birminghamboilerrepairs.uk/west-bromwich/heatline-specialists	8	Heatline Specialists in West Bromwich	37	Heatline Specialists Pricing in West Bromwich	45	Indexable	
https://www.birminghamboilerrepairs.uk/pheasey/atag-specialists	8	Atag Specialists in Pheasey	27	Atag Specialists Pricing in Pheasey	35	Indexable	
https://www.birminghamboilerrepairs.uk/west-bromwich/viessmann-specialists	8	Viessmann Specialists in West Bromwich	38	Viessmann Specialists Pricing in West Bromwich	46	Indexable	
https://www.birminghamboilerrepairs.uk/pheasey/alpha-boiler-specialists	8	Alpha Specialists in Pheasey	28	Alpha Specialists Pricing in Pheasey	36	Indexable	
https://www.birminghamboilerrepairs.uk/pheasey/combination-boiler-repairs	8	Combination Boiler Repairs in Pheasey	37	Combination Boiler Repairs Pricing in Pheasey	45	Indexable	
https://www.birminghamboilerrepairs.uk/pheasey/combination-boiler-services	8	Combination Boiler Services in Pheasey	38	Combination Boiler Services Pricing in Pheasey	46	Indexable	
https://www.birminghamboilerrepairs.uk/pheasey/potterton-specialists	8	Potterton Specialists in Pheasey	32	Potterton Specialists Pricing in Pheasey	40	Indexable	
https://www.birminghamboilerrepairs.uk/pheasey/heatline-specialists	8	Heatline Specialists in Pheasey	31	Heatline Specialists Pricing in Pheasey	39	Indexable	
https://www.birminghamboilerrepairs.uk/pheasey/vokera-specialists	8	Vokera Specialists in Pheasey	29	Vokera Specialists Pricing in Pheasey	37	Indexable	
https://www.birminghamboilerrepairs.uk/pheasey/viessmann-specialists	8	Viessmann Specialists in Pheasey	32	Viessmann Specialists Pricing in Pheasey	40	Indexable	
https://www.birminghamboilerrepairs.uk/pheasey/gas-safety	8	Gas Safety Inspections in Pheasey	33	Gas Safety Inspections Pricing in Pheasey	41	Indexable	
https://www.birminghamboilerrepairs.uk/pheasey/ferroli-specialists	8	Ferroli Specialists in Pheasey	30	Ferroli Specialists Pricing in Pheasey	38	Indexable	
https://www.birminghamboilerrepairs.uk/pheasey/vaillant-specialists	8	Vaillant Specialists in Pheasey	31	Vaillant Specialists Pricing in Pheasey	39	Indexable	
https://www.birminghamboilerrepairs.uk/pheasey/boiler-servicing	8	Boiler Servicing in Pheasey	27	Boiler Servicing Pricing in Pheasey	35	Indexable	
https://www.birminghamboilerrepairs.uk/pheasey/worcester-bosch-specialists	8	Worcester Bosch Specialists in Pheasey	38	Worcester Bosch Specialists Pricing in Pheasey	46	Indexable	
https://www.birminghamboilerrepairs.uk/pheasey/ideal-boilers-specialists	8	Ideal Boilers Specialists in Pheasey	36	Ideal Boilers Specialists Pricing in Pheasey	44	Indexable	
https://www.birminghamboilerrepairs.uk/pheasey/biasi-specialists	8	Biasi Specialists in Pheasey	28	Biasi Specialists Pricing in Pheasey	36	Indexable	
https://www.birminghamboilerrepairs.uk/pheasey/main-boiler-specialists	8	Main Specialists in Pheasey	27	Main Specialists Pricing in Pheasey	35	Indexable	
https://www.birminghamboilerrepairs.uk/pheasey/ariston-specialists	8	Ariston Specialists in Pheasey	30	Ariston Specialists Pricing in Pheasey	38	Indexable	
https://www.birminghamboilerrepairs.uk/pheasey/boiler-repairs	8	Boiler Repairs in Pheasey	25	Boiler Repairs Pricing in Pheasey	33	Indexable	
https://www.birminghamboilerrepairs.uk/pheasey/baxi-specialists	8	Baxi Specialists in Pheasey	27	Baxi Specialists Pricing in Pheasey	35	Indexable	
https://www.birminghamboilerrepairs.uk/pheasey/intergas-specialists	8	Intergas Specialists in Pheasey	31	Intergas Specialists Pricing in Pheasey	39	Indexable	
https://www.birminghamboilerrepairs.uk/pheasey/glowworm-specialists	8	Glow-worm Specialists in Pheasey	32	Glow-worm Specialists Pricing in Pheasey	40	Indexable	
https://www.birminghamboilerrepairs.uk/west-heath/boiler-servicing	8	Boiler Servicing in West Heath	30	Boiler Servicing Pricing in West Heath	38	Indexable	
https://www.birminghamboilerrepairs.uk/west-heath/alpha-boiler-specialists	8	Alpha Specialists in West Heath	31	Alpha Specialists Pricing in West Heath	39	Indexable	
https://www.birminghamboilerrepairs.uk/west-heath/ferroli-specialists	8	Ferroli Specialists in West Heath	33	Ferroli Specialists Pricing in West Heath	41	Indexable	
https://www.birminghamboilerrepairs.uk/west-heath/biasi-specialists	8	Biasi Specialists in West Heath	31	Biasi Specialists Pricing in West Heath	39	Indexable	
https://www.birminghamboilerrepairs.uk/west-heath/boiler-repairs	8	Boiler Repairs in West Heath	28	Boiler Repairs Pricing in West Heath	36	Indexable	
https://www.birminghamboilerrepairs.uk/west-heath/combination-boiler-repairs	8	Combination Boiler Repairs in West Heath	40	Combination Boiler Repairs Pricing in West Heath	48	Indexable	
https://www.birminghamboilerrepairs.uk/west-heath/intergas-specialists	8	Intergas Specialists in West Heath	34	Intergas Specialists Pricing in West Heath	42	Indexable	
https://www.birminghamboilerrepairs.uk/west-heath/glowworm-specialists	8	Glow-worm Specialists in West Heath	35	Glow-worm Specialists Pricing in West Heath	43	Indexable	
https://www.birminghamboilerrepairs.uk/west-heath/potterton-specialists	8	Potterton Specialists in West Heath	35	Potterton Specialists Pricing in West Heath	43	Indexable	
https://www.birminghamboilerrepairs.uk/west-heath/main-boiler-specialists	8	Main Specialists in West Heath	30	Main Specialists Pricing in West Heath	38	Indexable	
https://www.birminghamboilerrepairs.uk/west-heath/ariston-specialists	8	Ariston Specialists in West Heath	33	Ariston Specialists Pricing in West Heath	41	Indexable	
https://www.birminghamboilerrepairs.uk/west-heath/vaillant-specialists	8	Vaillant Specialists in West Heath	34	Vaillant Specialists Pricing in West Heath	42	Indexable	
https://www.birminghamboilerrepairs.uk/west-heath/heatline-specialists	8	Heatline Specialists in West Heath	34	Heatline Specialists Pricing in West Heath	42	Indexable	
https://www.birminghamboilerrepairs.uk/west-heath/baxi-specialists	8	Baxi Specialists in West Heath	30	Baxi Specialists Pricing in West Heath	38	Indexable	
https://www.birminghamboilerrepairs.uk/west-heath/viessmann-specialists	8	Viessmann Specialists in West Heath	35	Viessmann Specialists Pricing in West Heath	43	Indexable	
https://www.birminghamboilerrepairs.uk/west-heath/worcester-bosch-specialists	8	Worcester Bosch Specialists in West Heath	41	Worcester Bosch Specialists Pricing in West Heath	49	Indexable	
https://www.birminghamboilerrepairs.uk/west-heath/gas-safety	8	Gas Safety Inspections in West Heath	36	Gas Safety Inspections Pricing in West Heath	44	Indexable	
https://www.birminghamboilerrepairs.uk/west-heath/vokera-specialists	8	Vokera Specialists in West Heath	32	Vokera Specialists Pricing in West Heath	40	Indexable	
https://www.birminghamboilerrepairs.uk/west-heath/atag-specialists	8	Atag Specialists in West Heath	30	Atag Specialists Pricing in West Heath	38	Indexable	
https://www.birminghamboilerrepairs.uk/west-heath/ideal-boilers-specialists	8	Ideal Boilers Specialists in West Heath	39	Ideal Boilers Specialists Pricing in West Heath	47	Indexable	
https://www.birminghamboilerrepairs.uk/west-heath/combination-boiler-services	8	Combination Boiler Services in West Heath	41	Combination Boiler Services Pricing in West Heath	49	Indexable	
https://www.birminghamboilerrepairs.uk/bordesley/baxi-specialists	8	Baxi Specialists in Bordesley	29	Baxi Specialists Pricing in Bordesley	37	Indexable	
https://www.birminghamboilerrepairs.uk/bordesley/worcester-bosch-specialists	8	Worcester Bosch Specialists in Bordesley	40	Worcester Bosch Specialists Pricing in Bordesley	48	Indexable	
https://www.birminghamboilerrepairs.uk/bordesley/atag-specialists	8	Atag Specialists in Bordesley	29	Atag Specialists Pricing in Bordesley	37	Indexable	
https://www.birminghamboilerrepairs.uk/bordesley/ferroli-specialists	8	Ferroli Specialists in Bordesley	32	Ferroli Specialists Pricing in Bordesley	40	Indexable	
https://www.birminghamboilerrepairs.uk/bordesley/viessmann-specialists	8	Viessmann Specialists in Bordesley	34	Viessmann Specialists Pricing in Bordesley	42	Indexable	
https://www.birminghamboilerrepairs.uk/bordesley/biasi-specialists	8	Biasi Specialists in Bordesley	30	Biasi Specialists Pricing in Bordesley	38	Indexable	
https://www.birminghamboilerrepairs.uk/bordesley/vaillant-specialists	8	Vaillant Specialists in Bordesley	33	Vaillant Specialists Pricing in Bordesley	41	Indexable	
https://www.birminghamboilerrepairs.uk/bordesley/vokera-specialists	8	Vokera Specialists in Bordesley	31	Vokera Specialists Pricing in Bordesley	39	Indexable	
https://www.birminghamboilerrepairs.uk/bordesley/gas-safety	8	Gas Safety Inspections in Bordesley	35	Gas Safety Inspections Pricing in Bordesley	43	Indexable	
https://www.birminghamboilerrepairs.uk/bordesley/intergas-specialists	8	Intergas Specialists in Bordesley	33	Intergas Specialists Pricing in Bordesley	41	Indexable	
https://www.birminghamboilerrepairs.uk/bordesley/boiler-servicing	8	Boiler Servicing in Bordesley	29	Boiler Servicing Pricing in Bordesley	37	Indexable	
https://www.birminghamboilerrepairs.uk/bordesley/heatline-specialists	8	Heatline Specialists in Bordesley	33	Heatline Specialists Pricing in Bordesley	41	Indexable	
https://www.birminghamboilerrepairs.uk/bordesley/ariston-specialists	8	Ariston Specialists in Bordesley	32	Ariston Specialists Pricing in Bordesley	40	Indexable	
https://www.birminghamboilerrepairs.uk/bordesley/combination-boiler-services	8	Combination Boiler Services in Bordesley	40	Combination Boiler Services Pricing in Bordesley	48	Indexable	
https://www.birminghamboilerrepairs.uk/bordesley/boiler-repairs	8	Boiler Repairs in Bordesley	27	Boiler Repairs Pricing in Bordesley	35	Indexable	
https://www.birminghamboilerrepairs.uk/bordesley/ideal-boilers-specialists	8	Ideal Boilers Specialists in Bordesley	38	Ideal Boilers Specialists Pricing in Bordesley	46	Indexable	
https://www.birminghamboilerrepairs.uk/bordesley/combination-boiler-repairs	8	Combination Boiler Repairs in Bordesley	39	Combination Boiler Repairs Pricing in Bordesley	47	Indexable	
https://www.birminghamboilerrepairs.uk/bordesley/alpha-boiler-specialists	8	Alpha Specialists in Bordesley	30	Alpha Specialists Pricing in Bordesley	38	Indexable	
https://www.birminghamboilerrepairs.uk/bordesley/main-boiler-specialists	8	Main Specialists in Bordesley	29	Main Specialists Pricing in Bordesley	37	Indexable	
https://www.birminghamboilerrepairs.uk/bordesley/potterton-specialists	8	Potterton Specialists in Bordesley	34	Potterton Specialists Pricing in Bordesley	42	Indexable	
https://www.birminghamboilerrepairs.uk/bordesley/glowworm-specialists	8	Glow-worm Specialists in Bordesley	34	Glow-worm Specialists Pricing in Bordesley	42	Indexable	
https://www.birminghamboilerrepairs.uk/over-green/main-boiler-specialists	8	Main Specialists in Over Green	30	Main Specialists Pricing in Over Green	38	Indexable	
https://www.birminghamboilerrepairs.uk/over-green/ariston-specialists	8	Ariston Specialists in Over Green	33	Ariston Specialists Pricing in Over Green	41	Indexable	
https://www.birminghamboilerrepairs.uk/over-green/combination-boiler-services	8	Combination Boiler Services in Over Green	41	Combination Boiler Services Pricing in Over Green	49	Indexable	
https://www.birminghamboilerrepairs.uk/over-green/glowworm-specialists	8	Glow-worm Specialists in Over Green	35	Glow-worm Specialists Pricing in Over Green	43	Indexable	
https://www.birminghamboilerrepairs.uk/over-green/ideal-boilers-specialists	8	Ideal Boilers Specialists in Over Green	39	Ideal Boilers Specialists Pricing in Over Green	47	Indexable	
https://www.birminghamboilerrepairs.uk/over-green/potterton-specialists	8	Potterton Specialists in Over Green	35	Potterton Specialists Pricing in Over Green	43	Indexable	
https://www.birminghamboilerrepairs.uk/over-green/gas-safety	8	Gas Safety Inspections in Over Green	36	Gas Safety Inspections Pricing in Over Green	44	Indexable	
https://www.birminghamboilerrepairs.uk/over-green/ferroli-specialists	8	Ferroli Specialists in Over Green	33	Ferroli Specialists Pricing in Over Green	41	Indexable	
https://www.birminghamboilerrepairs.uk/over-green/viessmann-specialists	8	Viessmann Specialists in Over Green	35	Viessmann Specialists Pricing in Over Green	43	Indexable	
https://www.birminghamboilerrepairs.uk/over-green/intergas-specialists	8	Intergas Specialists in Over Green	34	Intergas Specialists Pricing in Over Green	42	Indexable	
https://www.birminghamboilerrepairs.uk/over-green/worcester-bosch-specialists	8	Worcester Bosch Specialists in Over Green	41	Worcester Bosch Specialists Pricing in Over Green	49	Indexable	
https://www.birminghamboilerrepairs.uk/over-green/combination-boiler-repairs	8	Combination Boiler Repairs in Over Green	40	Combination Boiler Repairs Pricing in Over Green	48	Indexable	
https://www.birminghamboilerrepairs.uk/over-green/atag-specialists	8	Atag Specialists in Over Green	30	Atag Specialists Pricing in Over Green	38	Indexable	
https://www.birminghamboilerrepairs.uk/over-green/alpha-boiler-specialists	8	Alpha Specialists in Over Green	31	Alpha Specialists Pricing in Over Green	39	Indexable	
https://www.birminghamboilerrepairs.uk/over-green/heatline-specialists	8	Heatline Specialists in Over Green	34	Heatline Specialists Pricing in Over Green	42	Indexable	
https://www.birminghamboilerrepairs.uk/over-green/baxi-specialists	8	Baxi Specialists in Over Green	30	Baxi Specialists Pricing in Over Green	38	Indexable	
https://www.birminghamboilerrepairs.uk/over-green/boiler-repairs	8	Boiler Repairs in Over Green	28	Boiler Repairs Pricing in Over Green	36	Indexable	
https://www.birminghamboilerrepairs.uk/over-green/biasi-specialists	8	Biasi Specialists in Over Green	31	Biasi Specialists Pricing in Over Green	39	Indexable	
https://www.birminghamboilerrepairs.uk/over-green/vokera-specialists	8	Vokera Specialists in Over Green	32	Vokera Specialists Pricing in Over Green	40	Indexable	
https://www.birminghamboilerrepairs.uk/over-green/boiler-servicing	8	Boiler Servicing in Over Green	30	Boiler Servicing Pricing in Over Green	38	Indexable	
https://www.birminghamboilerrepairs.uk/over-green/vaillant-specialists	8	Vaillant Specialists in Over Green	34	Vaillant Specialists Pricing in Over Green	42	Indexable	
https://www.birminghamboilerrepairs.uk/gosta-green/gas-safety	8	Gas Safety Inspections in Gosta Green	37	Gas Safety Inspections Pricing in Gosta Green	45	Indexable	
https://www.birminghamboilerrepairs.uk/gosta-green/glowworm-specialists	8	Glow-worm Specialists in Gosta Green	36	Glow-worm Specialists Pricing in Gosta Green	44	Indexable	
https://www.birminghamboilerrepairs.uk/gosta-green/atag-specialists	8	Atag Specialists in Gosta Green	31	Atag Specialists Pricing in Gosta Green	39	Indexable	
https://www.birminghamboilerrepairs.uk/gosta-green/vaillant-specialists	8	Vaillant Specialists in Gosta Green	35	Vaillant Specialists Pricing in Gosta Green	43	Indexable	
https://www.birminghamboilerrepairs.uk/gosta-green/combination-boiler-repairs	8	Combination Boiler Repairs in Gosta Green	41	Combination Boiler Repairs Pricing in Gosta Green	49	Indexable	
https://www.birminghamboilerrepairs.uk/gosta-green/ariston-specialists	8	Ariston Specialists in Gosta Green	34	Ariston Specialists Pricing in Gosta Green	42	Indexable	
https://www.birminghamboilerrepairs.uk/gosta-green/biasi-specialists	8	Biasi Specialists in Gosta Green	32	Biasi Specialists Pricing in Gosta Green	40	Indexable	
https://www.birminghamboilerrepairs.uk/gosta-green/ideal-boilers-specialists	8	Ideal Boilers Specialists in Gosta Green	40	Ideal Boilers Specialists Pricing in Gosta Green	48	Indexable	
https://www.birminghamboilerrepairs.uk/gosta-green/vokera-specialists	8	Vokera Specialists in Gosta Green	33	Vokera Specialists Pricing in Gosta Green	41	Indexable	
https://www.birminghamboilerrepairs.uk/gosta-green/boiler-servicing	8	Boiler Servicing in Gosta Green	31	Boiler Servicing Pricing in Gosta Green	39	Indexable	
https://www.birminghamboilerrepairs.uk/gosta-green/heatline-specialists	8	Heatline Specialists in Gosta Green	35	Heatline Specialists Pricing in Gosta Green	43	Indexable	
https://www.birminghamboilerrepairs.uk/gosta-green/baxi-specialists	8	Baxi Specialists in Gosta Green	31	Baxi Specialists Pricing in Gosta Green	39	Indexable	
https://www.birminghamboilerrepairs.uk/gosta-green/potterton-specialists	8	Potterton Specialists in Gosta Green	36	Potterton Specialists Pricing in Gosta Green	44	Indexable	
https://www.birminghamboilerrepairs.uk/gosta-green/ferroli-specialists	8	Ferroli Specialists in Gosta Green	34	Ferroli Specialists Pricing in Gosta Green	42	Indexable	
https://www.birminghamboilerrepairs.uk/gosta-green/intergas-specialists	8	Intergas Specialists in Gosta Green	35	Intergas Specialists Pricing in Gosta Green	43	Indexable	
https://www.birminghamboilerrepairs.uk/gosta-green/alpha-boiler-specialists	8	Alpha Specialists in Gosta Green	32	Alpha Specialists Pricing in Gosta Green	40	Indexable	
https://www.birminghamboilerrepairs.uk/gosta-green/main-boiler-specialists	8	Main Specialists in Gosta Green	31	Main Specialists Pricing in Gosta Green	39	Indexable	
https://www.birminghamboilerrepairs.uk/gosta-green/viessmann-specialists	8	Viessmann Specialists in Gosta Green	36	Viessmann Specialists Pricing in Gosta Green	44	Indexable	
https://www.birminghamboilerrepairs.uk/gosta-green/worcester-bosch-specialists	8	Worcester Bosch Specialists in Gosta Green	42	Worcester Bosch Specialists Pricing in Gosta Green	50	Indexable	
https://www.birminghamboilerrepairs.uk/gosta-green/boiler-repairs	8	Boiler Repairs in Gosta Green	29	Boiler Repairs Pricing in Gosta Green	37	Indexable	
https://www.birminghamboilerrepairs.uk/gosta-green/combination-boiler-services	8	Combination Boiler Services in Gosta Green	42	Combination Boiler Services Pricing in Gosta Green	50	Indexable	
https://www.birminghamboilerrepairs.uk/gilbertstone/combination-boiler-services	8	Combination Boiler Services in Gilbertstone	43	Combination Boiler Services Pricing in Gilbertstone	51	Indexable	
https://www.birminghamboilerrepairs.uk/gilbertstone/alpha-boiler-specialists	8	Alpha Specialists in Gilbertstone	33	Alpha Specialists Pricing in Gilbertstone	41	Indexable	
https://www.birminghamboilerrepairs.uk/gilbertstone/ferroli-specialists	8	Ferroli Specialists in Gilbertstone	35	Ferroli Specialists Pricing in Gilbertstone	43	Indexable	
https://www.birminghamboilerrepairs.uk/gilbertstone/ariston-specialists	8	Ariston Specialists in Gilbertstone	35	Ariston Specialists Pricing in Gilbertstone	43	Indexable	
https://www.birminghamboilerrepairs.uk/gilbertstone/glowworm-specialists	8	Glow-worm Specialists in Gilbertstone	37	Glow-worm Specialists Pricing in Gilbertstone	45	Indexable	
https://www.birminghamboilerrepairs.uk/gilbertstone/baxi-specialists	8	Baxi Specialists in Gilbertstone	32	Baxi Specialists Pricing in Gilbertstone	40	Indexable	
https://www.birminghamboilerrepairs.uk/gilbertstone/ideal-boilers-specialists	8	Ideal Boilers Specialists in Gilbertstone	41	Ideal Boilers Specialists Pricing in Gilbertstone	49	Indexable	
https://www.birminghamboilerrepairs.uk/gilbertstone/vokera-specialists	8	Vokera Specialists in Gilbertstone	34	Vokera Specialists Pricing in Gilbertstone	42	Indexable	
https://www.birminghamboilerrepairs.uk/gilbertstone/intergas-specialists	8	Intergas Specialists in Gilbertstone	36	Intergas Specialists Pricing in Gilbertstone	44	Indexable	
https://www.birminghamboilerrepairs.uk/gilbertstone/main-boiler-specialists	8	Main Specialists in Gilbertstone	32	Main Specialists Pricing in Gilbertstone	40	Indexable	
https://www.birminghamboilerrepairs.uk/gilbertstone/viessmann-specialists	8	Viessmann Specialists in Gilbertstone	37	Viessmann Specialists Pricing in Gilbertstone	45	Indexable	
https://www.birminghamboilerrepairs.uk/gilbertstone/boiler-servicing	8	Boiler Servicing in Gilbertstone	32	Boiler Servicing Pricing in Gilbertstone	40	Indexable	
https://www.birminghamboilerrepairs.uk/gilbertstone/gas-safety	8	Gas Safety Inspections in Gilbertstone	38	Gas Safety Inspections Pricing in Gilbertstone	46	Indexable	
https://www.birminghamboilerrepairs.uk/gilbertstone/biasi-specialists	8	Biasi Specialists in Gilbertstone	33	Biasi Specialists Pricing in Gilbertstone	41	Indexable	
https://www.birminghamboilerrepairs.uk/gilbertstone/boiler-repairs	8	Boiler Repairs in Gilbertstone	30	Boiler Repairs Pricing in Gilbertstone	38	Indexable	
https://www.birminghamboilerrepairs.uk/gilbertstone/worcester-bosch-specialists	8	Worcester Bosch Specialists in Gilbertstone	43	Worcester Bosch Specialists Pricing in Gilbertstone	51	Indexable	
https://www.birminghamboilerrepairs.uk/gilbertstone/vaillant-specialists	8	Vaillant Specialists in Gilbertstone	36	Vaillant Specialists Pricing in Gilbertstone	44	Indexable	
https://www.birminghamboilerrepairs.uk/gilbertstone/combination-boiler-repairs	8	Combination Boiler Repairs in Gilbertstone	42	Combination Boiler Repairs Pricing in Gilbertstone	50	Indexable	
https://www.birminghamboilerrepairs.uk/gilbertstone/atag-specialists	8	Atag Specialists in Gilbertstone	32	Atag Specialists Pricing in Gilbertstone	40	Indexable	
https://www.birminghamboilerrepairs.uk/gilbertstone/heatline-specialists	8	Heatline Specialists in Gilbertstone	36	Heatline Specialists Pricing in Gilbertstone	44	Indexable	
https://www.birminghamboilerrepairs.uk/gilbertstone/potterton-specialists	8	Potterton Specialists in Gilbertstone	37	Potterton Specialists Pricing in Gilbertstone	45	Indexable	
https://www.birminghamboilerrepairs.uk/hagley/biasi-specialists	8	Biasi Specialists in Hagley	27	Biasi Specialists Pricing in Hagley	35	Indexable	
https://www.birminghamboilerrepairs.uk/hagley/boiler-servicing	8	Boiler Servicing in Hagley	26	Boiler Servicing Pricing in Hagley	34	Indexable	
https://www.birminghamboilerrepairs.uk/hagley/main-boiler-specialists	8	Main Specialists in Hagley	26	Main Specialists Pricing in Hagley	34	Indexable	
https://www.birminghamboilerrepairs.uk/hagley/ariston-specialists	8	Ariston Specialists in Hagley	29	Ariston Specialists Pricing in Hagley	37	Indexable	
https://www.birminghamboilerrepairs.uk/hagley/potterton-specialists	8	Potterton Specialists in Hagley	31	Potterton Specialists Pricing in Hagley	39	Indexable	
https://www.birminghamboilerrepairs.uk/hagley/gas-safety	8	Gas Safety Inspections in Hagley	32	Gas Safety Inspections Pricing in Hagley	40	Indexable	
https://www.birminghamboilerrepairs.uk/hagley/combination-boiler-repairs	8	Combination Boiler Repairs in Hagley	36	Combination Boiler Repairs Pricing in Hagley	44	Indexable	
https://www.birminghamboilerrepairs.uk/hagley/vaillant-specialists	8	Vaillant Specialists in Hagley	30	Vaillant Specialists Pricing in Hagley	38	Indexable	
https://www.birminghamboilerrepairs.uk/hagley/intergas-specialists	8	Intergas Specialists in Hagley	30	Intergas Specialists Pricing in Hagley	38	Indexable	
https://www.birminghamboilerrepairs.uk/hagley/worcester-bosch-specialists	8	Worcester Bosch Specialists in Hagley	37	Worcester Bosch Specialists Pricing in Hagley	45	Indexable	
https://www.birminghamboilerrepairs.uk/hagley/atag-specialists	8	Atag Specialists in Hagley	26	Atag Specialists Pricing in Hagley	34	Indexable	
https://www.birminghamboilerrepairs.uk/hagley/baxi-specialists	8	Baxi Specialists in Hagley	26	Baxi Specialists Pricing in Hagley	34	Indexable	
https://www.birminghamboilerrepairs.uk/hagley/heatline-specialists	8	Heatline Specialists in Hagley	30	Heatline Specialists Pricing in Hagley	38	Indexable	
https://www.birminghamboilerrepairs.uk/hagley/combination-boiler-services	8	Combination Boiler Services in Hagley	37	Combination Boiler Services Pricing in Hagley	45	Indexable	
https://www.birminghamboilerrepairs.uk/hagley/boiler-repairs	8	Boiler Repairs in Hagley	24	Boiler Repairs Pricing in Hagley	32	Indexable	
https://www.birminghamboilerrepairs.uk/hagley/ferroli-specialists	8	Ferroli Specialists in Hagley	29	Ferroli Specialists Pricing in Hagley	37	Indexable	
https://www.birminghamboilerrepairs.uk/hagley/glowworm-specialists	8	Glow-worm Specialists in Hagley	31	Glow-worm Specialists Pricing in Hagley	39	Indexable	
https://www.birminghamboilerrepairs.uk/hagley/alpha-boiler-specialists	8	Alpha Specialists in Hagley	27	Alpha Specialists Pricing in Hagley	35	Indexable	
https://www.birminghamboilerrepairs.uk/hagley/vokera-specialists	8	Vokera Specialists in Hagley	28	Vokera Specialists Pricing in Hagley	36	Indexable	
https://www.birminghamboilerrepairs.uk/hagley/viessmann-specialists	8	Viessmann Specialists in Hagley	31	Viessmann Specialists Pricing in Hagley	39	Indexable	
https://www.birminghamboilerrepairs.uk/hagley/ideal-boilers-specialists	8	Ideal Boilers Specialists in Hagley	35	Ideal Boilers Specialists Pricing in Hagley	43	Indexable	
https://www.birminghamboilerrepairs.uk/webheath/alpha-boiler-specialists	8	Alpha Specialists in Webheath	29	Alpha Specialists Pricing in Webheath	37	Indexable	
https://www.birminghamboilerrepairs.uk/webheath/vokera-specialists	8	Vokera Specialists in Webheath	30	Vokera Specialists Pricing in Webheath	38	Indexable	
https://www.birminghamboilerrepairs.uk/webheath/viessmann-specialists	8	Viessmann Specialists in Webheath	33	Viessmann Specialists Pricing in Webheath	41	Indexable	
https://www.birminghamboilerrepairs.uk/webheath/ariston-specialists	8	Ariston Specialists in Webheath	31	Ariston Specialists Pricing in Webheath	39	Indexable	
https://www.birminghamboilerrepairs.uk/webheath/intergas-specialists	8	Intergas Specialists in Webheath	32	Intergas Specialists Pricing in Webheath	40	Indexable	
https://www.birminghamboilerrepairs.uk/webheath/worcester-bosch-specialists	8	Worcester Bosch Specialists in Webheath	39	Worcester Bosch Specialists Pricing in Webheath	47	Indexable	
https://www.birminghamboilerrepairs.uk/webheath/biasi-specialists	8	Biasi Specialists in Webheath	29	Biasi Specialists Pricing in Webheath	37	Indexable	
https://www.birminghamboilerrepairs.uk/webheath/baxi-specialists	8	Baxi Specialists in Webheath	28	Baxi Specialists Pricing in Webheath	36	Indexable	
https://www.birminghamboilerrepairs.uk/webheath/ferroli-specialists	8	Ferroli Specialists in Webheath	31	Ferroli Specialists Pricing in Webheath	39	Indexable	
https://www.birminghamboilerrepairs.uk/webheath/potterton-specialists	8	Potterton Specialists in Webheath	33	Potterton Specialists Pricing in Webheath	41	Indexable	
https://www.birminghamboilerrepairs.uk/webheath/combination-boiler-services	8	Combination Boiler Services in Webheath	39	Combination Boiler Services Pricing in Webheath	47	Indexable	
https://www.birminghamboilerrepairs.uk/webheath/glowworm-specialists	8	Glow-worm Specialists in Webheath	33	Glow-worm Specialists Pricing in Webheath	41	Indexable	
https://www.birminghamboilerrepairs.uk/webheath/main-boiler-specialists	8	Main Specialists in Webheath	28	Main Specialists Pricing in Webheath	36	Indexable	
https://www.birminghamboilerrepairs.uk/webheath/boiler-servicing	8	Boiler Servicing in Webheath	28	Boiler Servicing Pricing in Webheath	36	Indexable	
https://www.birminghamboilerrepairs.uk/webheath/combination-boiler-repairs	8	Combination Boiler Repairs in Webheath	38	Combination Boiler Repairs Pricing in Webheath	46	Indexable	
https://www.birminghamboilerrepairs.uk/webheath/gas-safety	8	Gas Safety Inspections in Webheath	34	Gas Safety Inspections Pricing in Webheath	42	Indexable	
https://www.birminghamboilerrepairs.uk/webheath/ideal-boilers-specialists	8	Ideal Boilers Specialists in Webheath	37	Ideal Boilers Specialists Pricing in Webheath	45	Indexable	
https://www.birminghamboilerrepairs.uk/webheath/heatline-specialists	8	Heatline Specialists in Webheath	32	Heatline Specialists Pricing in Webheath	40	Indexable	
https://www.birminghamboilerrepairs.uk/webheath/vaillant-specialists	8	Vaillant Specialists in Webheath	32	Vaillant Specialists Pricing in Webheath	40	Indexable	
https://www.birminghamboilerrepairs.uk/webheath/boiler-repairs	8	Boiler Repairs in Webheath	26	Boiler Repairs Pricing in Webheath	34	Indexable	
https://www.birminghamboilerrepairs.uk/webheath/atag-specialists	8	Atag Specialists in Webheath	28	Atag Specialists Pricing in Webheath	36	Indexable	
https://www.birminghamboilerrepairs.uk/wirehill/worcester-bosch-specialists	8	Worcester Bosch Specialists in Wirehill	39	Worcester Bosch Specialists Pricing in Wirehill	47	Indexable	
https://www.birminghamboilerrepairs.uk/wirehill/main-boiler-specialists	8	Main Specialists in Wirehill	28	Main Specialists Pricing in Wirehill	36	Indexable	
https://www.birminghamboilerrepairs.uk/wirehill/atag-specialists	8	Atag Specialists in Wirehill	28	Atag Specialists Pricing in Wirehill	36	Indexable	
https://www.birminghamboilerrepairs.uk/wirehill/viessmann-specialists	8	Viessmann Specialists in Wirehill	33	Viessmann Specialists Pricing in Wirehill	41	Indexable	
https://www.birminghamboilerrepairs.uk/wirehill/boiler-repairs	8	Boiler Repairs in Wirehill	26	Boiler Repairs Pricing in Wirehill	34	Indexable	
https://www.birminghamboilerrepairs.uk/wirehill/vaillant-specialists	8	Vaillant Specialists in Wirehill	32	Vaillant Specialists Pricing in Wirehill	40	Indexable	
https://www.birminghamboilerrepairs.uk/wirehill/ideal-boilers-specialists	8	Ideal Boilers Specialists in Wirehill	37	Ideal Boilers Specialists Pricing in Wirehill	45	Indexable	
https://www.birminghamboilerrepairs.uk/wirehill/biasi-specialists	8	Biasi Specialists in Wirehill	29	Biasi Specialists Pricing in Wirehill	37	Indexable	
https://www.birminghamboilerrepairs.uk/wirehill/heatline-specialists	8	Heatline Specialists in Wirehill	32	Heatline Specialists Pricing in Wirehill	40	Indexable	
https://www.birminghamboilerrepairs.uk/wirehill/potterton-specialists	8	Potterton Specialists in Wirehill	33	Potterton Specialists Pricing in Wirehill	41	Indexable	
https://www.birminghamboilerrepairs.uk/wirehill/gas-safety	8	Gas Safety Inspections in Wirehill	34	Gas Safety Inspections Pricing in Wirehill	42	Indexable	
https://www.birminghamboilerrepairs.uk/wirehill/baxi-specialists	8	Baxi Specialists in Wirehill	28	Baxi Specialists Pricing in Wirehill	36	Indexable	
https://www.birminghamboilerrepairs.uk/wirehill/boiler-servicing	8	Boiler Servicing in Wirehill	28	Boiler Servicing Pricing in Wirehill	36	Indexable	
https://www.birminghamboilerrepairs.uk/wirehill/combination-boiler-services	8	Combination Boiler Services in Wirehill	39	Combination Boiler Services Pricing in Wirehill	47	Indexable	
https://www.birminghamboilerrepairs.uk/wirehill/combination-boiler-repairs	8	Combination Boiler Repairs in Wirehill	38	Combination Boiler Repairs Pricing in Wirehill	46	Indexable	
https://www.birminghamboilerrepairs.uk/wirehill/ferroli-specialists	8	Ferroli Specialists in Wirehill	31	Ferroli Specialists Pricing in Wirehill	39	Indexable	
https://www.birminghamboilerrepairs.uk/wirehill/ariston-specialists	8	Ariston Specialists in Wirehill	31	Ariston Specialists Pricing in Wirehill	39	Indexable	
https://www.birminghamboilerrepairs.uk/wirehill/vokera-specialists	8	Vokera Specialists in Wirehill	30	Vokera Specialists Pricing in Wirehill	38	Indexable	
https://www.birminghamboilerrepairs.uk/wirehill/intergas-specialists	8	Intergas Specialists in Wirehill	32	Intergas Specialists Pricing in Wirehill	40	Indexable	
https://www.birminghamboilerrepairs.uk/wirehill/glowworm-specialists	8	Glow-worm Specialists in Wirehill	33	Glow-worm Specialists Pricing in Wirehill	41	Indexable	
https://www.birminghamboilerrepairs.uk/wirehill/alpha-boiler-specialists	8	Alpha Specialists in Wirehill	29	Alpha Specialists Pricing in Wirehill	37	Indexable	
https://www.birminghamboilerrepairs.uk/gravelly-hill/atag-specialists	8	Atag Specialists in Gravelly Hill	33	Atag Specialists Pricing in Gravelly Hill	41	Indexable	
https://www.birminghamboilerrepairs.uk/gravelly-hill/baxi-specialists	8	Baxi Specialists in Gravelly Hill	33	Baxi Specialists Pricing in Gravelly Hill	41	Indexable	
https://www.birminghamboilerrepairs.uk/gravelly-hill/biasi-specialists	8	Biasi Specialists in Gravelly Hill	34	Biasi Specialists Pricing in Gravelly Hill	42	Indexable	
https://www.birminghamboilerrepairs.uk/gravelly-hill/combination-boiler-services	8	Combination Boiler Services in Gravelly Hill	44	Combination Boiler Services Pricing in Gravelly Hill	52	Indexable	
https://www.birminghamboilerrepairs.uk/gravelly-hill/ideal-boilers-specialists	8	Ideal Boilers Specialists in Gravelly Hill	42	Ideal Boilers Specialists Pricing in Gravelly Hill	50	Indexable	
https://www.birminghamboilerrepairs.uk/gravelly-hill/boiler-repairs	8	Boiler Repairs in Gravelly Hill	31	Boiler Repairs Pricing in Gravelly Hill	39	Indexable	
https://www.birminghamboilerrepairs.uk/gravelly-hill/gas-safety	8	Gas Safety Inspections in Gravelly Hill	39	Gas Safety Inspections Pricing in Gravelly Hill	47	Indexable	
https://www.birminghamboilerrepairs.uk/gravelly-hill/boiler-servicing	8	Boiler Servicing in Gravelly Hill	33	Boiler Servicing Pricing in Gravelly Hill	41	Indexable	
https://www.birminghamboilerrepairs.uk/gravelly-hill/alpha-boiler-specialists	8	Alpha Specialists in Gravelly Hill	34	Alpha Specialists Pricing in Gravelly Hill	42	Indexable	
https://www.birminghamboilerrepairs.uk/gravelly-hill/combination-boiler-repairs	8	Combination Boiler Repairs in Gravelly Hill	43	Combination Boiler Repairs Pricing in Gravelly Hill	51	Indexable	
https://www.birminghamboilerrepairs.uk/gravelly-hill/vaillant-specialists	8	Vaillant Specialists in Gravelly Hill	37	Vaillant Specialists Pricing in Gravelly Hill	45	Indexable	
https://www.birminghamboilerrepairs.uk/gravelly-hill/worcester-bosch-specialists	8	Worcester Bosch Specialists in Gravelly Hill	44	Worcester Bosch Specialists Pricing in Gravelly Hill	52	Indexable	
https://www.birminghamboilerrepairs.uk/gravelly-hill/vokera-specialists	8	Vokera Specialists in Gravelly Hill	35	Vokera Specialists Pricing in Gravelly Hill	43	Indexable	
https://www.birminghamboilerrepairs.uk/gravelly-hill/heatline-specialists	8	Heatline Specialists in Gravelly Hill	37	Heatline Specialists Pricing in Gravelly Hill	45	Indexable	
https://www.birminghamboilerrepairs.uk/gravelly-hill/ferroli-specialists	8	Ferroli Specialists in Gravelly Hill	36	Ferroli Specialists Pricing in Gravelly Hill	44	Indexable	
https://www.birminghamboilerrepairs.uk/gravelly-hill/intergas-specialists	8	Intergas Specialists in Gravelly Hill	37	Intergas Specialists Pricing in Gravelly Hill	45	Indexable	
https://www.birminghamboilerrepairs.uk/gravelly-hill/viessmann-specialists	8	Viessmann Specialists in Gravelly Hill	38	Viessmann Specialists Pricing in Gravelly Hill	46	Indexable	
https://www.birminghamboilerrepairs.uk/gravelly-hill/glowworm-specialists	8	Glow-worm Specialists in Gravelly Hill	38	Glow-worm Specialists Pricing in Gravelly Hill	46	Indexable	
https://www.birminghamboilerrepairs.uk/gravelly-hill/ariston-specialists	8	Ariston Specialists in Gravelly Hill	36	Ariston Specialists Pricing in Gravelly Hill	44	Indexable	
https://www.birminghamboilerrepairs.uk/gravelly-hill/main-boiler-specialists	8	Main Specialists in Gravelly Hill	33	Main Specialists Pricing in Gravelly Hill	41	Indexable	
https://www.birminghamboilerrepairs.uk/gravelly-hill/potterton-specialists	8	Potterton Specialists in Gravelly Hill	38	Potterton Specialists Pricing in Gravelly Hill	46	Indexable	
https://www.birminghamboilerrepairs.uk/california/vaillant-specialists	8	Vaillant Specialists in California	34	Vaillant Specialists Pricing in California	42	Indexable	
https://www.birminghamboilerrepairs.uk/california/heatline-specialists	8	Heatline Specialists in California	34	Heatline Specialists Pricing in California	42	Indexable	
https://www.birminghamboilerrepairs.uk/california/vokera-specialists	8	Vokera Specialists in California	32	Vokera Specialists Pricing in California	40	Indexable	
https://www.birminghamboilerrepairs.uk/california/boiler-servicing	8	Boiler Servicing in California	30	Boiler Servicing Pricing in California	38	Indexable	
https://www.birminghamboilerrepairs.uk/california/alpha-boiler-specialists	8	Alpha Specialists in California	31	Alpha Specialists Pricing in California	39	Indexable	
https://www.birminghamboilerrepairs.uk/california/ariston-specialists	8	Ariston Specialists in California	33	Ariston Specialists Pricing in California	41	Indexable	
https://www.birminghamboilerrepairs.uk/california/boiler-repairs	8	Boiler Repairs in California	28	Boiler Repairs Pricing in California	36	Indexable	
https://www.birminghamboilerrepairs.uk/california/viessmann-specialists	8	Viessmann Specialists in California	35	Viessmann Specialists Pricing in California	43	Indexable	
https://www.birminghamboilerrepairs.uk/california/main-boiler-specialists	8	Main Specialists in California	30	Main Specialists Pricing in California	38	Indexable	
https://www.birminghamboilerrepairs.uk/california/gas-safety	8	Gas Safety Inspections in California	36	Gas Safety Inspections Pricing in California	44	Indexable	
https://www.birminghamboilerrepairs.uk/california/potterton-specialists	8	Potterton Specialists in California	35	Potterton Specialists Pricing in California	43	Indexable	
https://www.birminghamboilerrepairs.uk/california/atag-specialists	8	Atag Specialists in California	30	Atag Specialists Pricing in California	38	Indexable	
https://www.birminghamboilerrepairs.uk/california/ferroli-specialists	8	Ferroli Specialists in California	33	Ferroli Specialists Pricing in California	41	Indexable	
https://www.birminghamboilerrepairs.uk/california/baxi-specialists	8	Baxi Specialists in California	30	Baxi Specialists Pricing in California	38	Indexable	
https://www.birminghamboilerrepairs.uk/california/ideal-boilers-specialists	8	Ideal Boilers Specialists in California	39	Ideal Boilers Specialists Pricing in California	47	Indexable	
https://www.birminghamboilerrepairs.uk/california/combination-boiler-repairs	8	Combination Boiler Repairs in California	40	Combination Boiler Repairs Pricing in California	48	Indexable	
https://www.birminghamboilerrepairs.uk/california/combination-boiler-services	8	Combination Boiler Services in California	41	Combination Boiler Services Pricing in California	49	Indexable	
https://www.birminghamboilerrepairs.uk/california/biasi-specialists	8	Biasi Specialists in California	31	Biasi Specialists Pricing in California	39	Indexable	
https://www.birminghamboilerrepairs.uk/california/worcester-bosch-specialists	8	Worcester Bosch Specialists in California	41	Worcester Bosch Specialists Pricing in California	49	Indexable	
https://www.birminghamboilerrepairs.uk/california/glowworm-specialists	8	Glow-worm Specialists in California	35	Glow-worm Specialists Pricing in California	43	Indexable	
https://www.birminghamboilerrepairs.uk/california/intergas-specialists	8	Intergas Specialists in California	34	Intergas Specialists Pricing in California	42	Indexable	
https://www.birminghamboilerrepairs.uk/lickey/worcester-bosch-specialists	8	Worcester Bosch Specialists in Lickey	37	Worcester Bosch Specialists Pricing in Lickey	45	Indexable	
https://www.birminghamboilerrepairs.uk/lickey/vaillant-specialists	8	Vaillant Specialists in Lickey	30	Vaillant Specialists Pricing in Lickey	38	Indexable	
https://www.birminghamboilerrepairs.uk/lickey/viessmann-specialists	8	Viessmann Specialists in Lickey	31	Viessmann Specialists Pricing in Lickey	39	Indexable	
https://www.birminghamboilerrepairs.uk/lickey/ideal-boilers-specialists	8	Ideal Boilers Specialists in Lickey	35	Ideal Boilers Specialists Pricing in Lickey	43	Indexable	
https://www.birminghamboilerrepairs.uk/lickey/boiler-repairs	8	Boiler Repairs in Lickey	24	Boiler Repairs Pricing in Lickey	32	Indexable	
https://www.birminghamboilerrepairs.uk/lickey/ariston-specialists	8	Ariston Specialists in Lickey	29	Ariston Specialists Pricing in Lickey	37	Indexable	
https://www.birminghamboilerrepairs.uk/lickey/heatline-specialists	8	Heatline Specialists in Lickey	30	Heatline Specialists Pricing in Lickey	38	Indexable	
https://www.birminghamboilerrepairs.uk/lickey/atag-specialists	8	Atag Specialists in Lickey	26	Atag Specialists Pricing in Lickey	34	Indexable	
https://www.birminghamboilerrepairs.uk/lickey/baxi-specialists	8	Baxi Specialists in Lickey	26	Baxi Specialists Pricing in Lickey	34	Indexable	
https://www.birminghamboilerrepairs.uk/lickey/main-boiler-specialists	8	Main Specialists in Lickey	26	Main Specialists Pricing in Lickey	34	Indexable	
https://www.birminghamboilerrepairs.uk/lickey/biasi-specialists	8	Biasi Specialists in Lickey	27	Biasi Specialists Pricing in Lickey	35	Indexable	
https://www.birminghamboilerrepairs.uk/lickey/alpha-boiler-specialists	8	Alpha Specialists in Lickey	27	Alpha Specialists Pricing in Lickey	35	Indexable	
https://www.birminghamboilerrepairs.uk/lickey/boiler-servicing	8	Boiler Servicing in Lickey	26	Boiler Servicing Pricing in Lickey	34	Indexable	
https://www.birminghamboilerrepairs.uk/lickey/ferroli-specialists	8	Ferroli Specialists in Lickey	29	Ferroli Specialists Pricing in Lickey	37	Indexable	
https://www.birminghamboilerrepairs.uk/lickey/gas-safety	8	Gas Safety Inspections in Lickey	32	Gas Safety Inspections Pricing in Lickey	40	Indexable	
https://www.birminghamboilerrepairs.uk/lickey/potterton-specialists	8	Potterton Specialists in Lickey	31	Potterton Specialists Pricing in Lickey	39	Indexable	
https://www.birminghamboilerrepairs.uk/lickey/combination-boiler-repairs	8	Combination Boiler Repairs in Lickey	36	Combination Boiler Repairs Pricing in Lickey	44	Indexable	
https://www.birminghamboilerrepairs.uk/lickey/combination-boiler-services	8	Combination Boiler Services in Lickey	37	Combination Boiler Services Pricing in Lickey	45	Indexable	
https://www.birminghamboilerrepairs.uk/lickey/intergas-specialists	8	Intergas Specialists in Lickey	30	Intergas Specialists Pricing in Lickey	38	Indexable	
https://www.birminghamboilerrepairs.uk/buckland-end/main-boiler-specialists	8	Main Specialists in Buckland End	32	Main Specialists Pricing in Buckland End	40	Indexable	
https://www.birminghamboilerrepairs.uk/buckland-end/ariston-specialists	8	Ariston Specialists in Buckland End	35	Ariston Specialists Pricing in Buckland End	43	Indexable	
https://www.birminghamboilerrepairs.uk/lickey/glowworm-specialists	8	Glow-worm Specialists in Lickey	31	Glow-worm Specialists Pricing in Lickey	39	Indexable	
https://www.birminghamboilerrepairs.uk/lickey/vokera-specialists	8	Vokera Specialists in Lickey	28	Vokera Specialists Pricing in Lickey	36	Indexable	
https://www.birminghamboilerrepairs.uk/buckland-end/boiler-servicing	8	Boiler Servicing in Buckland End	32	Boiler Servicing Pricing in Buckland End	40	Indexable	
https://www.birminghamboilerrepairs.uk/buckland-end/ideal-boilers-specialists	8	Ideal Boilers Specialists in Buckland End	41	Ideal Boilers Specialists Pricing in Buckland End	49	Indexable	
https://www.birminghamboilerrepairs.uk/buckland-end/alpha-boiler-specialists	8	Alpha Specialists in Buckland End	33	Alpha Specialists Pricing in Buckland End	41	Indexable	
https://www.birminghamboilerrepairs.uk/buckland-end/biasi-specialists	8	Biasi Specialists in Buckland End	33	Biasi Specialists Pricing in Buckland End	41	Indexable	
https://www.birminghamboilerrepairs.uk/buckland-end/intergas-specialists	8	Intergas Specialists in Buckland End	36	Intergas Specialists Pricing in Buckland End	44	Indexable	
https://www.birminghamboilerrepairs.uk/buckland-end/ferroli-specialists	8	Ferroli Specialists in Buckland End	35	Ferroli Specialists Pricing in Buckland End	43	Indexable	
https://www.birminghamboilerrepairs.uk/buckland-end/glowworm-specialists	8	Glow-worm Specialists in Buckland End	37	Glow-worm Specialists Pricing in Buckland End	45	Indexable	
https://www.birminghamboilerrepairs.uk/buckland-end/boiler-repairs	8	Boiler Repairs in Buckland End	30	Boiler Repairs Pricing in Buckland End	38	Indexable	
https://www.birminghamboilerrepairs.uk/buckland-end/atag-specialists	8	Atag Specialists in Buckland End	32	Atag Specialists Pricing in Buckland End	40	Indexable	
https://www.birminghamboilerrepairs.uk/buckland-end/viessmann-specialists	8	Viessmann Specialists in Buckland End	37	Viessmann Specialists Pricing in Buckland End	45	Indexable	
https://www.birminghamboilerrepairs.uk/buckland-end/gas-safety	8	Gas Safety Inspections in Buckland End	38	Gas Safety Inspections Pricing in Buckland End	46	Indexable	
https://www.birminghamboilerrepairs.uk/buckland-end/combination-boiler-repairs	8	Combination Boiler Repairs in Buckland End	42	Combination Boiler Repairs Pricing in Buckland End	50	Indexable	
https://www.birminghamboilerrepairs.uk/buckland-end/vaillant-specialists	8	Vaillant Specialists in Buckland End	36	Vaillant Specialists Pricing in Buckland End	44	Indexable	
https://www.birminghamboilerrepairs.uk/buckland-end/baxi-specialists	8	Baxi Specialists in Buckland End	32	Baxi Specialists Pricing in Buckland End	40	Indexable	
https://www.birminghamboilerrepairs.uk/buckland-end/potterton-specialists	8	Potterton Specialists in Buckland End	37	Potterton Specialists Pricing in Buckland End	45	Indexable	
https://www.birminghamboilerrepairs.uk/buckland-end/vokera-specialists	8	Vokera Specialists in Buckland End	34	Vokera Specialists Pricing in Buckland End	42	Indexable	
https://www.birminghamboilerrepairs.uk/buckland-end/combination-boiler-services	8	Combination Boiler Services in Buckland End	43	Combination Boiler Services Pricing in Buckland End	51	Indexable	
https://www.birminghamboilerrepairs.uk/buckland-end/heatline-specialists	8	Heatline Specialists in Buckland End	36	Heatline Specialists Pricing in Buckland End	44	Indexable	
https://www.birminghamboilerrepairs.uk/buckland-end/worcester-bosch-specialists	8	Worcester Bosch Specialists in Buckland End	43	Worcester Bosch Specialists Pricing in Buckland End	51	Indexable	
https://www.birminghamboilerrepairs.uk/eastside/gas-safety	8	Gas Safety Inspections in Eastside	34	Gas Safety Inspections Pricing in Eastside	42	Indexable	
https://www.birminghamboilerrepairs.uk/eastside/main-boiler-specialists	8	Main Specialists in Eastside	28	Main Specialists Pricing in Eastside	36	Indexable	
https://www.birminghamboilerrepairs.uk/eastside/worcester-bosch-specialists	8	Worcester Bosch Specialists in Eastside	39	Worcester Bosch Specialists Pricing in Eastside	47	Indexable	
https://www.birminghamboilerrepairs.uk/eastside/glowworm-specialists	8	Glow-worm Specialists in Eastside	33	Glow-worm Specialists Pricing in Eastside	41	Indexable	
https://www.birminghamboilerrepairs.uk/eastside/boiler-repairs	8	Boiler Repairs in Eastside	26	Boiler Repairs Pricing in Eastside	34	Indexable	
https://www.birminghamboilerrepairs.uk/eastside/combination-boiler-repairs	8	Combination Boiler Repairs in Eastside	38	Combination Boiler Repairs Pricing in Eastside	46	Indexable	
https://www.birminghamboilerrepairs.uk/eastside/combination-boiler-services	8	Combination Boiler Services in Eastside	39	Combination Boiler Services Pricing in Eastside	47	Indexable	
https://www.birminghamboilerrepairs.uk/eastside/vokera-specialists	8	Vokera Specialists in Eastside	30	Vokera Specialists Pricing in Eastside	38	Indexable	
https://www.birminghamboilerrepairs.uk/eastside/intergas-specialists	8	Intergas Specialists in Eastside	32	Intergas Specialists Pricing in Eastside	40	Indexable	
https://www.birminghamboilerrepairs.uk/eastside/viessmann-specialists	8	Viessmann Specialists in Eastside	33	Viessmann Specialists Pricing in Eastside	41	Indexable	
https://www.birminghamboilerrepairs.uk/eastside/ferroli-specialists	8	Ferroli Specialists in Eastside	31	Ferroli Specialists Pricing in Eastside	39	Indexable	
https://www.birminghamboilerrepairs.uk/eastside/baxi-specialists	8	Baxi Specialists in Eastside	28	Baxi Specialists Pricing in Eastside	36	Indexable	
https://www.birminghamboilerrepairs.uk/eastside/vaillant-specialists	8	Vaillant Specialists in Eastside	32	Vaillant Specialists Pricing in Eastside	40	Indexable	
https://www.birminghamboilerrepairs.uk/eastside/atag-specialists	8	Atag Specialists in Eastside	28	Atag Specialists Pricing in Eastside	36	Indexable	
https://www.birminghamboilerrepairs.uk/eastside/potterton-specialists	8	Potterton Specialists in Eastside	33	Potterton Specialists Pricing in Eastside	41	Indexable	
https://www.birminghamboilerrepairs.uk/eastside/ideal-boilers-specialists	8	Ideal Boilers Specialists in Eastside	37	Ideal Boilers Specialists Pricing in Eastside	45	Indexable	
https://www.birminghamboilerrepairs.uk/eastside/biasi-specialists	8	Biasi Specialists in Eastside	29	Biasi Specialists Pricing in Eastside	37	Indexable	
https://www.birminghamboilerrepairs.uk/eastside/heatline-specialists	8	Heatline Specialists in Eastside	32	Heatline Specialists Pricing in Eastside	40	Indexable	
https://www.birminghamboilerrepairs.uk/eastside/ariston-specialists	8	Ariston Specialists in Eastside	31	Ariston Specialists Pricing in Eastside	39	Indexable	
https://www.birminghamboilerrepairs.uk/eastside/alpha-boiler-specialists	8	Alpha Specialists in Eastside	29	Alpha Specialists Pricing in Eastside	37	Indexable	
https://www.birminghamboilerrepairs.uk/eastside/boiler-servicing	8	Boiler Servicing in Eastside	28	Boiler Servicing Pricing in Eastside	36	Indexable	
https://www.birminghamboilerrepairs.uk/sheldon/gas-safety	8	Gas Safety Inspections in Sheldon	33	Gas Safety Inspections Pricing in Sheldon	41	Indexable	
https://www.birminghamboilerrepairs.uk/sheldon/worcester-bosch-specialists	8	Worcester Bosch Specialists in Sheldon	38	Worcester Bosch Specialists Pricing in Sheldon	46	Indexable	
https://www.birminghamboilerrepairs.uk/sheldon/main-boiler-specialists	8	Main Specialists in Sheldon	27	Main Specialists Pricing in Sheldon	35	Indexable	
https://www.birminghamboilerrepairs.uk/sheldon/vaillant-specialists	8	Vaillant Specialists in Sheldon	31	Vaillant Specialists Pricing in Sheldon	39	Indexable	
https://www.birminghamboilerrepairs.uk/sheldon/ferroli-specialists	8	Ferroli Specialists in Sheldon	30	Ferroli Specialists Pricing in Sheldon	38	Indexable	
https://www.birminghamboilerrepairs.uk/sheldon/glowworm-specialists	8	Glow-worm Specialists in Sheldon	32	Glow-worm Specialists Pricing in Sheldon	40	Indexable	
https://www.birminghamboilerrepairs.uk/sheldon/combination-boiler-services	8	Combination Boiler Services in Sheldon	38	Combination Boiler Services Pricing in Sheldon	46	Indexable	
https://www.birminghamboilerrepairs.uk/sheldon/boiler-servicing	8	Boiler Servicing in Sheldon	27	Boiler Servicing Pricing in Sheldon	35	Indexable	
https://www.birminghamboilerrepairs.uk/sheldon/intergas-specialists	8	Intergas Specialists in Sheldon	31	Intergas Specialists Pricing in Sheldon	39	Indexable	
https://www.birminghamboilerrepairs.uk/sheldon/alpha-boiler-specialists	8	Alpha Specialists in Sheldon	28	Alpha Specialists Pricing in Sheldon	36	Indexable	
https://www.birminghamboilerrepairs.uk/sheldon/ideal-boilers-specialists	8	Ideal Boilers Specialists in Sheldon	36	Ideal Boilers Specialists Pricing in Sheldon	44	Indexable	
https://www.birminghamboilerrepairs.uk/sheldon/ariston-specialists	8	Ariston Specialists in Sheldon	30	Ariston Specialists Pricing in Sheldon	38	Indexable	
https://www.birminghamboilerrepairs.uk/sheldon/boiler-repairs	8	Boiler Repairs in Sheldon	25	Boiler Repairs Pricing in Sheldon	33	Indexable	
https://www.birminghamboilerrepairs.uk/sheldon/atag-specialists	8	Atag Specialists in Sheldon	27	Atag Specialists Pricing in Sheldon	35	Indexable	
https://www.birminghamboilerrepairs.uk/sheldon/viessmann-specialists	8	Viessmann Specialists in Sheldon	32	Viessmann Specialists Pricing in Sheldon	40	Indexable	
https://www.birminghamboilerrepairs.uk/sheldon/biasi-specialists	8	Biasi Specialists in Sheldon	28	Biasi Specialists Pricing in Sheldon	36	Indexable	
https://www.birminghamboilerrepairs.uk/sheldon/combination-boiler-repairs	8	Combination Boiler Repairs in Sheldon	37	Combination Boiler Repairs Pricing in Sheldon	45	Indexable	
https://www.birminghamboilerrepairs.uk/sheldon/baxi-specialists	8	Baxi Specialists in Sheldon	27	Baxi Specialists Pricing in Sheldon	35	Indexable	
https://www.birminghamboilerrepairs.uk/sheldon/potterton-specialists	8	Potterton Specialists in Sheldon	32	Potterton Specialists Pricing in Sheldon	40	Indexable	
https://www.birminghamboilerrepairs.uk/sheldon/vokera-specialists	8	Vokera Specialists in Sheldon	29	Vokera Specialists Pricing in Sheldon	37	Indexable	
https://www.birminghamboilerrepairs.uk/shirley/glowworm-specialists	8	Glow-worm Specialists in Shirley	32	Glow-worm Specialists Pricing in Shirley	40	Indexable	
https://www.birminghamboilerrepairs.uk/shirley/boiler-repairs	8	Boiler Repairs in Shirley	25	Boiler Repairs Pricing in Shirley	33	Indexable	
https://www.birminghamboilerrepairs.uk/shirley/worcester-bosch-specialists	8	Worcester Bosch Specialists in Shirley	38	Worcester Bosch Specialists Pricing in Shirley	46	Indexable	
https://www.birminghamboilerrepairs.uk/shirley/potterton-specialists	8	Potterton Specialists in Shirley	32	Potterton Specialists Pricing in Shirley	40	Indexable	
https://www.birminghamboilerrepairs.uk/shirley/vokera-specialists	8	Vokera Specialists in Shirley	29	Vokera Specialists Pricing in Shirley	37	Indexable	
https://www.birminghamboilerrepairs.uk/sheldon/heatline-specialists	8	Heatline Specialists in Sheldon	31	Heatline Specialists Pricing in Sheldon	39	Indexable	
https://www.birminghamboilerrepairs.uk/shirley/boiler-servicing	8	Boiler Servicing in Shirley	27	Boiler Servicing Pricing in Shirley	35	Indexable	
https://www.birminghamboilerrepairs.uk/shirley/ferroli-specialists	8	Ferroli Specialists in Shirley	30	Ferroli Specialists Pricing in Shirley	38	Indexable	
https://www.birminghamboilerrepairs.uk/shirley/atag-specialists	8	Atag Specialists in Shirley	27	Atag Specialists Pricing in Shirley	35	Indexable	
https://www.birminghamboilerrepairs.uk/shirley/heatline-specialists	8	Heatline Specialists in Shirley	31	Heatline Specialists Pricing in Shirley	39	Indexable	
https://www.birminghamboilerrepairs.uk/shirley/viessmann-specialists	8	Viessmann Specialists in Shirley	32	Viessmann Specialists Pricing in Shirley	40	Indexable	
https://www.birminghamboilerrepairs.uk/shirley/vaillant-specialists	8	Vaillant Specialists in Shirley	31	Vaillant Specialists Pricing in Shirley	39	Indexable	
https://www.birminghamboilerrepairs.uk/shirley/ideal-boilers-specialists	8	Ideal Boilers Specialists in Shirley	36	Ideal Boilers Specialists Pricing in Shirley	44	Indexable	
https://www.birminghamboilerrepairs.uk/shirley/ariston-specialists	8	Ariston Specialists in Shirley	30	Ariston Specialists Pricing in Shirley	38	Indexable	
https://www.birminghamboilerrepairs.uk/shirley/gas-safety	8	Gas Safety Inspections in Shirley	33	Gas Safety Inspections Pricing in Shirley	41	Indexable	
https://www.birminghamboilerrepairs.uk/shirley/combination-boiler-services	8	Combination Boiler Services in Shirley	38	Combination Boiler Services Pricing in Shirley	46	Indexable	
https://www.birminghamboilerrepairs.uk/shirley/main-boiler-specialists	8	Main Specialists in Shirley	27	Main Specialists Pricing in Shirley	35	Indexable	
https://www.birminghamboilerrepairs.uk/shirley/baxi-specialists	8	Baxi Specialists in Shirley	27	Baxi Specialists Pricing in Shirley	35	Indexable	
https://www.birminghamboilerrepairs.uk/shirley/alpha-boiler-specialists	8	Alpha Specialists in Shirley	28	Alpha Specialists Pricing in Shirley	36	Indexable	
https://www.birminghamboilerrepairs.uk/shirley/combination-boiler-repairs	8	Combination Boiler Repairs in Shirley	37	Combination Boiler Repairs Pricing in Shirley	45	Indexable	
https://www.birminghamboilerrepairs.uk/shirley/intergas-specialists	8	Intergas Specialists in Shirley	31	Intergas Specialists Pricing in Shirley	39	Indexable	
https://www.birminghamboilerrepairs.uk/shirley/biasi-specialists	8	Biasi Specialists in Shirley	28	Biasi Specialists Pricing in Shirley	36	Indexable	
https://www.birminghamboilerrepairs.uk/hill-hook/glowworm-specialists	8	Glow-worm Specialists in Hill Hook	34	Glow-worm Specialists Pricing in Hill Hook	42	Indexable	
https://www.birminghamboilerrepairs.uk/hill-hook/intergas-specialists	8	Intergas Specialists in Hill Hook	33	Intergas Specialists Pricing in Hill Hook	41	Indexable	
https://www.birminghamboilerrepairs.uk/hill-hook/heatline-specialists	8	Heatline Specialists in Hill Hook	33	Heatline Specialists Pricing in Hill Hook	41	Indexable	
https://www.birminghamboilerrepairs.uk/hill-hook/potterton-specialists	8	Potterton Specialists in Hill Hook	34	Potterton Specialists Pricing in Hill Hook	42	Indexable	
https://www.birminghamboilerrepairs.uk/hill-hook/baxi-specialists	8	Baxi Specialists in Hill Hook	29	Baxi Specialists Pricing in Hill Hook	37	Indexable	
https://www.birminghamboilerrepairs.uk/hill-hook/combination-boiler-repairs	8	Combination Boiler Repairs in Hill Hook	39	Combination Boiler Repairs Pricing in Hill Hook	47	Indexable	
https://www.birminghamboilerrepairs.uk/hill-hook/viessmann-specialists	8	Viessmann Specialists in Hill Hook	34	Viessmann Specialists Pricing in Hill Hook	42	Indexable	
https://www.birminghamboilerrepairs.uk/hill-hook/gas-safety	8	Gas Safety Inspections in Hill Hook	35	Gas Safety Inspections Pricing in Hill Hook	43	Indexable	
https://www.birminghamboilerrepairs.uk/hill-hook/main-boiler-specialists	8	Main Specialists in Hill Hook	29	Main Specialists Pricing in Hill Hook	37	Indexable	
https://www.birminghamboilerrepairs.uk/hill-hook/vaillant-specialists	8	Vaillant Specialists in Hill Hook	33	Vaillant Specialists Pricing in Hill Hook	41	Indexable	
https://www.birminghamboilerrepairs.uk/hill-hook/atag-specialists	8	Atag Specialists in Hill Hook	29	Atag Specialists Pricing in Hill Hook	37	Indexable	
https://www.birminghamboilerrepairs.uk/hill-hook/boiler-repairs	8	Boiler Repairs in Hill Hook	27	Boiler Repairs Pricing in Hill Hook	35	Indexable	
https://www.birminghamboilerrepairs.uk/hill-hook/combination-boiler-services	8	Combination Boiler Services in Hill Hook	40	Combination Boiler Services Pricing in Hill Hook	48	Indexable	
https://www.birminghamboilerrepairs.uk/hill-hook/vokera-specialists	8	Vokera Specialists in Hill Hook	31	Vokera Specialists Pricing in Hill Hook	39	Indexable	
https://www.birminghamboilerrepairs.uk/hill-hook/ariston-specialists	8	Ariston Specialists in Hill Hook	32	Ariston Specialists Pricing in Hill Hook	40	Indexable	
https://www.birminghamboilerrepairs.uk/hill-hook/ferroli-specialists	8	Ferroli Specialists in Hill Hook	32	Ferroli Specialists Pricing in Hill Hook	40	Indexable	
https://www.birminghamboilerrepairs.uk/hill-hook/ideal-boilers-specialists	8	Ideal Boilers Specialists in Hill Hook	38	Ideal Boilers Specialists Pricing in Hill Hook	46	Indexable	
https://www.birminghamboilerrepairs.uk/hill-hook/alpha-boiler-specialists	8	Alpha Specialists in Hill Hook	30	Alpha Specialists Pricing in Hill Hook	38	Indexable	
https://www.birminghamboilerrepairs.uk/hill-hook/worcester-bosch-specialists	8	Worcester Bosch Specialists in Hill Hook	40	Worcester Bosch Specialists Pricing in Hill Hook	48	Indexable	
https://www.birminghamboilerrepairs.uk/hill-hook/boiler-servicing	8	Boiler Servicing in Hill Hook	29	Boiler Servicing Pricing in Hill Hook	37	Indexable	
https://www.birminghamboilerrepairs.uk/highgate/vokera-specialists	8	Vokera Specialists in Highgate	30	Vokera Specialists Pricing in Highgate	38	Indexable	
https://www.birminghamboilerrepairs.uk/highgate/potterton-specialists	8	Potterton Specialists in Highgate	33	Potterton Specialists Pricing in Highgate	41	Indexable	
https://www.birminghamboilerrepairs.uk/hill-hook/biasi-specialists	8	Biasi Specialists in Hill Hook	30	Biasi Specialists Pricing in Hill Hook	38	Indexable	
https://www.birminghamboilerrepairs.uk/highgate/boiler-servicing	8	Boiler Servicing in Highgate	28	Boiler Servicing Pricing in Highgate	36	Indexable	
https://www.birminghamboilerrepairs.uk/highgate/biasi-specialists	8	Biasi Specialists in Highgate	29	Biasi Specialists Pricing in Highgate	37	Indexable	
https://www.birminghamboilerrepairs.uk/highgate/vaillant-specialists	8	Vaillant Specialists in Highgate	32	Vaillant Specialists Pricing in Highgate	40	Indexable	
https://www.birminghamboilerrepairs.uk/highgate/alpha-boiler-specialists	8	Alpha Specialists in Highgate	29	Alpha Specialists Pricing in Highgate	37	Indexable	
https://www.birminghamboilerrepairs.uk/highgate/combination-boiler-repairs	8	Combination Boiler Repairs in Highgate	38	Combination Boiler Repairs Pricing in Highgate	46	Indexable	
https://www.birminghamboilerrepairs.uk/highgate/ferroli-specialists	8	Ferroli Specialists in Highgate	31	Ferroli Specialists Pricing in Highgate	39	Indexable	
https://www.birminghamboilerrepairs.uk/highgate/baxi-specialists	8	Baxi Specialists in Highgate	28	Baxi Specialists Pricing in Highgate	36	Indexable	
https://www.birminghamboilerrepairs.uk/highgate/gas-safety	8	Gas Safety Inspections in Highgate	34	Gas Safety Inspections Pricing in Highgate	42	Indexable	
https://www.birminghamboilerrepairs.uk/highgate/heatline-specialists	8	Heatline Specialists in Highgate	32	Heatline Specialists Pricing in Highgate	40	Indexable	
https://www.birminghamboilerrepairs.uk/highgate/ariston-specialists	8	Ariston Specialists in Highgate	31	Ariston Specialists Pricing in Highgate	39	Indexable	
https://www.birminghamboilerrepairs.uk/highgate/viessmann-specialists	8	Viessmann Specialists in Highgate	33	Viessmann Specialists Pricing in Highgate	41	Indexable	
https://www.birminghamboilerrepairs.uk/highgate/atag-specialists	8	Atag Specialists in Highgate	28	Atag Specialists Pricing in Highgate	36	Indexable	
https://www.birminghamboilerrepairs.uk/highgate/combination-boiler-services	8	Combination Boiler Services in Highgate	39	Combination Boiler Services Pricing in Highgate	47	Indexable	
https://www.birminghamboilerrepairs.uk/highgate/main-boiler-specialists	8	Main Specialists in Highgate	28	Main Specialists Pricing in Highgate	36	Indexable	
https://www.birminghamboilerrepairs.uk/highgate/boiler-repairs	8	Boiler Repairs in Highgate	26	Boiler Repairs Pricing in Highgate	34	Indexable	
https://www.birminghamboilerrepairs.uk/highgate/intergas-specialists	8	Intergas Specialists in Highgate	32	Intergas Specialists Pricing in Highgate	40	Indexable	
https://www.birminghamboilerrepairs.uk/highgate/worcester-bosch-specialists	8	Worcester Bosch Specialists in Highgate	39	Worcester Bosch Specialists Pricing in Highgate	47	Indexable	
https://www.birminghamboilerrepairs.uk/highgate/glowworm-specialists	8	Glow-worm Specialists in Highgate	33	Glow-worm Specialists Pricing in Highgate	41	Indexable	
https://www.birminghamboilerrepairs.uk/gospel-oak/gas-safety	8	Gas Safety Inspections in Gospel Oak	36	Gas Safety Inspections Pricing in Gospel Oak	44	Indexable	
https://www.birminghamboilerrepairs.uk/gospel-oak/glowworm-specialists	8	Glow-worm Specialists in Gospel Oak	35	Glow-worm Specialists Pricing in Gospel Oak	43	Indexable	
https://www.birminghamboilerrepairs.uk/gospel-oak/vaillant-specialists	8	Vaillant Specialists in Gospel Oak	34	Vaillant Specialists Pricing in Gospel Oak	42	Indexable	
https://www.birminghamboilerrepairs.uk/highgate/ideal-boilers-specialists	8	Ideal Boilers Specialists in Highgate	37	Ideal Boilers Specialists Pricing in Highgate	45	Indexable	
https://www.birminghamboilerrepairs.uk/gospel-oak/boiler-repairs	8	Boiler Repairs in Gospel Oak	28	Boiler Repairs Pricing in Gospel Oak	36	Indexable	
https://www.birminghamboilerrepairs.uk/gospel-oak/viessmann-specialists	8	Viessmann Specialists in Gospel Oak	35	Viessmann Specialists Pricing in Gospel Oak	43	Indexable	
https://www.birminghamboilerrepairs.uk/gospel-oak/atag-specialists	8	Atag Specialists in Gospel Oak	30	Atag Specialists Pricing in Gospel Oak	38	Indexable	
https://www.birminghamboilerrepairs.uk/gospel-oak/heatline-specialists	8	Heatline Specialists in Gospel Oak	34	Heatline Specialists Pricing in Gospel Oak	42	Indexable	
https://www.birminghamboilerrepairs.uk/gospel-oak/combination-boiler-repairs	8	Combination Boiler Repairs in Gospel Oak	40	Combination Boiler Repairs Pricing in Gospel Oak	48	Indexable	
https://www.birminghamboilerrepairs.uk/gospel-oak/ariston-specialists	8	Ariston Specialists in Gospel Oak	33	Ariston Specialists Pricing in Gospel Oak	41	Indexable	
https://www.birminghamboilerrepairs.uk/gospel-oak/potterton-specialists	8	Potterton Specialists in Gospel Oak	35	Potterton Specialists Pricing in Gospel Oak	43	Indexable	
https://www.birminghamboilerrepairs.uk/gospel-oak/biasi-specialists	8	Biasi Specialists in Gospel Oak	31	Biasi Specialists Pricing in Gospel Oak	39	Indexable	
https://www.birminghamboilerrepairs.uk/gospel-oak/combination-boiler-services	8	Combination Boiler Services in Gospel Oak	41	Combination Boiler Services Pricing in Gospel Oak	49	Indexable	
https://www.birminghamboilerrepairs.uk/gospel-oak/main-boiler-specialists	8	Main Specialists in Gospel Oak	30	Main Specialists Pricing in Gospel Oak	38	Indexable	
https://www.birminghamboilerrepairs.uk/gospel-oak/ideal-boilers-specialists	8	Ideal Boilers Specialists in Gospel Oak	39	Ideal Boilers Specialists Pricing in Gospel Oak	47	Indexable	
https://www.birminghamboilerrepairs.uk/gospel-oak/intergas-specialists	8	Intergas Specialists in Gospel Oak	34	Intergas Specialists Pricing in Gospel Oak	42	Indexable	
https://www.birminghamboilerrepairs.uk/gospel-oak/worcester-bosch-specialists	8	Worcester Bosch Specialists in Gospel Oak	41	Worcester Bosch Specialists Pricing in Gospel Oak	49	Indexable	
https://www.birminghamboilerrepairs.uk/gospel-oak/boiler-servicing	8	Boiler Servicing in Gospel Oak	30	Boiler Servicing Pricing in Gospel Oak	38	Indexable	
https://www.birminghamboilerrepairs.uk/gospel-oak/ferroli-specialists	8	Ferroli Specialists in Gospel Oak	33	Ferroli Specialists Pricing in Gospel Oak	41	Indexable	
https://www.birminghamboilerrepairs.uk/gospel-oak/baxi-specialists	8	Baxi Specialists in Gospel Oak	30	Baxi Specialists Pricing in Gospel Oak	38	Indexable	
https://www.birminghamboilerrepairs.uk/handsworth/biasi-specialists	8	Biasi Specialists in Handsworth	31	Biasi Specialists Pricing in Handsworth	39	Indexable	
https://www.birminghamboilerrepairs.uk/gospel-oak/vokera-specialists	8	Vokera Specialists in Gospel Oak	32	Vokera Specialists Pricing in Gospel Oak	40	Indexable	
https://www.birminghamboilerrepairs.uk/handsworth/boiler-servicing	8	Boiler Servicing in Handsworth	30	Boiler Servicing Pricing in Handsworth	38	Indexable	
https://www.birminghamboilerrepairs.uk/gospel-oak/alpha-boiler-specialists	8	Alpha Specialists in Gospel Oak	31	Alpha Specialists Pricing in Gospel Oak	39	Indexable	
https://www.birminghamboilerrepairs.uk/handsworth/potterton-specialists	8	Potterton Specialists in Handsworth	35	Potterton Specialists Pricing in Handsworth	43	Indexable	
https://www.birminghamboilerrepairs.uk/handsworth/gas-safety	8	Gas Safety Inspections in Handsworth	36	Gas Safety Inspections Pricing in Handsworth	44	Indexable	
https://www.birminghamboilerrepairs.uk/handsworth/main-boiler-specialists	8	Main Specialists in Handsworth	30	Main Specialists Pricing in Handsworth	38	Indexable	
https://www.birminghamboilerrepairs.uk/handsworth/viessmann-specialists	8	Viessmann Specialists in Handsworth	35	Viessmann Specialists Pricing in Handsworth	43	Indexable	
https://www.birminghamboilerrepairs.uk/handsworth/combination-boiler-repairs	8	Combination Boiler Repairs in Handsworth	40	Combination Boiler Repairs Pricing in Handsworth	48	Indexable	
https://www.birminghamboilerrepairs.uk/handsworth/vokera-specialists	8	Vokera Specialists in Handsworth	32	Vokera Specialists Pricing in Handsworth	40	Indexable	
https://www.birminghamboilerrepairs.uk/handsworth/glowworm-specialists	8	Glow-worm Specialists in Handsworth	35	Glow-worm Specialists Pricing in Handsworth	43	Indexable	
https://www.birminghamboilerrepairs.uk/south-yardley/main-boiler-specialists	8	Main Specialists in South Yardley	33	Main Specialists Pricing in South Yardley	41	Indexable	
https://www.birminghamboilerrepairs.uk/south-yardley/gas-safety	8	Gas Safety Inspections in South Yardley	39	Gas Safety Inspections Pricing in South Yardley	47	Indexable	
https://www.birminghamboilerrepairs.uk/handsworth/ferroli-specialists	8	Ferroli Specialists in Handsworth	33	Ferroli Specialists Pricing in Handsworth	41	Indexable	
https://www.birminghamboilerrepairs.uk/south-yardley/boiler-repairs	8	Boiler Repairs in South Yardley	31	Boiler Repairs Pricing in South Yardley	39	Indexable	
https://www.birminghamboilerrepairs.uk/south-yardley/baxi-specialists	8	Baxi Specialists in South Yardley	33	Baxi Specialists Pricing in South Yardley	41	Indexable	
https://www.birminghamboilerrepairs.uk/south-yardley/glowworm-specialists	8	Glow-worm Specialists in South Yardley	38	Glow-worm Specialists Pricing in South Yardley	46	Indexable	
https://www.birminghamboilerrepairs.uk/south-yardley/boiler-servicing	8	Boiler Servicing in South Yardley	33	Boiler Servicing Pricing in South Yardley	41	Indexable	
https://www.birminghamboilerrepairs.uk/south-yardley/ariston-specialists	8	Ariston Specialists in South Yardley	36	Ariston Specialists Pricing in South Yardley	44	Indexable	
https://www.birminghamboilerrepairs.uk/south-yardley/alpha-boiler-specialists	8	Alpha Specialists in South Yardley	34	Alpha Specialists Pricing in South Yardley	42	Indexable	
https://www.birminghamboilerrepairs.uk/south-yardley/viessmann-specialists	8	Viessmann Specialists in South Yardley	38	Viessmann Specialists Pricing in South Yardley	46	Indexable	
https://www.birminghamboilerrepairs.uk/south-yardley/intergas-specialists	8	Intergas Specialists in South Yardley	37	Intergas Specialists Pricing in South Yardley	45	Indexable	
https://www.birminghamboilerrepairs.uk/south-yardley/potterton-specialists	8	Potterton Specialists in South Yardley	38	Potterton Specialists Pricing in South Yardley	46	Indexable	
https://www.birminghamboilerrepairs.uk/south-yardley/ideal-boilers-specialists	8	Ideal Boilers Specialists in South Yardley	42	Ideal Boilers Specialists Pricing in South Yardley	50	Indexable	
https://www.birminghamboilerrepairs.uk/south-yardley/heatline-specialists	8	Heatline Specialists in South Yardley	37	Heatline Specialists Pricing in South Yardley	45	Indexable	
https://www.birminghamboilerrepairs.uk/south-yardley/ferroli-specialists	8	Ferroli Specialists in South Yardley	36	Ferroli Specialists Pricing in South Yardley	44	Indexable	
https://www.birminghamboilerrepairs.uk/south-yardley/vaillant-specialists	8	Vaillant Specialists in South Yardley	37	Vaillant Specialists Pricing in South Yardley	45	Indexable	
https://www.birminghamboilerrepairs.uk/south-yardley/atag-specialists	8	Atag Specialists in South Yardley	33	Atag Specialists Pricing in South Yardley	41	Indexable	
https://www.birminghamboilerrepairs.uk/south-yardley/combination-boiler-services	8	Combination Boiler Services in South Yardley	44	Combination Boiler Services Pricing in South Yardley	52	Indexable	
https://www.birminghamboilerrepairs.uk/south-yardley/vokera-specialists	8	Vokera Specialists in South Yardley	35	Vokera Specialists Pricing in South Yardley	43	Indexable	
https://www.birminghamboilerrepairs.uk/stockland-green/heatline-specialists	8	Heatline Specialists in Stockland Green	39	Heatline Specialists Pricing in Stockland Green	47	Indexable	
https://www.birminghamboilerrepairs.uk/south-yardley/biasi-specialists	8	Biasi Specialists in South Yardley	34	Biasi Specialists Pricing in South Yardley	42	Indexable	
https://www.birminghamboilerrepairs.uk/south-yardley/combination-boiler-repairs	8	Combination Boiler Repairs in South Yardley	43	Combination Boiler Repairs Pricing in South Yardley	51	Indexable	
https://www.birminghamboilerrepairs.uk/south-yardley/worcester-bosch-specialists	8	Worcester Bosch Specialists in South Yardley	44	Worcester Bosch Specialists Pricing in South Yardley	52	Indexable	
https://www.birminghamboilerrepairs.uk/stockland-green/alpha-boiler-specialists	8	Alpha Specialists in Stockland Green	36	Alpha Specialists Pricing in Stockland Green	44	Indexable	
https://www.birminghamboilerrepairs.uk/stockland-green/atag-specialists	8	Atag Specialists in Stockland Green	35	Atag Specialists Pricing in Stockland Green	43	Indexable	
https://www.birminghamboilerrepairs.uk/stockland-green/boiler-repairs	8	Boiler Repairs in Stockland Green	33	Boiler Repairs Pricing in Stockland Green	41	Indexable	
https://www.birminghamboilerrepairs.uk/stockland-green/combination-boiler-services	8	Combination Boiler Services in Stockland Green	46	Combination Boiler Services Pricing in Stockland Green	54	Indexable	
https://www.birminghamboilerrepairs.uk/stockland-green/worcester-bosch-specialists	8	Worcester Bosch Specialists in Stockland Green	46	Worcester Bosch Specialists Pricing in Stockland Green	54	Indexable	
https://www.birminghamboilerrepairs.uk/stockland-green/ideal-boilers-specialists	8	Ideal Boilers Specialists in Stockland Green	44	Ideal Boilers Specialists Pricing in Stockland Green	52	Indexable	
https://www.birminghamboilerrepairs.uk/stockland-green/vokera-specialists	8	Vokera Specialists in Stockland Green	37	Vokera Specialists Pricing in Stockland Green	45	Indexable	
https://www.birminghamboilerrepairs.uk/stockland-green/potterton-specialists	8	Potterton Specialists in Stockland Green	40	Potterton Specialists Pricing in Stockland Green	48	Indexable	
https://www.birminghamboilerrepairs.uk/stockland-green/intergas-specialists	8	Intergas Specialists in Stockland Green	39	Intergas Specialists Pricing in Stockland Green	47	Indexable	
https://www.birminghamboilerrepairs.uk/stockland-green/ferroli-specialists	8	Ferroli Specialists in Stockland Green	38	Ferroli Specialists Pricing in Stockland Green	46	Indexable	
https://www.birminghamboilerrepairs.uk/stockland-green/boiler-servicing	8	Boiler Servicing in Stockland Green	35	Boiler Servicing Pricing in Stockland Green	43	Indexable	
https://www.birminghamboilerrepairs.uk/stockland-green/glowworm-specialists	8	Glow-worm Specialists in Stockland Green	40	Glow-worm Specialists Pricing in Stockland Green	48	Indexable	
https://www.birminghamboilerrepairs.uk/stockland-green/main-boiler-specialists	8	Main Specialists in Stockland Green	35	Main Specialists Pricing in Stockland Green	43	Indexable	
https://www.birminghamboilerrepairs.uk/stockland-green/ariston-specialists	8	Ariston Specialists in Stockland Green	38	Ariston Specialists Pricing in Stockland Green	46	Indexable	
https://www.birminghamboilerrepairs.uk/stockland-green/vaillant-specialists	8	Vaillant Specialists in Stockland Green	39	Vaillant Specialists Pricing in Stockland Green	47	Indexable	
https://www.birminghamboilerrepairs.uk/stockland-green/viessmann-specialists	8	Viessmann Specialists in Stockland Green	40	Viessmann Specialists Pricing in Stockland Green	48	Indexable	
https://www.birminghamboilerrepairs.uk/stockland-green/gas-safety	8	Gas Safety Inspections in Stockland Green	41	Gas Safety Inspections Pricing in Stockland Green	49	Indexable	
https://www.birminghamboilerrepairs.uk/stockland-green/combination-boiler-repairs	8	Combination Boiler Repairs in Stockland Green	45	Combination Boiler Repairs Pricing in Stockland Green	53	Indexable	
https://www.birminghamboilerrepairs.uk/stockland-green/baxi-specialists	8	Baxi Specialists in Stockland Green	35	Baxi Specialists Pricing in Stockland Green	43	Indexable	
https://www.birminghamboilerrepairs.uk/rotton-park/combination-boiler-repairs	8	Combination Boiler Repairs in Rotton Park	41	Combination Boiler Repairs Pricing in Rotton Park	49	Indexable	
https://www.birminghamboilerrepairs.uk/rotton-park/vaillant-specialists	8	Vaillant Specialists in Rotton Park	35	Vaillant Specialists Pricing in Rotton Park	43	Indexable	
https://www.birminghamboilerrepairs.uk/stockland-green/biasi-specialists	8	Biasi Specialists in Stockland Green	36	Biasi Specialists Pricing in Stockland Green	44	Indexable	
https://www.birminghamboilerrepairs.uk/rotton-park/ferroli-specialists	8	Ferroli Specialists in Rotton Park	34	Ferroli Specialists Pricing in Rotton Park	42	Indexable	
https://www.birminghamboilerrepairs.uk/rotton-park/combination-boiler-services	8	Combination Boiler Services in Rotton Park	42	Combination Boiler Services Pricing in Rotton Park	50	Indexable	
https://www.birminghamboilerrepairs.uk/rotton-park/boiler-repairs	8	Boiler Repairs in Rotton Park	29	Boiler Repairs Pricing in Rotton Park	37	Indexable	
https://www.birminghamboilerrepairs.uk/rotton-park/ariston-specialists	8	Ariston Specialists in Rotton Park	34	Ariston Specialists Pricing in Rotton Park	42	Indexable	
https://www.birminghamboilerrepairs.uk/rotton-park/biasi-specialists	8	Biasi Specialists in Rotton Park	32	Biasi Specialists Pricing in Rotton Park	40	Indexable	
https://www.birminghamboilerrepairs.uk/rotton-park/boiler-servicing	8	Boiler Servicing in Rotton Park	31	Boiler Servicing Pricing in Rotton Park	39	Indexable	
https://www.birminghamboilerrepairs.uk/rotton-park/potterton-specialists	8	Potterton Specialists in Rotton Park	36	Potterton Specialists Pricing in Rotton Park	44	Indexable	
https://www.birminghamboilerrepairs.uk/rotton-park/intergas-specialists	8	Intergas Specialists in Rotton Park	35	Intergas Specialists Pricing in Rotton Park	43	Indexable	
https://www.birminghamboilerrepairs.uk/rotton-park/viessmann-specialists	8	Viessmann Specialists in Rotton Park	36	Viessmann Specialists Pricing in Rotton Park	44	Indexable	
https://www.birminghamboilerrepairs.uk/rotton-park/heatline-specialists	8	Heatline Specialists in Rotton Park	35	Heatline Specialists Pricing in Rotton Park	43	Indexable	
https://www.birminghamboilerrepairs.uk/rotton-park/vokera-specialists	8	Vokera Specialists in Rotton Park	33	Vokera Specialists Pricing in Rotton Park	41	Indexable	
https://www.birminghamboilerrepairs.uk/rotton-park/main-boiler-specialists	8	Main Specialists in Rotton Park	31	Main Specialists Pricing in Rotton Park	39	Indexable	
https://www.birminghamboilerrepairs.uk/rotton-park/atag-specialists	8	Atag Specialists in Rotton Park	31	Atag Specialists Pricing in Rotton Park	39	Indexable	
https://www.birminghamboilerrepairs.uk/rotton-park/glowworm-specialists	8	Glow-worm Specialists in Rotton Park	36	Glow-worm Specialists Pricing in Rotton Park	44	Indexable	
https://www.birminghamboilerrepairs.uk/rotton-park/alpha-boiler-specialists	8	Alpha Specialists in Rotton Park	32	Alpha Specialists Pricing in Rotton Park	40	Indexable	
https://www.birminghamboilerrepairs.uk/rotton-park/baxi-specialists	8	Baxi Specialists in Rotton Park	31	Baxi Specialists Pricing in Rotton Park	39	Indexable	
https://www.birminghamboilerrepairs.uk/rotton-park/ideal-boilers-specialists	8	Ideal Boilers Specialists in Rotton Park	40	Ideal Boilers Specialists Pricing in Rotton Park	48	Indexable	
https://www.birminghamboilerrepairs.uk/rotton-park/worcester-bosch-specialists	8	Worcester Bosch Specialists in Rotton Park	42	Worcester Bosch Specialists Pricing in Rotton Park	50	Indexable	
https://www.birminghamboilerrepairs.uk/ridgacre/atag-specialists	8	Atag Specialists in Ridgacre	28	Atag Specialists Pricing in Ridgacre	36	Indexable	
https://www.birminghamboilerrepairs.uk/rotton-park/gas-safety	8	Gas Safety Inspections in Rotton Park	37	Gas Safety Inspections Pricing in Rotton Park	45	Indexable	
https://www.birminghamboilerrepairs.uk/ridgacre/main-boiler-specialists	8	Main Specialists in Ridgacre	28	Main Specialists Pricing in Ridgacre	36	Indexable	
https://www.birminghamboilerrepairs.uk/ridgacre/vokera-specialists	8	Vokera Specialists in Ridgacre	30	Vokera Specialists Pricing in Ridgacre	38	Indexable	
https://www.birminghamboilerrepairs.uk/ridgacre/vaillant-specialists	8	Vaillant Specialists in Ridgacre	32	Vaillant Specialists Pricing in Ridgacre	40	Indexable	
https://www.birminghamboilerrepairs.uk/ridgacre/ariston-specialists	8	Ariston Specialists in Ridgacre	31	Ariston Specialists Pricing in Ridgacre	39	Indexable	
https://www.birminghamboilerrepairs.uk/ridgacre/biasi-specialists	8	Biasi Specialists in Ridgacre	29	Biasi Specialists Pricing in Ridgacre	37	Indexable	
https://www.birminghamboilerrepairs.uk/ridgacre/alpha-boiler-specialists	8	Alpha Specialists in Ridgacre	29	Alpha Specialists Pricing in Ridgacre	37	Indexable	
https://www.birminghamboilerrepairs.uk/ridgacre/ferroli-specialists	8	Ferroli Specialists in Ridgacre	31	Ferroli Specialists Pricing in Ridgacre	39	Indexable	
https://www.birminghamboilerrepairs.uk/ridgacre/intergas-specialists	8	Intergas Specialists in Ridgacre	32	Intergas Specialists Pricing in Ridgacre	40	Indexable	
https://www.birminghamboilerrepairs.uk/ridgacre/baxi-specialists	8	Baxi Specialists in Ridgacre	28	Baxi Specialists Pricing in Ridgacre	36	Indexable	
https://www.birminghamboilerrepairs.uk/ridgacre/worcester-bosch-specialists	8	Worcester Bosch Specialists in Ridgacre	39	Worcester Bosch Specialists Pricing in Ridgacre	47	Indexable	
https://www.birminghamboilerrepairs.uk/ridgacre/combination-boiler-repairs	8	Combination Boiler Repairs in Ridgacre	38	Combination Boiler Repairs Pricing in Ridgacre	46	Indexable	
https://www.birminghamboilerrepairs.uk/ridgacre/glowworm-specialists	8	Glow-worm Specialists in Ridgacre	33	Glow-worm Specialists Pricing in Ridgacre	41	Indexable	
https://www.birminghamboilerrepairs.uk/ridgacre/gas-safety	8	Gas Safety Inspections in Ridgacre	34	Gas Safety Inspections Pricing in Ridgacre	42	Indexable	
https://www.birminghamboilerrepairs.uk/ridgacre/viessmann-specialists	8	Viessmann Specialists in Ridgacre	33	Viessmann Specialists Pricing in Ridgacre	41	Indexable	
https://www.birminghamboilerrepairs.uk/ridgacre/boiler-servicing	8	Boiler Servicing in Ridgacre	28	Boiler Servicing Pricing in Ridgacre	36	Indexable	
https://www.birminghamboilerrepairs.uk/ridgacre/ideal-boilers-specialists	8	Ideal Boilers Specialists in Ridgacre	37	Ideal Boilers Specialists Pricing in Ridgacre	45	Indexable	
https://www.birminghamboilerrepairs.uk/ridgacre/boiler-repairs	8	Boiler Repairs in Ridgacre	26	Boiler Repairs Pricing in Ridgacre	34	Indexable	
https://www.birminghamboilerrepairs.uk/ridgacre/heatline-specialists	8	Heatline Specialists in Ridgacre	32	Heatline Specialists Pricing in Ridgacre	40	Indexable	
https://www.birminghamboilerrepairs.uk/ridgacre/combination-boiler-services	8	Combination Boiler Services in Ridgacre	39	Combination Boiler Services Pricing in Ridgacre	47	Indexable	
https://www.birminghamboilerrepairs.uk/cotteridge/atag-specialists	8	Atag Specialists in Cotteridge	30	Atag Specialists Pricing in Cotteridge	38	Indexable	
https://www.birminghamboilerrepairs.uk/ridgacre/potterton-specialists	8	Potterton Specialists in Ridgacre	33	Potterton Specialists Pricing in Ridgacre	41	Indexable	
https://www.birminghamboilerrepairs.uk/cotteridge/glowworm-specialists	8	Glow-worm Specialists in Cotteridge	35	Glow-worm Specialists Pricing in Cotteridge	43	Indexable	
https://www.birminghamboilerrepairs.uk/cotteridge/intergas-specialists	8	Intergas Specialists in Cotteridge	34	Intergas Specialists Pricing in Cotteridge	42	Indexable	
https://www.birminghamboilerrepairs.uk/cotteridge/ferroli-specialists	8	Ferroli Specialists in Cotteridge	33	Ferroli Specialists Pricing in Cotteridge	41	Indexable	
https://www.birminghamboilerrepairs.uk/cotteridge/viessmann-specialists	8	Viessmann Specialists in Cotteridge	35	Viessmann Specialists Pricing in Cotteridge	43	Indexable	
https://www.birminghamboilerrepairs.uk/cotteridge/alpha-boiler-specialists	8	Alpha Specialists in Cotteridge	31	Alpha Specialists Pricing in Cotteridge	39	Indexable	
https://www.birminghamboilerrepairs.uk/cotteridge/vaillant-specialists	8	Vaillant Specialists in Cotteridge	34	Vaillant Specialists Pricing in Cotteridge	42	Indexable	
https://www.birminghamboilerrepairs.uk/cotteridge/heatline-specialists	8	Heatline Specialists in Cotteridge	34	Heatline Specialists Pricing in Cotteridge	42	Indexable	
https://www.birminghamboilerrepairs.uk/cotteridge/boiler-repairs	8	Boiler Repairs in Cotteridge	28	Boiler Repairs Pricing in Cotteridge	36	Indexable	
https://www.birminghamboilerrepairs.uk/cotteridge/boiler-servicing	8	Boiler Servicing in Cotteridge	30	Boiler Servicing Pricing in Cotteridge	38	Indexable	
https://www.birminghamboilerrepairs.uk/cotteridge/ideal-boilers-specialists	8	Ideal Boilers Specialists in Cotteridge	39	Ideal Boilers Specialists Pricing in Cotteridge	47	Indexable	
https://www.birminghamboilerrepairs.uk/cotteridge/vokera-specialists	8	Vokera Specialists in Cotteridge	32	Vokera Specialists Pricing in Cotteridge	40	Indexable	
https://www.birminghamboilerrepairs.uk/cotteridge/biasi-specialists	8	Biasi Specialists in Cotteridge	31	Biasi Specialists Pricing in Cotteridge	39	Indexable	
https://www.birminghamboilerrepairs.uk/cotteridge/worcester-bosch-specialists	8	Worcester Bosch Specialists in Cotteridge	41	Worcester Bosch Specialists Pricing in Cotteridge	49	Indexable	
https://www.birminghamboilerrepairs.uk/cotteridge/combination-boiler-services	8	Combination Boiler Services in Cotteridge	41	Combination Boiler Services Pricing in Cotteridge	49	Indexable	
https://www.birminghamboilerrepairs.uk/cotteridge/main-boiler-specialists	8	Main Specialists in Cotteridge	30	Main Specialists Pricing in Cotteridge	38	Indexable	
https://www.birminghamboilerrepairs.uk/cotteridge/potterton-specialists	8	Potterton Specialists in Cotteridge	35	Potterton Specialists Pricing in Cotteridge	43	Indexable	
https://www.birminghamboilerrepairs.uk/cotteridge/combination-boiler-repairs	8	Combination Boiler Repairs in Cotteridge	40	Combination Boiler Repairs Pricing in Cotteridge	48	Indexable	
https://www.birminghamboilerrepairs.uk/cotteridge/ariston-specialists	8	Ariston Specialists in Cotteridge	33	Ariston Specialists Pricing in Cotteridge	41	Indexable	
https://www.birminghamboilerrepairs.uk/cotteridge/baxi-specialists	8	Baxi Specialists in Cotteridge	30	Baxi Specialists Pricing in Cotteridge	38	Indexable	
https://www.birminghamboilerrepairs.uk/soho/worcester-bosch-specialists	8	Worcester Bosch Specialists in Soho	35	Worcester Bosch Specialists Pricing in Soho	43	Indexable	
https://www.birminghamboilerrepairs.uk/cotteridge/gas-safety	8	Gas Safety Inspections in Cotteridge	36	Gas Safety Inspections Pricing in Cotteridge	44	Indexable	
https://www.birminghamboilerrepairs.uk/soho/boiler-servicing	8	Boiler Servicing in Soho	24	Boiler Servicing Pricing in Soho	32	Indexable	
https://www.birminghamboilerrepairs.uk/soho/ideal-boilers-specialists	8	Ideal Boilers Specialists in Soho	33	Ideal Boilers Specialists Pricing in Soho	41	Indexable	
https://www.birminghamboilerrepairs.uk/soho/combination-boiler-services	8	Combination Boiler Services in Soho	35	Combination Boiler Services Pricing in Soho	43	Indexable	
https://www.birminghamboilerrepairs.uk/soho/gas-safety	8	Gas Safety Inspections in Soho	30	Gas Safety Inspections Pricing in Soho	38	Indexable	
https://www.birminghamboilerrepairs.uk/soho/baxi-specialists	8	Baxi Specialists in Soho	24	Baxi Specialists Pricing in Soho	32	Indexable	
https://www.birminghamboilerrepairs.uk/soho/ferroli-specialists	8	Ferroli Specialists in Soho	27	Ferroli Specialists Pricing in Soho	35	Indexable	
https://www.birminghamboilerrepairs.uk/soho/ariston-specialists	8	Ariston Specialists in Soho	27	Ariston Specialists Pricing in Soho	35	Indexable	
https://www.birminghamboilerrepairs.uk/soho/boiler-repairs	8	Boiler Repairs in Soho	22	Boiler Repairs Pricing in Soho	30	Indexable	
https://www.birminghamboilerrepairs.uk/soho/main-boiler-specialists	8	Main Specialists in Soho	24	Main Specialists Pricing in Soho	32	Indexable	
https://www.birminghamboilerrepairs.uk/soho/potterton-specialists	8	Potterton Specialists in Soho	29	Potterton Specialists Pricing in Soho	37	Indexable	
https://www.birminghamboilerrepairs.uk/soho/intergas-specialists	8	Intergas Specialists in Soho	28	Intergas Specialists Pricing in Soho	36	Indexable	
https://www.birminghamboilerrepairs.uk/soho/combination-boiler-repairs	8	Combination Boiler Repairs in Soho	34	Combination Boiler Repairs Pricing in Soho	42	Indexable	
https://www.birminghamboilerrepairs.uk/soho/biasi-specialists	8	Biasi Specialists in Soho	25	Biasi Specialists Pricing in Soho	33	Indexable	
https://www.birminghamboilerrepairs.uk/soho/heatline-specialists	8	Heatline Specialists in Soho	28	Heatline Specialists Pricing in Soho	36	Indexable	
https://www.birminghamboilerrepairs.uk/soho/vokera-specialists	8	Vokera Specialists in Soho	26	Vokera Specialists Pricing in Soho	34	Indexable	
https://www.birminghamboilerrepairs.uk/soho/alpha-boiler-specialists	8	Alpha Specialists in Soho	25	Alpha Specialists Pricing in Soho	33	Indexable	
https://www.birminghamboilerrepairs.uk/soho/atag-specialists	8	Atag Specialists in Soho	24	Atag Specialists Pricing in Soho	32	Indexable	
https://www.birminghamboilerrepairs.uk/soho/viessmann-specialists	8	Viessmann Specialists in Soho	29	Viessmann Specialists Pricing in Soho	37	Indexable	
https://www.birminghamboilerrepairs.uk/small-heath/alpha-boiler-specialists	8	Alpha Specialists in Small Heath	32	Alpha Specialists Pricing in Small Heath	40	Indexable	
https://www.birminghamboilerrepairs.uk/soho/vaillant-specialists	8	Vaillant Specialists in Soho	28	Vaillant Specialists Pricing in Soho	36	Indexable	
https://www.birminghamboilerrepairs.uk/soho/glowworm-specialists	8	Glow-worm Specialists in Soho	29	Glow-worm Specialists Pricing in Soho	37	Indexable	
https://www.birminghamboilerrepairs.uk/small-heath/vaillant-specialists	8	Vaillant Specialists in Small Heath	35	Vaillant Specialists Pricing in Small Heath	43	Indexable	
https://www.birminghamboilerrepairs.uk/small-heath/boiler-repairs	8	Boiler Repairs in Small Heath	29	Boiler Repairs Pricing in Small Heath	37	Indexable	
https://www.birminghamboilerrepairs.uk/small-heath/ferroli-specialists	8	Ferroli Specialists in Small Heath	34	Ferroli Specialists Pricing in Small Heath	42	Indexable	
https://www.birminghamboilerrepairs.uk/small-heath/heatline-specialists	8	Heatline Specialists in Small Heath	35	Heatline Specialists Pricing in Small Heath	43	Indexable	
https://www.birminghamboilerrepairs.uk/small-heath/baxi-specialists	8	Baxi Specialists in Small Heath	31	Baxi Specialists Pricing in Small Heath	39	Indexable	
https://www.birminghamboilerrepairs.uk/small-heath/viessmann-specialists	8	Viessmann Specialists in Small Heath	36	Viessmann Specialists Pricing in Small Heath	44	Indexable	
https://www.birminghamboilerrepairs.uk/small-heath/boiler-servicing	8	Boiler Servicing in Small Heath	31	Boiler Servicing Pricing in Small Heath	39	Indexable	
https://www.birminghamboilerrepairs.uk/small-heath/biasi-specialists	8	Biasi Specialists in Small Heath	32	Biasi Specialists Pricing in Small Heath	40	Indexable	
https://www.birminghamboilerrepairs.uk/small-heath/atag-specialists	8	Atag Specialists in Small Heath	31	Atag Specialists Pricing in Small Heath	39	Indexable	
https://www.birminghamboilerrepairs.uk/small-heath/vokera-specialists	8	Vokera Specialists in Small Heath	33	Vokera Specialists Pricing in Small Heath	41	Indexable	
https://www.birminghamboilerrepairs.uk/small-heath/intergas-specialists	8	Intergas Specialists in Small Heath	35	Intergas Specialists Pricing in Small Heath	43	Indexable	
https://www.birminghamboilerrepairs.uk/small-heath/main-boiler-specialists	8	Main Specialists in Small Heath	31	Main Specialists Pricing in Small Heath	39	Indexable	
https://www.birminghamboilerrepairs.uk/small-heath/glowworm-specialists	8	Glow-worm Specialists in Small Heath	36	Glow-worm Specialists Pricing in Small Heath	44	Indexable	
https://www.birminghamboilerrepairs.uk/small-heath/potterton-specialists	8	Potterton Specialists in Small Heath	36	Potterton Specialists Pricing in Small Heath	44	Indexable	
https://www.birminghamboilerrepairs.uk/small-heath/worcester-bosch-specialists	8	Worcester Bosch Specialists in Small Heath	42	Worcester Bosch Specialists Pricing in Small Heath	50	Indexable	
https://www.birminghamboilerrepairs.uk/small-heath/combination-boiler-repairs	8	Combination Boiler Repairs in Small Heath	41	Combination Boiler Repairs Pricing in Small Heath	49	Indexable	
https://www.birminghamboilerrepairs.uk/small-heath/ideal-boilers-specialists	8	Ideal Boilers Specialists in Small Heath	40	Ideal Boilers Specialists Pricing in Small Heath	48	Indexable	
https://www.birminghamboilerrepairs.uk/small-heath/gas-safety	8	Gas Safety Inspections in Small Heath	37	Gas Safety Inspections Pricing in Small Heath	45	Indexable	
https://www.birminghamboilerrepairs.uk/small-heath/ariston-specialists	8	Ariston Specialists in Small Heath	34	Ariston Specialists Pricing in Small Heath	42	Indexable	
https://www.birminghamboilerrepairs.uk/small-heath/combination-boiler-services	8	Combination Boiler Services in Small Heath	42	Combination Boiler Services Pricing in Small Heath	50	Indexable	
https://www.birminghamboilerrepairs.uk/falcon-lodge/baxi-specialists	8	Baxi Specialists in Falcon Lodge	32	Baxi Specialists Pricing in Falcon Lodge	40	Indexable	
https://www.birminghamboilerrepairs.uk/falcon-lodge/ideal-boilers-specialists	8	Ideal Boilers Specialists in Falcon Lodge	41	Ideal Boilers Specialists Pricing in Falcon Lodge	49	Indexable	
https://www.birminghamboilerrepairs.uk/falcon-lodge/biasi-specialists	8	Biasi Specialists in Falcon Lodge	33	Biasi Specialists Pricing in Falcon Lodge	41	Indexable	
https://www.birminghamboilerrepairs.uk/falcon-lodge/vaillant-specialists	8	Vaillant Specialists in Falcon Lodge	36	Vaillant Specialists Pricing in Falcon Lodge	44	Indexable	
https://www.birminghamboilerrepairs.uk/falcon-lodge/main-boiler-specialists	8	Main Specialists in Falcon Lodge	32	Main Specialists Pricing in Falcon Lodge	40	Indexable	
https://www.birminghamboilerrepairs.uk/falcon-lodge/combination-boiler-services	8	Combination Boiler Services in Falcon Lodge	43	Combination Boiler Services Pricing in Falcon Lodge	51	Indexable	
https://www.birminghamboilerrepairs.uk/falcon-lodge/glowworm-specialists	8	Glow-worm Specialists in Falcon Lodge	37	Glow-worm Specialists Pricing in Falcon Lodge	45	Indexable	
https://www.birminghamboilerrepairs.uk/falcon-lodge/worcester-bosch-specialists	8	Worcester Bosch Specialists in Falcon Lodge	43	Worcester Bosch Specialists Pricing in Falcon Lodge	51	Indexable	
https://www.birminghamboilerrepairs.uk/falcon-lodge/potterton-specialists	8	Potterton Specialists in Falcon Lodge	37	Potterton Specialists Pricing in Falcon Lodge	45	Indexable	
https://www.birminghamboilerrepairs.uk/falcon-lodge/alpha-boiler-specialists	8	Alpha Specialists in Falcon Lodge	33	Alpha Specialists Pricing in Falcon Lodge	41	Indexable	
https://www.birminghamboilerrepairs.uk/falcon-lodge/ferroli-specialists	8	Ferroli Specialists in Falcon Lodge	35	Ferroli Specialists Pricing in Falcon Lodge	43	Indexable	
https://www.birminghamboilerrepairs.uk/falcon-lodge/atag-specialists	8	Atag Specialists in Falcon Lodge	32	Atag Specialists Pricing in Falcon Lodge	40	Indexable	
https://www.birminghamboilerrepairs.uk/falcon-lodge/viessmann-specialists	8	Viessmann Specialists in Falcon Lodge	37	Viessmann Specialists Pricing in Falcon Lodge	45	Indexable	
https://www.birminghamboilerrepairs.uk/falcon-lodge/combination-boiler-repairs	8	Combination Boiler Repairs in Falcon Lodge	42	Combination Boiler Repairs Pricing in Falcon Lodge	50	Indexable	
https://www.birminghamboilerrepairs.uk/falcon-lodge/ariston-specialists	8	Ariston Specialists in Falcon Lodge	35	Ariston Specialists Pricing in Falcon Lodge	43	Indexable	
https://www.birminghamboilerrepairs.uk/falcon-lodge/vokera-specialists	8	Vokera Specialists in Falcon Lodge	34	Vokera Specialists Pricing in Falcon Lodge	42	Indexable	
https://www.birminghamboilerrepairs.uk/falcon-lodge/intergas-specialists	8	Intergas Specialists in Falcon Lodge	36	Intergas Specialists Pricing in Falcon Lodge	44	Indexable	
https://www.birminghamboilerrepairs.uk/falcon-lodge/boiler-servicing	8	Boiler Servicing in Falcon Lodge	32	Boiler Servicing Pricing in Falcon Lodge	40	Indexable	
https://www.birminghamboilerrepairs.uk/falcon-lodge/heatline-specialists	8	Heatline Specialists in Falcon Lodge	36	Heatline Specialists Pricing in Falcon Lodge	44	Indexable	
https://www.birminghamboilerrepairs.uk/falcon-lodge/boiler-repairs	8	Boiler Repairs in Falcon Lodge	30	Boiler Repairs Pricing in Falcon Lodge	38	Indexable	
https://www.birminghamboilerrepairs.uk/kings-heath/glowworm-specialists	8	Glow-worm Specialists in Kings Heath	36	Glow-worm Specialists Pricing in Kings Heath	44	Indexable	
https://www.birminghamboilerrepairs.uk/falcon-lodge/gas-safety	8	Gas Safety Inspections in Falcon Lodge	38	Gas Safety Inspections Pricing in Falcon Lodge	46	Indexable	
https://www.birminghamboilerrepairs.uk/kings-heath/intergas-specialists	8	Intergas Specialists in Kings Heath	35	Intergas Specialists Pricing in Kings Heath	43	Indexable	
https://www.birminghamboilerrepairs.uk/kings-heath/alpha-boiler-specialists	8	Alpha Specialists in Kings Heath	32	Alpha Specialists Pricing in Kings Heath	40	Indexable	
https://www.birminghamboilerrepairs.uk/kings-heath/baxi-specialists	8	Baxi Specialists in Kings Heath	31	Baxi Specialists Pricing in Kings Heath	39	Indexable	
https://www.birminghamboilerrepairs.uk/kings-heath/vaillant-specialists	8	Vaillant Specialists in Kings Heath	35	Vaillant Specialists Pricing in Kings Heath	43	Indexable	
https://www.birminghamboilerrepairs.uk/kings-heath/main-boiler-specialists	8	Main Specialists in Kings Heath	31	Main Specialists Pricing in Kings Heath	39	Indexable	
https://www.birminghamboilerrepairs.uk/kings-heath/ideal-boilers-specialists	8	Ideal Boilers Specialists in Kings Heath	40	Ideal Boilers Specialists Pricing in Kings Heath	48	Indexable	
https://www.birminghamboilerrepairs.uk/kings-heath/atag-specialists	8	Atag Specialists in Kings Heath	31	Atag Specialists Pricing in Kings Heath	39	Indexable	
https://www.birminghamboilerrepairs.uk/kings-heath/boiler-repairs	8	Boiler Repairs in Kings Heath	29	Boiler Repairs Pricing in Kings Heath	37	Indexable	
https://www.birminghamboilerrepairs.uk/kings-heath/combination-boiler-services	8	Combination Boiler Services in Kings Heath	42	Combination Boiler Services Pricing in Kings Heath	50	Indexable	
https://www.birminghamboilerrepairs.uk/kings-heath/biasi-specialists	8	Biasi Specialists in Kings Heath	32	Biasi Specialists Pricing in Kings Heath	40	Indexable	
https://www.birminghamboilerrepairs.uk/kings-heath/viessmann-specialists	8	Viessmann Specialists in Kings Heath	36	Viessmann Specialists Pricing in Kings Heath	44	Indexable	
https://www.birminghamboilerrepairs.uk/kings-heath/potterton-specialists	8	Potterton Specialists in Kings Heath	36	Potterton Specialists Pricing in Kings Heath	44	Indexable	
https://www.birminghamboilerrepairs.uk/kings-heath/heatline-specialists	8	Heatline Specialists in Kings Heath	35	Heatline Specialists Pricing in Kings Heath	43	Indexable	
https://www.birminghamboilerrepairs.uk/kings-heath/ferroli-specialists	8	Ferroli Specialists in Kings Heath	34	Ferroli Specialists Pricing in Kings Heath	42	Indexable	
https://www.birminghamboilerrepairs.uk/kings-heath/worcester-bosch-specialists	8	Worcester Bosch Specialists in Kings Heath	42	Worcester Bosch Specialists Pricing in Kings Heath	50	Indexable	
https://www.birminghamboilerrepairs.uk/kings-heath/gas-safety	8	Gas Safety Inspections in Kings Heath	37	Gas Safety Inspections Pricing in Kings Heath	45	Indexable	
https://www.birminghamboilerrepairs.uk/kings-heath/vokera-specialists	8	Vokera Specialists in Kings Heath	33	Vokera Specialists Pricing in Kings Heath	41	Indexable	
https://www.birminghamboilerrepairs.uk/kings-heath/combination-boiler-repairs	8	Combination Boiler Repairs in Kings Heath	41	Combination Boiler Repairs Pricing in Kings Heath	49	Indexable	
https://www.birminghamboilerrepairs.uk/kings-heath/ariston-specialists	8	Ariston Specialists in Kings Heath	34	Ariston Specialists Pricing in Kings Heath	42	Indexable	
https://www.birminghamboilerrepairs.uk/handsworth-wood/heatline-specialists	8	Heatline Specialists in Handsworth Wood	39	Heatline Specialists Pricing in Handsworth Wood	47	Indexable	
https://www.birminghamboilerrepairs.uk/kings-heath/boiler-servicing	8	Boiler Servicing in Kings Heath	31	Boiler Servicing Pricing in Kings Heath	39	Indexable	
https://www.birminghamboilerrepairs.uk/handsworth-wood/baxi-specialists	8	Baxi Specialists in Handsworth Wood	35	Baxi Specialists Pricing in Handsworth Wood	43	Indexable	
https://www.birminghamboilerrepairs.uk/handsworth-wood/vokera-specialists	8	Vokera Specialists in Handsworth Wood	37	Vokera Specialists Pricing in Handsworth Wood	45	Indexable	
https://www.birminghamboilerrepairs.uk/handsworth-wood/main-boiler-specialists	8	Main Specialists in Handsworth Wood	35	Main Specialists Pricing in Handsworth Wood	43	Indexable	
https://www.birminghamboilerrepairs.uk/handsworth-wood/ariston-specialists	8	Ariston Specialists in Handsworth Wood	38	Ariston Specialists Pricing in Handsworth Wood	46	Indexable	
https://www.birminghamboilerrepairs.uk/handsworth-wood/boiler-servicing	8	Boiler Servicing in Handsworth Wood	35	Boiler Servicing Pricing in Handsworth Wood	43	Indexable	
https://www.birminghamboilerrepairs.uk/handsworth-wood/vaillant-specialists	8	Vaillant Specialists in Handsworth Wood	39	Vaillant Specialists Pricing in Handsworth Wood	47	Indexable	
https://www.birminghamboilerrepairs.uk/handsworth-wood/gas-safety	8	Gas Safety Inspections in Handsworth Wood	41	Gas Safety Inspections Pricing in Handsworth Wood	49	Indexable	
https://www.birminghamboilerrepairs.uk/handsworth-wood/viessmann-specialists	8	Viessmann Specialists in Handsworth Wood	40	Viessmann Specialists Pricing in Handsworth Wood	48	Indexable	
https://www.birminghamboilerrepairs.uk/handsworth-wood/atag-specialists	8	Atag Specialists in Handsworth Wood	35	Atag Specialists Pricing in Handsworth Wood	43	Indexable	
https://www.birminghamboilerrepairs.uk/handsworth-wood/combination-boiler-services	8	Combination Boiler Services in Handsworth Wood	46	Combination Boiler Services Pricing in Handsworth Wood	54	Indexable	
https://www.birminghamboilerrepairs.uk/handsworth-wood/glowworm-specialists	8	Glow-worm Specialists in Handsworth Wood	40	Glow-worm Specialists Pricing in Handsworth Wood	48	Indexable	
https://www.birminghamboilerrepairs.uk/handsworth-wood/worcester-bosch-specialists	8	Worcester Bosch Specialists in Handsworth Wood	46	Worcester Bosch Specialists Pricing in Handsworth Wood	54	Indexable	
https://www.birminghamboilerrepairs.uk/handsworth-wood/boiler-repairs	8	Boiler Repairs in Handsworth Wood	33	Boiler Repairs Pricing in Handsworth Wood	41	Indexable	
https://www.birminghamboilerrepairs.uk/handsworth-wood/alpha-boiler-specialists	8	Alpha Specialists in Handsworth Wood	36	Alpha Specialists Pricing in Handsworth Wood	44	Indexable	
https://www.birminghamboilerrepairs.uk/handsworth-wood/potterton-specialists	8	Potterton Specialists in Handsworth Wood	40	Potterton Specialists Pricing in Handsworth Wood	48	Indexable	
https://www.birminghamboilerrepairs.uk/handsworth-wood/biasi-specialists	8	Biasi Specialists in Handsworth Wood	36	Biasi Specialists Pricing in Handsworth Wood	44	Indexable	
https://www.birminghamboilerrepairs.uk/handsworth-wood/ferroli-specialists	8	Ferroli Specialists in Handsworth Wood	38	Ferroli Specialists Pricing in Handsworth Wood	46	Indexable	
https://www.birminghamboilerrepairs.uk/handsworth-wood/intergas-specialists	8	Intergas Specialists in Handsworth Wood	39	Intergas Specialists Pricing in Handsworth Wood	47	Indexable	
https://www.birminghamboilerrepairs.uk/handsworth-wood/combination-boiler-repairs	8	Combination Boiler Repairs in Handsworth Wood	45	Combination Boiler Repairs Pricing in Handsworth Wood	53	Indexable	
https://www.birminghamboilerrepairs.uk/handsworth-wood/ideal-boilers-specialists	8	Ideal Boilers Specialists in Handsworth Wood	44	Ideal Boilers Specialists Pricing in Handsworth Wood	52	Indexable	
https://www.birminghamboilerrepairs.uk/hay-mills/glowworm-specialists	8	Glow-worm Specialists in Hay Mills	34	Glow-worm Specialists Pricing in Hay Mills	42	Indexable	
https://www.birminghamboilerrepairs.uk/hay-mills/vokera-specialists	8	Vokera Specialists in Hay Mills	31	Vokera Specialists Pricing in Hay Mills	39	Indexable	
https://www.birminghamboilerrepairs.uk/hay-mills/gas-safety	8	Gas Safety Inspections in Hay Mills	35	Gas Safety Inspections Pricing in Hay Mills	43	Indexable	
https://www.birminghamboilerrepairs.uk/hay-mills/alpha-boiler-specialists	8	Alpha Specialists in Hay Mills	30	Alpha Specialists Pricing in Hay Mills	38	Indexable	
https://www.birminghamboilerrepairs.uk/hay-mills/potterton-specialists	8	Potterton Specialists in Hay Mills	34	Potterton Specialists Pricing in Hay Mills	42	Indexable	
https://www.birminghamboilerrepairs.uk/hay-mills/worcester-bosch-specialists	8	Worcester Bosch Specialists in Hay Mills	40	Worcester Bosch Specialists Pricing in Hay Mills	48	Indexable	
https://www.birminghamboilerrepairs.uk/hay-mills/ideal-boilers-specialists	8	Ideal Boilers Specialists in Hay Mills	38	Ideal Boilers Specialists Pricing in Hay Mills	46	Indexable	
https://www.birminghamboilerrepairs.uk/hay-mills/boiler-servicing	8	Boiler Servicing in Hay Mills	29	Boiler Servicing Pricing in Hay Mills	37	Indexable	
https://www.birminghamboilerrepairs.uk/hay-mills/ariston-specialists	8	Ariston Specialists in Hay Mills	32	Ariston Specialists Pricing in Hay Mills	40	Indexable	
https://www.birminghamboilerrepairs.uk/hay-mills/baxi-specialists	8	Baxi Specialists in Hay Mills	29	Baxi Specialists Pricing in Hay Mills	37	Indexable	
https://www.birminghamboilerrepairs.uk/hay-mills/biasi-specialists	8	Biasi Specialists in Hay Mills	30	Biasi Specialists Pricing in Hay Mills	38	Indexable	
https://www.birminghamboilerrepairs.uk/hay-mills/combination-boiler-services	8	Combination Boiler Services in Hay Mills	40	Combination Boiler Services Pricing in Hay Mills	48	Indexable	
https://www.birminghamboilerrepairs.uk/hay-mills/viessmann-specialists	8	Viessmann Specialists in Hay Mills	34	Viessmann Specialists Pricing in Hay Mills	42	Indexable	
https://www.birminghamboilerrepairs.uk/hay-mills/vaillant-specialists	8	Vaillant Specialists in Hay Mills	33	Vaillant Specialists Pricing in Hay Mills	41	Indexable	
https://www.birminghamboilerrepairs.uk/hay-mills/atag-specialists	8	Atag Specialists in Hay Mills	29	Atag Specialists Pricing in Hay Mills	37	Indexable	
https://www.birminghamboilerrepairs.uk/hay-mills/main-boiler-specialists	8	Main Specialists in Hay Mills	29	Main Specialists Pricing in Hay Mills	37	Indexable	
https://www.birminghamboilerrepairs.uk/hay-mills/intergas-specialists	8	Intergas Specialists in Hay Mills	33	Intergas Specialists Pricing in Hay Mills	41	Indexable	
https://www.birminghamboilerrepairs.uk/hay-mills/combination-boiler-repairs	8	Combination Boiler Repairs in Hay Mills	39	Combination Boiler Repairs Pricing in Hay Mills	47	Indexable	
https://www.birminghamboilerrepairs.uk/hay-mills/ferroli-specialists	8	Ferroli Specialists in Hay Mills	32	Ferroli Specialists Pricing in Hay Mills	40	Indexable	
https://www.birminghamboilerrepairs.uk/harborne/boiler-servicing	8	Boiler Servicing in Harborne	28	Boiler Servicing Pricing in Harborne	36	Indexable	
https://www.birminghamboilerrepairs.uk/hay-mills/boiler-repairs	8	Boiler Repairs in Hay Mills	27	Boiler Repairs Pricing in Hay Mills	35	Indexable	
https://www.birminghamboilerrepairs.uk/harborne/biasi-specialists	8	Biasi Specialists in Harborne	29	Biasi Specialists Pricing in Harborne	37	Indexable	
https://www.birminghamboilerrepairs.uk/hay-mills/heatline-specialists	8	Heatline Specialists in Hay Mills	33	Heatline Specialists Pricing in Hay Mills	41	Indexable	
https://www.birminghamboilerrepairs.uk/harborne/vokera-specialists	8	Vokera Specialists in Harborne	30	Vokera Specialists Pricing in Harborne	38	Indexable	
https://www.birminghamboilerrepairs.uk/harborne/combination-boiler-services	8	Combination Boiler Services in Harborne	39	Combination Boiler Services Pricing in Harborne	47	Indexable	
https://www.birminghamboilerrepairs.uk/harborne/worcester-bosch-specialists	8	Worcester Bosch Specialists in Harborne	39	Worcester Bosch Specialists Pricing in Harborne	47	Indexable	
https://www.birminghamboilerrepairs.uk/harborne/glowworm-specialists	8	Glow-worm Specialists in Harborne	33	Glow-worm Specialists Pricing in Harborne	41	Indexable	
https://www.birminghamboilerrepairs.uk/harborne/combination-boiler-repairs	8	Combination Boiler Repairs in Harborne	38	Combination Boiler Repairs Pricing in Harborne	46	Indexable	
https://www.birminghamboilerrepairs.uk/harborne/heatline-specialists	8	Heatline Specialists in Harborne	32	Heatline Specialists Pricing in Harborne	40	Indexable	
https://www.birminghamboilerrepairs.uk/harborne/intergas-specialists	8	Intergas Specialists in Harborne	32	Intergas Specialists Pricing in Harborne	40	Indexable	
https://www.birminghamboilerrepairs.uk/harborne/boiler-repairs	8	Boiler Repairs in Harborne	26	Boiler Repairs Pricing in Harborne	34	Indexable	
https://www.birminghamboilerrepairs.uk/harborne/vaillant-specialists	8	Vaillant Specialists in Harborne	32	Vaillant Specialists Pricing in Harborne	40	Indexable	
https://www.birminghamboilerrepairs.uk/harborne/gas-safety	8	Gas Safety Inspections in Harborne	34	Gas Safety Inspections Pricing in Harborne	42	Indexable	
https://www.birminghamboilerrepairs.uk/harborne/potterton-specialists	8	Potterton Specialists in Harborne	33	Potterton Specialists Pricing in Harborne	41	Indexable	
https://www.birminghamboilerrepairs.uk/harborne/ariston-specialists	8	Ariston Specialists in Harborne	31	Ariston Specialists Pricing in Harborne	39	Indexable	
https://www.birminghamboilerrepairs.uk/harborne/alpha-boiler-specialists	8	Alpha Specialists in Harborne	29	Alpha Specialists Pricing in Harborne	37	Indexable	
https://www.birminghamboilerrepairs.uk/harborne/baxi-specialists	8	Baxi Specialists in Harborne	28	Baxi Specialists Pricing in Harborne	36	Indexable	
https://www.birminghamboilerrepairs.uk/harborne/main-boiler-specialists	8	Main Specialists in Harborne	28	Main Specialists Pricing in Harborne	36	Indexable	
https://www.birminghamboilerrepairs.uk/harborne/ferroli-specialists	8	Ferroli Specialists in Harborne	31	Ferroli Specialists Pricing in Harborne	39	Indexable	
https://www.birminghamboilerrepairs.uk/harborne/atag-specialists	8	Atag Specialists in Harborne	28	Atag Specialists Pricing in Harborne	36	Indexable	
https://www.birminghamboilerrepairs.uk/harborne/ideal-boilers-specialists	8	Ideal Boilers Specialists in Harborne	37	Ideal Boilers Specialists Pricing in Harborne	45	Indexable	
https://www.birminghamboilerrepairs.uk/harborne/viessmann-specialists	8	Viessmann Specialists in Harborne	33	Viessmann Specialists Pricing in Harborne	41	Indexable	
https://www.birminghamboilerrepairs.uk/solihull/worcester-bosch-specialists	8	Worcester Bosch Specialists in Solihull	39	Worcester Bosch Specialists Pricing in Solihull	47	Indexable	
https://www.birminghamboilerrepairs.uk/solihull/combination-boiler-services	8	Combination Boiler Services in Solihull	39	Combination Boiler Services Pricing in Solihull	47	Indexable	
https://www.birminghamboilerrepairs.uk/solihull/boiler-servicing	8	Boiler Servicing in Solihull	28	Boiler Servicing Pricing in Solihull	36	Indexable	
https://www.birminghamboilerrepairs.uk/solihull/viessmann-specialists	8	Viessmann Specialists in Solihull	33	Viessmann Specialists Pricing in Solihull	41	Indexable	
https://www.birminghamboilerrepairs.uk/solihull/ideal-boilers-specialists	8	Ideal Boilers Specialists in Solihull	37	Ideal Boilers Specialists Pricing in Solihull	45	Indexable	
https://www.birminghamboilerrepairs.uk/solihull/potterton-specialists	8	Potterton Specialists in Solihull	33	Potterton Specialists Pricing in Solihull	41	Indexable	
https://www.birminghamboilerrepairs.uk/solihull/ferroli-specialists	8	Ferroli Specialists in Solihull	31	Ferroli Specialists Pricing in Solihull	39	Indexable	
https://www.birminghamboilerrepairs.uk/solihull/main-boiler-specialists	8	Main Specialists in Solihull	28	Main Specialists Pricing in Solihull	36	Indexable	
https://www.birminghamboilerrepairs.uk/solihull/glowworm-specialists	8	Glow-worm Specialists in Solihull	33	Glow-worm Specialists Pricing in Solihull	41	Indexable	
https://www.birminghamboilerrepairs.uk/solihull/ariston-specialists	8	Ariston Specialists in Solihull	31	Ariston Specialists Pricing in Solihull	39	Indexable	
https://www.birminghamboilerrepairs.uk/solihull/atag-specialists	8	Atag Specialists in Solihull	28	Atag Specialists Pricing in Solihull	36	Indexable	
https://www.birminghamboilerrepairs.uk/solihull/intergas-specialists	8	Intergas Specialists in Solihull	32	Intergas Specialists Pricing in Solihull	40	Indexable	
https://www.birminghamboilerrepairs.uk/solihull/heatline-specialists	8	Heatline Specialists in Solihull	32	Heatline Specialists Pricing in Solihull	40	Indexable	
https://www.birminghamboilerrepairs.uk/solihull/baxi-specialists	8	Baxi Specialists in Solihull	28	Baxi Specialists Pricing in Solihull	36	Indexable	
https://www.birminghamboilerrepairs.uk/solihull/vaillant-specialists	8	Vaillant Specialists in Solihull	32	Vaillant Specialists Pricing in Solihull	40	Indexable	
https://www.birminghamboilerrepairs.uk/solihull/alpha-boiler-specialists	8	Alpha Specialists in Solihull	29	Alpha Specialists Pricing in Solihull	37	Indexable	
https://www.birminghamboilerrepairs.uk/solihull/biasi-specialists	8	Biasi Specialists in Solihull	29	Biasi Specialists Pricing in Solihull	37	Indexable	
https://www.birminghamboilerrepairs.uk/solihull/vokera-specialists	8	Vokera Specialists in Solihull	30	Vokera Specialists Pricing in Solihull	38	Indexable	
https://www.birminghamboilerrepairs.uk/solihull/combination-boiler-repairs	8	Combination Boiler Repairs in Solihull	38	Combination Boiler Repairs Pricing in Solihull	46	Indexable	
https://www.birminghamboilerrepairs.uk/solihull/gas-safety	8	Gas Safety Inspections in Solihull	34	Gas Safety Inspections Pricing in Solihull	42	Indexable	
https://www.birminghamboilerrepairs.uk/solihull/boiler-repairs	8	Boiler Repairs in Solihull	26	Boiler Repairs Pricing in Solihull	34	Indexable	
https://www.birminghamboilerrepairs.uk/stechford/worcester-bosch-specialists	8	Worcester Bosch Specialists in Stechford	40	Worcester Bosch Specialists Pricing in Stechford	48	Indexable	
https://www.birminghamboilerrepairs.uk/stechford/combination-boiler-services	8	Combination Boiler Services in Stechford	40	Combination Boiler Services Pricing in Stechford	48	Indexable	
https://www.birminghamboilerrepairs.uk/stechford/ferroli-specialists	8	Ferroli Specialists in Stechford	32	Ferroli Specialists Pricing in Stechford	40	Indexable	
https://www.birminghamboilerrepairs.uk/stechford/boiler-repairs	8	Boiler Repairs in Stechford	27	Boiler Repairs Pricing in Stechford	35	Indexable	
https://www.birminghamboilerrepairs.uk/stechford/potterton-specialists	8	Potterton Specialists in Stechford	34	Potterton Specialists Pricing in Stechford	42	Indexable	
https://www.birminghamboilerrepairs.uk/stechford/gas-safety	8	Gas Safety Inspections in Stechford	35	Gas Safety Inspections Pricing in Stechford	43	Indexable	
https://www.birminghamboilerrepairs.uk/stechford/ariston-specialists	8	Ariston Specialists in Stechford	32	Ariston Specialists Pricing in Stechford	40	Indexable	
https://www.birminghamboilerrepairs.uk/stechford/alpha-boiler-specialists	8	Alpha Specialists in Stechford	30	Alpha Specialists Pricing in Stechford	38	Indexable	
https://www.birminghamboilerrepairs.uk/stechford/vokera-specialists	8	Vokera Specialists in Stechford	31	Vokera Specialists Pricing in Stechford	39	Indexable	
https://www.birminghamboilerrepairs.uk/stechford/baxi-specialists	8	Baxi Specialists in Stechford	29	Baxi Specialists Pricing in Stechford	37	Indexable	
https://www.birminghamboilerrepairs.uk/stechford/intergas-specialists	8	Intergas Specialists in Stechford	33	Intergas Specialists Pricing in Stechford	41	Indexable	
https://www.birminghamboilerrepairs.uk/stechford/atag-specialists	8	Atag Specialists in Stechford	29	Atag Specialists Pricing in Stechford	37	Indexable	
https://www.birminghamboilerrepairs.uk/stechford/ideal-boilers-specialists	8	Ideal Boilers Specialists in Stechford	38	Ideal Boilers Specialists Pricing in Stechford	46	Indexable	
https://www.birminghamboilerrepairs.uk/stechford/glowworm-specialists	8	Glow-worm Specialists in Stechford	34	Glow-worm Specialists Pricing in Stechford	42	Indexable	
https://www.birminghamboilerrepairs.uk/stechford/main-boiler-specialists	8	Main Specialists in Stechford	29	Main Specialists Pricing in Stechford	37	Indexable	
https://www.birminghamboilerrepairs.uk/stechford/biasi-specialists	8	Biasi Specialists in Stechford	30	Biasi Specialists Pricing in Stechford	38	Indexable	
https://www.birminghamboilerrepairs.uk/stechford/viessmann-specialists	8	Viessmann Specialists in Stechford	34	Viessmann Specialists Pricing in Stechford	42	Indexable	
https://www.birminghamboilerrepairs.uk/stechford/combination-boiler-repairs	8	Combination Boiler Repairs in Stechford	39	Combination Boiler Repairs Pricing in Stechford	47	Indexable	
https://www.birminghamboilerrepairs.uk/stechford/boiler-servicing	8	Boiler Servicing in Stechford	29	Boiler Servicing Pricing in Stechford	37	Indexable	
https://www.birminghamboilerrepairs.uk/stechford/vaillant-specialists	8	Vaillant Specialists in Stechford	33	Vaillant Specialists Pricing in Stechford	41	Indexable	
https://www.birminghamboilerrepairs.uk/stechford/heatline-specialists	8	Heatline Specialists in Stechford	33	Heatline Specialists Pricing in Stechford	41	Indexable	
https://www.birminghamboilerrepairs.uk/boldmere/ariston-specialists	8	Ariston Specialists in Boldmere	31	Ariston Specialists Pricing in Boldmere	39	Indexable	
https://www.birminghamboilerrepairs.uk/boldmere/baxi-specialists	8	Baxi Specialists in Boldmere	28	Baxi Specialists Pricing in Boldmere	36	Indexable	
https://www.birminghamboilerrepairs.uk/boldmere/combination-boiler-services	8	Combination Boiler Services in Boldmere	39	Combination Boiler Services Pricing in Boldmere	47	Indexable	
https://www.birminghamboilerrepairs.uk/boldmere/boiler-repairs	8	Boiler Repairs in Boldmere	26	Boiler Repairs Pricing in Boldmere	34	Indexable	
https://www.birminghamboilerrepairs.uk/boldmere/alpha-boiler-specialists	8	Alpha Specialists in Boldmere	29	Alpha Specialists Pricing in Boldmere	37	Indexable	
https://www.birminghamboilerrepairs.uk/boldmere/heatline-specialists	8	Heatline Specialists in Boldmere	32	Heatline Specialists Pricing in Boldmere	40	Indexable	
https://www.birminghamboilerrepairs.uk/boldmere/boiler-servicing	8	Boiler Servicing in Boldmere	28	Boiler Servicing Pricing in Boldmere	36	Indexable	
https://www.birminghamboilerrepairs.uk/boldmere/potterton-specialists	8	Potterton Specialists in Boldmere	33	Potterton Specialists Pricing in Boldmere	41	Indexable	
https://www.birminghamboilerrepairs.uk/rowley-regis/combination-boiler-services	8	Combination Boiler Services in Rowley Regis	43	Combination Boiler Services Pricing in Rowley Regis	51	Indexable	
https://www.birminghamboilerrepairs.uk/rowley-regis/combination-boiler-repairs	8	Combination Boiler Repairs in Rowley Regis	42	Combination Boiler Repairs Pricing in Rowley Regis	50	Indexable	
https://www.birminghamboilerrepairs.uk/rowley-regis/heatline-specialists	8	Heatline Specialists in Rowley Regis	36	Heatline Specialists Pricing in Rowley Regis	44	Indexable	
https://www.birminghamboilerrepairs.uk/rowley-regis/ferroli-specialists	8	Ferroli Specialists in Rowley Regis	35	Ferroli Specialists Pricing in Rowley Regis	43	Indexable	
https://www.birminghamboilerrepairs.uk/rowley-regis/potterton-specialists	8	Potterton Specialists in Rowley Regis	37	Potterton Specialists Pricing in Rowley Regis	45	Indexable	
https://www.birminghamboilerrepairs.uk/rowley-regis/alpha-boiler-specialists	8	Alpha Specialists in Rowley Regis	33	Alpha Specialists Pricing in Rowley Regis	41	Indexable	
https://www.birminghamboilerrepairs.uk/rowley-regis/intergas-specialists	8	Intergas Specialists in Rowley Regis	36	Intergas Specialists Pricing in Rowley Regis	44	Indexable	
https://www.birminghamboilerrepairs.uk/rowley-regis/boiler-servicing	8	Boiler Servicing in Rowley Regis	32	Boiler Servicing Pricing in Rowley Regis	40	Indexable	
https://www.birminghamboilerrepairs.uk/rowley-regis/glowworm-specialists	8	Glow-worm Specialists in Rowley Regis	37	Glow-worm Specialists Pricing in Rowley Regis	45	Indexable	
https://www.birminghamboilerrepairs.uk/rowley-regis/atag-specialists	8	Atag Specialists in Rowley Regis	32	Atag Specialists Pricing in Rowley Regis	40	Indexable	
https://www.birminghamboilerrepairs.uk/rowley-regis/gas-safety	8	Gas Safety Inspections in Rowley Regis	38	Gas Safety Inspections Pricing in Rowley Regis	46	Indexable	
https://www.birminghamboilerrepairs.uk/rowley-regis/vokera-specialists	8	Vokera Specialists in Rowley Regis	34	Vokera Specialists Pricing in Rowley Regis	42	Indexable	
https://www.birminghamboilerrepairs.uk/rowley-regis/baxi-specialists	8	Baxi Specialists in Rowley Regis	32	Baxi Specialists Pricing in Rowley Regis	40	Indexable	
https://www.birminghamboilerrepairs.uk/rowley-regis/viessmann-specialists	8	Viessmann Specialists in Rowley Regis	37	Viessmann Specialists Pricing in Rowley Regis	45	Indexable	
https://www.birminghamboilerrepairs.uk/rowley-regis/worcester-bosch-specialists	8	Worcester Bosch Specialists in Rowley Regis	43	Worcester Bosch Specialists Pricing in Rowley Regis	51	Indexable	
https://www.birminghamboilerrepairs.uk/rowley-regis/biasi-specialists	8	Biasi Specialists in Rowley Regis	33	Biasi Specialists Pricing in Rowley Regis	41	Indexable	
https://www.birminghamboilerrepairs.uk/longbridge/main-boiler-specialists	8	Main Specialists in Longbridge	30	Main Specialists Pricing in Longbridge	38	Indexable	
https://www.birminghamboilerrepairs.uk/longbridge/ariston-specialists	8	Ariston Specialists in Longbridge	33	Ariston Specialists Pricing in Longbridge	41	Indexable	
https://www.birminghamboilerrepairs.uk/longbridge/combination-boiler-repairs	8	Combination Boiler Repairs in Longbridge	40	Combination Boiler Repairs Pricing in Longbridge	48	Indexable	
https://www.birminghamboilerrepairs.uk/longbridge/ferroli-specialists	8	Ferroli Specialists in Longbridge	33	Ferroli Specialists Pricing in Longbridge	41	Indexable	
https://www.birminghamboilerrepairs.uk/longbridge/boiler-repairs	8	Boiler Repairs in Longbridge	28	Boiler Repairs Pricing in Longbridge	36	Indexable	
https://www.birminghamboilerrepairs.uk/longbridge/ideal-boilers-specialists	8	Ideal Boilers Specialists in Longbridge	39	Ideal Boilers Specialists Pricing in Longbridge	47	Indexable	
https://www.birminghamboilerrepairs.uk/longbridge/worcester-bosch-specialists	8	Worcester Bosch Specialists in Longbridge	41	Worcester Bosch Specialists Pricing in Longbridge	49	Indexable	
https://www.birminghamboilerrepairs.uk/longbridge/gas-safety	8	Gas Safety Inspections in Longbridge	36	Gas Safety Inspections Pricing in Longbridge	44	Indexable	
https://www.birminghamboilerrepairs.uk/longbridge/boiler-servicing	8	Boiler Servicing in Longbridge	30	Boiler Servicing Pricing in Longbridge	38	Indexable	
https://www.birminghamboilerrepairs.uk/longbridge/potterton-specialists	8	Potterton Specialists in Longbridge	35	Potterton Specialists Pricing in Longbridge	43	Indexable	
https://www.birminghamboilerrepairs.uk/longbridge/combination-boiler-services	8	Combination Boiler Services in Longbridge	41	Combination Boiler Services Pricing in Longbridge	49	Indexable	
https://www.birminghamboilerrepairs.uk/longbridge/intergas-specialists	8	Intergas Specialists in Longbridge	34	Intergas Specialists Pricing in Longbridge	42	Indexable	
https://www.birminghamboilerrepairs.uk/longbridge/vokera-specialists	8	Vokera Specialists in Longbridge	32	Vokera Specialists Pricing in Longbridge	40	Indexable	
https://www.birminghamboilerrepairs.uk/longbridge/baxi-specialists	8	Baxi Specialists in Longbridge	30	Baxi Specialists Pricing in Longbridge	38	Indexable	
https://www.birminghamboilerrepairs.uk/longbridge/heatline-specialists	8	Heatline Specialists in Longbridge	34	Heatline Specialists Pricing in Longbridge	42	Indexable	
https://www.birminghamboilerrepairs.uk/longbridge/alpha-boiler-specialists	8	Alpha Specialists in Longbridge	31	Alpha Specialists Pricing in Longbridge	39	Indexable	
https://www.birminghamboilerrepairs.uk/longbridge/biasi-specialists	8	Biasi Specialists in Longbridge	31	Biasi Specialists Pricing in Longbridge	39	Indexable	
https://www.birminghamboilerrepairs.uk/longbridge/atag-specialists	8	Atag Specialists in Longbridge	30	Atag Specialists Pricing in Longbridge	38	Indexable	
https://www.birminghamboilerrepairs.uk/longbridge/glowworm-specialists	8	Glow-worm Specialists in Longbridge	35	Glow-worm Specialists Pricing in Longbridge	43	Indexable	
https://www.birminghamboilerrepairs.uk/longbridge/viessmann-specialists	8	Viessmann Specialists in Longbridge	35	Viessmann Specialists Pricing in Longbridge	43	Indexable	
https://www.birminghamboilerrepairs.uk/longbridge/vaillant-specialists	8	Vaillant Specialists in Longbridge	34	Vaillant Specialists Pricing in Longbridge	42	Indexable	
https://www.birminghamboilerrepairs.uk/handsworth/atag-specialists	8	Atag Specialists in Handsworth	30	Atag Specialists Pricing in Handsworth	38	Indexable	
https://www.birminghamboilerrepairs.uk/handsworth/ideal-boilers-specialists	8	Ideal Boilers Specialists in Handsworth	39	Ideal Boilers Specialists Pricing in Handsworth	47	Indexable	
https://www.birminghamboilerrepairs.uk/handsworth/alpha-boiler-specialists	8	Alpha Specialists in Handsworth	31	Alpha Specialists Pricing in Handsworth	39	Indexable	
https://www.birminghamboilerrepairs.uk/handsworth/vaillant-specialists	8	Vaillant Specialists in Handsworth	34	Vaillant Specialists Pricing in Handsworth	42	Indexable	
https://www.birminghamboilerrepairs.uk/handsworth/ariston-specialists	8	Ariston Specialists in Handsworth	33	Ariston Specialists Pricing in Handsworth	41	Indexable	
https://www.birminghamboilerrepairs.uk/handsworth/combination-boiler-services	8	Combination Boiler Services in Handsworth	41	Combination Boiler Services Pricing in Handsworth	49	Indexable	
https://www.birminghamboilerrepairs.uk/handsworth/intergas-specialists	8	Intergas Specialists in Handsworth	34	Intergas Specialists Pricing in Handsworth	42	Indexable	
https://www.birminghamboilerrepairs.uk/handsworth/boiler-repairs	8	Boiler Repairs in Handsworth	28	Boiler Repairs Pricing in Handsworth	36	Indexable	
https://www.birminghamboilerrepairs.uk/handsworth/baxi-specialists	8	Baxi Specialists in Handsworth	30	Baxi Specialists Pricing in Handsworth	38	Indexable	
https://www.birminghamboilerrepairs.uk/handsworth/heatline-specialists	8	Heatline Specialists in Handsworth	34	Heatline Specialists Pricing in Handsworth	42	Indexable	
https://www.birminghamboilerrepairs.uk/handsworth/worcester-bosch-specialists	8	Worcester Bosch Specialists in Handsworth	41	Worcester Bosch Specialists Pricing in Handsworth	49	Indexable	