https://www.birminghamboilerrepairs.uk/services/boiler-repairs	Indexable		1		3399	3391	0	100.0	58	27	0	8	5	0
https://www.birminghamboilerrepairs.uk/services/boiler-servicing	Indexable		1		3399	3391	0	100.0	57	27	0	8	5	0
https://www.birminghamboilerrepairs.uk/questions	Indexable		1		3395	3391	0	100.0	41	21	0	8	5	0
https://www.birminghamboilerrepairs.uk/services	Indexable		1		6822	3391	0	100.0	202	187	0	8	5	0
https://www.birminghamboilerrepairs.uk/blog	Indexable		1		10202	3391	0	100.0	64	27	0	8	5	0
https://www.birminghamboilerrepairs.uk/austin-village/ideal-boilers-specialists	Indexable		2		306	152	0	4.48	59	31	0	9	6	0
https://www.birminghamboilerrepairs.uk/austin-village/vokera-specialists	Indexable		2		306	152	0	4.48	59	31	0	9	6	0
https://www.birminghamboilerrepairs.uk/austin-village/combination-boiler-repairs	Indexable		2		334	172	0	5.07	59	31	0	9	6	0
https://www.birminghamboilerrepairs.uk/austin-village/intergas-specialists	Indexable		2		306	152	0	4.48	59	31	0	9	6	0
https://www.birminghamboilerrepairs.uk/austin-village/atag-specialists	Indexable		2		306	152	0	4.48	59	31	0	9	6	0
https://www.birminghamboilerrepairs.uk/austin-village/main-boiler-specialists	Indexable		2		306	152	0	4.48	59	31	0	9	6	0
https://www.birminghamboilerrepairs.uk/austin-village/alpha-boiler-specialists	Indexable		2		306	152	0	4.48	59	31	0	9	6	0
https://www.birminghamboilerrepairs.uk/austin-village/viessmann-specialists	Indexable		2		306	152	0	4.48	59	31	0	9	6	0
https://www.birminghamboilerrepairs.uk/austin-village/baxi-specialists	Indexable		2		306	152	0	4.48	59	31	0	9	6	0
https://www.birminghamboilerrepairs.uk/austin-village/biasi-specialists	Indexable		2		306	152	0	4.48	59	31	0	9	6	0
https://www.birminghamboilerrepairs.uk/austin-village/ferroli-specialists	Indexable		2		326	172	0	5.07	59	31	0	9	6	0
https://www.birminghamboilerrepairs.uk/austin-village/heatline-specialists	Indexable		2		306	152	0	4.48	59	31	0	9	6	0
https://www.birminghamboilerrepairs.uk/austin-village/gas-safety	Indexable		2		385	172	0	5.07	59	31	0	9	6	0
https://www.birminghamboilerrepairs.uk/austin-village/potterton-specialists	Indexable		2		306	152	0	4.48	59	31	0	9	6	0
https://www.birminghamboilerrepairs.uk/austin-village/ariston-specialists	Indexable		2		306	152	0	4.48	59	31	0	9	6	0
https://www.birminghamboilerrepairs.uk/austin-village/vaillant-specialists	Indexable		2		306	152	0	4.48	59	31	0	9	6	0
https://www.birminghamboilerrepairs.uk/austin-village/combination-boiler-services	Indexable		2		325	172	0	5.07	59	31	0	9	6	0
https://www.birminghamboilerrepairs.uk/austin-village/worcester-bosch-specialists	Indexable		2		312	158	0	4.66	59	31	0	9	6	0
https://www.birminghamboilerrepairs.uk/austin-village/glowworm-specialists	Indexable		2		306	152	0	4.48	59	31	0	9	6	0
https://www.birminghamboilerrepairs.uk/ashted/glowworm-specialists	Indexable		2		306	152	0	4.48	59	31	0	9	6	0
https://www.birminghamboilerrepairs.uk/ashted/atag-specialists	Indexable		2		306	152	0	4.48	59	31	0	9	6	0
https://www.birminghamboilerrepairs.uk/ashted/alpha-boiler-specialists	Indexable		2		306	152	0	4.48	59	31	0	9	6	0
https://www.birminghamboilerrepairs.uk/ashted/vaillant-specialists	Indexable		2		306	152	0	4.48	59	31	0	9	6	0
https://www.birminghamboilerrepairs.uk/ashted/ferroli-specialists	Indexable		2		326	172	0	5.07	59	31	0	9	6	0
https://www.birminghamboilerrepairs.uk/ashted/intergas-specialists	Indexable		2		306	152	0	4.48	59	31	0	9	6	0
https://www.birminghamboilerrepairs.uk/ashted/heatline-specialists	Indexable		2		306	152	0	4.48	59	31	0	9	6	0
https://www.birminghamboilerrepairs.uk/ashted/combination-boiler-repairs	Indexable		2		334	172	0	5.07	59	31	0	9	6	0
https://www.birminghamboilerrepairs.uk/ashted/ariston-specialists	Indexable		2		306	152	0	4.48	59	31	0	9	6	0
https://www.birminghamboilerrepairs.uk/ashted/combination-boiler-services	Indexable		2		325	172	0	5.07	59	31	0	9	6	0
https://www.birminghamboilerrepairs.uk/ashted/biasi-specialists	Indexable		2		306	152	0	4.48	59	31	0	9	6	0
https://www.birminghamboilerrepairs.uk/aston-cross/boiler-repairs	Indexable		2		387	173	0	5.1	59	31	0	9	6	0
https://www.birminghamboilerrepairs.uk/acocks-green/boiler-repairs	Indexable		2		387	173	0	5.1	59	31	0	9	6	0
https://www.birminghamboilerrepairs.uk/aston/boiler-repairs	Indexable		2		387	173	0	5.1	59	31	0	9	6	0
https://www.birminghamboilerrepairs.uk/ashted/boiler-repairs	Indexable		2		387	173	0	5.1	59	31	0	9	6	0
https://www.birminghamboilerrepairs.uk/austin-village/boiler-repairs	Indexable		2		387	173	0	5.1	59	31	0	9	6	0
https://www.birminghamboilerrepairs.uk/bartley-green/boiler-repairs	Indexable		2		387	173	0	5.1	59	31	0	9	6	0
https://www.birminghamboilerrepairs.uk/aston-cross/boiler-servicing	Indexable		2		387	173	0	5.1	59	31	0	9	6	0
https://www.birminghamboilerrepairs.uk/ashted/boiler-servicing	Indexable		2		387	173	0	5.1	59	31	0	9	6	0
https://www.birminghamboilerrepairs.uk/austin-village/boiler-servicing	Indexable		2		387	173	0	5.1	59	31	0	9	6	0
https://www.birminghamboilerrepairs.uk/bartley-green/boiler-servicing	Indexable		2		387	173	0	5.1	59	31	0	9	6	0
https://www.birminghamboilerrepairs.uk/aston/boiler-servicing	Indexable		2		387	173	0	5.1	59	31	0	9	6	0
https://www.birminghamboilerrepairs.uk/acocks-green/boiler-servicing	Indexable		2		387	173	0	5.1	59	31	0	9	6	0
https://www.birminghamboilerrepairs.uk/aston-cross/combination-boiler-repairs	Indexable		2		334	172	0	5.07	59	31	0	9	6	0
https://www.birminghamboilerrepairs.uk/aston-cross/vaillant-specialists	Indexable		2		306	152	0	4.48	59	31	0	9	6	0
https://www.birminghamboilerrepairs.uk/aston-cross/glowworm-specialists	Indexable		2		306	152	0	4.48	59	31	0	9	6	0
https://www.birminghamboilerrepairs.uk/aston-cross/worcester-bosch-specialists	Indexable		2		312	158	0	4.66	59	31	0	9	6	0
https://www.birminghamboilerrepairs.uk/aston-cross/ferroli-specialists	Indexable		2		326	172	0	5.07	59	31	0	9	6	0
https://www.birminghamboilerrepairs.uk/aston-cross/intergas-specialists	Indexable		2		306	152	0	4.48	59	31	0	9	6	0
https://www.birminghamboilerrepairs.uk/aston-cross/gas-safety	Indexable		2		385	172	0	5.07	59	31	0	9	6	0
https://www.birminghamboilerrepairs.uk/aston-cross/viessmann-specialists	Indexable		2		306	152	0	4.48	59	31	0	9	6	0
https://www.birminghamboilerrepairs.uk/aston-cross/biasi-specialists	Indexable		2		306	152	0	4.48	59	31	0	9	6	0
https://www.birminghamboilerrepairs.uk/aston-cross/atag-specialists	Indexable		2		306	152	0	4.48	59	31	0	9	6	0
https://www.birminghamboilerrepairs.uk/aston-cross/combination-boiler-services	Indexable		2		325	172	0	5.07	59	31	0	9	6	0
https://www.birminghamboilerrepairs.uk/aston-cross/potterton-specialists	Indexable		2		306	152	0	4.48	59	31	0	9	6	0
https://www.birminghamboilerrepairs.uk/aston-cross/main-boiler-specialists	Indexable		2		306	152	0	4.48	59	31	0	9	6	0
https://www.birminghamboilerrepairs.uk/aston-cross/heatline-specialists	Indexable		2		306	152	0	4.48	59	31	0	9	6	0
https://www.birminghamboilerrepairs.uk/aston-cross/baxi-specialists	Indexable		2		306	152	0	4.48	59	31	0	9	6	0
https://www.birminghamboilerrepairs.uk/aston-cross/ideal-boilers-specialists	Indexable		2		306	152	0	4.48	59	31	0	9	6	0
https://www.birminghamboilerrepairs.uk/aston-cross/vokera-specialists	Indexable		2		306	152	0	4.48	59	31	0	9	6	0
https://www.birminghamboilerrepairs.uk/aston-cross/alpha-boiler-specialists	Indexable		2		306	152	0	4.48	59	31	0	9	6	0
https://www.birminghamboilerrepairs.uk/aston-cross/ariston-specialists	Indexable		2		306	152	0	4.48	59	31	0	9	6	0
https://www.birminghamboilerrepairs.uk/aston/alpha-boiler-specialists	Indexable		2		306	152	0	4.48	59	31	0	9	6	0
https://www.birminghamboilerrepairs.uk/aston/combination-boiler-services	Indexable		2		325	172	0	5.07	59	31	0	9	6	0
https://www.birminghamboilerrepairs.uk/aston/ferroli-specialists	Indexable		2		326	172	0	5.07	59	31	0	9	6	0
https://www.birminghamboilerrepairs.uk/aston/ideal-boilers-specialists	Indexable		2		306	152	0	4.48	59	31	0	9	6	0
https://www.birminghamboilerrepairs.uk/aston/heatline-specialists	Indexable		2		306	152	0	4.48	59	31	0	9	6	0
https://www.birminghamboilerrepairs.uk/aston/vaillant-specialists	Indexable		2		306	152	0	4.48	59	31	0	9	6	0
https://www.birminghamboilerrepairs.uk/aston/potterton-specialists	Indexable		2		306	152	0	4.48	59	31	0	9	6	0
https://www.birminghamboilerrepairs.uk/aston/atag-specialists	Indexable		2		306	152	0	4.48	59	31	0	9	6	0
https://www.birminghamboilerrepairs.uk/aston/worcester-bosch-specialists	Indexable		2		312	158	0	4.66	59	31	0	9	6	0
https://www.birminghamboilerrepairs.uk/aston/combination-boiler-repairs	Indexable		2		334	172	0	5.07	59	31	0	9	6	0
https://www.birminghamboilerrepairs.uk/aston/viessmann-specialists	Indexable		2		306	152	0	4.48	59	31	0	9	6	0
https://www.birminghamboilerrepairs.uk/aston/main-boiler-specialists	Indexable		2		306	152	0	4.48	59	31	0	9	6	0
https://www.birminghamboilerrepairs.uk/aston/vokera-specialists	Indexable		2		306	152	0	4.48	59	31	0	9	6	0
https://www.birminghamboilerrepairs.uk/aston/gas-safety	Indexable		2		385	172	0	5.07	59	31	0	9	6	0
https://www.birminghamboilerrepairs.uk/aston/baxi-specialists	Indexable		2		306	152	0	4.48	59	31	0	9	6	0
https://www.birminghamboilerrepairs.uk/aston/biasi-specialists	Indexable		2		306	152	0	4.48	59	31	0	9	6	0
https://www.birminghamboilerrepairs.uk/aston/ariston-specialists	Indexable		2		306	152	0	4.48	59	31	0	9	6	0
https://www.birminghamboilerrepairs.uk/aston/intergas-specialists	Indexable		2		306	152	0	4.48	59	31	0	9	6	0
https://www.birminghamboilerrepairs.uk/aston/glowworm-specialists	Indexable		2		306	152	0	4.48	59	31	0	9	6	0
https://www.birminghamboilerrepairs.uk/billesley/alpha-boiler-specialists	Indexable		2		4	1	0	0.03	59	31	0	9	6	0
https://www.birminghamboilerrepairs.uk/billesley/viessmann-specialists	Indexable		2		4	1	0	0.03	59	31	0	9	6	0
https://www.birminghamboilerrepairs.uk/billesley/baxi-specialists	Indexable		2		4	1	0	0.03	59	31	0	9	6	0
https://www.birminghamboilerrepairs.uk/billesley/glowworm-specialists	Indexable		2		4	1	0	0.03	59	31	0	9	6	0
https://www.birminghamboilerrepairs.uk/billesley/boiler-repairs	Indexable		2		83	21	0	0.62	59	31	0	9	6	0
https://www.birminghamboilerrepairs.uk/billesley/ferroli-specialists	Indexable		2		24	21	0	0.62	59	31	0	9	6	0
https://www.birminghamboilerrepairs.uk/billesley/ideal-boilers-specialists	Indexable		2		4	1	0	0.03	59	31	0	9	6	0
https://www.birminghamboilerrepairs.uk/billesley/atag-specialists	Indexable		2		4	1	0	0.03	59	31	0	9	6	0
https://www.birminghamboilerrepairs.uk/billesley/boiler-servicing	Indexable		2		83	21	0	0.62	59	31	0	9	6	0
https://www.birminghamboilerrepairs.uk/billesley/intergas-specialists	Indexable		2		4	1	0	0.03	59	31	0	9	6	0
https://www.birminghamboilerrepairs.uk/billesley/potterton-specialists	Indexable		2		4	1	0	0.03	59	31	0	9	6	0
https://www.birminghamboilerrepairs.uk/billesley/ariston-specialists	Indexable		2		4	1	0	0.03	59	31	0	9	6	0
https://www.birminghamboilerrepairs.uk/billesley/combination-boiler-services	Indexable		2		23	21	0	0.62	59	31	0	9	6	0
https://www.birminghamboilerrepairs.uk/billesley/worcester-bosch-specialists	Indexable		2		10	7	0	0.21	59	31	0	9	6	0
https://www.birminghamboilerrepairs.uk/billesley/combination-boiler-repairs	Indexable		2		32	21	0	0.62	59	31	0	9	6	0
https://www.birminghamboilerrepairs.uk/billesley/vokera-specialists	Indexable		2		4	1	0	0.03	59	31	0	9	6	0
https://www.birminghamboilerrepairs.uk/billesley/main-boiler-specialists	Indexable		2		4	1	0	0.03	59	31	0	9	6	0
https://www.birminghamboilerrepairs.uk/billesley/heatline-specialists	Indexable		2		4	1	0	0.03	59	31	0	9	6	0
https://www.birminghamboilerrepairs.uk/billesley/vaillant-specialists	Indexable		2		4	1	0	0.03	59	31	0	9	6	0
https://www.birminghamboilerrepairs.uk/billesley/biasi-specialists	Indexable		2		4	1	0	0.03	59	31	0	9	6	0
https://www.birminghamboilerrepairs.uk/billesley/gas-safety	Indexable		2		83	21	0	0.62	59	31	0	9	6	0
https://www.birminghamboilerrepairs.uk/acocks-green/main-boiler-specialists	Indexable		2		306	152	0	4.48	59	31	0	9	6	0
https://www.birminghamboilerrepairs.uk/acocks-green/ariston-specialists	Indexable		2		306	152	0	4.48	59	31	0	9	6	0
https://www.birminghamboilerrepairs.uk/acocks-green/combination-boiler-services	Indexable		2		325	172	0	5.07	59	31	0	9	6	0
https://www.birminghamboilerrepairs.uk/acocks-green/glowworm-specialists	Indexable		2		306	152	0	4.48	59	31	0	9	6	0
https://www.birminghamboilerrepairs.uk/acocks-green/worcester-bosch-specialists	Indexable		2		312	158	0	4.66	59	31	0	9	6	0
https://www.birminghamboilerrepairs.uk/acocks-green/ferroli-specialists	Indexable		2		326	172	0	5.07	59	31	0	9	6	0
https://www.birminghamboilerrepairs.uk/acocks-green/combination-boiler-repairs	Indexable		2		334	172	0	5.07	59	31	0	9	6	0
https://www.birminghamboilerrepairs.uk/acocks-green/vokera-specialists	Indexable		2		306	152	0	4.48	59	31	0	9	6	0
https://www.birminghamboilerrepairs.uk/acocks-green/intergas-specialists	Indexable		2		306	152	0	4.48	59	31	0	9	6	0
https://www.birminghamboilerrepairs.uk/acocks-green/vaillant-specialists	Indexable		2		306	152	0	4.48	59	31	0	9	6	0
https://www.birminghamboilerrepairs.uk/acocks-green/baxi-specialists	Indexable		2		306	152	0	4.48	59	31	0	9	6	0
https://www.birminghamboilerrepairs.uk/acocks-green/potterton-specialists	Indexable		2		306	152	0	4.48	59	31	0	9	6	0
https://www.birminghamboilerrepairs.uk/acocks-green/ideal-boilers-specialists	Indexable		2		306	152	0	4.48	59	31	0	9	6	0
https://www.birminghamboilerrepairs.uk/acocks-green/alpha-boiler-specialists	Indexable		2		306	152	0	4.48	59	31	0	9	6	0
https://www.birminghamboilerrepairs.uk/acocks-green/atag-specialists	Indexable		2		306	152	0	4.48	59	31	0	9	6	0
https://www.birminghamboilerrepairs.uk/acocks-green/viessmann-specialists	Indexable		2		306	152	0	4.48	59	31	0	9	6	0
https://www.birminghamboilerrepairs.uk/acocks-green/heatline-specialists	Indexable		2		306	152	0	4.48	59	31	0	9	6	0
https://www.birminghamboilerrepairs.uk/acocks-green/biasi-specialists	Indexable		2		306	152	0	4.48	59	31	0	9	6	0
https://www.birminghamboilerrepairs.uk/acocks-green/gas-safety	Indexable		2		385	172	0	5.07	59	31	0	9	6	0
https://www.birminghamboilerrepairs.uk/bartley-green/heatline-specialists	Indexable		2		306	152	0	4.48	59	31	0	9	6	0
https://www.birminghamboilerrepairs.uk/bartley-green/intergas-specialists	Indexable		2		306	152	0	4.48	59	31	0	9	6	0
https://www.birminghamboilerrepairs.uk/bartley-green/baxi-specialists	Indexable		2		306	152	0	4.48	59	31	0	9	6	0
https://www.birminghamboilerrepairs.uk/bartley-green/ferroli-specialists	Indexable		2		326	172	0	5.07	59	31	0	9	6	0
https://www.birminghamboilerrepairs.uk/bartley-green/viessmann-specialists	Indexable		2		306	152	0	4.48	59	31	0	9	6	0
https://www.birminghamboilerrepairs.uk/bartley-green/glowworm-specialists	Indexable		2		306	152	0	4.48	59	31	0	9	6	0
https://www.birminghamboilerrepairs.uk/bartley-green/vokera-specialists	Indexable		2		306	152	0	4.48	59	31	0	9	6	0
https://www.birminghamboilerrepairs.uk/bartley-green/biasi-specialists	Indexable		2		306	152	0	4.48	59	31	0	9	6	0
https://www.birminghamboilerrepairs.uk/bartley-green/combination-boiler-services	Indexable		2		325	172	0	5.07	59	31	0	9	6	0
https://www.birminghamboilerrepairs.uk/bartley-green/worcester-bosch-specialists	Indexable		2		312	158	0	4.66	59	31	0	9	6	0
https://www.birminghamboilerrepairs.uk/bartley-green/potterton-specialists	Indexable		2		306	152	0	4.48	59	31	0	9	6	0
https://www.birminghamboilerrepairs.uk/bartley-green/ariston-specialists	Indexable		2		306	152	0	4.48	59	31	0	9	6	0
https://www.birminghamboilerrepairs.uk/bartley-green/gas-safety	Indexable		2		385	172	0	5.07	59	31	0	9	6	0
https://www.birminghamboilerrepairs.uk/bartley-green/combination-boiler-repairs	Indexable		2		334	172	0	5.07	59	31	0	9	6	0
https://www.birminghamboilerrepairs.uk/bartley-green/ideal-boilers-specialists	Indexable		2		306	152	0	4.48	59	31	0	9	6	0
https://www.birminghamboilerrepairs.uk/bartley-green/main-boiler-specialists	Indexable		2		306	152	0	4.48	59	31	0	9	6	0
https://www.birminghamboilerrepairs.uk/bartley-green/alpha-boiler-specialists	Indexable		2		306	152	0	4.48	59	31	0	9	6	0
https://www.birminghamboilerrepairs.uk/bartley-green/atag-specialists	Indexable		2		306	152	0	4.48	59	31	0	9	6	0
https://www.birminghamboilerrepairs.uk/bartley-green/vaillant-specialists	Indexable		2		306	152	0	4.48	59	31	0	9	6	0
https://www.birminghamboilerrepairs.uk/beech-lanes/main-boiler-specialists	Indexable		2		16	7	0	0.21	59	31	0	9	6	0
https://www.birminghamboilerrepairs.uk/beech-lanes/vokera-specialists	Indexable		2		16	7	0	0.21	59	31	0	9	6	0
https://www.birminghamboilerrepairs.uk/beech-lanes/intergas-specialists	Indexable		2		16	7	0	0.21	59	31	0	9	6	0
https://www.birminghamboilerrepairs.uk/beech-lanes/vaillant-specialists	Indexable		2		16	7	0	0.21	59	31	0	9	6	0
https://www.birminghamboilerrepairs.uk/beech-lanes/gas-safety	Indexable		2		95	27	0	0.8	59	31	0	9	6	0
https://www.birminghamboilerrepairs.uk/beech-lanes/glowworm-specialists	Indexable		2		16	7	0	0.21	59	31	0	9	6	0
https://www.birminghamboilerrepairs.uk/beech-lanes/atag-specialists	Indexable		2		16	7	0	0.21	59	31	0	9	6	0
https://www.birminghamboilerrepairs.uk/beech-lanes/ferroli-specialists	Indexable		2		36	27	0	0.8	59	31	0	9	6	0
https://www.birminghamboilerrepairs.uk/beech-lanes/biasi-specialists	Indexable		2		16	7	0	0.21	59	31	0	9	6	0
https://www.birminghamboilerrepairs.uk/beech-lanes/boiler-servicing	Indexable		2		95	27	0	0.8	59	31	0	9	6	0
https://www.birminghamboilerrepairs.uk/beech-lanes/ideal-boilers-specialists	Indexable		2		16	7	0	0.21	59	31	0	9	6	0
https://www.birminghamboilerrepairs.uk/beech-lanes/ariston-specialists	Indexable		2		16	7	0	0.21	59	31	0	9	6	0
https://www.birminghamboilerrepairs.uk/beech-lanes/combination-boiler-services	Indexable		2		35	27	0	0.8	59	31	0	9	6	0
https://www.birminghamboilerrepairs.uk/beech-lanes/alpha-boiler-specialists	Indexable		2		16	7	0	0.21	59	31	0	9	6	0
https://www.birminghamboilerrepairs.uk/beech-lanes/potterton-specialists	Indexable		2		16	7	0	0.21	59	31	0	9	6	0
https://www.birminghamboilerrepairs.uk/beech-lanes/baxi-specialists	Indexable		2		16	7	0	0.21	59	31	0	9	6	0
https://www.birminghamboilerrepairs.uk/beech-lanes/worcester-bosch-specialists	Indexable		2		22	13	0	0.38	59	31	0	9	6	0
https://www.birminghamboilerrepairs.uk/beech-lanes/boiler-repairs	Indexable		2		95	27	0	0.8	59	31	0	9	6	0
https://www.birminghamboilerrepairs.uk/beech-lanes/heatline-specialists	Indexable		2		16	7	0	0.21	59	31	0	9	6	0
https://www.birminghamboilerrepairs.uk/beech-lanes/viessmann-specialists	Indexable		2		16	7	0	0.21	59	31	0	9	6	0
https://www.birminghamboilerrepairs.uk/beech-lanes/combination-boiler-repairs	Indexable		2		44	27	0	0.8	59	31	0	9	6	0
https://www.birminghamboilerrepairs.uk/ashted/main-boiler-specialists	Indexable		2		306	152	0	4.48	59	31	0	9	6	0
https://www.birminghamboilerrepairs.uk/ashted/ideal-boilers-specialists	Indexable		2		306	152	0	4.48	59	31	0	9	6	0
https://www.birminghamboilerrepairs.uk/ashted/potterton-specialists	Indexable		2		306	152	0	4.48	59	31	0	9	6	0
https://www.birminghamboilerrepairs.uk/ashted/worcester-bosch-specialists	Indexable		2		312	158	0	4.66	59	31	0	9	6	0
https://www.birminghamboilerrepairs.uk/ashted/baxi-specialists	Indexable		2		306	152	0	4.48	59	31	0	9	6	0
https://www.birminghamboilerrepairs.uk/ashted/vokera-specialists	Indexable		2		306	152	0	4.48	59	31	0	9	6	0
https://www.birminghamboilerrepairs.uk/ashted/viessmann-specialists	Indexable		2		306	152	0	4.48	59	31	0	9	6	0
https://www.birminghamboilerrepairs.uk/sarehole/ariston-specialists	Indexable		3		4	1	0	0.03	59	31	0	9	6	0
https://www.birminghamboilerrepairs.uk/ashted/gas-safety	Indexable		2		385	172	0	5.07	59	31	0	9	6	0
https://www.birminghamboilerrepairs.uk/sarehole/combination-boiler-services	Indexable		3		23	21	0	0.62	59	31	0	9	6	0
https://www.birminghamboilerrepairs.uk/sarehole/baxi-specialists	Indexable		3		4	1	0	0.03	59	31	0	9	6	0
https://www.birminghamboilerrepairs.uk/sarehole/viessmann-specialists	Indexable		3		4	1	0	0.03	59	31	0	9	6	0
https://www.birminghamboilerrepairs.uk/sarehole/vaillant-specialists	Indexable		3		4	1	0	0.03	59	31	0	9	6	0
https://www.birminghamboilerrepairs.uk/sarehole/biasi-specialists	Indexable		3		4	1	0	0.03	59	31	0	9	6	0
https://www.birminghamboilerrepairs.uk/sarehole/intergas-specialists	Indexable		3		4	1	0	0.03	59	31	0	9	6	0
https://www.birminghamboilerrepairs.uk/sarehole/boiler-repairs	Indexable		3		83	21	0	0.62	59	31	0	9	6	0
https://www.birminghamboilerrepairs.uk/sarehole/ferroli-specialists	Indexable		3		24	21	0	0.62	59	31	0	9	6	0
https://www.birminghamboilerrepairs.uk/sarehole/potterton-specialists	Indexable		3		4	1	0	0.03	59	31	0	9	6	0
https://www.birminghamboilerrepairs.uk/sarehole/ideal-boilers-specialists	Indexable		3		4	1	0	0.03	59	31	0	9	6	0
https://www.birminghamboilerrepairs.uk/sarehole/main-boiler-specialists	Indexable		3		4	1	0	0.03	59	31	0	9	6	0
https://www.birminghamboilerrepairs.uk/sarehole/boiler-servicing	Indexable		3		83	21	0	0.62	59	31	0	9	6	0
https://www.birminghamboilerrepairs.uk/sarehole/heatline-specialists	Indexable		3		4	1	0	0.03	59	31	0	9	6	0
https://www.birminghamboilerrepairs.uk/sarehole/worcester-bosch-specialists	Indexable		3		10	7	0	0.21	59	31	0	9	6	0
https://www.birminghamboilerrepairs.uk/sarehole/alpha-boiler-specialists	Indexable		3		4	1	0	0.03	59	31	0	9	6	0
https://www.birminghamboilerrepairs.uk/sarehole/combination-boiler-repairs	Indexable		3		32	21	0	0.62	59	31	0	9	6	0
https://www.birminghamboilerrepairs.uk/sarehole/gas-safety	Indexable		3		83	21	0	0.62	59	31	0	9	6	0
https://www.birminghamboilerrepairs.uk/sarehole/glowworm-specialists	Indexable		3		4	1	0	0.03	59	31	0	9	6	0
https://www.birminghamboilerrepairs.uk/sarehole/vokera-specialists	Indexable		3		4	1	0	0.03	59	31	0	9	6	0
https://www.birminghamboilerrepairs.uk/pype-hayes/vaillant-specialists	Indexable		3		4	1	0	0.03	59	31	0	9	6	0
https://www.birminghamboilerrepairs.uk/sarehole/atag-specialists	Indexable		3		4	1	0	0.03	59	31	0	9	6	0
https://www.birminghamboilerrepairs.uk/pype-hayes/glowworm-specialists	Indexable		3		4	1	0	0.03	59	31	0	9	6	0
https://www.birminghamboilerrepairs.uk/pype-hayes/baxi-specialists	Indexable		3		4	1	0	0.03	59	31	0	9	6	0
https://www.birminghamboilerrepairs.uk/pype-hayes/combination-boiler-repairs	Indexable		3		32	21	0	0.62	59	31	0	9	6	0
https://www.birminghamboilerrepairs.uk/pype-hayes/potterton-specialists	Indexable		3		4	1	0	0.03	59	31	0	9	6	0
https://www.birminghamboilerrepairs.uk/pype-hayes/worcester-bosch-specialists	Indexable		3		10	7	0	0.21	59	31	0	9	6	0
https://www.birminghamboilerrepairs.uk/pype-hayes/intergas-specialists	Indexable		3		4	1	0	0.03	59	31	0	9	6	0
https://www.birminghamboilerrepairs.uk/pype-hayes/ariston-specialists	Indexable		3		4	1	0	0.03	59	31	0	9	6	0
https://www.birminghamboilerrepairs.uk/pype-hayes/ideal-boilers-specialists	Indexable		3		4	1	0	0.03	59	31	0	9	6	0
https://www.birminghamboilerrepairs.uk/pype-hayes/gas-safety	Indexable		3		83	21	0	0.62	59	31	0	9	6	0
https://www.birminghamboilerrepairs.uk/pype-hayes/main-boiler-specialists	Indexable		3		4	1	0	0.03	59	31	0	9	6	0
https://www.birminghamboilerrepairs.uk/pype-hayes/alpha-boiler-specialists	Indexable		3		4	1	0	0.03	59	31	0	9	6	0
https://www.birminghamboilerrepairs.uk/pype-hayes/viessmann-specialists	Indexable		3		4	1	0	0.03	59	31	0	9	6	0
https://www.birminghamboilerrepairs.uk/pype-hayes/biasi-specialists	Indexable		3		4	1	0	0.03	59	31	0	9	6	0
https://www.birminghamboilerrepairs.uk/pype-hayes/boiler-servicing	Indexable		3		83	21	0	0.62	59	31	0	9	6	0
https://www.birminghamboilerrepairs.uk/pype-hayes/vokera-specialists	Indexable		3		4	1	0	0.03	59	31	0	9	6	0
https://www.birminghamboilerrepairs.uk/pype-hayes/combination-boiler-services	Indexable		3		23	21	0	0.62	59	31	0	9	6	0
https://www.birminghamboilerrepairs.uk/pype-hayes/atag-specialists	Indexable		3		4	1	0	0.03	59	31	0	9	6	0
https://www.birminghamboilerrepairs.uk/pype-hayes/heatline-specialists	Indexable		3		4	1	0	0.03	59	31	0	9	6	0
https://www.birminghamboilerrepairs.uk/pype-hayes/boiler-repairs	Indexable		3		83	21	0	0.62	59	31	0	9	6	0
https://www.birminghamboilerrepairs.uk/fox-hollies/vokera-specialists	Indexable		3		4	1	0	0.03	59	31	0	9	6	0
https://www.birminghamboilerrepairs.uk/fox-hollies/ferroli-specialists	Indexable		3		24	21	0	0.62	59	31	0	9	6	0
https://www.birminghamboilerrepairs.uk/fox-hollies/worcester-bosch-specialists	Indexable		3		10	7	0	0.21	59	31	0	9	6	0
https://www.birminghamboilerrepairs.uk/fox-hollies/gas-safety	Indexable		3		83	21	0	0.62	59	31	0	9	6	0
https://www.birminghamboilerrepairs.uk/fox-hollies/boiler-servicing	Indexable		3		83	21	0	0.62	59	31	0	9	6	0
https://www.birminghamboilerrepairs.uk/fox-hollies/potterton-specialists	Indexable		3		4	1	0	0.03	59	31	0	9	6	0
https://www.birminghamboilerrepairs.uk/pype-hayes/ferroli-specialists	Indexable		3		24	21	0	0.62	59	31	0	9	6	0
https://www.birminghamboilerrepairs.uk/fox-hollies/heatline-specialists	Indexable		3		4	1	0	0.03	59	31	0	9	6	0
https://www.birminghamboilerrepairs.uk/fox-hollies/intergas-specialists	Indexable		3		4	1	0	0.03	59	31	0	9	6	0
https://www.birminghamboilerrepairs.uk/fox-hollies/baxi-specialists	Indexable		3		4	1	0	0.03	59	31	0	9	6	0
https://www.birminghamboilerrepairs.uk/fox-hollies/atag-specialists	Indexable		3		4	1	0	0.03	59	31	0	9	6	0
https://www.birminghamboilerrepairs.uk/fox-hollies/viessmann-specialists	Indexable		3		4	1	0	0.03	59	31	0	9	6	0
https://www.birminghamboilerrepairs.uk/fox-hollies/vaillant-specialists	Indexable		3		4	1	0	0.03	59	31	0	9	6	0
https://www.birminghamboilerrepairs.uk/fox-hollies/boiler-repairs	Indexable		3		83	21	0	0.62	59	31	0	9	6	0
https://www.birminghamboilerrepairs.uk/fox-hollies/main-boiler-specialists	Indexable		3		4	1	0	0.03	59	31	0	9	6	0
https://www.birminghamboilerrepairs.uk/fox-hollies/combination-boiler-services	Indexable		3		23	21	0	0.62	59	31	0	9	6	0
https://www.birminghamboilerrepairs.uk/fox-hollies/ariston-specialists	Indexable		3		4	1	0	0.03	59	31	0	9	6	0
https://www.birminghamboilerrepairs.uk/fox-hollies/biasi-specialists	Indexable		3		4	1	0	0.03	59	31	0	9	6	0
https://www.birminghamboilerrepairs.uk/fox-hollies/ideal-boilers-specialists	Indexable		3		4	1	0	0.03	59	31	0	9	6	0
https://www.birminghamboilerrepairs.uk/fox-hollies/alpha-boiler-specialists	Indexable		3		4	1	0	0.03	59	31	0	9	6	0
https://www.birminghamboilerrepairs.uk/fox-hollies/glowworm-specialists	Indexable		3		4	1	0	0.03	59	31	0	9	6	0
https://www.birminghamboilerrepairs.uk/tudor-hill/baxi-specialists	Indexable		3		4	1	0	0.03	59	31	0	9	6	0
https://www.birminghamboilerrepairs.uk/fox-hollies/combination-boiler-repairs	Indexable		3		32	21	0	0.62	59	31	0	9	6	0
https://www.birminghamboilerrepairs.uk/tudor-hill/combination-boiler-services	Indexable		3		23	21	0	0.62	59	31	0	9	6	0
https://www.birminghamboilerrepairs.uk/tudor-hill/gas-safety	Indexable		3		83	21	0	0.62	59	31	0	9	6	0
https://www.birminghamboilerrepairs.uk/tudor-hill/worcester-bosch-specialists	Indexable		3		10	7	0	0.21	59	31	0	9	6	0
https://www.birminghamboilerrepairs.uk/tudor-hill/intergas-specialists	Indexable		3		4	1	0	0.03	59	31	0	9	6	0
https://www.birminghamboilerrepairs.uk/tudor-hill/potterton-specialists	Indexable		3		4	1	0	0.03	59	31	0	9	6	0
https://www.birminghamboilerrepairs.uk/tudor-hill/atag-specialists	Indexable		3		4	1	0	0.03	59	31	0	9	6	0
https://www.birminghamboilerrepairs.uk/tudor-hill/main-boiler-specialists	Indexable		3		4	1	0	0.03	59	31	0	9	6	0
https://www.birminghamboilerrepairs.uk/tudor-hill/boiler-repairs	Indexable		3		83	21	0	0.62	59	31	0	9	6	0
https://www.birminghamboilerrepairs.uk/tudor-hill/vaillant-specialists	Indexable		3		4	1	0	0.03	59	31	0	9	6	0
https://www.birminghamboilerrepairs.uk/tudor-hill/alpha-boiler-specialists	Indexable		3		4	1	0	0.03	59	31	0	9	6	0
https://www.birminghamboilerrepairs.uk/tudor-hill/boiler-servicing	Indexable		3		83	21	0	0.62	59	31	0	9	6	0
https://www.birminghamboilerrepairs.uk/tudor-hill/vokera-specialists	Indexable		3		4	1	0	0.03	59	31	0	9	6	0
https://www.birminghamboilerrepairs.uk/tudor-hill/biasi-specialists	Indexable		3		4	1	0	0.03	59	31	0	9	6	0
https://www.birminghamboilerrepairs.uk/tudor-hill/glowworm-specialists	Indexable		3		4	1	0	0.03	59	31	0	9	6	0
https://www.birminghamboilerrepairs.uk/tudor-hill/heatline-specialists	Indexable		3		4	1	0	0.03	59	31	0	9	6	0
https://www.birminghamboilerrepairs.uk/tudor-hill/combination-boiler-repairs	Indexable		3		32	21	0	0.62	59	31	0	9	6	0
https://www.birminghamboilerrepairs.uk/tudor-hill/viessmann-specialists	Indexable		3		4	1	0	0.03	59	31	0	9	6	0
https://www.birminghamboilerrepairs.uk/tudor-hill/ferroli-specialists	Indexable		3		24	21	0	0.62	59	31	0	9	6	0
https://www.birminghamboilerrepairs.uk/tudor-hill/ideal-boilers-specialists	Indexable		3		4	1	0	0.03	59	31	0	9	6	0
https://www.birminghamboilerrepairs.uk/tudor-hill/ariston-specialists	Indexable		3		4	1	0	0.03	59	31	0	9	6	0
https://www.birminghamboilerrepairs.uk/cofton-common/combination-boiler-services	Indexable		3		23	21	0	0.62	59	31	0	9	6	0
https://www.birminghamboilerrepairs.uk/cofton-common/ideal-boilers-specialists	Indexable		3		4	1	0	0.03	59	31	0	9	6	0
https://www.birminghamboilerrepairs.uk/cofton-common/boiler-repairs	Indexable		3		83	21	0	0.62	59	31	0	9	6	0
https://www.birminghamboilerrepairs.uk/cofton-common/vaillant-specialists	Indexable		3		4	1	0	0.03	59	31	0	9	6	0
https://www.birminghamboilerrepairs.uk/cofton-common/boiler-servicing	Indexable		3		83	21	0	0.62	59	31	0	9	6	0
https://www.birminghamboilerrepairs.uk/cofton-common/gas-safety	Indexable		3		83	21	0	0.62	59	31	0	9	6	0
https://www.birminghamboilerrepairs.uk/cofton-common/main-boiler-specialists	Indexable		3		4	1	0	0.03	59	31	0	9	6	0
https://www.birminghamboilerrepairs.uk/cofton-common/heatline-specialists	Indexable		3		4	1	0	0.03	59	31	0	9	6	0
https://www.birminghamboilerrepairs.uk/cofton-common/biasi-specialists	Indexable		3		4	1	0	0.03	59	31	0	9	6	0
https://www.birminghamboilerrepairs.uk/cofton-common/vokera-specialists	Indexable		3		4	1	0	0.03	59	31	0	9	6	0
https://www.birminghamboilerrepairs.uk/cofton-common/worcester-bosch-specialists	Indexable		3		10	7	0	0.21	59	31	0	9	6	0
https://www.birminghamboilerrepairs.uk/cofton-common/combination-boiler-repairs	Indexable		3		32	21	0	0.62	59	31	0	9	6	0
https://www.birminghamboilerrepairs.uk/cofton-common/ariston-specialists	Indexable		3		4	1	0	0.03	59	31	0	9	6	0
https://www.birminghamboilerrepairs.uk/cofton-common/baxi-specialists	Indexable		3		4	1	0	0.03	59	31	0	9	6	0
https://www.birminghamboilerrepairs.uk/cofton-common/ferroli-specialists	Indexable		3		24	21	0	0.62	59	31	0	9	6	0
https://www.birminghamboilerrepairs.uk/cofton-common/potterton-specialists	Indexable		3		4	1	0	0.03	59	31	0	9	6	0
https://www.birminghamboilerrepairs.uk/cofton-common/alpha-boiler-specialists	Indexable		3		4	1	0	0.03	59	31	0	9	6	0
https://www.birminghamboilerrepairs.uk/cofton-common/atag-specialists	Indexable		3		4	1	0	0.03	59	31	0	9	6	0
https://www.birminghamboilerrepairs.uk/cofton-common/glowworm-specialists	Indexable		3		4	1	0	0.03	59	31	0	9	6	0
https://www.birminghamboilerrepairs.uk/cofton-common/intergas-specialists	Indexable		3		4	1	0	0.03	59	31	0	9	6	0
https://www.birminghamboilerrepairs.uk/cofton-common/viessmann-specialists	Indexable		3		4	1	0	0.03	59	31	0	9	6	0
https://www.birminghamboilerrepairs.uk/garretts-green/combination-boiler-repairs	Indexable		3		32	21	0	0.62	59	31	0	9	6	0
https://www.birminghamboilerrepairs.uk/garretts-green/biasi-specialists	Indexable		3		4	1	0	0.03	59	31	0	9	6	0
https://www.birminghamboilerrepairs.uk/garretts-green/vaillant-specialists	Indexable		3		4	1	0	0.03	59	31	0	9	6	0
https://www.birminghamboilerrepairs.uk/garretts-green/heatline-specialists	Indexable		3		4	1	0	0.03	59	31	0	9	6	0
https://www.birminghamboilerrepairs.uk/garretts-green/ferroli-specialists	Indexable		3		24	21	0	0.62	59	31	0	9	6	0
https://www.birminghamboilerrepairs.uk/garretts-green/vokera-specialists	Indexable		3		4	1	0	0.03	59	31	0	9	6	0
https://www.birminghamboilerrepairs.uk/garretts-green/intergas-specialists	Indexable		3		4	1	0	0.03	59	31	0	9	6	0
https://www.birminghamboilerrepairs.uk/garretts-green/boiler-servicing	Indexable		3		83	21	0	0.62	59	31	0	9	6	0
https://www.birminghamboilerrepairs.uk/garretts-green/glowworm-specialists	Indexable		3		4	1	0	0.03	59	31	0	9	6	0
https://www.birminghamboilerrepairs.uk/garretts-green/potterton-specialists	Indexable		3		4	1	0	0.03	59	31	0	9	6	0
https://www.birminghamboilerrepairs.uk/garretts-green/baxi-specialists	Indexable		3		4	1	0	0.03	59	31	0	9	6	0
https://www.birminghamboilerrepairs.uk/garretts-green/worcester-bosch-specialists	Indexable		3		10	7	0	0.21	59	31	0	9	6	0
https://www.birminghamboilerrepairs.uk/garretts-green/alpha-boiler-specialists	Indexable		3		4	1	0	0.03	59	31	0	9	6	0
https://www.birminghamboilerrepairs.uk/garretts-green/viessmann-specialists	Indexable		3		4	1	0	0.03	59	31	0	9	6	0
https://www.birminghamboilerrepairs.uk/garretts-green/gas-safety	Indexable		3		83	21	0	0.62	59	31	0	9	6	0
https://www.birminghamboilerrepairs.uk/garretts-green/boiler-repairs	Indexable		3		83	21	0	0.62	59	31	0	9	6	0
https://www.birminghamboilerrepairs.uk/garretts-green/main-boiler-specialists	Indexable		3		4	1	0	0.03	59	31	0	9	6	0
https://www.birminghamboilerrepairs.uk/garretts-green/ariston-specialists	Indexable		3		4	1	0	0.03	59	31	0	9	6	0
https://www.birminghamboilerrepairs.uk/garretts-green/combination-boiler-services	Indexable		3		23	21	0	0.62	59	31	0	9	6	0
https://www.birminghamboilerrepairs.uk/garretts-green/ideal-boilers-specialists	Indexable		3		4	1	0	0.03	59	31	0	9	6	0
https://www.birminghamboilerrepairs.uk/garretts-green/atag-specialists	Indexable		3		4	1	0	0.03	59	31	0	9	6	0
https://www.birminghamboilerrepairs.uk/selly-oak/main-boiler-specialists	Indexable		3		4	1	0	0.03	59	31	0	9	6	0
https://www.birminghamboilerrepairs.uk/selly-oak/combination-boiler-repairs	Indexable		3		32	21	0	0.62	59	31	0	9	6	0
https://www.birminghamboilerrepairs.uk/selly-oak/combination-boiler-services	Indexable		3		23	21	0	0.62	59	31	0	9	6	0
https://www.birminghamboilerrepairs.uk/selly-oak/boiler-repairs	Indexable		3		83	21	0	0.62	59	31	0	9	6	0
https://www.birminghamboilerrepairs.uk/selly-oak/glowworm-specialists	Indexable		3		4	1	0	0.03	59	31	0	9	6	0
https://www.birminghamboilerrepairs.uk/selly-oak/heatline-specialists	Indexable		3		4	1	0	0.03	59	31	0	9	6	0
https://www.birminghamboilerrepairs.uk/selly-oak/boiler-servicing	Indexable		3		83	21	0	0.62	59	31	0	9	6	0
https://www.birminghamboilerrepairs.uk/selly-oak/ferroli-specialists	Indexable		3		24	21	0	0.62	59	31	0	9	6	0
https://www.birminghamboilerrepairs.uk/selly-oak/ideal-boilers-specialists	Indexable		3		4	1	0	0.03	59	31	0	9	6	0
https://www.birminghamboilerrepairs.uk/selly-oak/worcester-bosch-specialists	Indexable		3		10	7	0	0.21	59	31	0	9	6	0
https://www.birminghamboilerrepairs.uk/selly-oak/intergas-specialists	Indexable		3		4	1	0	0.03	59	31	0	9	6	0
https://www.birminghamboilerrepairs.uk/selly-oak/ariston-specialists	Indexable		3		4	1	0	0.03	59	31	0	9	6	0
https://www.birminghamboilerrepairs.uk/selly-oak/potterton-specialists	Indexable		3		4	1	0	0.03	59	31	0	9	6	0
https://www.birminghamboilerrepairs.uk/selly-oak/vokera-specialists	Indexable		3		4	1	0	0.03	59	31	0	9	6	0
https://www.birminghamboilerrepairs.uk/selly-oak/baxi-specialists	Indexable		3		4	1	0	0.03	59	31	0	9	6	0
https://www.birminghamboilerrepairs.uk/selly-oak/gas-safety	Indexable		3		83	21	0	0.62	59	31	0	9	6	0
https://www.birminghamboilerrepairs.uk/selly-oak/atag-specialists	Indexable		3		4	1	0	0.03	59	31	0	9	6	0
https://www.birminghamboilerrepairs.uk/selly-oak/biasi-specialists	Indexable		3		4	1	0	0.03	59	31	0	9	6	0
https://www.birminghamboilerrepairs.uk/selly-oak/viessmann-specialists	Indexable		3		4	1	0	0.03	59	31	0	9	6	0
https://www.birminghamboilerrepairs.uk/selly-oak/vaillant-specialists	Indexable		3		4	1	0	0.03	59	31	0	9	6	0
https://www.birminghamboilerrepairs.uk/selly-oak/alpha-boiler-specialists	Indexable		3		4	1	0	0.03	59	31	0	9	6	0
https://www.birminghamboilerrepairs.uk/rubery/biasi-specialists	Indexable		3		4	1	0	0.03	59	31	0	9	6	0
https://www.birminghamboilerrepairs.uk/rubery/main-boiler-specialists	Indexable		3		4	1	0	0.03	59	31	0	9	6	0
https://www.birminghamboilerrepairs.uk/rubery/combination-boiler-services	Indexable		3		23	21	0	0.62	59	31	0	9	6	0
https://www.birminghamboilerrepairs.uk/rubery/worcester-bosch-specialists	Indexable		3		10	7	0	0.21	59	31	0	9	6	0
https://www.birminghamboilerrepairs.uk/rubery/combination-boiler-repairs	Indexable		3		32	21	0	0.62	59	31	0	9	6	0
https://www.birminghamboilerrepairs.uk/rubery/ideal-boilers-specialists	Indexable		3		4	1	0	0.03	59	31	0	9	6	0
https://www.birminghamboilerrepairs.uk/rubery/intergas-specialists	Indexable		3		4	1	0	0.03	59	31	0	9	6	0
https://www.birminghamboilerrepairs.uk/rubery/ferroli-specialists	Indexable		3		24	21	0	0.62	59	31	0	9	6	0
https://www.birminghamboilerrepairs.uk/rubery/boiler-servicing	Indexable		3		83	21	0	0.62	59	31	0	9	6	0
https://www.birminghamboilerrepairs.uk/rubery/alpha-boiler-specialists	Indexable		3		4	1	0	0.03	59	31	0	9	6	0
https://www.birminghamboilerrepairs.uk/rubery/baxi-specialists	Indexable		3		4	1	0	0.03	59	31	0	9	6	0
https://www.birminghamboilerrepairs.uk/rowley-regis/main-boiler-specialists	Indexable		3		4	1	0	0.03	59	31	0	9	6	0
https://www.birminghamboilerrepairs.uk/rowley-regis/ariston-specialists	Indexable		3		4	1	0	0.03	59	31	0	9	6	0
https://www.birminghamboilerrepairs.uk/rowley-regis/ideal-boilers-specialists	Indexable		3		4	1	0	0.03	59	31	0	9	6	0
https://www.birminghamboilerrepairs.uk/rowley-regis/vaillant-specialists	Indexable		3		4	1	0	0.03	59	31	0	9	6	0
https://www.birminghamboilerrepairs.uk/moseley/alpha-boiler-specialists	Indexable		3		4	1	0	0.03	59	31	0	9	6	0
https://www.birminghamboilerrepairs.uk/rowley-regis/boiler-repairs	Indexable		3		83	21	0	0.62	59	31	0	9	6	0
https://www.birminghamboilerrepairs.uk/moseley/ideal-boilers-specialists	Indexable		3		4	1	0	0.03	59	31	0	9	6	0
https://www.birminghamboilerrepairs.uk/moseley/boiler-repairs	Indexable		3		83	21	0	0.62	59	31	0	9	6	0
https://www.birminghamboilerrepairs.uk/moseley/main-boiler-specialists	Indexable		3		4	1	0	0.03	59	31	0	9	6	0
https://www.birminghamboilerrepairs.uk/moseley/ferroli-specialists	Indexable		3		24	21	0	0.62	59	31	0	9	6	0
https://www.birminghamboilerrepairs.uk/moseley/glowworm-specialists	Indexable		3		4	1	0	0.03	59	31	0	9	6	0
https://www.birminghamboilerrepairs.uk/moseley/atag-specialists	Indexable		3		4	1	0	0.03	59	31	0	9	6	0
https://www.birminghamboilerrepairs.uk/moseley/gas-safety	Indexable		3		83	21	0	0.62	59	31	0	9	6	0
https://www.birminghamboilerrepairs.uk/moseley/combination-boiler-repairs	Indexable		3		32	21	0	0.62	59	31	0	9	6	0
https://www.birminghamboilerrepairs.uk/moseley/viessmann-specialists	Indexable		3		4	1	0	0.03	59	31	0	9	6	0
https://www.birminghamboilerrepairs.uk/moseley/combination-boiler-services	Indexable		3		23	21	0	0.62	59	31	0	9	6	0
https://www.birminghamboilerrepairs.uk/moseley/potterton-specialists	Indexable		3		4	1	0	0.03	59	31	0	9	6	0
https://www.birminghamboilerrepairs.uk/moseley/vokera-specialists	Indexable		3		4	1	0	0.03	59	31	0	9	6	0
https://www.birminghamboilerrepairs.uk/moseley/heatline-specialists	Indexable		3		4	1	0	0.03	59	31	0	9	6	0
https://www.birminghamboilerrepairs.uk/moseley/boiler-servicing	Indexable		3		83	21	0	0.62	59	31	0	9	6	0
https://www.birminghamboilerrepairs.uk/moseley/intergas-specialists	Indexable		3		4	1	0	0.03	59	31	0	9	6	0
https://www.birminghamboilerrepairs.uk/moseley/worcester-bosch-specialists	Indexable		3		10	7	0	0.21	59	31	0	9	6	0
https://www.birminghamboilerrepairs.uk/moseley/biasi-specialists	Indexable		3		4	1	0	0.03	59	31	0	9	6	0
https://www.birminghamboilerrepairs.uk/moseley/baxi-specialists	Indexable		3		4	1	0	0.03	59	31	0	9	6	0
https://www.birminghamboilerrepairs.uk/moseley/ariston-specialists	Indexable		3		4	1	0	0.03	59	31	0	9	6	0
https://www.birminghamboilerrepairs.uk/moseley/vaillant-specialists	Indexable		3		4	1	0	0.03	59	31	0	9	6	0
https://www.birminghamboilerrepairs.uk/catshill/viessmann-specialists	Indexable		3		4	1	0	0.03	59	31	0	9	6	0
https://www.birminghamboilerrepairs.uk/catshill/baxi-specialists	Indexable		3		4	1	0	0.03	59	31	0	9	6	0
https://www.birminghamboilerrepairs.uk/catshill/worcester-bosch-specialists	Indexable		3		10	7	0	0.21	59	31	0	9	6	0
https://www.birminghamboilerrepairs.uk/catshill/vokera-specialists	Indexable		3		4	1	0	0.03	59	31	0	9	6	0
https://www.birminghamboilerrepairs.uk/catshill/combination-boiler-services	Indexable		3		23	21	0	0.62	59	31	0	9	6	0
https://www.birminghamboilerrepairs.uk/catshill/combination-boiler-repairs	Indexable		3		32	21	0	0.62	59	31	0	9	6	0
https://www.birminghamboilerrepairs.uk/catshill/alpha-boiler-specialists	Indexable		3		4	1	0	0.03	59	31	0	9	6	0
https://www.birminghamboilerrepairs.uk/catshill/main-boiler-specialists	Indexable		3		4	1	0	0.03	59	31	0	9	6	0
https://www.birminghamboilerrepairs.uk/catshill/gas-safety	Indexable		3		83	21	0	0.62	59	31	0	9	6	0
https://www.birminghamboilerrepairs.uk/catshill/ferroli-specialists	Indexable		3		24	21	0	0.62	59	31	0	9	6	0
https://www.birminghamboilerrepairs.uk/catshill/heatline-specialists	Indexable		3		4	1	0	0.03	59	31	0	9	6	0
https://www.birminghamboilerrepairs.uk/catshill/boiler-repairs	Indexable		3		83	21	0	0.62	59	31	0	9	6	0
https://www.birminghamboilerrepairs.uk/catshill/vaillant-specialists	Indexable		3		4	1	0	0.03	59	31	0	9	6	0
https://www.birminghamboilerrepairs.uk/catshill/intergas-specialists	Indexable		3		4	1	0	0.03	59	31	0	9	6	0
https://www.birminghamboilerrepairs.uk/catshill/ariston-specialists	Indexable		3		4	1	0	0.03	59	31	0	9	6	0
https://www.birminghamboilerrepairs.uk/catshill/ideal-boilers-specialists	Indexable		3		4	1	0	0.03	59	31	0	9	6	0
https://www.birminghamboilerrepairs.uk/catshill/biasi-specialists	Indexable		3		4	1	0	0.03	59	31	0	9	6	0
https://www.birminghamboilerrepairs.uk/catshill/atag-specialists	Indexable		3		4	1	0	0.03	59	31	0	9	6	0
https://www.birminghamboilerrepairs.uk/catshill/glowworm-specialists	Indexable		3		4	1	0	0.03	59	31	0	9	6	0
https://www.birminghamboilerrepairs.uk/catshill/boiler-servicing	Indexable		3		83	21	0	0.62	59	31	0	9	6	0
https://www.birminghamboilerrepairs.uk/rednal/ariston-specialists	Indexable		3		4	1	0	0.03	59	31	0	9	6	0
https://www.birminghamboilerrepairs.uk/rednal/main-boiler-specialists	Indexable		3		4	1	0	0.03	59	31	0	9	6	0
https://www.birminghamboilerrepairs.uk/rednal/alpha-boiler-specialists	Indexable		3		4	1	0	0.03	59	31	0	9	6	0
https://www.birminghamboilerrepairs.uk/rednal/intergas-specialists	Indexable		3		4	1	0	0.03	59	31	0	9	6	0
https://www.birminghamboilerrepairs.uk/rednal/combination-boiler-repairs	Indexable		3		32	21	0	0.62	59	31	0	9	6	0
https://www.birminghamboilerrepairs.uk/rednal/glowworm-specialists	Indexable		3		4	1	0	0.03	59	31	0	9	6	0
https://www.birminghamboilerrepairs.uk/rednal/ideal-boilers-specialists	Indexable		3		4	1	0	0.03	59	31	0	9	6	0
https://www.birminghamboilerrepairs.uk/rednal/viessmann-specialists	Indexable		3		4	1	0	0.03	59	31	0	9	6	0
https://www.birminghamboilerrepairs.uk/rednal/biasi-specialists	Indexable		3		4	1	0	0.03	59	31	0	9	6	0
https://www.birminghamboilerrepairs.uk/rednal/vokera-specialists	Indexable		3		4	1	0	0.03	59	31	0	9	6	0
https://www.birminghamboilerrepairs.uk/rednal/gas-safety	Indexable		3		83	21	0	0.62	59	31	0	9	6	0
https://www.birminghamboilerrepairs.uk/rednal/vaillant-specialists	Indexable		3		4	1	0	0.03	59	31	0	9	6	0
https://www.birminghamboilerrepairs.uk/rednal/boiler-repairs	Indexable		3		83	21	0	0.62	59	31	0	9	6	0
https://www.birminghamboilerrepairs.uk/rednal/atag-specialists	Indexable		3		4	1	0	0.03	59	31	0	9	6	0
https://www.birminghamboilerrepairs.uk/rednal/boiler-servicing	Indexable		3		83	21	0	0.62	59	31	0	9	6	0
https://www.birminghamboilerrepairs.uk/rednal/potterton-specialists	Indexable		3		4	1	0	0.03	59	31	0	9	6	0
https://www.birminghamboilerrepairs.uk/rednal/baxi-specialists	Indexable		3		4	1	0	0.03	59	31	0	9	6	0
https://www.birminghamboilerrepairs.uk/rednal/combination-boiler-services	Indexable		3		23	21	0	0.62	59	31	0	9	6	0
https://www.birminghamboilerrepairs.uk/rednal/worcester-bosch-specialists	Indexable		3		10	7	0	0.21	59	31	0	9	6	0
https://www.birminghamboilerrepairs.uk/rednal/ferroli-specialists	Indexable		3		24	21	0	0.62	59	31	0	9	6	0
https://www.birminghamboilerrepairs.uk/catshill/potterton-specialists	Indexable		3		4	1	0	0.03	59	31	0	9	6	0
https://www.birminghamboilerrepairs.uk/birmingham/baxi-specialists	Indexable		3		4	1	0	0.03	59	31	0	9	6	0
https://www.birminghamboilerrepairs.uk/birmingham/ariston-specialists	Indexable		3		4	1	0	0.03	59	31	0	9	6	0
https://www.birminghamboilerrepairs.uk/birmingham/alpha-boiler-specialists	Indexable		3		4	1	0	0.03	59	31	0	9	6	0
https://www.birminghamboilerrepairs.uk/rednal/heatline-specialists	Indexable		3		4	1	0	0.03	59	31	0	9	6	0
https://www.birminghamboilerrepairs.uk/birmingham/heatline-specialists	Indexable		3		4	1	0	0.03	59	31	0	9	6	0
https://www.birminghamboilerrepairs.uk/birmingham/vaillant-specialists	Indexable		3		4	1	0	0.03	59	31	0	9	6	0
https://www.birminghamboilerrepairs.uk/birmingham/vokera-specialists	Indexable		3		4	1	0	0.03	59	31	0	9	6	0
https://www.birminghamboilerrepairs.uk/birmingham/glowworm-specialists	Indexable		3		4	1	0	0.03	59	31	0	9	6	0
https://www.birminghamboilerrepairs.uk/birmingham/viessmann-specialists	Indexable		3		4	1	0	0.03	59	31	0	9	6	0
https://www.birminghamboilerrepairs.uk/birmingham/main-boiler-specialists	Indexable		3		4	1	0	0.03	59	31	0	9	6	0
https://www.birminghamboilerrepairs.uk/birmingham/biasi-specialists	Indexable		3		4	1	0	0.03	59	31	0	9	6	0
https://www.birminghamboilerrepairs.uk/birmingham/intergas-specialists	Indexable		3		4	1	0	0.03	59	31	0	9	6	0
https://www.birminghamboilerrepairs.uk/birmingham/ideal-boilers-specialists	Indexable		3		4	1	0	0.03	59	31	0	9	6	0
https://www.birminghamboilerrepairs.uk/bournville/boiler-servicing	Indexable		3		83	21	0	0.62	59	31	0	9	6	0
https://www.birminghamboilerrepairs.uk/birmingham/potterton-specialists	Indexable		3		4	1	0	0.03	59	31	0	9	6	0
https://www.birminghamboilerrepairs.uk/bournville/ferroli-specialists	Indexable		3		24	21	0	0.62	59	31	0	9	6	0
https://www.birminghamboilerrepairs.uk/birmingham/atag-specialists	Indexable		3		4	1	0	0.03	59	31	0	9	6	0
https://www.birminghamboilerrepairs.uk/bournville/worcester-bosch-specialists	Indexable		3		10	7	0	0.21	59	31	0	9	6	0
https://www.birminghamboilerrepairs.uk/bournville/combination-boiler-services	Indexable		3		23	21	0	0.62	59	31	0	9	6	0
https://www.birminghamboilerrepairs.uk/bournville/baxi-specialists	Indexable		3		4	1	0	0.03	59	31	0	9	6	0
https://www.birminghamboilerrepairs.uk/bournville/intergas-specialists	Indexable		3		4	1	0	0.03	59	31	0	9	6	0
https://www.birminghamboilerrepairs.uk/bournville/biasi-specialists	Indexable		3		4	1	0	0.03	59	31	0	9	6	0
https://www.birminghamboilerrepairs.uk/bournville/combination-boiler-repairs	Indexable		3		32	21	0	0.62	59	31	0	9	6	0
https://www.birminghamboilerrepairs.uk/bournville/glowworm-specialists	Indexable		3		4	1	0	0.03	59	31	0	9	6	0
https://www.birminghamboilerrepairs.uk/bournville/heatline-specialists	Indexable		3		4	1	0	0.03	59	31	0	9	6	0
https://www.birminghamboilerrepairs.uk/bournville/ideal-boilers-specialists	Indexable		3		4	1	0	0.03	59	31	0	9	6	0
https://www.birminghamboilerrepairs.uk/bournville/atag-specialists	Indexable		3		4	1	0	0.03	59	31	0	9	6	0
https://www.birminghamboilerrepairs.uk/bournville/alpha-boiler-specialists	Indexable		3		4	1	0	0.03	59	31	0	9	6	0
https://www.birminghamboilerrepairs.uk/bournville/vokera-specialists	Indexable		3		4	1	0	0.03	59	31	0	9	6	0
https://www.birminghamboilerrepairs.uk/bournville/vaillant-specialists	Indexable		3		4	1	0	0.03	59	31	0	9	6	0
https://www.birminghamboilerrepairs.uk/bournville/potterton-specialists	Indexable		3		4	1	0	0.03	59	31	0	9	6	0
https://www.birminghamboilerrepairs.uk/bournville/gas-safety	Indexable		3		83	21	0	0.62	59	31	0	9	6	0
https://www.birminghamboilerrepairs.uk/bournville/boiler-repairs	Indexable		3		83	21	0	0.62	59	31	0	9	6	0
https://www.birminghamboilerrepairs.uk/bournville/ariston-specialists	Indexable		3		4	1	0	0.03	59	31	0	9	6	0
https://www.birminghamboilerrepairs.uk/bournville/main-boiler-specialists	Indexable		3		4	1	0	0.03	59	31	0	9	6	0
https://www.birminghamboilerrepairs.uk/bournville/viessmann-specialists	Indexable		3		4	1	0	0.03	59	31	0	9	6	0
https://www.birminghamboilerrepairs.uk/pelham/glowworm-specialists	Indexable		3		4	1	0	0.03	59	31	0	9	6	0
https://www.birminghamboilerrepairs.uk/pelham/biasi-specialists	Indexable		3		4	1	0	0.03	59	31	0	9	6	0
https://www.birminghamboilerrepairs.uk/pelham/boiler-servicing	Indexable		3		83	21	0	0.62	59	31	0	9	6	0
https://www.birminghamboilerrepairs.uk/pelham/ariston-specialists	Indexable		3		4	1	0	0.03	59	31	0	9	6	0
https://www.birminghamboilerrepairs.uk/pelham/baxi-specialists	Indexable		3		4	1	0	0.03	59	31	0	9	6	0
https://www.birminghamboilerrepairs.uk/pelham/heatline-specialists	Indexable		3		4	1	0	0.03	59	31	0	9	6	0
https://www.birminghamboilerrepairs.uk/pelham/combination-boiler-repairs	Indexable		3		32	21	0	0.62	59	31	0	9	6	0
https://www.birminghamboilerrepairs.uk/pelham/potterton-specialists	Indexable		3		4	1	0	0.03	59	31	0	9	6	0
https://www.birminghamboilerrepairs.uk/pelham/worcester-bosch-specialists	Indexable		3		10	7	0	0.21	59	31	0	9	6	0
https://www.birminghamboilerrepairs.uk/pelham/combination-boiler-services	Indexable		3		23	21	0	0.62	59	31	0	9	6	0
https://www.birminghamboilerrepairs.uk/pelham/vaillant-specialists	Indexable		3		4	1	0	0.03	59	31	0	9	6	0
https://www.birminghamboilerrepairs.uk/pelham/gas-safety	Indexable		3		83	21	0	0.62	59	31	0	9	6	0
https://www.birminghamboilerrepairs.uk/pelham/alpha-boiler-specialists	Indexable		3		4	1	0	0.03	59	31	0	9	6	0
https://www.birminghamboilerrepairs.uk/pelham/boiler-repairs	Indexable		3		83	21	0	0.62	59	31	0	9	6	0
https://www.birminghamboilerrepairs.uk/pelham/viessmann-specialists	Indexable		3		4	1	0	0.03	59	31	0	9	6	0
https://www.birminghamboilerrepairs.uk/pelham/intergas-specialists	Indexable		3		4	1	0	0.03	59	31	0	9	6	0
https://www.birminghamboilerrepairs.uk/pelham/vokera-specialists	Indexable		3		4	1	0	0.03	59	31	0	9	6	0
https://www.birminghamboilerrepairs.uk/pelham/ideal-boilers-specialists	Indexable		3		4	1	0	0.03	59	31	0	9	6	0
https://www.birminghamboilerrepairs.uk/pelham/ferroli-specialists	Indexable		3		24	21	0	0.62	59	31	0	9	6	0
https://www.birminghamboilerrepairs.uk/pelham/atag-specialists	Indexable		3		4	1	0	0.03	59	31	0	9	6	0
https://www.birminghamboilerrepairs.uk/great-barr/alpha-boiler-specialists	Indexable		3		4	1	0	0.03	59	31	0	9	6	0
https://www.birminghamboilerrepairs.uk/great-barr/potterton-specialists	Indexable		3		4	1	0	0.03	59	31	0	9	6	0
https://www.birminghamboilerrepairs.uk/pelham/main-boiler-specialists	Indexable		3		4	1	0	0.03	59	31	0	9	6	0
https://www.birminghamboilerrepairs.uk/great-barr/vokera-specialists	Indexable		3		4	1	0	0.03	59	31	0	9	6	0
https://www.birminghamboilerrepairs.uk/great-barr/viessmann-specialists	Indexable		3		4	1	0	0.03	59	31	0	9	6	0
https://www.birminghamboilerrepairs.uk/great-barr/combination-boiler-repairs	Indexable		3		32	21	0	0.62	59	31	0	9	6	0
https://www.birminghamboilerrepairs.uk/great-barr/combination-boiler-services	Indexable		3		23	21	0	0.62	59	31	0	9	6	0
https://www.birminghamboilerrepairs.uk/great-barr/heatline-specialists	Indexable		3		4	1	0	0.03	59	31	0	9	6	0
https://www.birminghamboilerrepairs.uk/great-barr/boiler-servicing	Indexable		3		83	21	0	0.62	59	31	0	9	6	0
https://www.birminghamboilerrepairs.uk/great-barr/intergas-specialists	Indexable		3		4	1	0	0.03	59	31	0	9	6	0
https://www.birminghamboilerrepairs.uk/great-barr/boiler-repairs	Indexable		3		83	21	0	0.62	59	31	0	9	6	0
https://www.birminghamboilerrepairs.uk/great-barr/ferroli-specialists	Indexable		3		24	21	0	0.62	59	31	0	9	6	0
https://www.birminghamboilerrepairs.uk/great-barr/gas-safety	Indexable		3		83	21	0	0.62	59	31	0	9	6	0
https://www.birminghamboilerrepairs.uk/great-barr/ideal-boilers-specialists	Indexable		3		4	1	0	0.03	59	31	0	9	6	0
https://www.birminghamboilerrepairs.uk/great-barr/ariston-specialists	Indexable		3		4	1	0	0.03	59	31	0	9	6	0
https://www.birminghamboilerrepairs.uk/great-barr/atag-specialists	Indexable		3		4	1	0	0.03	59	31	0	9	6	0
https://www.birminghamboilerrepairs.uk/great-barr/worcester-bosch-specialists	Indexable		3		10	7	0	0.21	59	31	0	9	6	0
https://www.birminghamboilerrepairs.uk/great-barr/glowworm-specialists	Indexable		3		4	1	0	0.03	59	31	0	9	6	0
https://www.birminghamboilerrepairs.uk/great-barr/baxi-specialists	Indexable		3		4	1	0	0.03	59	31	0	9	6	0
https://www.birminghamboilerrepairs.uk/great-barr/vaillant-specialists	Indexable		3		4	1	0	0.03	59	31	0	9	6	0
https://www.birminghamboilerrepairs.uk/great-barr/biasi-specialists	Indexable		3		4	1	0	0.03	59	31	0	9	6	0
https://www.birminghamboilerrepairs.uk/boldmere/viessmann-specialists	Indexable		3		4	1	0	0.03	59	31	0	9	6	0
https://www.birminghamboilerrepairs.uk/great-barr/main-boiler-specialists	Indexable		3		4	1	0	0.03	59	31	0	9	6	0
https://www.birminghamboilerrepairs.uk/boldmere/combination-boiler-repairs	Indexable		3		32	21	0	0.62	59	31	0	9	6	0
https://www.birminghamboilerrepairs.uk/boldmere/gas-safety	Indexable		3		83	21	0	0.62	59	31	0	9	6	0
https://www.birminghamboilerrepairs.uk/boldmere/biasi-specialists	Indexable		3		4	1	0	0.03	59	31	0	9	6	0
https://www.birminghamboilerrepairs.uk/boldmere/ferroli-specialists	Indexable		3		24	21	0	0.62	59	31	0	9	6	0
https://www.birminghamboilerrepairs.uk/boldmere/glowworm-specialists	Indexable		3		4	1	0	0.03	59	31	0	9	6	0
https://www.birminghamboilerrepairs.uk/boldmere/vaillant-specialists	Indexable		3		4	1	0	0.03	59	31	0	9	6	0
https://www.birminghamboilerrepairs.uk/boldmere/main-boiler-specialists	Indexable		3		4	1	0	0.03	59	31	0	9	6	0
https://www.birminghamboilerrepairs.uk/boldmere/atag-specialists	Indexable		3		4	1	0	0.03	59	31	0	9	6	0
https://www.birminghamboilerrepairs.uk/boldmere/vokera-specialists	Indexable		3		4	1	0	0.03	59	31	0	9	6	0
https://www.birminghamboilerrepairs.uk/boldmere/worcester-bosch-specialists	Indexable		3		10	7	0	0.21	59	31	0	9	6	0
https://www.birminghamboilerrepairs.uk/boldmere/ideal-boilers-specialists	Indexable		3		4	1	0	0.03	59	31	0	9	6	0
https://www.birminghamboilerrepairs.uk/birmingham/ferroli-specialists	Indexable		3		32	29	0	0.86	59	31	0	9	6	0
https://www.birminghamboilerrepairs.uk/boldmere/intergas-specialists	Indexable		3		4	1	0	0.03	59	31	0	9	6	0
https://www.birminghamboilerrepairs.uk/birmingham/worcester-bosch-specialists	Indexable		3		18	15	0	0.44	59	31	0	9	6	0
https://www.birminghamboilerrepairs.uk/birmingham/combination-boiler-repairs	Indexable		3		40	29	0	0.86	59	31	0	9	6	0
https://www.birminghamboilerrepairs.uk/birmingham/combination-boiler-services	Indexable		3		31	29	0	0.86	59	31	0	9	6	0
https://www.birminghamboilerrepairs.uk/west-midlands/combination-boiler-services	Indexable		3		24	22	0	0.65	59	31	0	9	6	0
https://www.birminghamboilerrepairs.uk/birmingham/boiler-servicing	Indexable		3		90	28	0	0.83	59	31	0	9	6	0
https://www.birminghamboilerrepairs.uk/west-midlands/combination-boiler-repairs	Indexable		3		33	22	0	0.65	59	31	0	9	6	0
https://www.birminghamboilerrepairs.uk/birmingham/gas-safety	Indexable		3		91	29	0	0.86	59	31	0	9	6	0
https://www.birminghamboilerrepairs.uk/west-midlands/ferroli-specialists	Indexable		3		25	22	0	0.65	59	31	0	9	6	0
https://www.birminghamboilerrepairs.uk/west-midlands/worcester-bosch-specialists	Indexable		3		11	8	0	0.24	59	31	0	9	6	0
https://www.birminghamboilerrepairs.uk/west-midlands/boiler-repairs	Indexable		3		84	22	0	0.65	59	31	0	9	6	0
https://www.birminghamboilerrepairs.uk/west-midlands/gas-safety	Indexable		3		84	22	0	0.65	59	31	0	9	6	0
https://www.birminghamboilerrepairs.uk/birches-green/main-boiler-specialists	Indexable		3		4	1	0	0.03	59	31	0	9	6	0
https://www.birminghamboilerrepairs.uk/birches-green/gas-safety	Indexable		3		83	21	0	0.62	59	31	0	9	6	0
https://www.birminghamboilerrepairs.uk/birches-green/boiler-servicing	Indexable		3		83	21	0	0.62	59	31	0	9	6	0
https://www.birminghamboilerrepairs.uk/birches-green/biasi-specialists	Indexable		3		4	1	0	0.03	59	31	0	9	6	0
https://www.birminghamboilerrepairs.uk/birches-green/ideal-boilers-specialists	Indexable		3		4	1	0	0.03	59	31	0	9	6	0
https://www.birminghamboilerrepairs.uk/birches-green/worcester-bosch-specialists	Indexable		3		10	7	0	0.21	59	31	0	9	6	0
https://www.birminghamboilerrepairs.uk/birches-green/potterton-specialists	Indexable		3		4	1	0	0.03	59	31	0	9	6	0
https://www.birminghamboilerrepairs.uk/birches-green/combination-boiler-services	Indexable		3		23	21	0	0.62	59	31	0	9	6	0
https://www.birminghamboilerrepairs.uk/birches-green/alpha-boiler-specialists	Indexable		3		4	1	0	0.03	59	31	0	9	6	0
https://www.birminghamboilerrepairs.uk/birches-green/combination-boiler-repairs	Indexable		3		32	21	0	0.62	59	31	0	9	6	0
https://www.birminghamboilerrepairs.uk/birches-green/atag-specialists	Indexable		3		4	1	0	0.03	59	31	0	9	6	0
https://www.birminghamboilerrepairs.uk/birches-green/vokera-specialists	Indexable		3		4	1	0	0.03	59	31	0	9	6	0
https://www.birminghamboilerrepairs.uk/birches-green/vaillant-specialists	Indexable		3		4	1	0	0.03	59	31	0	9	6	0
https://www.birminghamboilerrepairs.uk/birches-green/intergas-specialists	Indexable		3		4	1	0	0.03	59	31	0	9	6	0
https://www.birminghamboilerrepairs.uk/birches-green/viessmann-specialists	Indexable		3		4	1	0	0.03	59	31	0	9	6	0
https://www.birminghamboilerrepairs.uk/birches-green/heatline-specialists	Indexable		3		4	1	0	0.03	59	31	0	9	6	0
https://www.birminghamboilerrepairs.uk/birches-green/baxi-specialists	Indexable		3		4	1	0	0.03	59	31	0	9	6	0
https://www.birminghamboilerrepairs.uk/birches-green/boiler-repairs	Indexable		3		83	21	0	0.62	59	31	0	9	6	0
https://www.birminghamboilerrepairs.uk/birches-green/glowworm-specialists	Indexable		3		4	1	0	0.03	59	31	0	9	6	0
https://www.birminghamboilerrepairs.uk/birches-green/ariston-specialists	Indexable		3		4	1	0	0.03	59	31	0	9	6	0
https://www.birminghamboilerrepairs.uk/birmingham/boiler-repairs	Indexable		3		84	22	0	0.65	59	31	0	9	6	0
https://www.birminghamboilerrepairs.uk/birches-green/ferroli-specialists	Indexable		3		24	21	0	0.62	59	31	0	9	6	0
https://www.birminghamboilerrepairs.uk/rubery/glowworm-specialists	Indexable		3		4	1	0	0.03	59	31	0	9	6	0
https://www.birminghamboilerrepairs.uk/rubery/boiler-repairs	Indexable		3		83	21	0	0.62	59	31	0	9	6	0
https://www.birminghamboilerrepairs.uk/rubery/gas-safety	Indexable		3		83	21	0	0.62	59	31	0	9	6	0
https://www.birminghamboilerrepairs.uk/rubery/vokera-specialists	Indexable		3		4	1	0	0.03	59	31	0	9	6	0
https://www.birminghamboilerrepairs.uk/rubery/potterton-specialists	Indexable		3		4	1	0	0.03	59	31	0	9	6	0
https://www.birminghamboilerrepairs.uk/rubery/atag-specialists	Indexable		3		4	1	0	0.03	59	31	0	9	6	0
https://www.birminghamboilerrepairs.uk/rubery/ariston-specialists	Indexable		3		4	1	0	0.03	59	31	0	9	6	0
https://www.birminghamboilerrepairs.uk/rubery/heatline-specialists	Indexable		3		4	1	0	0.03	59	31	0	9	6	0
https://www.birminghamboilerrepairs.uk/rubery/vaillant-specialists	Indexable		3		4	1	0	0.03	59	31	0	9	6	0
https://www.birminghamboilerrepairs.uk/rubery/viessmann-specialists	Indexable		3		4	1	0	0.03	59	31	0	9	6	0
https://www.birminghamboilerrepairs.uk/four-oaks/ideal-boilers-specialists	Indexable		3		4	1	0	0.03	59	31	0	9	6	0
https://www.birminghamboilerrepairs.uk/four-oaks/combination-boiler-services	Indexable		3		23	21	0	0.62	59	31	0	9	6	0
https://www.birminghamboilerrepairs.uk/four-oaks/combination-boiler-repairs	Indexable		3		32	21	0	0.62	59	31	0	9	6	0
https://www.birminghamboilerrepairs.uk/four-oaks/biasi-specialists	Indexable		3		4	1	0	0.03	59	31	0	9	6	0
https://www.birminghamboilerrepairs.uk/four-oaks/atag-specialists	Indexable		3		4	1	0	0.03	59	31	0	9	6	0
https://www.birminghamboilerrepairs.uk/four-oaks/ariston-specialists	Indexable		3		4	1	0	0.03	59	31	0	9	6	0
https://www.birminghamboilerrepairs.uk/four-oaks/glowworm-specialists	Indexable		3		4	1	0	0.03	59	31	0	9	6	0
https://www.birminghamboilerrepairs.uk/four-oaks/main-boiler-specialists	Indexable		3		4	1	0	0.03	59	31	0	9	6	0
https://www.birminghamboilerrepairs.uk/four-oaks/gas-safety	Indexable		3		83	21	0	0.62	59	31	0	9	6	0
https://www.birminghamboilerrepairs.uk/four-oaks/alpha-boiler-specialists	Indexable		3		4	1	0	0.03	59	31	0	9	6	0
https://www.birminghamboilerrepairs.uk/four-oaks/boiler-servicing	Indexable		3		83	21	0	0.62	59	31	0	9	6	0
https://www.birminghamboilerrepairs.uk/four-oaks/intergas-specialists	Indexable		3		4	1	0	0.03	59	31	0	9	6	0
https://www.birminghamboilerrepairs.uk/four-oaks/ferroli-specialists	Indexable		3		24	21	0	0.62	59	31	0	9	6	0
https://www.birminghamboilerrepairs.uk/four-oaks/potterton-specialists	Indexable		3		4	1	0	0.03	59	31	0	9	6	0
https://www.birminghamboilerrepairs.uk/four-oaks/worcester-bosch-specialists	Indexable		3		10	7	0	0.21	59	31	0	9	6	0
https://www.birminghamboilerrepairs.uk/four-oaks/baxi-specialists	Indexable		3		4	1	0	0.03	59	31	0	9	6	0
https://www.birminghamboilerrepairs.uk/four-oaks/vaillant-specialists	Indexable		3		4	1	0	0.03	59	31	0	9	6	0
https://www.birminghamboilerrepairs.uk/four-oaks/boiler-repairs	Indexable		3		83	21	0	0.62	59	31	0	9	6	0
https://www.birminghamboilerrepairs.uk/four-oaks/heatline-specialists	Indexable		3		4	1	0	0.03	59	31	0	9	6	0
https://www.birminghamboilerrepairs.uk/four-oaks/vokera-specialists	Indexable		3		4	1	0	0.03	59	31	0	9	6	0
https://www.birminghamboilerrepairs.uk/four-oaks/viessmann-specialists	Indexable		3		4	1	0	0.03	59	31	0	9	6	0
https://www.birminghamboilerrepairs.uk/wythall/ariston-specialists	Indexable		3		4	1	0	0.03	59	31	0	9	6	0
https://www.birminghamboilerrepairs.uk/wythall/worcester-bosch-specialists	Indexable		3		10	7	0	0.21	59	31	0	9	6	0
https://www.birminghamboilerrepairs.uk/wythall/main-boiler-specialists	Indexable		3		4	1	0	0.03	59	31	0	9	6	0
https://www.birminghamboilerrepairs.uk/wythall/boiler-servicing	Indexable		3		83	21	0	0.62	59	31	0	9	6	0
https://www.birminghamboilerrepairs.uk/wythall/combination-boiler-repairs	Indexable		3		32	21	0	0.62	59	31	0	9	6	0
https://www.birminghamboilerrepairs.uk/wythall/ferroli-specialists	Indexable		3		24	21	0	0.62	59	31	0	9	6	0
https://www.birminghamboilerrepairs.uk/wythall/ideal-boilers-specialists	Indexable		3		4	1	0	0.03	59	31	0	9	6	0
https://www.birminghamboilerrepairs.uk/wythall/intergas-specialists	Indexable		3		4	1	0	0.03	59	31	0	9	6	0
https://www.birminghamboilerrepairs.uk/wythall/glowworm-specialists	Indexable		3		4	1	0	0.03	59	31	0	9	6	0
https://www.birminghamboilerrepairs.uk/wythall/atag-specialists	Indexable		3		4	1	0	0.03	59	31	0	9	6	0
https://www.birminghamboilerrepairs.uk/wythall/viessmann-specialists	Indexable		3		4	1	0	0.03	59	31	0	9	6	0
https://www.birminghamboilerrepairs.uk/wythall/boiler-repairs	Indexable		3		83	21	0	0.62	59	31	0	9	6	0
https://www.birminghamboilerrepairs.uk/wythall/gas-safety	Indexable		3		83	21	0	0.62	59	31	0	9	6	0
https://www.birminghamboilerrepairs.uk/wythall/combination-boiler-services	Indexable		3		23	21	0	0.62	59	31	0	9	6	0
https://www.birminghamboilerrepairs.uk/wythall/heatline-specialists	Indexable		3		4	1	0	0.03	59	31	0	9	6	0
https://www.birminghamboilerrepairs.uk/wythall/alpha-boiler-specialists	Indexable		3		4	1	0	0.03	59	31	0	9	6	0
https://www.birminghamboilerrepairs.uk/wythall/baxi-specialists	Indexable		3		4	1	0	0.03	59	31	0	9	6	0
https://www.birminghamboilerrepairs.uk/wythall/potterton-specialists	Indexable		3		4	1	0	0.03	59	31	0	9	6	0
https://www.birminghamboilerrepairs.uk/wythall/biasi-specialists	Indexable		3		4	1	0	0.03	59	31	0	9	6	0
https://www.birminghamboilerrepairs.uk/wythall/vokera-specialists	Indexable		3		4	1	0	0.03	59	31	0	9	6	0
https://www.birminghamboilerrepairs.uk/shenley-fields/boiler-repairs	Indexable		3		83	21	0	0.62	59	31	0	9	6	0
https://www.birminghamboilerrepairs.uk/shenley-fields/ferroli-specialists	Indexable		3		24	21	0	0.62	59	31	0	9	6	0
https://www.birminghamboilerrepairs.uk/wythall/vaillant-specialists	Indexable		3		4	1	0	0.03	59	31	0	9	6	0
https://www.birminghamboilerrepairs.uk/shenley-fields/glowworm-specialists	Indexable		3		4	1	0	0.03	59	31	0	9	6	0
https://www.birminghamboilerrepairs.uk/shenley-fields/heatline-specialists	Indexable		3		4	1	0	0.03	59	31	0	9	6	0
https://www.birminghamboilerrepairs.uk/shenley-fields/main-boiler-specialists	Indexable		3		4	1	0	0.03	59	31	0	9	6	0
https://www.birminghamboilerrepairs.uk/shenley-fields/atag-specialists	Indexable		3		4	1	0	0.03	59	31	0	9	6	0
https://www.birminghamboilerrepairs.uk/shenley-fields/baxi-specialists	Indexable		3		4	1	0	0.03	59	31	0	9	6	0
https://www.birminghamboilerrepairs.uk/shenley-fields/gas-safety	Indexable		3		83	21	0	0.62	59	31	0	9	6	0
https://www.birminghamboilerrepairs.uk/shenley-fields/intergas-specialists	Indexable		3		4	1	0	0.03	59	31	0	9	6	0
https://www.birminghamboilerrepairs.uk/shenley-fields/vokera-specialists	Indexable		3		4	1	0	0.03	59	31	0	9	6	0
https://www.birminghamboilerrepairs.uk/shenley-fields/ariston-specialists	Indexable		3		4	1	0	0.03	59	31	0	9	6	0
https://www.birminghamboilerrepairs.uk/shenley-fields/worcester-bosch-specialists	Indexable		3		10	7	0	0.21	59	31	0	9	6	0
https://www.birminghamboilerrepairs.uk/shenley-fields/boiler-servicing	Indexable		3		83	21	0	0.62	59	31	0	9	6	0
https://www.birminghamboilerrepairs.uk/shenley-fields/combination-boiler-services	Indexable		3		23	21	0	0.62	59	31	0	9	6	0
https://www.birminghamboilerrepairs.uk/shenley-fields/viessmann-specialists	Indexable		3		4	1	0	0.03	59	31	0	9	6	0
https://www.birminghamboilerrepairs.uk/shenley-fields/ideal-boilers-specialists	Indexable		3		4	1	0	0.03	59	31	0	9	6	0
https://www.birminghamboilerrepairs.uk/shenley-fields/biasi-specialists	Indexable		3		4	1	0	0.03	59	31	0	9	6	0
https://www.birminghamboilerrepairs.uk/shenley-fields/combination-boiler-repairs	Indexable		3		32	21	0	0.62	59	31	0	9	6	0
https://www.birminghamboilerrepairs.uk/shenley-fields/alpha-boiler-specialists	Indexable		3		4	1	0	0.03	59	31	0	9	6	0
https://www.birminghamboilerrepairs.uk/shenley-fields/potterton-specialists	Indexable		3		4	1	0	0.03	59	31	0	9	6	0
https://www.birminghamboilerrepairs.uk/shenley-fields/vaillant-specialists	Indexable		3		4	1	0	0.03	59	31	0	9	6	0
https://www.birminghamboilerrepairs.uk/rowney-green/glowworm-specialists	Indexable		3		4	1	0	0.03	59	31	0	9	6	0
https://www.birminghamboilerrepairs.uk/rowney-green/ideal-boilers-specialists	Indexable		3		4	1	0	0.03	59	31	0	9	6	0
https://www.birminghamboilerrepairs.uk/rowney-green/worcester-bosch-specialists	Indexable		3		10	7	0	0.21	59	31	0	9	6	0
https://www.birminghamboilerrepairs.uk/rowney-green/vaillant-specialists	Indexable		3		4	1	0	0.03	59	31	0	9	6	0
https://www.birminghamboilerrepairs.uk/rowney-green/intergas-specialists	Indexable		3		4	1	0	0.03	59	31	0	9	6	0
https://www.birminghamboilerrepairs.uk/rowney-green/combination-boiler-services	Indexable		3		23	21	0	0.62	59	31	0	9	6	0
https://www.birminghamboilerrepairs.uk/rowney-green/heatline-specialists	Indexable		3		4	1	0	0.03	59	31	0	9	6	0
https://www.birminghamboilerrepairs.uk/rowney-green/boiler-servicing	Indexable		3		83	21	0	0.62	59	31	0	9	6	0
https://www.birminghamboilerrepairs.uk/rowney-green/ferroli-specialists	Indexable		3		24	21	0	0.62	59	31	0	9	6	0
https://www.birminghamboilerrepairs.uk/rowney-green/potterton-specialists	Indexable		3		4	1	0	0.03	59	31	0	9	6	0
https://www.birminghamboilerrepairs.uk/rowney-green/gas-safety	Indexable		3		83	21	0	0.62	59	31	0	9	6	0
https://www.birminghamboilerrepairs.uk/rowney-green/boiler-repairs	Indexable		3		83	21	0	0.62	59	31	0	9	6	0
https://www.birminghamboilerrepairs.uk/rowney-green/baxi-specialists	Indexable		3		4	1	0	0.03	59	31	0	9	6	0
https://www.birminghamboilerrepairs.uk/rowney-green/biasi-specialists	Indexable		3		4	1	0	0.03	59	31	0	9	6	0
https://www.birminghamboilerrepairs.uk/rowney-green/alpha-boiler-specialists	Indexable		3		4	1	0	0.03	59	31	0	9	6	0
https://www.birminghamboilerrepairs.uk/rowney-green/viessmann-specialists	Indexable		3		4	1	0	0.03	59	31	0	9	6	0
https://www.birminghamboilerrepairs.uk/rowney-green/atag-specialists	Indexable		3		4	1	0	0.03	59	31	0	9	6	0
https://www.birminghamboilerrepairs.uk/rowney-green/ariston-specialists	Indexable		3		4	1	0	0.03	59	31	0	9	6	0
https://www.birminghamboilerrepairs.uk/rowney-green/combination-boiler-repairs	Indexable		3		32	21	0	0.62	59	31	0	9	6	0
https://www.birminghamboilerrepairs.uk/rowney-green/main-boiler-specialists	Indexable		3		4	1	0	0.03	59	31	0	9	6	0
https://www.birminghamboilerrepairs.uk/showell-green/worcester-bosch-specialists	Indexable		3		10	7	0	0.21	59	31	0	9	6	0
https://www.birminghamboilerrepairs.uk/showell-green/ariston-specialists	Indexable		3		4	1	0	0.03	59	31	0	9	6	0
https://www.birminghamboilerrepairs.uk/rowney-green/vokera-specialists	Indexable		3		4	1	0	0.03	59	31	0	9	6	0
https://www.birminghamboilerrepairs.uk/showell-green/combination-boiler-repairs	Indexable		3		32	21	0	0.62	59	31	0	9	6	0
https://www.birminghamboilerrepairs.uk/showell-green/glowworm-specialists	Indexable		3		4	1	0	0.03	59	31	0	9	6	0
https://www.birminghamboilerrepairs.uk/showell-green/main-boiler-specialists	Indexable		3		4	1	0	0.03	59	31	0	9	6	0
https://www.birminghamboilerrepairs.uk/showell-green/atag-specialists	Indexable		3		4	1	0	0.03	59	31	0	9	6	0
https://www.birminghamboilerrepairs.uk/showell-green/ferroli-specialists	Indexable		3		24	21	0	0.62	59	31	0	9	6	0
https://www.birminghamboilerrepairs.uk/showell-green/potterton-specialists	Indexable		3		4	1	0	0.03	59	31	0	9	6	0
https://www.birminghamboilerrepairs.uk/showell-green/boiler-servicing	Indexable		3		83	21	0	0.62	59	31	0	9	6	0
https://www.birminghamboilerrepairs.uk/showell-green/vokera-specialists	Indexable		3		4	1	0	0.03	59	31	0	9	6	0
https://www.birminghamboilerrepairs.uk/showell-green/biasi-specialists	Indexable		3		4	1	0	0.03	59	31	0	9	6	0
https://www.birminghamboilerrepairs.uk/showell-green/heatline-specialists	Indexable		3		4	1	0	0.03	59	31	0	9	6	0
https://www.birminghamboilerrepairs.uk/showell-green/viessmann-specialists	Indexable		3		4	1	0	0.03	59	31	0	9	6	0
https://www.birminghamboilerrepairs.uk/showell-green/ideal-boilers-specialists	Indexable		3		4	1	0	0.03	59	31	0	9	6	0
https://www.birminghamboilerrepairs.uk/showell-green/boiler-repairs	Indexable		3		83	21	0	0.62	59	31	0	9	6	0
https://www.birminghamboilerrepairs.uk/showell-green/intergas-specialists	Indexable		3		4	1	0	0.03	59	31	0	9	6	0
https://www.birminghamboilerrepairs.uk/showell-green/gas-safety	Indexable		3		83	21	0	0.62	59	31	0	9	6	0
https://www.birminghamboilerrepairs.uk/showell-green/combination-boiler-services	Indexable		3		23	21	0	0.62	59	31	0	9	6	0
https://www.birminghamboilerrepairs.uk/showell-green/alpha-boiler-specialists	Indexable		3		4	1	0	0.03	59	31	0	9	6	0
https://www.birminghamboilerrepairs.uk/showell-green/vaillant-specialists	Indexable		3		4	1	0	0.03	59	31	0	9	6	0
https://www.birminghamboilerrepairs.uk/showell-green/baxi-specialists	Indexable		3		4	1	0	0.03	59	31	0	9	6	0
https://www.birminghamboilerrepairs.uk/alvechurch/ferroli-specialists	Indexable		3		24	21	0	0.62	59	31	0	9	6	0
https://www.birminghamboilerrepairs.uk/alvechurch/baxi-specialists	Indexable		3		4	1	0	0.03	59	31	0	9	6	0
https://www.birminghamboilerrepairs.uk/alvechurch/viessmann-specialists	Indexable		3		4	1	0	0.03	59	31	0	9	6	0
https://www.birminghamboilerrepairs.uk/alvechurch/intergas-specialists	Indexable		3		4	1	0	0.03	59	31	0	9	6	0
https://www.birminghamboilerrepairs.uk/alvechurch/vaillant-specialists	Indexable		3		4	1	0	0.03	59	31	0	9	6	0
https://www.birminghamboilerrepairs.uk/alvechurch/potterton-specialists	Indexable		3		4	1	0	0.03	59	31	0	9	6	0
https://www.birminghamboilerrepairs.uk/alvechurch/biasi-specialists	Indexable		3		4	1	0	0.03	59	31	0	9	6	0
https://www.birminghamboilerrepairs.uk/alvechurch/ariston-specialists	Indexable		3		4	1	0	0.03	59	31	0	9	6	0
https://www.birminghamboilerrepairs.uk/alvechurch/boiler-servicing	Indexable		3		83	21	0	0.62	59	31	0	9	6	0
https://www.birminghamboilerrepairs.uk/alvechurch/alpha-boiler-specialists	Indexable		3		4	1	0	0.03	59	31	0	9	6	0
https://www.birminghamboilerrepairs.uk/alvechurch/heatline-specialists	Indexable		3		4	1	0	0.03	59	31	0	9	6	0
https://www.birminghamboilerrepairs.uk/alvechurch/vokera-specialists	Indexable		3		4	1	0	0.03	59	31	0	9	6	0
https://www.birminghamboilerrepairs.uk/alvechurch/worcester-bosch-specialists	Indexable		3		10	7	0	0.21	59	31	0	9	6	0
https://www.birminghamboilerrepairs.uk/alvechurch/glowworm-specialists	Indexable		3		4	1	0	0.03	59	31	0	9	6	0
https://www.birminghamboilerrepairs.uk/alvechurch/boiler-repairs	Indexable		3		83	21	0	0.62	59	31	0	9	6	0
https://www.birminghamboilerrepairs.uk/alvechurch/gas-safety	Indexable		3		83	21	0	0.62	59	31	0	9	6	0
https://www.birminghamboilerrepairs.uk/alvechurch/combination-boiler-services	Indexable		3		23	21	0	0.62	59	31	0	9	6	0
https://www.birminghamboilerrepairs.uk/alvechurch/atag-specialists	Indexable		3		4	1	0	0.03	59	31	0	9	6	0
https://www.birminghamboilerrepairs.uk/alvechurch/combination-boiler-repairs	Indexable		3		32	21	0	0.62	59	31	0	9	6	0
https://www.birminghamboilerrepairs.uk/alvechurch/ideal-boilers-specialists	Indexable		3		4	1	0	0.03	59	31	0	9	6	0
https://www.birminghamboilerrepairs.uk/oakenshaw/gas-safety	Indexable		3		83	21	0	0.62	59	31	0	9	6	0
https://www.birminghamboilerrepairs.uk/alvechurch/main-boiler-specialists	Indexable		3		4	1	0	0.03	59	31	0	9	6	0
https://www.birminghamboilerrepairs.uk/oakenshaw/atag-specialists	Indexable		3		4	1	0	0.03	59	31	0	9	6	0
https://www.birminghamboilerrepairs.uk/oakenshaw/worcester-bosch-specialists	Indexable		3		10	7	0	0.21	59	31	0	9	6	0
https://www.birminghamboilerrepairs.uk/oakenshaw/combination-boiler-services	Indexable		3		23	21	0	0.62	59	31	0	9	6	0
https://www.birminghamboilerrepairs.uk/oakenshaw/boiler-servicing	Indexable		3		83	21	0	0.62	59	31	0	9	6	0
https://www.birminghamboilerrepairs.uk/oakenshaw/intergas-specialists	Indexable		3		4	1	0	0.03	59	31	0	9	6	0
https://www.birminghamboilerrepairs.uk/oakenshaw/baxi-specialists	Indexable		3		4	1	0	0.03	59	31	0	9	6	0
https://www.birminghamboilerrepairs.uk/oakenshaw/potterton-specialists	Indexable		3		4	1	0	0.03	59	31	0	9	6	0
https://www.birminghamboilerrepairs.uk/oakenshaw/viessmann-specialists	Indexable		3		4	1	0	0.03	59	31	0	9	6	0
https://www.birminghamboilerrepairs.uk/oakenshaw/vokera-specialists	Indexable		3		4	1	0	0.03	59	31	0	9	6	0
https://www.birminghamboilerrepairs.uk/oakenshaw/ferroli-specialists	Indexable		3		24	21	0	0.62	59	31	0	9	6	0
https://www.birminghamboilerrepairs.uk/oakenshaw/vaillant-specialists	Indexable		3		4	1	0	0.03	59	31	0	9	6	0
https://www.birminghamboilerrepairs.uk/oakenshaw/boiler-repairs	Indexable		3		83	21	0	0.62	59	31	0	9	6	0
https://www.birminghamboilerrepairs.uk/oakenshaw/glowworm-specialists	Indexable		3		4	1	0	0.03	59	31	0	9	6	0
https://www.birminghamboilerrepairs.uk/oakenshaw/ideal-boilers-specialists	Indexable		3		4	1	0	0.03	59	31	0	9	6	0
https://www.birminghamboilerrepairs.uk/oakenshaw/ariston-specialists	Indexable		3		4	1	0	0.03	59	31	0	9	6	0
https://www.birminghamboilerrepairs.uk/oakenshaw/biasi-specialists	Indexable		3		4	1	0	0.03	59	31	0	9	6	0
https://www.birminghamboilerrepairs.uk/oakenshaw/combination-boiler-repairs	Indexable		3		32	21	0	0.62	59	31	0	9	6	0
https://www.birminghamboilerrepairs.uk/oakenshaw/main-boiler-specialists	Indexable		3		4	1	0	0.03	59	31	0	9	6	0
https://www.birminghamboilerrepairs.uk/oakenshaw/alpha-boiler-specialists	Indexable		3		4	1	0	0.03	59	31	0	9	6	0
https://www.birminghamboilerrepairs.uk/oakenshaw/heatline-specialists	Indexable		3		4	1	0	0.03	59	31	0	9	6	0
https://www.birminghamboilerrepairs.uk/chad-valley/atag-specialists	Indexable		3		4	1	0	0.03	59	31	0	9	6	0
https://www.birminghamboilerrepairs.uk/chad-valley/combination-boiler-services	Indexable		3		23	21	0	0.62	59	31	0	9	6	0
https://www.birminghamboilerrepairs.uk/chad-valley/viessmann-specialists	Indexable		3		4	1	0	0.03	59	31	0	9	6	0
https://www.birminghamboilerrepairs.uk/chad-valley/baxi-specialists	Indexable		3		4	1	0	0.03	59	31	0	9	6	0
https://www.birminghamboilerrepairs.uk/chad-valley/biasi-specialists	Indexable		3		4	1	0	0.03	59	31	0	9	6	0
https://www.birminghamboilerrepairs.uk/chad-valley/worcester-bosch-specialists	Indexable		3		10	7	0	0.21	59	31	0	9	6	0
https://www.birminghamboilerrepairs.uk/chad-valley/main-boiler-specialists	Indexable		3		4	1	0	0.03	59	31	0	9	6	0
https://www.birminghamboilerrepairs.uk/chad-valley/ariston-specialists	Indexable		3		4	1	0	0.03	59	31	0	9	6	0
https://www.birminghamboilerrepairs.uk/chad-valley/heatline-specialists	Indexable		3		4	1	0	0.03	59	31	0	9	6	0
https://www.birminghamboilerrepairs.uk/chad-valley/gas-safety	Indexable		3		83	21	0	0.62	59	31	0	9	6	0
https://www.birminghamboilerrepairs.uk/chad-valley/combination-boiler-repairs	Indexable		3		32	21	0	0.62	59	31	0	9	6	0
https://www.birminghamboilerrepairs.uk/chad-valley/ferroli-specialists	Indexable		3		24	21	0	0.62	59	31	0	9	6	0
https://www.birminghamboilerrepairs.uk/chad-valley/glowworm-specialists	Indexable		3		4	1	0	0.03	59	31	0	9	6	0
https://www.birminghamboilerrepairs.uk/chad-valley/boiler-repairs	Indexable		3		83	21	0	0.62	59	31	0	9	6	0
https://www.birminghamboilerrepairs.uk/chad-valley/ideal-boilers-specialists	Indexable		3		4	1	0	0.03	59	31	0	9	6	0
https://www.birminghamboilerrepairs.uk/chad-valley/vaillant-specialists	Indexable		3		4	1	0	0.03	59	31	0	9	6	0
https://www.birminghamboilerrepairs.uk/chad-valley/intergas-specialists	Indexable		3		4	1	0	0.03	59	31	0	9	6	0
https://www.birminghamboilerrepairs.uk/chad-valley/potterton-specialists	Indexable		3		4	1	0	0.03	59	31	0	9	6	0
https://www.birminghamboilerrepairs.uk/chad-valley/alpha-boiler-specialists	Indexable		3		4	1	0	0.03	59	31	0	9	6	0
https://www.birminghamboilerrepairs.uk/chad-valley/vokera-specialists	Indexable		3		4	1	0	0.03	59	31	0	9	6	0
https://www.birminghamboilerrepairs.uk/chad-valley/boiler-servicing	Indexable		3		83	21	0	0.62	59	31	0	9	6	0
https://www.birminghamboilerrepairs.uk/northfield/ideal-boilers-specialists	Indexable		3		4	1	0	0.03	59	31	0	9	6	0
https://www.birminghamboilerrepairs.uk/northfield/worcester-bosch-specialists	Indexable		3		10	7	0	0.21	59	31	0	9	6	0
https://www.birminghamboilerrepairs.uk/northfield/ariston-specialists	Indexable		3		4	1	0	0.03	59	31	0	9	6	0
https://www.birminghamboilerrepairs.uk/northfield/boiler-servicing	Indexable		3		83	21	0	0.62	59	31	0	9	6	0
https://www.birminghamboilerrepairs.uk/northfield/boiler-repairs	Indexable		3		83	21	0	0.62	59	31	0	9	6	0
https://www.birminghamboilerrepairs.uk/northfield/alpha-boiler-specialists	Indexable		3		4	1	0	0.03	59	31	0	9	6	0
https://www.birminghamboilerrepairs.uk/northfield/vokera-specialists	Indexable		3		4	1	0	0.03	59	31	0	9	6	0
https://www.birminghamboilerrepairs.uk/northfield/glowworm-specialists	Indexable		3		4	1	0	0.03	59	31	0	9	6	0
https://www.birminghamboilerrepairs.uk/northfield/viessmann-specialists	Indexable		3		4	1	0	0.03	59	31	0	9	6	0
https://www.birminghamboilerrepairs.uk/northfield/main-boiler-specialists	Indexable		3		4	1	0	0.03	59	31	0	9	6	0
https://www.birminghamboilerrepairs.uk/northfield/gas-safety	Indexable		3		83	21	0	0.62	59	31	0	9	6	0
https://www.birminghamboilerrepairs.uk/northfield/atag-specialists	Indexable		3		4	1	0	0.03	59	31	0	9	6	0
https://www.birminghamboilerrepairs.uk/northfield/combination-boiler-repairs	Indexable		3		32	21	0	0.62	59	31	0	9	6	0
https://www.birminghamboilerrepairs.uk/northfield/intergas-specialists	Indexable		3		4	1	0	0.03	59	31	0	9	6	0
https://www.birminghamboilerrepairs.uk/northfield/ferroli-specialists	Indexable		3		24	21	0	0.62	59	31	0	9	6	0
https://www.birminghamboilerrepairs.uk/northfield/biasi-specialists	Indexable		3		4	1	0	0.03	59	31	0	9	6	0
https://www.birminghamboilerrepairs.uk/northfield/vaillant-specialists	Indexable		3		4	1	0	0.03	59	31	0	9	6	0
https://www.birminghamboilerrepairs.uk/northfield/baxi-specialists	Indexable		3		4	1	0	0.03	59	31	0	9	6	0
https://www.birminghamboilerrepairs.uk/northfield/combination-boiler-services	Indexable		3		23	21	0	0.62	59	31	0	9	6	0
https://www.birminghamboilerrepairs.uk/northfield/potterton-specialists	Indexable		3		4	1	0	0.03	59	31	0	9	6	0
https://www.birminghamboilerrepairs.uk/northfield/heatline-specialists	Indexable		3		4	1	0	0.03	59	31	0	9	6	0
https://www.birminghamboilerrepairs.uk/erdington/boiler-servicing	Indexable		3		83	21	0	0.62	59	31	0	9	6	0
https://www.birminghamboilerrepairs.uk/erdington/alpha-boiler-specialists	Indexable		3		4	1	0	0.03	59	31	0	9	6	0
https://www.birminghamboilerrepairs.uk/erdington/intergas-specialists	Indexable		3		4	1	0	0.03	59	31	0	9	6	0
https://www.birminghamboilerrepairs.uk/erdington/vaillant-specialists	Indexable		3		4	1	0	0.03	59	31	0	9	6	0
https://www.birminghamboilerrepairs.uk/erdington/main-boiler-specialists	Indexable		3		4	1	0	0.03	59	31	0	9	6	0
https://www.birminghamboilerrepairs.uk/erdington/ariston-specialists	Indexable		3		4	1	0	0.03	59	31	0	9	6	0
https://www.birminghamboilerrepairs.uk/erdington/ideal-boilers-specialists	Indexable		3		4	1	0	0.03	59	31	0	9	6	0
https://www.birminghamboilerrepairs.uk/erdington/ferroli-specialists	Indexable		3		24	21	0	0.62	59	31	0	9	6	0
https://www.birminghamboilerrepairs.uk/erdington/boiler-repairs	Indexable		3		83	21	0	0.62	59	31	0	9	6	0
https://www.birminghamboilerrepairs.uk/erdington/heatline-specialists	Indexable		3		4	1	0	0.03	59	31	0	9	6	0
https://www.birminghamboilerrepairs.uk/erdington/viessmann-specialists	Indexable		3		4	1	0	0.03	59	31	0	9	6	0
https://www.birminghamboilerrepairs.uk/erdington/biasi-specialists	Indexable		3		4	1	0	0.03	59	31	0	9	6	0
https://www.birminghamboilerrepairs.uk/erdington/potterton-specialists	Indexable		3		4	1	0	0.03	59	31	0	9	6	0
https://www.birminghamboilerrepairs.uk/erdington/gas-safety	Indexable		3		83	21	0	0.62	59	31	0	9	6	0
https://www.birminghamboilerrepairs.uk/erdington/atag-specialists	Indexable		3		4	1	0	0.03	59	31	0	9	6	0
https://www.birminghamboilerrepairs.uk/erdington/worcester-bosch-specialists	Indexable		3		10	7	0	0.21	59	31	0	9	6	0
https://www.birminghamboilerrepairs.uk/erdington/glowworm-specialists	Indexable		3		4	1	0	0.03	59	31	0	9	6	0
https://www.birminghamboilerrepairs.uk/erdington/vokera-specialists	Indexable		3		4	1	0	0.03	59	31	0	9	6	0
https://www.birminghamboilerrepairs.uk/erdington/combination-boiler-repairs	Indexable		3		32	21	0	0.62	59	31	0	9	6	0
https://www.birminghamboilerrepairs.uk/erdington/baxi-specialists	Indexable		3		4	1	0	0.03	59	31	0	9	6	0
https://www.birminghamboilerrepairs.uk/erdington/combination-boiler-services	Indexable		3		23	21	0	0.62	59	31	0	9	6	0
https://www.birminghamboilerrepairs.uk/kings-norton/alpha-boiler-specialists	Indexable		3		4	1	0	0.03	59	31	0	9	6	0
https://www.birminghamboilerrepairs.uk/kings-norton/intergas-specialists	Indexable		3		4	1	0	0.03	59	31	0	9	6	0
https://www.birminghamboilerrepairs.uk/kings-norton/glowworm-specialists	Indexable		3		4	1	0	0.03	59	31	0	9	6	0
https://www.birminghamboilerrepairs.uk/kings-norton/combination-boiler-services	Indexable		3		23	21	0	0.62	59	31	0	9	6	0
https://www.birminghamboilerrepairs.uk/kings-norton/ideal-boilers-specialists	Indexable		3		4	1	0	0.03	59	31	0	9	6	0
https://www.birminghamboilerrepairs.uk/kings-norton/heatline-specialists	Indexable		3		4	1	0	0.03	59	31	0	9	6	0
https://www.birminghamboilerrepairs.uk/kings-norton/worcester-bosch-specialists	Indexable		3		10	7	0	0.21	59	31	0	9	6	0
https://www.birminghamboilerrepairs.uk/kings-norton/combination-boiler-repairs	Indexable		3		32	21	0	0.62	59	31	0	9	6	0
https://www.birminghamboilerrepairs.uk/kings-norton/ferroli-specialists	Indexable		3		24	21	0	0.62	59	31	0	9	6	0
https://www.birminghamboilerrepairs.uk/kings-norton/baxi-specialists	Indexable		3		4	1	0	0.03	59	31	0	9	6	0
https://www.birminghamboilerrepairs.uk/kings-norton/boiler-repairs	Indexable		3		83	21	0	0.62	59	31	0	9	6	0
https://www.birminghamboilerrepairs.uk/kings-norton/potterton-specialists	Indexable		3		4	1	0	0.03	59	31	0	9	6	0
https://www.birminghamboilerrepairs.uk/kings-norton/viessmann-specialists	Indexable		3		4	1	0	0.03	59	31	0	9	6	0
https://www.birminghamboilerrepairs.uk/kings-norton/ariston-specialists	Indexable		3		4	1	0	0.03	59	31	0	9	6	0
https://www.birminghamboilerrepairs.uk/kings-norton/vokera-specialists	Indexable		3		4	1	0	0.03	59	31	0	9	6	0
https://www.birminghamboilerrepairs.uk/kings-norton/boiler-servicing	Indexable		3		83	21	0	0.62	59	31	0	9	6	0
https://www.birminghamboilerrepairs.uk/kings-norton/main-boiler-specialists	Indexable		3		4	1	0	0.03	59	31	0	9	6	0
https://www.birminghamboilerrepairs.uk/kings-norton/atag-specialists	Indexable		3		4	1	0	0.03	59	31	0	9	6	0
https://www.birminghamboilerrepairs.uk/kings-norton/gas-safety	Indexable		3		83	21	0	0.62	59	31	0	9	6	0
https://www.birminghamboilerrepairs.uk/kings-norton/vaillant-specialists	Indexable		3		4	1	0	0.03	59	31	0	9	6	0
https://www.birminghamboilerrepairs.uk/kings-norton/biasi-specialists	Indexable		3		4	1	0	0.03	59	31	0	9	6	0
https://www.birminghamboilerrepairs.uk/castle-vale/ideal-boilers-specialists	Indexable		3		4	1	0	0.03	59	31	0	9	6	0
https://www.birminghamboilerrepairs.uk/castle-vale/atag-specialists	Indexable		3		4	1	0	0.03	59	31	0	9	6	0
https://www.birminghamboilerrepairs.uk/castle-vale/ariston-specialists	Indexable		3		4	1	0	0.03	59	31	0	9	6	0
https://www.birminghamboilerrepairs.uk/castle-vale/biasi-specialists	Indexable		3		4	1	0	0.03	59	31	0	9	6	0
https://www.birminghamboilerrepairs.uk/castle-vale/potterton-specialists	Indexable		3		4	1	0	0.03	59	31	0	9	6	0
https://www.birminghamboilerrepairs.uk/castle-vale/alpha-boiler-specialists	Indexable		3		4	1	0	0.03	59	31	0	9	6	0
https://www.birminghamboilerrepairs.uk/castle-vale/combination-boiler-services	Indexable		3		23	21	0	0.62	59	31	0	9	6	0
https://www.birminghamboilerrepairs.uk/castle-vale/gas-safety	Indexable		3		83	21	0	0.62	59	31	0	9	6	0
https://www.birminghamboilerrepairs.uk/castle-vale/worcester-bosch-specialists	Indexable		3		10	7	0	0.21	59	31	0	9	6	0
https://www.birminghamboilerrepairs.uk/castle-vale/baxi-specialists	Indexable		3		4	1	0	0.03	59	31	0	9	6	0
https://www.birminghamboilerrepairs.uk/castle-vale/ferroli-specialists	Indexable		3		24	21	0	0.62	59	31	0	9	6	0
https://www.birminghamboilerrepairs.uk/castle-vale/boiler-repairs	Indexable		3		83	21	0	0.62	59	31	0	9	6	0
https://www.birminghamboilerrepairs.uk/castle-vale/boiler-servicing	Indexable		3		83	21	0	0.62	59	31	0	9	6	0
https://www.birminghamboilerrepairs.uk/castle-vale/vaillant-specialists	Indexable		3		4	1	0	0.03	59	31	0	9	6	0
https://www.birminghamboilerrepairs.uk/castle-vale/vokera-specialists	Indexable		3		4	1	0	0.03	59	31	0	9	6	0
https://www.birminghamboilerrepairs.uk/castle-vale/combination-boiler-repairs	Indexable		3		32	21	0	0.62	59	31	0	9	6	0
https://www.birminghamboilerrepairs.uk/castle-vale/intergas-specialists	Indexable		3		4	1	0	0.03	59	31	0	9	6	0
https://www.birminghamboilerrepairs.uk/castle-vale/heatline-specialists	Indexable		3		4	1	0	0.03	59	31	0	9	6	0
https://www.birminghamboilerrepairs.uk/castle-vale/viessmann-specialists	Indexable		3		4	1	0	0.03	59	31	0	9	6	0
https://www.birminghamboilerrepairs.uk/castle-vale/glowworm-specialists	Indexable		3		4	1	0	0.03	59	31	0	9	6	0
https://www.birminghamboilerrepairs.uk/castle-vale/main-boiler-specialists	Indexable		3		4	1	0	0.03	59	31	0	9	6	0
https://www.birminghamboilerrepairs.uk/perry-common/baxi-specialists	Indexable		3		4	1	0	0.03	59	31	0	9	6	0
https://www.birminghamboilerrepairs.uk/perry-common/main-boiler-specialists	Indexable		3		4	1	0	0.03	59	31	0	9	6	0
https://www.birminghamboilerrepairs.uk/perry-common/gas-safety	Indexable		3		83	21	0	0.62	59	31	0	9	6	0
https://www.birminghamboilerrepairs.uk/perry-common/worcester-bosch-specialists	Indexable		3		10	7	0	0.21	59	31	0	9	6	0
https://www.birminghamboilerrepairs.uk/perry-common/ferroli-specialists	Indexable		3		24	21	0	0.62	59	31	0	9	6	0
https://www.birminghamboilerrepairs.uk/perry-common/combination-boiler-services	Indexable		3		23	21	0	0.62	59	31	0	9	6	0
https://www.birminghamboilerrepairs.uk/perry-common/boiler-repairs	Indexable		3		83	21	0	0.62	59	31	0	9	6	0
https://www.birminghamboilerrepairs.uk/perry-common/glowworm-specialists	Indexable		3		4	1	0	0.03	59	31	0	9	6	0
https://www.birminghamboilerrepairs.uk/perry-common/atag-specialists	Indexable		3		4	1	0	0.03	59	31	0	9	6	0
https://www.birminghamboilerrepairs.uk/perry-common/ideal-boilers-specialists	Indexable		3		4	1	0	0.03	59	31	0	9	6	0
https://www.birminghamboilerrepairs.uk/perry-common/ariston-specialists	Indexable		3		4	1	0	0.03	59	31	0	9	6	0
https://www.birminghamboilerrepairs.uk/perry-common/intergas-specialists	Indexable		3		4	1	0	0.03	59	31	0	9	6	0
https://www.birminghamboilerrepairs.uk/perry-common/vokera-specialists	Indexable		3		4	1	0	0.03	59	31	0	9	6	0
https://www.birminghamboilerrepairs.uk/perry-common/viessmann-specialists	Indexable		3		4	1	0	0.03	59	31	0	9	6	0
https://www.birminghamboilerrepairs.uk/perry-common/boiler-servicing	Indexable		3		83	21	0	0.62	59	31	0	9	6	0
https://www.birminghamboilerrepairs.uk/perry-common/alpha-boiler-specialists	Indexable		3		4	1	0	0.03	59	31	0	9	6	0
https://www.birminghamboilerrepairs.uk/perry-common/biasi-specialists	Indexable		3		4	1	0	0.03	59	31	0	9	6	0
https://www.birminghamboilerrepairs.uk/perry-common/heatline-specialists	Indexable		3		4	1	0	0.03	59	31	0	9	6	0
https://www.birminghamboilerrepairs.uk/perry-common/vaillant-specialists	Indexable		3		4	1	0	0.03	59	31	0	9	6	0
https://www.birminghamboilerrepairs.uk/perry-common/combination-boiler-repairs	Indexable		3		32	21	0	0.62	59	31	0	9	6	0
https://www.birminghamboilerrepairs.uk/perry-common/potterton-specialists	Indexable		3		4	1	0	0.03	59	31	0	9	6	0
https://www.birminghamboilerrepairs.uk/bordesley-green/vokera-specialists	Indexable		3		4	1	0	0.03	59	31	0	9	6	0
https://www.birminghamboilerrepairs.uk/bordesley-green/vaillant-specialists	Indexable		3		4	1	0	0.03	59	31	0	9	6	0
https://www.birminghamboilerrepairs.uk/bordesley-green/heatline-specialists	Indexable		3		4	1	0	0.03	59	31	0	9	6	0
https://www.birminghamboilerrepairs.uk/bordesley-green/intergas-specialists	Indexable		3		4	1	0	0.03	59	31	0	9	6	0
https://www.birminghamboilerrepairs.uk/bordesley-green/baxi-specialists	Indexable		3		4	1	0	0.03	59	31	0	9	6	0
https://www.birminghamboilerrepairs.uk/bordesley-green/gas-safety	Indexable		3		83	21	0	0.62	59	31	0	9	6	0
https://www.birminghamboilerrepairs.uk/bordesley-green/boiler-repairs	Indexable		3		83	21	0	0.62	59	31	0	9	6	0
https://www.birminghamboilerrepairs.uk/bordesley-green/glowworm-specialists	Indexable		3		4	1	0	0.03	59	31	0	9	6	0
https://www.birminghamboilerrepairs.uk/bordesley-green/combination-boiler-services	Indexable		3		23	21	0	0.62	59	31	0	9	6	0
https://www.birminghamboilerrepairs.uk/bordesley-green/boiler-servicing	Indexable		3		83	21	0	0.62	59	31	0	9	6	0
https://www.birminghamboilerrepairs.uk/bordesley-green/combination-boiler-repairs	Indexable		3		32	21	0	0.62	59	31	0	9	6	0
https://www.birminghamboilerrepairs.uk/bordesley-green/viessmann-specialists	Indexable		3		4	1	0	0.03	59	31	0	9	6	0
https://www.birminghamboilerrepairs.uk/bordesley-green/ideal-boilers-specialists	Indexable		3		4	1	0	0.03	59	31	0	9	6	0
https://www.birminghamboilerrepairs.uk/bordesley-green/atag-specialists	Indexable		3		4	1	0	0.03	59	31	0	9	6	0
https://www.birminghamboilerrepairs.uk/bordesley-green/ferroli-specialists	Indexable		3		24	21	0	0.62	59	31	0	9	6	0
https://www.birminghamboilerrepairs.uk/bordesley-green/alpha-boiler-specialists	Indexable		3		4	1	0	0.03	59	31	0	9	6	0
https://www.birminghamboilerrepairs.uk/bordesley-green/worcester-bosch-specialists	Indexable		3		10	7	0	0.21	59	31	0	9	6	0
https://www.birminghamboilerrepairs.uk/bordesley-green/main-boiler-specialists	Indexable		3		4	1	0	0.03	59	31	0	9	6	0
https://www.birminghamboilerrepairs.uk/walkwood/boiler-servicing	Indexable		3		83	21	0	0.62	59	31	0	9	6	0
https://www.birminghamboilerrepairs.uk/bordesley-green/potterton-specialists	Indexable		3		4	1	0	0.03	59	31	0	9	6	0
https://www.birminghamboilerrepairs.uk/bordesley-green/biasi-specialists	Indexable		3		4	1	0	0.03	59	31	0	9	6	0
https://www.birminghamboilerrepairs.uk/walkwood/alpha-boiler-specialists	Indexable		3		4	1	0	0.03	59	31	0	9	6	0
https://www.birminghamboilerrepairs.uk/bordesley-green/ariston-specialists	Indexable		3		4	1	0	0.03	59	31	0	9	6	0
https://www.birminghamboilerrepairs.uk/walkwood/potterton-specialists	Indexable		3		4	1	0	0.03	59	31	0	9	6	0
https://www.birminghamboilerrepairs.uk/walkwood/gas-safety	Indexable		3		83	21	0	0.62	59	31	0	9	6	0
https://www.birminghamboilerrepairs.uk/walkwood/heatline-specialists	Indexable		3		4	1	0	0.03	59	31	0	9	6	0
https://www.birminghamboilerrepairs.uk/walkwood/combination-boiler-services	Indexable		3		23	21	0	0.62	59	31	0	9	6	0
https://www.birminghamboilerrepairs.uk/walkwood/vokera-specialists	Indexable		3		4	1	0	0.03	59	31	0	9	6	0
https://www.birminghamboilerrepairs.uk/walkwood/boiler-repairs	Indexable		3		83	21	0	0.62	59	31	0	9	6	0
https://www.birminghamboilerrepairs.uk/walkwood/vaillant-specialists	Indexable		3		4	1	0	0.03	59	31	0	9	6	0
https://www.birminghamboilerrepairs.uk/walkwood/baxi-specialists	Indexable		3		4	1	0	0.03	59	31	0	9	6	0
https://www.birminghamboilerrepairs.uk/walkwood/glowworm-specialists	Indexable		3		4	1	0	0.03	59	31	0	9	6	0
https://www.birminghamboilerrepairs.uk/walkwood/ferroli-specialists	Indexable		3		24	21	0	0.62	59	31	0	9	6	0
https://www.birminghamboilerrepairs.uk/walkwood/ideal-boilers-specialists	Indexable		3		4	1	0	0.03	59	31	0	9	6	0
https://www.birminghamboilerrepairs.uk/walkwood/main-boiler-specialists	Indexable		3		4	1	0	0.03	59	31	0	9	6	0
https://www.birminghamboilerrepairs.uk/walkwood/biasi-specialists	Indexable		3		4	1	0	0.03	59	31	0	9	6	0
https://www.birminghamboilerrepairs.uk/walkwood/worcester-bosch-specialists	Indexable		3		10	7	0	0.21	59	31	0	9	6	0
https://www.birminghamboilerrepairs.uk/walkwood/combination-boiler-repairs	Indexable		3		32	21	0	0.62	59	31	0	9	6	0
https://www.birminghamboilerrepairs.uk/walkwood/atag-specialists	Indexable		3		4	1	0	0.03	59	31	0	9	6	0
https://www.birminghamboilerrepairs.uk/walkwood/intergas-specialists	Indexable		3		4	1	0	0.03	59	31	0	9	6	0
https://www.birminghamboilerrepairs.uk/walkwood/ariston-specialists	Indexable		3		4	1	0	0.03	59	31	0	9	6	0
https://www.birminghamboilerrepairs.uk/walkwood/viessmann-specialists	Indexable		3		4	1	0	0.03	59	31	0	9	6	0
https://www.birminghamboilerrepairs.uk/peddimore/vaillant-specialists	Indexable		3		4	1	0	0.03	59	31	0	9	6	0
https://www.birminghamboilerrepairs.uk/peddimore/ariston-specialists	Indexable		3		4	1	0	0.03	59	31	0	9	6	0
https://www.birminghamboilerrepairs.uk/peddimore/vokera-specialists	Indexable		3		4	1	0	0.03	59	31	0	9	6	0
https://www.birminghamboilerrepairs.uk/peddimore/worcester-bosch-specialists	Indexable		3		10	7	0	0.21	59	31	0	9	6	0
https://www.birminghamboilerrepairs.uk/peddimore/intergas-specialists	Indexable		3		4	1	0	0.03	59	31	0	9	6	0
https://www.birminghamboilerrepairs.uk/peddimore/heatline-specialists	Indexable		3		4	1	0	0.03	59	31	0	9	6	0
https://www.birminghamboilerrepairs.uk/peddimore/glowworm-specialists	Indexable		3		4	1	0	0.03	59	31	0	9	6	0
https://www.birminghamboilerrepairs.uk/peddimore/biasi-specialists	Indexable		3		4	1	0	0.03	59	31	0	9	6	0
https://www.birminghamboilerrepairs.uk/peddimore/main-boiler-specialists	Indexable		3		4	1	0	0.03	59	31	0	9	6	0
https://www.birminghamboilerrepairs.uk/peddimore/gas-safety	Indexable		3		83	21	0	0.62	59	31	0	9	6	0
https://www.birminghamboilerrepairs.uk/peddimore/ferroli-specialists	Indexable		3		24	21	0	0.62	59	31	0	9	6	0
https://www.birminghamboilerrepairs.uk/peddimore/combination-boiler-repairs	Indexable		3		32	21	0	0.62	59	31	0	9	6	0
https://www.birminghamboilerrepairs.uk/peddimore/boiler-repairs	Indexable		3		83	21	0	0.62	59	31	0	9	6	0
https://www.birminghamboilerrepairs.uk/peddimore/baxi-specialists	Indexable		3		4	1	0	0.03	59	31	0	9	6	0
https://www.birminghamboilerrepairs.uk/peddimore/potterton-specialists	Indexable		3		4	1	0	0.03	59	31	0	9	6	0
https://www.birminghamboilerrepairs.uk/peddimore/ideal-boilers-specialists	Indexable		3		4	1	0	0.03	59	31	0	9	6	0
https://www.birminghamboilerrepairs.uk/peddimore/viessmann-specialists	Indexable		3		4	1	0	0.03	59	31	0	9	6	0
https://www.birminghamboilerrepairs.uk/peddimore/alpha-boiler-specialists	Indexable		3		4	1	0	0.03	59	31	0	9	6	0
https://www.birminghamboilerrepairs.uk/peddimore/combination-boiler-services	Indexable		3		23	21	0	0.62	59	31	0	9	6	0
https://www.birminghamboilerrepairs.uk/peddimore/atag-specialists	Indexable		3		4	1	0	0.03	59	31	0	9	6	0
https://www.birminghamboilerrepairs.uk/peddimore/boiler-servicing	Indexable		3		83	21	0	0.62	59	31	0	9	6	0
https://www.birminghamboilerrepairs.uk/springfield/worcester-bosch-specialists	Indexable		3		10	7	0	0.21	59	31	0	9	6	0
https://www.birminghamboilerrepairs.uk/springfield/vokera-specialists	Indexable		3		4	1	0	0.03	59	31	0	9	6	0
https://www.birminghamboilerrepairs.uk/springfield/glowworm-specialists	Indexable		3		4	1	0	0.03	59	31	0	9	6	0
https://www.birminghamboilerrepairs.uk/springfield/boiler-repairs	Indexable		3		83	21	0	0.62	59	31	0	9	6	0
https://www.birminghamboilerrepairs.uk/springfield/alpha-boiler-specialists	Indexable		3		4	1	0	0.03	59	31	0	9	6	0
https://www.birminghamboilerrepairs.uk/springfield/heatline-specialists	Indexable		3		4	1	0	0.03	59	31	0	9	6	0
https://www.birminghamboilerrepairs.uk/springfield/vaillant-specialists	Indexable		3		4	1	0	0.03	59	31	0	9	6	0
https://www.birminghamboilerrepairs.uk/springfield/biasi-specialists	Indexable		3		4	1	0	0.03	59	31	0	9	6	0
https://www.birminghamboilerrepairs.uk/springfield/ferroli-specialists	Indexable		3		24	21	0	0.62	59	31	0	9	6	0
https://www.birminghamboilerrepairs.uk/springfield/gas-safety	Indexable		3		83	21	0	0.62	59	31	0	9	6	0
https://www.birminghamboilerrepairs.uk/springfield/atag-specialists	Indexable		3		4	1	0	0.03	59	31	0	9	6	0
https://www.birminghamboilerrepairs.uk/springfield/combination-boiler-repairs	Indexable		3		32	21	0	0.62	59	31	0	9	6	0
https://www.birminghamboilerrepairs.uk/springfield/boiler-servicing	Indexable		3		83	21	0	0.62	59	31	0	9	6	0
https://www.birminghamboilerrepairs.uk/springfield/main-boiler-specialists	Indexable		3		4	1	0	0.03	59	31	0	9	6	0
https://www.birminghamboilerrepairs.uk/springfield/intergas-specialists	Indexable		3		4	1	0	0.03	59	31	0	9	6	0
https://www.birminghamboilerrepairs.uk/springfield/combination-boiler-services	Indexable		3		23	21	0	0.62	59	31	0	9	6	0
https://www.birminghamboilerrepairs.uk/springfield/baxi-specialists	Indexable		3		4	1	0	0.03	59	31	0	9	6	0
https://www.birminghamboilerrepairs.uk/springfield/ariston-specialists	Indexable		3		4	1	0	0.03	59	31	0	9	6	0
https://www.birminghamboilerrepairs.uk/springfield/ideal-boilers-specialists	Indexable		3		4	1	0	0.03	59	31	0	9	6	0
https://www.birminghamboilerrepairs.uk/springfield/potterton-specialists	Indexable		3		4	1	0	0.03	59	31	0	9	6	0
https://www.birminghamboilerrepairs.uk/springfield/viessmann-specialists	Indexable		3		4	1	0	0.03	59	31	0	9	6	0
https://www.birminghamboilerrepairs.uk/high-heath/biasi-specialists	Indexable		3		4	1	0	0.03	59	31	0	9	6	0
https://www.birminghamboilerrepairs.uk/high-heath/main-boiler-specialists	Indexable		3		4	1	0	0.03	59	31	0	9	6	0
https://www.birminghamboilerrepairs.uk/high-heath/combination-boiler-services	Indexable		3		23	21	0	0.62	59	31	0	9	6	0
https://www.birminghamboilerrepairs.uk/high-heath/boiler-servicing	Indexable		3		83	21	0	0.62	59	31	0	9	6	0
https://www.birminghamboilerrepairs.uk/high-heath/worcester-bosch-specialists	Indexable		3		10	7	0	0.21	59	31	0	9	6	0
https://www.birminghamboilerrepairs.uk/high-heath/vaillant-specialists	Indexable		3		4	1	0	0.03	59	31	0	9	6	0
https://www.birminghamboilerrepairs.uk/high-heath/ariston-specialists	Indexable		3		4	1	0	0.03	59	31	0	9	6	0
https://www.birminghamboilerrepairs.uk/high-heath/alpha-boiler-specialists	Indexable		3		4	1	0	0.03	59	31	0	9	6	0
https://www.birminghamboilerrepairs.uk/high-heath/boiler-repairs	Indexable		3		83	21	0	0.62	59	31	0	9	6	0
https://www.birminghamboilerrepairs.uk/high-heath/heatline-specialists	Indexable		3		4	1	0	0.03	59	31	0	9	6	0
https://www.birminghamboilerrepairs.uk/high-heath/baxi-specialists	Indexable		3		4	1	0	0.03	59	31	0	9	6	0
https://www.birminghamboilerrepairs.uk/high-heath/ferroli-specialists	Indexable		3		24	21	0	0.62	59	31	0	9	6	0
https://www.birminghamboilerrepairs.uk/high-heath/atag-specialists	Indexable		3		4	1	0	0.03	59	31	0	9	6	0
https://www.birminghamboilerrepairs.uk/high-heath/potterton-specialists	Indexable		3		4	1	0	0.03	59	31	0	9	6	0
https://www.birminghamboilerrepairs.uk/high-heath/gas-safety	Indexable		3		83	21	0	0.62	59	31	0	9	6	0
https://www.birminghamboilerrepairs.uk/high-heath/glowworm-specialists	Indexable		3		4	1	0	0.03	59	31	0	9	6	0
https://www.birminghamboilerrepairs.uk/high-heath/ideal-boilers-specialists	Indexable		3		4	1	0	0.03	59	31	0	9	6	0
https://www.birminghamboilerrepairs.uk/high-heath/intergas-specialists	Indexable		3		4	1	0	0.03	59	31	0	9	6	0
https://www.birminghamboilerrepairs.uk/high-heath/viessmann-specialists	Indexable		3		4	1	0	0.03	59	31	0	9	6	0
https://www.birminghamboilerrepairs.uk/high-heath/vokera-specialists	Indexable		3		4	1	0	0.03	59	31	0	9	6	0
https://www.birminghamboilerrepairs.uk/high-heath/combination-boiler-repairs	Indexable		3		32	21	0	0.62	59	31	0	9	6	0
https://www.birminghamboilerrepairs.uk/bournbrook/alpha-boiler-specialists	Indexable		3		4	1	0	0.03	59	31	0	9	6	0
https://www.birminghamboilerrepairs.uk/bournbrook/combination-boiler-repairs	Indexable		3		32	21	0	0.62	59	31	0	9	6	0
https://www.birminghamboilerrepairs.uk/bournbrook/combination-boiler-services	Indexable		3		23	21	0	0.62	59	31	0	9	6	0
https://www.birminghamboilerrepairs.uk/bournbrook/boiler-servicing	Indexable		3		83	21	0	0.62	59	31	0	9	6	0
https://www.birminghamboilerrepairs.uk/bournbrook/boiler-repairs	Indexable		3		83	21	0	0.62	59	31	0	9	6	0
https://www.birminghamboilerrepairs.uk/bournbrook/viessmann-specialists	Indexable		3		4	1	0	0.03	59	31	0	9	6	0
https://www.birminghamboilerrepairs.uk/bournbrook/atag-specialists	Indexable		3		4	1	0	0.03	59	31	0	9	6	0
https://www.birminghamboilerrepairs.uk/bournbrook/vaillant-specialists	Indexable		3		4	1	0	0.03	59	31	0	9	6	0
https://www.birminghamboilerrepairs.uk/bournbrook/potterton-specialists	Indexable		3		4	1	0	0.03	59	31	0	9	6	0
https://www.birminghamboilerrepairs.uk/bournbrook/glowworm-specialists	Indexable		3		4	1	0	0.03	59	31	0	9	6	0
https://www.birminghamboilerrepairs.uk/bournbrook/ariston-specialists	Indexable		3		4	1	0	0.03	59	31	0	9	6	0
https://www.birminghamboilerrepairs.uk/bournbrook/ideal-boilers-specialists	Indexable		3		4	1	0	0.03	59	31	0	9	6	0
https://www.birminghamboilerrepairs.uk/bournbrook/gas-safety	Indexable		3		83	21	0	0.62	59	31	0	9	6	0
https://www.birminghamboilerrepairs.uk/bournbrook/worcester-bosch-specialists	Indexable		3		10	7	0	0.21	59	31	0	9	6	0
https://www.birminghamboilerrepairs.uk/bournbrook/intergas-specialists	Indexable		3		4	1	0	0.03	59	31	0	9	6	0
https://www.birminghamboilerrepairs.uk/bournbrook/ferroli-specialists	Indexable		3		24	21	0	0.62	59	31	0	9	6	0
https://www.birminghamboilerrepairs.uk/bournbrook/biasi-specialists	Indexable		3		4	1	0	0.03	59	31	0	9	6	0
https://www.birminghamboilerrepairs.uk/bournbrook/main-boiler-specialists	Indexable		3		4	1	0	0.03	59	31	0	9	6	0
https://www.birminghamboilerrepairs.uk/bournbrook/vokera-specialists	Indexable		3		4	1	0	0.03	59	31	0	9	6	0
https://www.birminghamboilerrepairs.uk/bournbrook/heatline-specialists	Indexable		3		4	1	0	0.03	59	31	0	9	6	0
https://www.birminghamboilerrepairs.uk/reddicap-heath/ferroli-specialists	Indexable		3		24	21	0	0.62	59	31	0	9	6	0
https://www.birminghamboilerrepairs.uk/reddicap-heath/boiler-repairs	Indexable		3		83	21	0	0.62	59	31	0	9	6	0
https://www.birminghamboilerrepairs.uk/bournbrook/baxi-specialists	Indexable		3		4	1	0	0.03	59	31	0	9	6	0
https://www.birminghamboilerrepairs.uk/reddicap-heath/main-boiler-specialists	Indexable		3		4	1	0	0.03	59	31	0	9	6	0
https://www.birminghamboilerrepairs.uk/reddicap-heath/worcester-bosch-specialists	Indexable		3		10	7	0	0.21	59	31	0	9	6	0
https://www.birminghamboilerrepairs.uk/reddicap-heath/vokera-specialists	Indexable		3		4	1	0	0.03	59	31	0	9	6	0
https://www.birminghamboilerrepairs.uk/reddicap-heath/viessmann-specialists	Indexable		3		4	1	0	0.03	59	31	0	9	6	0
https://www.birminghamboilerrepairs.uk/reddicap-heath/vaillant-specialists	Indexable		3		4	1	0	0.03	59	31	0	9	6	0
https://www.birminghamboilerrepairs.uk/reddicap-heath/heatline-specialists	Indexable		3		4	1	0	0.03	59	31	0	9	6	0
https://www.birminghamboilerrepairs.uk/reddicap-heath/ariston-specialists	Indexable		3		4	1	0	0.03	59	31	0	9	6	0
https://www.birminghamboilerrepairs.uk/reddicap-heath/gas-safety	Indexable		3		83	21	0	0.62	59	31	0	9	6	0
https://www.birminghamboilerrepairs.uk/reddicap-heath/baxi-specialists	Indexable		3		4	1	0	0.03	59	31	0	9	6	0
https://www.birminghamboilerrepairs.uk/reddicap-heath/potterton-specialists	Indexable		3		4	1	0	0.03	59	31	0	9	6	0
https://www.birminghamboilerrepairs.uk/reddicap-heath/combination-boiler-services	Indexable		3		23	21	0	0.62	59	31	0	9	6	0
https://www.birminghamboilerrepairs.uk/reddicap-heath/biasi-specialists	Indexable		3		4	1	0	0.03	59	31	0	9	6	0
https://www.birminghamboilerrepairs.uk/reddicap-heath/atag-specialists	Indexable		3		4	1	0	0.03	59	31	0	9	6	0
https://www.birminghamboilerrepairs.uk/reddicap-heath/ideal-boilers-specialists	Indexable		3		4	1	0	0.03	59	31	0	9	6	0
https://www.birminghamboilerrepairs.uk/reddicap-heath/glowworm-specialists	Indexable		3		4	1	0	0.03	59	31	0	9	6	0
https://www.birminghamboilerrepairs.uk/reddicap-heath/boiler-servicing	Indexable		3		83	21	0	0.62	59	31	0	9	6	0
https://www.birminghamboilerrepairs.uk/reddicap-heath/intergas-specialists	Indexable		3		4	1	0	0.03	59	31	0	9	6	0
https://www.birminghamboilerrepairs.uk/reddicap-heath/alpha-boiler-specialists	Indexable		3		4	1	0	0.03	59	31	0	9	6	0
https://www.birminghamboilerrepairs.uk/reddicap-heath/combination-boiler-repairs	Indexable		3		32	21	0	0.62	59	31	0	9	6	0
https://www.birminghamboilerrepairs.uk/cradley-heath/combination-boiler-repairs	Indexable		3		32	21	0	0.62	59	31	0	9	6	0
https://www.birminghamboilerrepairs.uk/cradley-heath/boiler-servicing	Indexable		3		83	21	0	0.62	59	31	0	9	6	0
https://www.birminghamboilerrepairs.uk/cradley-heath/gas-safety	Indexable		3		83	21	0	0.62	59	31	0	9	6	0
https://www.birminghamboilerrepairs.uk/cradley-heath/vokera-specialists	Indexable		3		4	1	0	0.03	59	31	0	9	6	0
https://www.birminghamboilerrepairs.uk/cradley-heath/worcester-bosch-specialists	Indexable		3		10	7	0	0.21	59	31	0	9	6	0
https://www.birminghamboilerrepairs.uk/cradley-heath/vaillant-specialists	Indexable		3		4	1	0	0.03	59	31	0	9	6	0
https://www.birminghamboilerrepairs.uk/cradley-heath/ideal-boilers-specialists	Indexable		3		4	1	0	0.03	59	31	0	9	6	0
https://www.birminghamboilerrepairs.uk/cradley-heath/alpha-boiler-specialists	Indexable		3		4	1	0	0.03	59	31	0	9	6	0
https://www.birminghamboilerrepairs.uk/cradley-heath/biasi-specialists	Indexable		3		4	1	0	0.03	59	31	0	9	6	0
https://www.birminghamboilerrepairs.uk/cradley-heath/atag-specialists	Indexable		3		4	1	0	0.03	59	31	0	9	6	0
https://www.birminghamboilerrepairs.uk/cradley-heath/heatline-specialists	Indexable		3		4	1	0	0.03	59	31	0	9	6	0
https://www.birminghamboilerrepairs.uk/cradley-heath/boiler-repairs	Indexable		3		83	21	0	0.62	59	31	0	9	6	0
https://www.birminghamboilerrepairs.uk/cradley-heath/viessmann-specialists	Indexable		3		4	1	0	0.03	59	31	0	9	6	0
https://www.birminghamboilerrepairs.uk/cradley-heath/baxi-specialists	Indexable		3		4	1	0	0.03	59	31	0	9	6	0
https://www.birminghamboilerrepairs.uk/cradley-heath/ariston-specialists	Indexable		3		4	1	0	0.03	59	31	0	9	6	0
https://www.birminghamboilerrepairs.uk/cradley-heath/combination-boiler-services	Indexable		3		23	21	0	0.62	59	31	0	9	6	0
https://www.birminghamboilerrepairs.uk/cradley-heath/intergas-specialists	Indexable		3		4	1	0	0.03	59	31	0	9	6	0
https://www.birminghamboilerrepairs.uk/cradley-heath/potterton-specialists	Indexable		3		4	1	0	0.03	59	31	0	9	6	0
https://www.birminghamboilerrepairs.uk/cradley-heath/ferroli-specialists	Indexable		3		24	21	0	0.62	59	31	0	9	6	0
https://www.birminghamboilerrepairs.uk/cradley-heath/glowworm-specialists	Indexable		3		4	1	0	0.03	59	31	0	9	6	0
https://www.birminghamboilerrepairs.uk/cradley-heath/main-boiler-specialists	Indexable		3		4	1	0	0.03	59	31	0	9	6	0
https://www.birminghamboilerrepairs.uk/shard-end/worcester-bosch-specialists	Indexable		3		10	7	0	0.21	59	31	0	9	6	0
https://www.birminghamboilerrepairs.uk/shard-end/main-boiler-specialists	Indexable		3		4	1	0	0.03	59	31	0	9	6	0
https://www.birminghamboilerrepairs.uk/shard-end/heatline-specialists	Indexable		3		4	1	0	0.03	59	31	0	9	6	0
https://www.birminghamboilerrepairs.uk/shard-end/gas-safety	Indexable		3		83	21	0	0.62	59	31	0	9	6	0
https://www.birminghamboilerrepairs.uk/shard-end/glowworm-specialists	Indexable		3		4	1	0	0.03	59	31	0	9	6	0
https://www.birminghamboilerrepairs.uk/shard-end/boiler-repairs	Indexable		3		83	21	0	0.62	59	31	0	9	6	0
https://www.birminghamboilerrepairs.uk/shard-end/alpha-boiler-specialists	Indexable		3		4	1	0	0.03	59	31	0	9	6	0
https://www.birminghamboilerrepairs.uk/shard-end/ferroli-specialists	Indexable		3		24	21	0	0.62	59	31	0	9	6	0
https://www.birminghamboilerrepairs.uk/shard-end/ideal-boilers-specialists	Indexable		3		4	1	0	0.03	59	31	0	9	6	0
https://www.birminghamboilerrepairs.uk/shard-end/intergas-specialists	Indexable		3		4	1	0	0.03	59	31	0	9	6	0
https://www.birminghamboilerrepairs.uk/shard-end/combination-boiler-repairs	Indexable		3		32	21	0	0.62	59	31	0	9	6	0
https://www.birminghamboilerrepairs.uk/shard-end/vokera-specialists	Indexable		3		4	1	0	0.03	59	31	0	9	6	0
https://www.birminghamboilerrepairs.uk/shard-end/viessmann-specialists	Indexable		3		4	1	0	0.03	59	31	0	9	6	0
https://www.birminghamboilerrepairs.uk/shard-end/biasi-specialists	Indexable		3		4	1	0	0.03	59	31	0	9	6	0
https://www.birminghamboilerrepairs.uk/shard-end/atag-specialists	Indexable		3		4	1	0	0.03	59	31	0	9	6	0
https://www.birminghamboilerrepairs.uk/shard-end/vaillant-specialists	Indexable		3		4	1	0	0.03	59	31	0	9	6	0
https://www.birminghamboilerrepairs.uk/shard-end/ariston-specialists	Indexable		3		4	1	0	0.03	59	31	0	9	6	0
https://www.birminghamboilerrepairs.uk/shard-end/baxi-specialists	Indexable		3		4	1	0	0.03	59	31	0	9	6	0
https://www.birminghamboilerrepairs.uk/shard-end/combination-boiler-services	Indexable		3		23	21	0	0.62	59	31	0	9	6	0
https://www.birminghamboilerrepairs.uk/shard-end/boiler-servicing	Indexable		3		83	21	0	0.62	59	31	0	9	6	0
https://www.birminghamboilerrepairs.uk/saltley/glowworm-specialists	Indexable		3		4	1	0	0.03	59	31	0	9	6	0
https://www.birminghamboilerrepairs.uk/shard-end/potterton-specialists	Indexable		3		4	1	0	0.03	59	31	0	9	6	0
https://www.birminghamboilerrepairs.uk/saltley/worcester-bosch-specialists	Indexable		3		10	7	0	0.21	59	31	0	9	6	0
https://www.birminghamboilerrepairs.uk/saltley/vaillant-specialists	Indexable		3		4	1	0	0.03	59	31	0	9	6	0
https://www.birminghamboilerrepairs.uk/saltley/heatline-specialists	Indexable		3		4	1	0	0.03	59	31	0	9	6	0
https://www.birminghamboilerrepairs.uk/saltley/intergas-specialists	Indexable		3		4	1	0	0.03	59	31	0	9	6	0
https://www.birminghamboilerrepairs.uk/saltley/main-boiler-specialists	Indexable		3		4	1	0	0.03	59	31	0	9	6	0
https://www.birminghamboilerrepairs.uk/saltley/vokera-specialists	Indexable		3		4	1	0	0.03	59	31	0	9	6	0
https://www.birminghamboilerrepairs.uk/saltley/boiler-servicing	Indexable		3		83	21	0	0.62	59	31	0	9	6	0
https://www.birminghamboilerrepairs.uk/saltley/ideal-boilers-specialists	Indexable		3		4	1	0	0.03	59	31	0	9	6	0
https://www.birminghamboilerrepairs.uk/saltley/gas-safety	Indexable		3		83	21	0	0.62	59	31	0	9	6	0
https://www.birminghamboilerrepairs.uk/saltley/atag-specialists	Indexable		3		4	1	0	0.03	59	31	0	9	6	0
https://www.birminghamboilerrepairs.uk/saltley/combination-boiler-repairs	Indexable		3		32	21	0	0.62	59	31	0	9	6	0
https://www.birminghamboilerrepairs.uk/saltley/viessmann-specialists	Indexable		3		4	1	0	0.03	59	31	0	9	6	0
https://www.birminghamboilerrepairs.uk/saltley/combination-boiler-services	Indexable		3		23	21	0	0.62	59	31	0	9	6	0
https://www.birminghamboilerrepairs.uk/saltley/ferroli-specialists	Indexable		3		24	21	0	0.62	59	31	0	9	6	0
https://www.birminghamboilerrepairs.uk/saltley/ariston-specialists	Indexable		3		4	1	0	0.03	59	31	0	9	6	0
https://www.birminghamboilerrepairs.uk/saltley/alpha-boiler-specialists	Indexable		3		4	1	0	0.03	59	31	0	9	6	0
https://www.birminghamboilerrepairs.uk/saltley/baxi-specialists	Indexable		3		4	1	0	0.03	59	31	0	9	6	0
https://www.birminghamboilerrepairs.uk/saltley/boiler-repairs	Indexable		3		83	21	0	0.62	59	31	0	9	6	0
https://www.birminghamboilerrepairs.uk/saltley/biasi-specialists	Indexable		3		4	1	0	0.03	59	31	0	9	6	0
https://www.birminghamboilerrepairs.uk/hopwood/baxi-specialists	Indexable		3		4	1	0	0.03	59	31	0	9	6	0
https://www.birminghamboilerrepairs.uk/saltley/potterton-specialists	Indexable		3		4	1	0	0.03	59	31	0	9	6	0
https://www.birminghamboilerrepairs.uk/hopwood/viessmann-specialists	Indexable		3		4	1	0	0.03	59	31	0	9	6	0
https://www.birminghamboilerrepairs.uk/hopwood/ferroli-specialists	Indexable		3		24	21	0	0.62	59	31	0	9	6	0
https://www.birminghamboilerrepairs.uk/hopwood/biasi-specialists	Indexable		3		4	1	0	0.03	59	31	0	9	6	0
https://www.birminghamboilerrepairs.uk/hopwood/potterton-specialists	Indexable		3		4	1	0	0.03	59	31	0	9	6	0
https://www.birminghamboilerrepairs.uk/hopwood/worcester-bosch-specialists	Indexable		3		10	7	0	0.21	59	31	0	9	6	0
https://www.birminghamboilerrepairs.uk/hopwood/gas-safety	Indexable		3		83	21	0	0.62	59	31	0	9	6	0
https://www.birminghamboilerrepairs.uk/hopwood/combination-boiler-services	Indexable		3		23	21	0	0.62	59	31	0	9	6	0
https://www.birminghamboilerrepairs.uk/hopwood/combination-boiler-repairs	Indexable		3		32	21	0	0.62	59	31	0	9	6	0
https://www.birminghamboilerrepairs.uk/hopwood/heatline-specialists	Indexable		3		4	1	0	0.03	59	31	0	9	6	0
https://www.birminghamboilerrepairs.uk/hopwood/vaillant-specialists	Indexable		3		4	1	0	0.03	59	31	0	9	6	0
https://www.birminghamboilerrepairs.uk/hopwood/glowworm-specialists	Indexable		3		4	1	0	0.03	59	31	0	9	6	0
https://www.birminghamboilerrepairs.uk/hopwood/main-boiler-specialists	Indexable		3		4	1	0	0.03	59	31	0	9	6	0
https://www.birminghamboilerrepairs.uk/hopwood/boiler-servicing	Indexable		3		83	21	0	0.62	59	31	0	9	6	0
https://www.birminghamboilerrepairs.uk/hopwood/vokera-specialists	Indexable		3		4	1	0	0.03	59	31	0	9	6	0
https://www.birminghamboilerrepairs.uk/hopwood/alpha-boiler-specialists	Indexable		3		4	1	0	0.03	59	31	0	9	6	0
https://www.birminghamboilerrepairs.uk/hopwood/ideal-boilers-specialists	Indexable		3		4	1	0	0.03	59	31	0	9	6	0
https://www.birminghamboilerrepairs.uk/hopwood/intergas-specialists	Indexable		3		4	1	0	0.03	59	31	0	9	6	0
https://www.birminghamboilerrepairs.uk/hopwood/boiler-repairs	Indexable		3		83	21	0	0.62	59	31	0	9	6	0
https://www.birminghamboilerrepairs.uk/hopwood/ariston-specialists	Indexable		3		4	1	0	0.03	59	31	0	9	6	0
https://www.birminghamboilerrepairs.uk/smethwick/combination-boiler-services	Indexable		3		23	21	0	0.62	59	31	0	9	6	0
https://www.birminghamboilerrepairs.uk/hopwood/atag-specialists	Indexable		3		4	1	0	0.03	59	31	0	9	6	0
https://www.birminghamboilerrepairs.uk/smethwick/potterton-specialists	Indexable		3		4	1	0	0.03	59	31	0	9	6	0
https://www.birminghamboilerrepairs.uk/smethwick/baxi-specialists	Indexable		3		4	1	0	0.03	59	31	0	9	6	0
https://www.birminghamboilerrepairs.uk/smethwick/viessmann-specialists	Indexable		3		4	1	0	0.03	59	31	0	9	6	0
https://www.birminghamboilerrepairs.uk/smethwick/gas-safety	Indexable		3		83	21	0	0.62	59	31	0	9	6	0
https://www.birminghamboilerrepairs.uk/smethwick/atag-specialists	Indexable		3		4	1	0	0.03	59	31	0	9	6	0
https://www.birminghamboilerrepairs.uk/smethwick/alpha-boiler-specialists	Indexable		3		4	1	0	0.03	59	31	0	9	6	0
https://www.birminghamboilerrepairs.uk/smethwick/ideal-boilers-specialists	Indexable		3		4	1	0	0.03	59	31	0	9	6	0
https://www.birminghamboilerrepairs.uk/smethwick/vokera-specialists	Indexable		3		4	1	0	0.03	59	31	0	9	6	0
https://www.birminghamboilerrepairs.uk/smethwick/vaillant-specialists	Indexable		3		4	1	0	0.03	59	31	0	9	6	0
https://www.birminghamboilerrepairs.uk/smethwick/boiler-servicing	Indexable		3		83	21	0	0.62	59	31	0	9	6	0
https://www.birminghamboilerrepairs.uk/smethwick/glowworm-specialists	Indexable		3		4	1	0	0.03	59	31	0	9	6	0
https://www.birminghamboilerrepairs.uk/smethwick/combination-boiler-repairs	Indexable		3		32	21	0	0.62	59	31	0	9	6	0
https://www.birminghamboilerrepairs.uk/smethwick/main-boiler-specialists	Indexable		3		4	1	0	0.03	59	31	0	9	6	0
https://www.birminghamboilerrepairs.uk/smethwick/biasi-specialists	Indexable		3		4	1	0	0.03	59	31	0	9	6	0
https://www.birminghamboilerrepairs.uk/smethwick/ferroli-specialists	Indexable		3		24	21	0	0.62	59	31	0	9	6	0
https://www.birminghamboilerrepairs.uk/smethwick/worcester-bosch-specialists	Indexable		3		10	7	0	0.21	59	31	0	9	6	0
https://www.birminghamboilerrepairs.uk/smethwick/boiler-repairs	Indexable		3		83	21	0	0.62	59	31	0	9	6	0
https://www.birminghamboilerrepairs.uk/smethwick/heatline-specialists	Indexable		3		4	1	0	0.03	59	31	0	9	6	0
https://www.birminghamboilerrepairs.uk/smethwick/intergas-specialists	Indexable		3		4	1	0	0.03	59	31	0	9	6	0
https://www.birminghamboilerrepairs.uk/smethwick/ariston-specialists	Indexable		3		4	1	0	0.03	59	31	0	9	6	0
https://www.birminghamboilerrepairs.uk/spring-vale/worcester-bosch-specialists	Indexable		3		10	7	0	0.21	59	31	0	9	6	0
https://www.birminghamboilerrepairs.uk/spring-vale/ideal-boilers-specialists	Indexable		3		4	1	0	0.03	59	31	0	9	6	0
https://www.birminghamboilerrepairs.uk/spring-vale/baxi-specialists	Indexable		3		4	1	0	0.03	59	31	0	9	6	0
https://www.birminghamboilerrepairs.uk/spring-vale/boiler-repairs	Indexable		3		83	21	0	0.62	59	31	0	9	6	0
https://www.birminghamboilerrepairs.uk/spring-vale/alpha-boiler-specialists	Indexable		3		4	1	0	0.03	59	31	0	9	6	0
https://www.birminghamboilerrepairs.uk/spring-vale/boiler-servicing	Indexable		3		83	21	0	0.62	59	31	0	9	6	0
https://www.birminghamboilerrepairs.uk/spring-vale/biasi-specialists	Indexable		3		4	1	0	0.03	59	31	0	9	6	0
https://www.birminghamboilerrepairs.uk/spring-vale/vaillant-specialists	Indexable		3		4	1	0	0.03	59	31	0	9	6	0
https://www.birminghamboilerrepairs.uk/spring-vale/combination-boiler-repairs	Indexable		3		32	21	0	0.62	59	31	0	9	6	0
https://www.birminghamboilerrepairs.uk/spring-vale/ferroli-specialists	Indexable		3		24	21	0	0.62	59	31	0	9	6	0
https://www.birminghamboilerrepairs.uk/spring-vale/intergas-specialists	Indexable		3		4	1	0	0.03	59	31	0	9	6	0
https://www.birminghamboilerrepairs.uk/spring-vale/combination-boiler-services	Indexable		3		23	21	0	0.62	59	31	0	9	6	0
https://www.birminghamboilerrepairs.uk/spring-vale/main-boiler-specialists	Indexable		3		4	1	0	0.03	59	31	0	9	6	0
https://www.birminghamboilerrepairs.uk/spring-vale/potterton-specialists	Indexable		3		4	1	0	0.03	59	31	0	9	6	0
https://www.birminghamboilerrepairs.uk/spring-vale/heatline-specialists	Indexable		3		4	1	0	0.03	59	31	0	9	6	0
https://www.birminghamboilerrepairs.uk/spring-vale/atag-specialists	Indexable		3		4	1	0	0.03	59	31	0	9	6	0
https://www.birminghamboilerrepairs.uk/spring-vale/ariston-specialists	Indexable		3		4	1	0	0.03	59	31	0	9	6	0
https://www.birminghamboilerrepairs.uk/spring-vale/vokera-specialists	Indexable		3		4	1	0	0.03	59	31	0	9	6	0
https://www.birminghamboilerrepairs.uk/spring-vale/viessmann-specialists	Indexable		3		4	1	0	0.03	59	31	0	9	6	0
https://www.birminghamboilerrepairs.uk/spring-vale/glowworm-specialists	Indexable		3		4	1	0	0.03	59	31	0	9	6	0
https://www.birminghamboilerrepairs.uk/spring-vale/gas-safety	Indexable		3		83	21	0	0.62	59	31	0	9	6	0
https://www.birminghamboilerrepairs.uk/astwood-bank/gas-safety	Indexable		3		83	21	0	0.62	59	31	0	9	6	0
https://www.birminghamboilerrepairs.uk/astwood-bank/combination-boiler-services	Indexable		3		23	21	0	0.62	59	31	0	9	6	0
https://www.birminghamboilerrepairs.uk/astwood-bank/vokera-specialists	Indexable		3		4	1	0	0.03	59	31	0	9	6	0
https://www.birminghamboilerrepairs.uk/astwood-bank/viessmann-specialists	Indexable		3		4	1	0	0.03	59	31	0	9	6	0
https://www.birminghamboilerrepairs.uk/astwood-bank/glowworm-specialists	Indexable		3		4	1	0	0.03	59	31	0	9	6	0
https://www.birminghamboilerrepairs.uk/astwood-bank/ferroli-specialists	Indexable		3		24	21	0	0.62	59	31	0	9	6	0
https://www.birminghamboilerrepairs.uk/astwood-bank/worcester-bosch-specialists	Indexable		3		10	7	0	0.21	59	31	0	9	6	0
https://www.birminghamboilerrepairs.uk/astwood-bank/heatline-specialists	Indexable		3		4	1	0	0.03	59	31	0	9	6	0
https://www.birminghamboilerrepairs.uk/astwood-bank/alpha-boiler-specialists	Indexable		3		4	1	0	0.03	59	31	0	9	6	0
https://www.birminghamboilerrepairs.uk/astwood-bank/boiler-repairs	Indexable		3		83	21	0	0.62	59	31	0	9	6	0
https://www.birminghamboilerrepairs.uk/astwood-bank/ariston-specialists	Indexable		3		4	1	0	0.03	59	31	0	9	6	0
https://www.birminghamboilerrepairs.uk/astwood-bank/main-boiler-specialists	Indexable		3		4	1	0	0.03	59	31	0	9	6	0
https://www.birminghamboilerrepairs.uk/astwood-bank/ideal-boilers-specialists	Indexable		3		4	1	0	0.03	59	31	0	9	6	0
https://www.birminghamboilerrepairs.uk/astwood-bank/intergas-specialists	Indexable		3		4	1	0	0.03	59	31	0	9	6	0
https://www.birminghamboilerrepairs.uk/astwood-bank/vaillant-specialists	Indexable		3		4	1	0	0.03	59	31	0	9	6	0
https://www.birminghamboilerrepairs.uk/astwood-bank/atag-specialists	Indexable		3		4	1	0	0.03	59	31	0	9	6	0
https://www.birminghamboilerrepairs.uk/astwood-bank/boiler-servicing	Indexable		3		83	21	0	0.62	59	31	0	9	6	0
https://www.birminghamboilerrepairs.uk/astwood-bank/biasi-specialists	Indexable		3		4	1	0	0.03	59	31	0	9	6	0
https://www.birminghamboilerrepairs.uk/astwood-bank/baxi-specialists	Indexable		3		4	1	0	0.03	59	31	0	9	6	0
https://www.birminghamboilerrepairs.uk/glebe-farm/gas-safety	Indexable		3		83	21	0	0.62	59	31	0	9	6	0
https://www.birminghamboilerrepairs.uk/glebe-farm/vaillant-specialists	Indexable		3		4	1	0	0.03	59	31	0	9	6	0
https://www.birminghamboilerrepairs.uk/astwood-bank/potterton-specialists	Indexable		3		4	1	0	0.03	59	31	0	9	6	0
https://www.birminghamboilerrepairs.uk/astwood-bank/combination-boiler-repairs	Indexable		3		32	21	0	0.62	59	31	0	9	6	0
https://www.birminghamboilerrepairs.uk/glebe-farm/baxi-specialists	Indexable		3		4	1	0	0.03	59	31	0	9	6	0
https://www.birminghamboilerrepairs.uk/glebe-farm/glowworm-specialists	Indexable		3		4	1	0	0.03	59	31	0	9	6	0
https://www.birminghamboilerrepairs.uk/glebe-farm/combination-boiler-services	Indexable		3		23	21	0	0.62	59	31	0	9	6	0
https://www.birminghamboilerrepairs.uk/glebe-farm/vokera-specialists	Indexable		3		4	1	0	0.03	59	31	0	9	6	0
https://www.birminghamboilerrepairs.uk/glebe-farm/ideal-boilers-specialists	Indexable		3		4	1	0	0.03	59	31	0	9	6	0
https://www.birminghamboilerrepairs.uk/glebe-farm/main-boiler-specialists	Indexable		3		4	1	0	0.03	59	31	0	9	6	0
https://www.birminghamboilerrepairs.uk/glebe-farm/potterton-specialists	Indexable		3		4	1	0	0.03	59	31	0	9	6	0
https://www.birminghamboilerrepairs.uk/glebe-farm/intergas-specialists	Indexable		3		4	1	0	0.03	59	31	0	9	6	0
https://www.birminghamboilerrepairs.uk/glebe-farm/ferroli-specialists	Indexable		3		24	21	0	0.62	59	31	0	9	6	0
https://www.birminghamboilerrepairs.uk/glebe-farm/alpha-boiler-specialists	Indexable		3		4	1	0	0.03	59	31	0	9	6	0
https://www.birminghamboilerrepairs.uk/glebe-farm/viessmann-specialists	Indexable		3		4	1	0	0.03	59	31	0	9	6	0
https://www.birminghamboilerrepairs.uk/glebe-farm/boiler-servicing	Indexable		3		83	21	0	0.62	59	31	0	9	6	0
https://www.birminghamboilerrepairs.uk/glebe-farm/combination-boiler-repairs	Indexable		3		32	21	0	0.62	59	31	0	9	6	0
https://www.birminghamboilerrepairs.uk/glebe-farm/boiler-repairs	Indexable		3		83	21	0	0.62	59	31	0	9	6	0
https://www.birminghamboilerrepairs.uk/glebe-farm/biasi-specialists	Indexable		3		4	1	0	0.03	59	31	0	9	6	0
https://www.birminghamboilerrepairs.uk/glebe-farm/worcester-bosch-specialists	Indexable		3		10	7	0	0.21	59	31	0	9	6	0
https://www.birminghamboilerrepairs.uk/glebe-farm/ariston-specialists	Indexable		3		4	1	0	0.03	59	31	0	9	6	0
https://www.birminghamboilerrepairs.uk/glebe-farm/heatline-specialists	Indexable		3		4	1	0	0.03	59	31	0	9	6	0
https://www.birminghamboilerrepairs.uk/glebe-farm/atag-specialists	Indexable		3		4	1	0	0.03	59	31	0	9	6	0
https://www.birminghamboilerrepairs.uk/yardley-wood/worcester-bosch-specialists	Indexable		3		10	7	0	0.21	59	31	0	9	6	0
https://www.birminghamboilerrepairs.uk/yardley-wood/baxi-specialists	Indexable		3		4	1	0	0.03	59	31	0	9	6	0
https://www.birminghamboilerrepairs.uk/yardley-wood/atag-specialists	Indexable		3		4	1	0	0.03	59	31	0	9	6	0
https://www.birminghamboilerrepairs.uk/yardley-wood/ferroli-specialists	Indexable		3		24	21	0	0.62	59	31	0	9	6	0
https://www.birminghamboilerrepairs.uk/yardley-wood/boiler-repairs	Indexable		3		83	21	0	0.62	59	31	0	9	6	0
https://www.birminghamboilerrepairs.uk/yardley-wood/ideal-boilers-specialists	Indexable		3		4	1	0	0.03	59	31	0	9	6	0
https://www.birminghamboilerrepairs.uk/yardley-wood/combination-boiler-services	Indexable		3		23	21	0	0.62	59	31	0	9	6	0
https://www.birminghamboilerrepairs.uk/yardley-wood/ariston-specialists	Indexable		3		4	1	0	0.03	59	31	0	9	6	0
https://www.birminghamboilerrepairs.uk/yardley-wood/heatline-specialists	Indexable		3		4	1	0	0.03	59	31	0	9	6	0
https://www.birminghamboilerrepairs.uk/yardley-wood/main-boiler-specialists	Indexable		3		4	1	0	0.03	59	31	0	9	6	0
https://www.birminghamboilerrepairs.uk/yardley-wood/boiler-servicing	Indexable		3		83	21	0	0.62	59	31	0	9	6	0
https://www.birminghamboilerrepairs.uk/yardley-wood/vaillant-specialists	Indexable		3		4	1	0	0.03	59	31	0	9	6	0
https://www.birminghamboilerrepairs.uk/yardley-wood/vokera-specialists	Indexable		3		4	1	0	0.03	59	31	0	9	6	0
https://www.birminghamboilerrepairs.uk/yardley-wood/gas-safety	Indexable		3		83	21	0	0.62	59	31	0	9	6	0
https://www.birminghamboilerrepairs.uk/yardley-wood/viessmann-specialists	Indexable		3		4	1	0	0.03	59	31	0	9	6	0
https://www.birminghamboilerrepairs.uk/yardley-wood/biasi-specialists	Indexable		3		4	1	0	0.03	59	31	0	9	6	0
https://www.birminghamboilerrepairs.uk/yardley-wood/alpha-boiler-specialists	Indexable		3		4	1	0	0.03	59	31	0	9	6	0
https://www.birminghamboilerrepairs.uk/yardley-wood/glowworm-specialists	Indexable		3		4	1	0	0.03	59	31	0	9	6	0
https://www.birminghamboilerrepairs.uk/yardley-wood/intergas-specialists	Indexable		3		4	1	0	0.03	59	31	0	9	6	0
https://www.birminghamboilerrepairs.uk/yardley-wood/combination-boiler-repairs	Indexable		3		32	21	0	0.62	59	31	0	9	6	0
https://www.birminghamboilerrepairs.uk/yardley-wood/potterton-specialists	Indexable		3		4	1	0	0.03	59	31	0	9	6	0
https://www.birminghamboilerrepairs.uk/south-woodgate/main-boiler-specialists	Indexable		3		4	1	0	0.03	59	31	0	9	6	0
https://www.birminghamboilerrepairs.uk/south-woodgate/vaillant-specialists	Indexable		3		4	1	0	0.03	59	31	0	9	6	0
https://www.birminghamboilerrepairs.uk/south-woodgate/glowworm-specialists	Indexable		3		4	1	0	0.03	59	31	0	9	6	0
https://www.birminghamboilerrepairs.uk/south-woodgate/boiler-repairs	Indexable		3		83	21	0	0.62	59	31	0	9	6	0
https://www.birminghamboilerrepairs.uk/south-woodgate/alpha-boiler-specialists	Indexable		3		4	1	0	0.03	59	31	0	9	6	0
https://www.birminghamboilerrepairs.uk/south-woodgate/boiler-servicing	Indexable		3		83	21	0	0.62	59	31	0	9	6	0
https://www.birminghamboilerrepairs.uk/south-woodgate/ideal-boilers-specialists	Indexable		3		4	1	0	0.03	59	31	0	9	6	0
https://www.birminghamboilerrepairs.uk/south-woodgate/gas-safety	Indexable		3		83	21	0	0.62	59	31	0	9	6	0
https://www.birminghamboilerrepairs.uk/south-woodgate/vokera-specialists	Indexable		3		4	1	0	0.03	59	31	0	9	6	0
https://www.birminghamboilerrepairs.uk/south-woodgate/baxi-specialists	Indexable		3		4	1	0	0.03	59	31	0	9	6	0
https://www.birminghamboilerrepairs.uk/south-woodgate/combination-boiler-repairs	Indexable		3		32	21	0	0.62	59	31	0	9	6	0
https://www.birminghamboilerrepairs.uk/south-woodgate/heatline-specialists	Indexable		3		4	1	0	0.03	59	31	0	9	6	0
https://www.birminghamboilerrepairs.uk/south-woodgate/ariston-specialists	Indexable		3		4	1	0	0.03	59	31	0	9	6	0
https://www.birminghamboilerrepairs.uk/south-woodgate/viessmann-specialists	Indexable		3		4	1	0	0.03	59	31	0	9	6	0
https://www.birminghamboilerrepairs.uk/south-woodgate/combination-boiler-services	Indexable		3		23	21	0	0.62	59	31	0	9	6	0
https://www.birminghamboilerrepairs.uk/south-woodgate/potterton-specialists	Indexable		3		4	1	0	0.03	59	31	0	9	6	0
https://www.birminghamboilerrepairs.uk/south-woodgate/biasi-specialists	Indexable		3		4	1	0	0.03	59	31	0	9	6	0
https://www.birminghamboilerrepairs.uk/south-woodgate/ferroli-specialists	Indexable		3		24	21	0	0.62	59	31	0	9	6	0
https://www.birminghamboilerrepairs.uk/south-woodgate/worcester-bosch-specialists	Indexable		3		10	7	0	0.21	59	31	0	9	6	0
https://www.birminghamboilerrepairs.uk/south-woodgate/intergas-specialists	Indexable		3		4	1	0	0.03	59	31	0	9	6	0
https://www.birminghamboilerrepairs.uk/south-woodgate/atag-specialists	Indexable		3		4	1	0	0.03	59	31	0	9	6	0
https://www.birminghamboilerrepairs.uk/bromford/ferroli-specialists	Indexable		3		24	21	0	0.62	59	31	0	9	6	0
https://www.birminghamboilerrepairs.uk/bromford/combination-boiler-repairs	Indexable		3		32	21	0	0.62	59	31	0	9	6	0
https://www.birminghamboilerrepairs.uk/bromford/baxi-specialists	Indexable		3		4	1	0	0.03	59	31	0	9	6	0
https://www.birminghamboilerrepairs.uk/bromford/glowworm-specialists	Indexable		3		4	1	0	0.03	59	31	0	9	6	0
https://www.birminghamboilerrepairs.uk/bromford/vaillant-specialists	Indexable		3		4	1	0	0.03	59	31	0	9	6	0
https://www.birminghamboilerrepairs.uk/bromford/boiler-repairs	Indexable		3		83	21	0	0.62	59	31	0	9	6	0
https://www.birminghamboilerrepairs.uk/bromford/gas-safety	Indexable		3		83	21	0	0.62	59	31	0	9	6	0
https://www.birminghamboilerrepairs.uk/bromford/worcester-bosch-specialists	Indexable		3		10	7	0	0.21	59	31	0	9	6	0
https://www.birminghamboilerrepairs.uk/bromford/heatline-specialists	Indexable		3		4	1	0	0.03	59	31	0	9	6	0
https://www.birminghamboilerrepairs.uk/bromford/atag-specialists	Indexable		3		4	1	0	0.03	59	31	0	9	6	0
https://www.birminghamboilerrepairs.uk/bromford/boiler-servicing	Indexable		3		83	21	0	0.62	59	31	0	9	6	0
https://www.birminghamboilerrepairs.uk/bromford/vokera-specialists	Indexable		3		4	1	0	0.03	59	31	0	9	6	0
https://www.birminghamboilerrepairs.uk/bromford/combination-boiler-services	Indexable		3		23	21	0	0.62	59	31	0	9	6	0
https://www.birminghamboilerrepairs.uk/bromford/ideal-boilers-specialists	Indexable		3		4	1	0	0.03	59	31	0	9	6	0
https://www.birminghamboilerrepairs.uk/bromford/ariston-specialists	Indexable		3		4	1	0	0.03	59	31	0	9	6	0
https://www.birminghamboilerrepairs.uk/bromford/alpha-boiler-specialists	Indexable		3		4	1	0	0.03	59	31	0	9	6	0
https://www.birminghamboilerrepairs.uk/bromford/biasi-specialists	Indexable		3		4	1	0	0.03	59	31	0	9	6	0
https://www.birminghamboilerrepairs.uk/bromford/intergas-specialists	Indexable		3		4	1	0	0.03	59	31	0	9	6	0
https://www.birminghamboilerrepairs.uk/bromford/viessmann-specialists	Indexable		3		4	1	0	0.03	59	31	0	9	6	0
https://www.birminghamboilerrepairs.uk/bromford/potterton-specialists	Indexable		3		4	1	0	0.03	59	31	0	9	6	0
https://www.birminghamboilerrepairs.uk/bromford/main-boiler-specialists	Indexable		3		4	1	0	0.03	59	31	0	9	6	0
https://www.birminghamboilerrepairs.uk/old-oscott/baxi-specialists	Indexable		3		4	1	0	0.03	59	31	0	9	6	0
https://www.birminghamboilerrepairs.uk/old-oscott/ariston-specialists	Indexable		3		4	1	0	0.03	59	31	0	9	6	0
https://www.birminghamboilerrepairs.uk/old-oscott/combination-boiler-repairs	Indexable		3		32	21	0	0.62	59	31	0	9	6	0
https://www.birminghamboilerrepairs.uk/old-oscott/ferroli-specialists	Indexable		3		24	21	0	0.62	59	31	0	9	6	0
https://www.birminghamboilerrepairs.uk/old-oscott/worcester-bosch-specialists	Indexable		3		10	7	0	0.21	59	31	0	9	6	0
https://www.birminghamboilerrepairs.uk/old-oscott/boiler-servicing	Indexable		3		83	21	0	0.62	59	31	0	9	6	0
https://www.birminghamboilerrepairs.uk/old-oscott/main-boiler-specialists	Indexable		3		4	1	0	0.03	59	31	0	9	6	0
https://www.birminghamboilerrepairs.uk/old-oscott/glowworm-specialists	Indexable		3		4	1	0	0.03	59	31	0	9	6	0
https://www.birminghamboilerrepairs.uk/old-oscott/atag-specialists	Indexable		3		4	1	0	0.03	59	31	0	9	6	0
https://www.birminghamboilerrepairs.uk/old-oscott/boiler-repairs	Indexable		3		83	21	0	0.62	59	31	0	9	6	0
https://www.birminghamboilerrepairs.uk/old-oscott/heatline-specialists	Indexable		3		4	1	0	0.03	59	31	0	9	6	0
https://www.birminghamboilerrepairs.uk/old-oscott/viessmann-specialists	Indexable		3		4	1	0	0.03	59	31	0	9	6	0
https://www.birminghamboilerrepairs.uk/old-oscott/combination-boiler-services	Indexable		3		23	21	0	0.62	59	31	0	9	6	0
https://www.birminghamboilerrepairs.uk/old-oscott/ideal-boilers-specialists	Indexable		3		4	1	0	0.03	59	31	0	9	6	0
https://www.birminghamboilerrepairs.uk/old-oscott/vokera-specialists	Indexable		3		4	1	0	0.03	59	31	0	9	6	0
https://www.birminghamboilerrepairs.uk/old-oscott/intergas-specialists	Indexable		3		4	1	0	0.03	59	31	0	9	6	0
https://www.birminghamboilerrepairs.uk/old-oscott/biasi-specialists	Indexable		3		4	1	0	0.03	59	31	0	9	6	0
https://www.birminghamboilerrepairs.uk/old-oscott/vaillant-specialists	Indexable		3		4	1	0	0.03	59	31	0	9	6	0
https://www.birminghamboilerrepairs.uk/old-oscott/potterton-specialists	Indexable		3		4	1	0	0.03	59	31	0	9	6	0
https://www.birminghamboilerrepairs.uk/old-oscott/alpha-boiler-specialists	Indexable		3		4	1	0	0.03	59	31	0	9	6	0
https://www.birminghamboilerrepairs.uk/old-oscott/gas-safety	Indexable		3		83	21	0	0.62	59	31	0	9	6	0
https://www.birminghamboilerrepairs.uk/perry-beeches/boiler-servicing	Indexable		3		83	21	0	0.62	59	31	0	9	6	0
https://www.birminghamboilerrepairs.uk/perry-beeches/combination-boiler-services	Indexable		3		23	21	0	0.62	59	31	0	9	6	0
https://www.birminghamboilerrepairs.uk/perry-beeches/ideal-boilers-specialists	Indexable		3		4	1	0	0.03	59	31	0	9	6	0
https://www.birminghamboilerrepairs.uk/perry-beeches/gas-safety	Indexable		3		83	21	0	0.62	59	31	0	9	6	0
https://www.birminghamboilerrepairs.uk/perry-beeches/intergas-specialists	Indexable		3		4	1	0	0.03	59	31	0	9	6	0
https://www.birminghamboilerrepairs.uk/perry-beeches/vaillant-specialists	Indexable		3		4	1	0	0.03	59	31	0	9	6	0
https://www.birminghamboilerrepairs.uk/perry-beeches/main-boiler-specialists	Indexable		3		4	1	0	0.03	59	31	0	9	6	0
https://www.birminghamboilerrepairs.uk/perry-beeches/worcester-bosch-specialists	Indexable		3		10	7	0	0.21	59	31	0	9	6	0
https://www.birminghamboilerrepairs.uk/perry-beeches/boiler-repairs	Indexable		3		83	21	0	0.62	59	31	0	9	6	0
https://www.birminghamboilerrepairs.uk/perry-beeches/atag-specialists	Indexable		3		4	1	0	0.03	59	31	0	9	6	0
https://www.birminghamboilerrepairs.uk/perry-beeches/glowworm-specialists	Indexable		3		4	1	0	0.03	59	31	0	9	6	0
https://www.birminghamboilerrepairs.uk/perry-beeches/ferroli-specialists	Indexable		3		24	21	0	0.62	59	31	0	9	6	0
https://www.birminghamboilerrepairs.uk/perry-beeches/vokera-specialists	Indexable		3		4	1	0	0.03	59	31	0	9	6	0
https://www.birminghamboilerrepairs.uk/perry-beeches/biasi-specialists	Indexable		3		4	1	0	0.03	59	31	0	9	6	0
https://www.birminghamboilerrepairs.uk/perry-beeches/viessmann-specialists	Indexable		3		4	1	0	0.03	59	31	0	9	6	0
https://www.birminghamboilerrepairs.uk/perry-beeches/baxi-specialists	Indexable		3		4	1	0	0.03	59	31	0	9	6	0
https://www.birminghamboilerrepairs.uk/perry-beeches/combination-boiler-repairs	Indexable		3		32	21	0	0.62	59	31	0	9	6	0
https://www.birminghamboilerrepairs.uk/perry-beeches/heatline-specialists	Indexable		3		4	1	0	0.03	59	31	0	9	6	0
https://www.birminghamboilerrepairs.uk/perry-beeches/alpha-boiler-specialists	Indexable		3		4	1	0	0.03	59	31	0	9	6	0
https://www.birminghamboilerrepairs.uk/perry-beeches/potterton-specialists	Indexable		3		4	1	0	0.03	59	31	0	9	6	0
https://www.birminghamboilerrepairs.uk/perry-beeches/ariston-specialists	Indexable		3		4	1	0	0.03	59	31	0	9	6	0
https://www.birminghamboilerrepairs.uk/quinton/alpha-boiler-specialists	Indexable		3		4	1	0	0.03	59	31	0	9	6	0
https://www.birminghamboilerrepairs.uk/quinton/biasi-specialists	Indexable		3		4	1	0	0.03	59	31	0	9	6	0
https://www.birminghamboilerrepairs.uk/quinton/baxi-specialists	Indexable		3		4	1	0	0.03	59	31	0	9	6	0
https://www.birminghamboilerrepairs.uk/quinton/potterton-specialists	Indexable		3		4	1	0	0.03	59	31	0	9	6	0
https://www.birminghamboilerrepairs.uk/quinton/glowworm-specialists	Indexable		3		4	1	0	0.03	59	31	0	9	6	0
https://www.birminghamboilerrepairs.uk/quinton/gas-safety	Indexable		3		83	21	0	0.62	59	31	0	9	6	0
https://www.birminghamboilerrepairs.uk/quinton/atag-specialists	Indexable		3		4	1	0	0.03	59	31	0	9	6	0
https://www.birminghamboilerrepairs.uk/quinton/heatline-specialists	Indexable		3		4	1	0	0.03	59	31	0	9	6	0
https://www.birminghamboilerrepairs.uk/quinton/ariston-specialists	Indexable		3		4	1	0	0.03	59	31	0	9	6	0
https://www.birminghamboilerrepairs.uk/quinton/ferroli-specialists	Indexable		3		24	21	0	0.62	59	31	0	9	6	0
https://www.birminghamboilerrepairs.uk/quinton/ideal-boilers-specialists	Indexable		3		4	1	0	0.03	59	31	0	9	6	0
https://www.birminghamboilerrepairs.uk/quinton/main-boiler-specialists	Indexable		3		4	1	0	0.03	59	31	0	9	6	0
https://www.birminghamboilerrepairs.uk/quinton/intergas-specialists	Indexable		3		4	1	0	0.03	59	31	0	9	6	0
https://www.birminghamboilerrepairs.uk/quinton/boiler-repairs	Indexable		3		83	21	0	0.62	59	31	0	9	6	0
https://www.birminghamboilerrepairs.uk/quinton/worcester-bosch-specialists	Indexable		3		10	7	0	0.21	59	31	0	9	6	0
https://www.birminghamboilerrepairs.uk/quinton/boiler-servicing	Indexable		3		83	21	0	0.62	59	31	0	9	6	0
https://www.birminghamboilerrepairs.uk/quinton/combination-boiler-repairs	Indexable		3		32	21	0	0.62	59	31	0	9	6	0
https://www.birminghamboilerrepairs.uk/quinton/combination-boiler-services	Indexable		3		23	21	0	0.62	59	31	0	9	6	0
https://www.birminghamboilerrepairs.uk/quinton/viessmann-specialists	Indexable		3		4	1	0	0.03	59	31	0	9	6	0
https://www.birminghamboilerrepairs.uk/quinton/vaillant-specialists	Indexable		3		4	1	0	0.03	59	31	0	9	6	0
https://www.birminghamboilerrepairs.uk/quinton/vokera-specialists	Indexable		3		4	1	0	0.03	59	31	0	9	6	0
https://www.birminghamboilerrepairs.uk/stourbridge/gas-safety	Indexable		3		83	21	0	0.62	59	31	0	9	6	0
https://www.birminghamboilerrepairs.uk/stourbridge/main-boiler-specialists	Indexable		3		4	1	0	0.03	59	31	0	9	6	0
https://www.birminghamboilerrepairs.uk/stourbridge/alpha-boiler-specialists	Indexable		3		4	1	0	0.03	59	31	0	9	6	0
https://www.birminghamboilerrepairs.uk/stourbridge/ferroli-specialists	Indexable		3		24	21	0	0.62	59	31	0	9	6	0
https://www.birminghamboilerrepairs.uk/stourbridge/combination-boiler-repairs	Indexable		3		32	21	0	0.62	59	31	0	9	6	0
https://www.birminghamboilerrepairs.uk/stourbridge/potterton-specialists	Indexable		3		4	1	0	0.03	59	31	0	9	6	0
https://www.birminghamboilerrepairs.uk/stourbridge/glowworm-specialists	Indexable		3		4	1	0	0.03	59	31	0	9	6	0
https://www.birminghamboilerrepairs.uk/stourbridge/heatline-specialists	Indexable		3		4	1	0	0.03	59	31	0	9	6	0
https://www.birminghamboilerrepairs.uk/stourbridge/biasi-specialists	Indexable		3		4	1	0	0.03	59	31	0	9	6	0
https://www.birminghamboilerrepairs.uk/stourbridge/boiler-repairs	Indexable		3		83	21	0	0.62	59	31	0	9	6	0
https://www.birminghamboilerrepairs.uk/stourbridge/atag-specialists	Indexable		3		4	1	0	0.03	59	31	0	9	6	0
https://www.birminghamboilerrepairs.uk/stourbridge/viessmann-specialists	Indexable		3		4	1	0	0.03	59	31	0	9	6	0
https://www.birminghamboilerrepairs.uk/stourbridge/boiler-servicing	Indexable		3		83	21	0	0.62	59	31	0	9	6	0
https://www.birminghamboilerrepairs.uk/stourbridge/ariston-specialists	Indexable		3		4	1	0	0.03	59	31	0	9	6	0
https://www.birminghamboilerrepairs.uk/stourbridge/intergas-specialists	Indexable		3		4	1	0	0.03	59	31	0	9	6	0
https://www.birminghamboilerrepairs.uk/stourbridge/combination-boiler-services	Indexable		3		23	21	0	0.62	59	31	0	9	6	0
https://www.birminghamboilerrepairs.uk/stourbridge/worcester-bosch-specialists	Indexable		3		10	7	0	0.21	59	31	0	9	6	0
https://www.birminghamboilerrepairs.uk/stourbridge/vaillant-specialists	Indexable		3		4	1	0	0.03	59	31	0	9	6	0
https://www.birminghamboilerrepairs.uk/stourbridge/ideal-boilers-specialists	Indexable		3		4	1	0	0.03	59	31	0	9	6	0
https://www.birminghamboilerrepairs.uk/stourbridge/vokera-specialists	Indexable		3		4	1	0	0.03	59	31	0	9	6	0
https://www.birminghamboilerrepairs.uk/stourbridge/baxi-specialists	Indexable		3		4	1	0	0.03	59	31	0	9	6	0
https://www.birminghamboilerrepairs.uk/the-parade/worcester-bosch-specialists	Indexable		3		10	7	0	0.21	59	31	0	9	6	0
https://www.birminghamboilerrepairs.uk/the-parade/combination-boiler-repairs	Indexable		3		32	21	0	0.62	59	31	0	9	6	0
https://www.birminghamboilerrepairs.uk/the-parade/boiler-servicing	Indexable		3		83	21	0	0.62	59	31	0	9	6	0
https://www.birminghamboilerrepairs.uk/the-parade/baxi-specialists	Indexable		3		4	1	0	0.03	59	31	0	9	6	0
https://www.birminghamboilerrepairs.uk/the-parade/combination-boiler-services	Indexable		3		23	21	0	0.62	59	31	0	9	6	0
https://www.birminghamboilerrepairs.uk/the-parade/glowworm-specialists	Indexable		3		4	1	0	0.03	59	31	0	9	6	0
https://www.birminghamboilerrepairs.uk/the-parade/ariston-specialists	Indexable		3		4	1	0	0.03	59	31	0	9	6	0
https://www.birminghamboilerrepairs.uk/the-parade/intergas-specialists	Indexable		3		4	1	0	0.03	59	31	0	9	6	0
https://www.birminghamboilerrepairs.uk/the-parade/potterton-specialists	Indexable		3		4	1	0	0.03	59	31	0	9	6	0
https://www.birminghamboilerrepairs.uk/the-parade/vokera-specialists	Indexable		3		4	1	0	0.03	59	31	0	9	6	0
https://www.birminghamboilerrepairs.uk/the-parade/biasi-specialists	Indexable		3		4	1	0	0.03	59	31	0	9	6	0
https://www.birminghamboilerrepairs.uk/the-parade/ferroli-specialists	Indexable		3		24	21	0	0.62	59	31	0	9	6	0
https://www.birminghamboilerrepairs.uk/the-parade/heatline-specialists	Indexable		3		4	1	0	0.03	59	31	0	9	6	0
https://www.birminghamboilerrepairs.uk/the-parade/ideal-boilers-specialists	Indexable		3		4	1	0	0.03	59	31	0	9	6	0
https://www.birminghamboilerrepairs.uk/the-parade/main-boiler-specialists	Indexable		3		4	1	0	0.03	59	31	0	9	6	0
https://www.birminghamboilerrepairs.uk/the-parade/vaillant-specialists	Indexable		3		4	1	0	0.03	59	31	0	9	6	0
https://www.birminghamboilerrepairs.uk/the-parade/gas-safety	Indexable		3		83	21	0	0.62	59	31	0	9	6	0
https://www.birminghamboilerrepairs.uk/the-parade/alpha-boiler-specialists	Indexable		3		4	1	0	0.03	59	31	0	9	6	0
https://www.birminghamboilerrepairs.uk/the-parade/boiler-repairs	Indexable		3		83	21	0	0.62	59	31	0	9	6	0
https://www.birminghamboilerrepairs.uk/the-parade/viessmann-specialists	Indexable		3		4	1	0	0.03	59	31	0	9	6	0
https://www.birminghamboilerrepairs.uk/the-parade/atag-specialists	Indexable		3		4	1	0	0.03	59	31	0	9	6	0
https://www.birminghamboilerrepairs.uk/tile-cross/worcester-bosch-specialists	Indexable		3		10	7	0	0.21	59	31	0	9	6	0
https://www.birminghamboilerrepairs.uk/tile-cross/baxi-specialists	Indexable		3		4	1	0	0.03	59	31	0	9	6	0
https://www.birminghamboilerrepairs.uk/tile-cross/alpha-boiler-specialists	Indexable		3		4	1	0	0.03	59	31	0	9	6	0
https://www.birminghamboilerrepairs.uk/tile-cross/ferroli-specialists	Indexable		3		24	21	0	0.62	59	31	0	9	6	0
https://www.birminghamboilerrepairs.uk/tile-cross/intergas-specialists	Indexable		3		4	1	0	0.03	59	31	0	9	6	0
https://www.birminghamboilerrepairs.uk/tile-cross/heatline-specialists	Indexable		3		4	1	0	0.03	59	31	0	9	6	0
https://www.birminghamboilerrepairs.uk/tile-cross/combination-boiler-services	Indexable		3		23	21	0	0.62	59	31	0	9	6	0
https://www.birminghamboilerrepairs.uk/tile-cross/ariston-specialists	Indexable		3		4	1	0	0.03	59	31	0	9	6	0
https://www.birminghamboilerrepairs.uk/tile-cross/viessmann-specialists	Indexable		3		4	1	0	0.03	59	31	0	9	6	0
https://www.birminghamboilerrepairs.uk/tile-cross/biasi-specialists	Indexable		3		4	1	0	0.03	59	31	0	9	6	0
https://www.birminghamboilerrepairs.uk/tile-cross/combination-boiler-repairs	Indexable		3		32	21	0	0.62	59	31	0	9	6	0
https://www.birminghamboilerrepairs.uk/tile-cross/boiler-servicing	Indexable		3		83	21	0	0.62	59	31	0	9	6	0
https://www.birminghamboilerrepairs.uk/tile-cross/glowworm-specialists	Indexable		3		4	1	0	0.03	59	31	0	9	6	0
https://www.birminghamboilerrepairs.uk/tile-cross/gas-safety	Indexable		3		83	21	0	0.62	59	31	0	9	6	0
https://www.birminghamboilerrepairs.uk/tile-cross/boiler-repairs	Indexable		3		83	21	0	0.62	59	31	0	9	6	0
https://www.birminghamboilerrepairs.uk/tile-cross/main-boiler-specialists	Indexable		3		4	1	0	0.03	59	31	0	9	6	0
https://www.birminghamboilerrepairs.uk/tile-cross/potterton-specialists	Indexable		3		4	1	0	0.03	59	31	0	9	6	0
https://www.birminghamboilerrepairs.uk/tile-cross/vaillant-specialists	Indexable		3		4	1	0	0.03	59	31	0	9	6	0
https://www.birminghamboilerrepairs.uk/tile-cross/ideal-boilers-specialists	Indexable		3		4	1	0	0.03	59	31	0	9	6	0
https://www.birminghamboilerrepairs.uk/smithfield/gas-safety	Indexable		3		83	21	0	0.62	59	31	0	9	6	0
https://www.birminghamboilerrepairs.uk/smithfield/main-boiler-specialists	Indexable		3		4	1	0	0.03	59	31	0	9	6	0
https://www.birminghamboilerrepairs.uk/tile-cross/atag-specialists	Indexable		3		4	1	0	0.03	59	31	0	9	6	0
https://www.birminghamboilerrepairs.uk/tile-cross/vokera-specialists	Indexable		3		4	1	0	0.03	59	31	0	9	6	0
https://www.birminghamboilerrepairs.uk/smithfield/atag-specialists	Indexable		3		4	1	0	0.03	59	31	0	9	6	0
https://www.birminghamboilerrepairs.uk/smithfield/baxi-specialists	Indexable		3		4	1	0	0.03	59	31	0	9	6	0
https://www.birminghamboilerrepairs.uk/smithfield/biasi-specialists	Indexable		3		4	1	0	0.03	59	31	0	9	6	0
https://www.birminghamboilerrepairs.uk/smithfield/viessmann-specialists	Indexable		3		4	1	0	0.03	59	31	0	9	6	0
https://www.birminghamboilerrepairs.uk/smithfield/vokera-specialists	Indexable		3		4	1	0	0.03	59	31	0	9	6	0
https://www.birminghamboilerrepairs.uk/smithfield/potterton-specialists	Indexable		3		4	1	0	0.03	59	31	0	9	6	0
https://www.birminghamboilerrepairs.uk/smithfield/worcester-bosch-specialists	Indexable		3		10	7	0	0.21	59	31	0	9	6	0
https://www.birminghamboilerrepairs.uk/smithfield/combination-boiler-services	Indexable		3		23	21	0	0.62	59	31	0	9	6	0
https://www.birminghamboilerrepairs.uk/smithfield/ferroli-specialists	Indexable		3		24	21	0	0.62	59	31	0	9	6	0
https://www.birminghamboilerrepairs.uk/smithfield/vaillant-specialists	Indexable		3		4	1	0	0.03	59	31	0	9	6	0
https://www.birminghamboilerrepairs.uk/smithfield/glowworm-specialists	Indexable		3		4	1	0	0.03	59	31	0	9	6	0
https://www.birminghamboilerrepairs.uk/smithfield/boiler-servicing	Indexable		3		83	21	0	0.62	59	31	0	9	6	0
https://www.birminghamboilerrepairs.uk/smithfield/intergas-specialists	Indexable		3		4	1	0	0.03	59	31	0	9	6	0
https://www.birminghamboilerrepairs.uk/smithfield/alpha-boiler-specialists	Indexable		3		4	1	0	0.03	59	31	0	9	6	0
https://www.birminghamboilerrepairs.uk/smithfield/ideal-boilers-specialists	Indexable		3		4	1	0	0.03	59	31	0	9	6	0
https://www.birminghamboilerrepairs.uk/smithfield/boiler-repairs	Indexable		3		83	21	0	0.62	59	31	0	9	6	0
https://www.birminghamboilerrepairs.uk/smithfield/ariston-specialists	Indexable		3		4	1	0	0.03	59	31	0	9	6	0
https://www.birminghamboilerrepairs.uk/smithfield/combination-boiler-repairs	Indexable		3		32	21	0	0.62	59	31	0	9	6	0
https://www.birminghamboilerrepairs.uk/smithfield/heatline-specialists	Indexable		3		4	1	0	0.03	59	31	0	9	6	0
https://www.birminghamboilerrepairs.uk/redditch/vaillant-specialists	Indexable		3		4	1	0	0.03	59	31	0	9	6	0
https://www.birminghamboilerrepairs.uk/redditch/alpha-boiler-specialists	Indexable		3		4	1	0	0.03	59	31	0	9	6	0
https://www.birminghamboilerrepairs.uk/redditch/intergas-specialists	Indexable		3		4	1	0	0.03	59	31	0	9	6	0
https://www.birminghamboilerrepairs.uk/redditch/boiler-repairs	Indexable		3		83	21	0	0.62	59	31	0	9	6	0
https://www.birminghamboilerrepairs.uk/redditch/boiler-servicing	Indexable		3		83	21	0	0.62	59	31	0	9	6	0
https://www.birminghamboilerrepairs.uk/redditch/combination-boiler-repairs	Indexable		3		32	21	0	0.62	59	31	0	9	6	0
https://www.birminghamboilerrepairs.uk/redditch/viessmann-specialists	Indexable		3		4	1	0	0.03	59	31	0	9	6	0
https://www.birminghamboilerrepairs.uk/redditch/vokera-specialists	Indexable		3		4	1	0	0.03	59	31	0	9	6	0
https://www.birminghamboilerrepairs.uk/redditch/glowworm-specialists	Indexable		3		4	1	0	0.03	59	31	0	9	6	0
https://www.birminghamboilerrepairs.uk/redditch/worcester-bosch-specialists	Indexable		3		10	7	0	0.21	59	31	0	9	6	0
https://www.birminghamboilerrepairs.uk/redditch/ariston-specialists	Indexable		3		4	1	0	0.03	59	31	0	9	6	0
https://www.birminghamboilerrepairs.uk/redditch/atag-specialists	Indexable		3		4	1	0	0.03	59	31	0	9	6	0
https://www.birminghamboilerrepairs.uk/redditch/gas-safety	Indexable		3		83	21	0	0.62	59	31	0	9	6	0
https://www.birminghamboilerrepairs.uk/redditch/potterton-specialists	Indexable		3		4	1	0	0.03	59	31	0	9	6	0
https://www.birminghamboilerrepairs.uk/redditch/ideal-boilers-specialists	Indexable		3		4	1	0	0.03	59	31	0	9	6	0
https://www.birminghamboilerrepairs.uk/redditch/combination-boiler-services	Indexable		3		23	21	0	0.62	59	31	0	9	6	0
https://www.birminghamboilerrepairs.uk/redditch/baxi-specialists	Indexable		3		4	1	0	0.03	59	31	0	9	6	0
https://www.birminghamboilerrepairs.uk/redditch/heatline-specialists	Indexable		3		4	1	0	0.03	59	31	0	9	6	0
https://www.birminghamboilerrepairs.uk/redditch/main-boiler-specialists	Indexable		3		4	1	0	0.03	59	31	0	9	6	0
https://www.birminghamboilerrepairs.uk/redditch/ferroli-specialists	Indexable		3		24	21	0	0.62	59	31	0	9	6	0
https://www.birminghamboilerrepairs.uk/redditch/biasi-specialists	Indexable		3		4	1	0	0.03	59	31	0	9	6	0
https://www.birminghamboilerrepairs.uk/hill-wood/viessmann-specialists	Indexable		3		4	1	0	0.03	59	31	0	9	6	0
https://www.birminghamboilerrepairs.uk/hill-wood/ariston-specialists	Indexable		3		4	1	0	0.03	59	31	0	9	6	0
https://www.birminghamboilerrepairs.uk/hill-wood/main-boiler-specialists	Indexable		3		4	1	0	0.03	59	31	0	9	6	0
https://www.birminghamboilerrepairs.uk/hill-wood/combination-boiler-services	Indexable		3		23	21	0	0.62	59	31	0	9	6	0
https://www.birminghamboilerrepairs.uk/hill-wood/baxi-specialists	Indexable		3		4	1	0	0.03	59	31	0	9	6	0
https://www.birminghamboilerrepairs.uk/hill-wood/vokera-specialists	Indexable		3		4	1	0	0.03	59	31	0	9	6	0
https://www.birminghamboilerrepairs.uk/hill-wood/ideal-boilers-specialists	Indexable		3		4	1	0	0.03	59	31	0	9	6	0
https://www.birminghamboilerrepairs.uk/hill-wood/vaillant-specialists	Indexable		3		4	1	0	0.03	59	31	0	9	6	0
https://www.birminghamboilerrepairs.uk/hill-wood/atag-specialists	Indexable		3		4	1	0	0.03	59	31	0	9	6	0
https://www.birminghamboilerrepairs.uk/hill-wood/ferroli-specialists	Indexable		3		24	21	0	0.62	59	31	0	9	6	0
https://www.birminghamboilerrepairs.uk/hill-wood/boiler-servicing	Indexable		3		83	21	0	0.62	59	31	0	9	6	0
https://www.birminghamboilerrepairs.uk/hill-wood/potterton-specialists	Indexable		3		4	1	0	0.03	59	31	0	9	6	0
https://www.birminghamboilerrepairs.uk/hill-wood/combination-boiler-repairs	Indexable		3		32	21	0	0.62	59	31	0	9	6	0
https://www.birminghamboilerrepairs.uk/hill-wood/alpha-boiler-specialists	Indexable		3		4	1	0	0.03	59	31	0	9	6	0
https://www.birminghamboilerrepairs.uk/hill-wood/glowworm-specialists	Indexable		3		4	1	0	0.03	59	31	0	9	6	0
https://www.birminghamboilerrepairs.uk/hill-wood/biasi-specialists	Indexable		3		4	1	0	0.03	59	31	0	9	6	0
https://www.birminghamboilerrepairs.uk/hill-wood/worcester-bosch-specialists	Indexable		3		10	7	0	0.21	59	31	0	9	6	0
https://www.birminghamboilerrepairs.uk/hill-wood/heatline-specialists	Indexable		3		4	1	0	0.03	59	31	0	9	6	0
https://www.birminghamboilerrepairs.uk/hill-wood/boiler-repairs	Indexable		3		83	21	0	0.62	59	31	0	9	6	0
https://www.birminghamboilerrepairs.uk/hill-wood/intergas-specialists	Indexable		3		4	1	0	0.03	59	31	0	9	6	0
https://www.birminghamboilerrepairs.uk/hill-wood/gas-safety	Indexable		3		83	21	0	0.62	59	31	0	9	6	0
https://www.birminghamboilerrepairs.uk/gun-quarter/ideal-boilers-specialists	Indexable		3		4	1	0	0.03	59	31	0	9	6	0
https://www.birminghamboilerrepairs.uk/gun-quarter/atag-specialists	Indexable		3		4	1	0	0.03	59	31	0	9	6	0
https://www.birminghamboilerrepairs.uk/gun-quarter/vokera-specialists	Indexable		3		4	1	0	0.03	59	31	0	9	6	0
https://www.birminghamboilerrepairs.uk/gun-quarter/intergas-specialists	Indexable		3		4	1	0	0.03	59	31	0	9	6	0
https://www.birminghamboilerrepairs.uk/gun-quarter/ferroli-specialists	Indexable		3		24	21	0	0.62	59	31	0	9	6	0
https://www.birminghamboilerrepairs.uk/gun-quarter/glowworm-specialists	Indexable		3		4	1	0	0.03	59	31	0	9	6	0
https://www.birminghamboilerrepairs.uk/gun-quarter/boiler-servicing	Indexable		3		83	21	0	0.62	59	31	0	9	6	0
https://www.birminghamboilerrepairs.uk/gun-quarter/ariston-specialists	Indexable		3		4	1	0	0.03	59	31	0	9	6	0
https://www.birminghamboilerrepairs.uk/gun-quarter/boiler-repairs	Indexable		3		83	21	0	0.62	59	31	0	9	6	0
https://www.birminghamboilerrepairs.uk/gun-quarter/alpha-boiler-specialists	Indexable		3		4	1	0	0.03	59	31	0	9	6	0
https://www.birminghamboilerrepairs.uk/gun-quarter/vaillant-specialists	Indexable		3		4	1	0	0.03	59	31	0	9	6	0
https://www.birminghamboilerrepairs.uk/gun-quarter/potterton-specialists	Indexable		3		4	1	0	0.03	59	31	0	9	6	0
https://www.birminghamboilerrepairs.uk/gun-quarter/baxi-specialists	Indexable		3		4	1	0	0.03	59	31	0	9	6	0
https://www.birminghamboilerrepairs.uk/gun-quarter/viessmann-specialists	Indexable		3		4	1	0	0.03	59	31	0	9	6	0
https://www.birminghamboilerrepairs.uk/gun-quarter/combination-boiler-repairs	Indexable		3		32	21	0	0.62	59	31	0	9	6	0
https://www.birminghamboilerrepairs.uk/gun-quarter/heatline-specialists	Indexable		3		4	1	0	0.03	59	31	0	9	6	0
https://www.birminghamboilerrepairs.uk/gun-quarter/biasi-specialists	Indexable		3		4	1	0	0.03	59	31	0	9	6	0
https://www.birminghamboilerrepairs.uk/gun-quarter/combination-boiler-services	Indexable		3		23	21	0	0.62	59	31	0	9	6	0
https://www.birminghamboilerrepairs.uk/gun-quarter/gas-safety	Indexable		3		83	21	0	0.62	59	31	0	9	6	0
https://www.birminghamboilerrepairs.uk/gun-quarter/worcester-bosch-specialists	Indexable		3		10	7	0	0.21	59	31	0	9	6	0
https://www.birminghamboilerrepairs.uk/gun-quarter/main-boiler-specialists	Indexable		3		4	1	0	0.03	59	31	0	9	6	0
https://www.birminghamboilerrepairs.uk/perry-barr/alpha-boiler-specialists	Indexable		3		4	1	0	0.03	59	31	0	9	6	0
https://www.birminghamboilerrepairs.uk/perry-barr/ideal-boilers-specialists	Indexable		3		4	1	0	0.03	59	31	0	9	6	0
https://www.birminghamboilerrepairs.uk/perry-barr/boiler-servicing	Indexable		3		83	21	0	0.62	59	31	0	9	6	0
https://www.birminghamboilerrepairs.uk/perry-barr/potterton-specialists	Indexable		3		4	1	0	0.03	59	31	0	9	6	0
https://www.birminghamboilerrepairs.uk/perry-barr/main-boiler-specialists	Indexable		3		4	1	0	0.03	59	31	0	9	6	0
https://www.birminghamboilerrepairs.uk/perry-barr/ariston-specialists	Indexable		3		4	1	0	0.03	59	31	0	9	6	0
https://www.birminghamboilerrepairs.uk/perry-barr/biasi-specialists	Indexable		3		4	1	0	0.03	59	31	0	9	6	0
https://www.birminghamboilerrepairs.uk/perry-barr/boiler-repairs	Indexable		3		83	21	0	0.62	59	31	0	9	6	0
https://www.birminghamboilerrepairs.uk/perry-barr/glowworm-specialists	Indexable		3		4	1	0	0.03	59	31	0	9	6	0
https://www.birminghamboilerrepairs.uk/perry-barr/combination-boiler-repairs	Indexable		3		32	21	0	0.62	59	31	0	9	6	0
https://www.birminghamboilerrepairs.uk/perry-barr/intergas-specialists	Indexable		3		4	1	0	0.03	59	31	0	9	6	0
https://www.birminghamboilerrepairs.uk/perry-barr/ferroli-specialists	Indexable		3		24	21	0	0.62	59	31	0	9	6	0
https://www.birminghamboilerrepairs.uk/perry-barr/baxi-specialists	Indexable		3		4	1	0	0.03	59	31	0	9	6	0
https://www.birminghamboilerrepairs.uk/perry-barr/heatline-specialists	Indexable		3		4	1	0	0.03	59	31	0	9	6	0
https://www.birminghamboilerrepairs.uk/perry-barr/vaillant-specialists	Indexable		3		4	1	0	0.03	59	31	0	9	6	0
https://www.birminghamboilerrepairs.uk/perry-barr/gas-safety	Indexable		3		83	21	0	0.62	59	31	0	9	6	0
https://www.birminghamboilerrepairs.uk/perry-barr/viessmann-specialists	Indexable		3		4	1	0	0.03	59	31	0	9	6	0
https://www.birminghamboilerrepairs.uk/perry-barr/worcester-bosch-specialists	Indexable		3		10	7	0	0.21	59	31	0	9	6	0
https://www.birminghamboilerrepairs.uk/perry-barr/atag-specialists	Indexable		3		4	1	0	0.03	59	31	0	9	6	0
https://www.birminghamboilerrepairs.uk/perry-barr/combination-boiler-services	Indexable		3		23	21	0	0.62	59	31	0	9	6	0
https://www.birminghamboilerrepairs.uk/perry-barr/vokera-specialists	Indexable		3		4	1	0	0.03	59	31	0	9	6	0
https://www.birminghamboilerrepairs.uk/selly-park/combination-boiler-repairs	Indexable		3		32	21	0	0.62	59	31	0	9	6	0
https://www.birminghamboilerrepairs.uk/selly-park/baxi-specialists	Indexable		3		4	1	0	0.03	59	31	0	9	6	0
https://www.birminghamboilerrepairs.uk/selly-park/main-boiler-specialists	Indexable		3		4	1	0	0.03	59	31	0	9	6	0
https://www.birminghamboilerrepairs.uk/selly-park/gas-safety	Indexable		3		83	21	0	0.62	59	31	0	9	6	0
https://www.birminghamboilerrepairs.uk/selly-park/glowworm-specialists	Indexable		3		4	1	0	0.03	59	31	0	9	6	0
https://www.birminghamboilerrepairs.uk/selly-park/vaillant-specialists	Indexable		3		4	1	0	0.03	59	31	0	9	6	0
https://www.birminghamboilerrepairs.uk/selly-park/vokera-specialists	Indexable		3		4	1	0	0.03	59	31	0	9	6	0
https://www.birminghamboilerrepairs.uk/selly-park/ariston-specialists	Indexable		3		4	1	0	0.03	59	31	0	9	6	0
https://www.birminghamboilerrepairs.uk/selly-park/boiler-servicing	Indexable		3		83	21	0	0.62	59	31	0	9	6	0
https://www.birminghamboilerrepairs.uk/selly-park/worcester-bosch-specialists	Indexable		3		10	7	0	0.21	59	31	0	9	6	0
https://www.birminghamboilerrepairs.uk/selly-park/potterton-specialists	Indexable		3		4	1	0	0.03	59	31	0	9	6	0
https://www.birminghamboilerrepairs.uk/selly-park/alpha-boiler-specialists	Indexable		3		4	1	0	0.03	59	31	0	9	6	0
https://www.birminghamboilerrepairs.uk/selly-park/viessmann-specialists	Indexable		3		4	1	0	0.03	59	31	0	9	6	0
https://www.birminghamboilerrepairs.uk/selly-park/intergas-specialists	Indexable		3		4	1	0	0.03	59	31	0	9	6	0
https://www.birminghamboilerrepairs.uk/selly-park/biasi-specialists	Indexable		3		4	1	0	0.03	59	31	0	9	6	0
https://www.birminghamboilerrepairs.uk/selly-park/boiler-repairs	Indexable		3		83	21	0	0.62	59	31	0	9	6	0
https://www.birminghamboilerrepairs.uk/selly-park/ferroli-specialists	Indexable		3		24	21	0	0.62	59	31	0	9	6	0
https://www.birminghamboilerrepairs.uk/selly-park/heatline-specialists	Indexable		3		4	1	0	0.03	59	31	0	9	6	0
https://www.birminghamboilerrepairs.uk/selly-park/combination-boiler-services	Indexable		3		23	21	0	0.62	59	31	0	9	6	0
https://www.birminghamboilerrepairs.uk/selly-park/ideal-boilers-specialists	Indexable		3		4	1	0	0.03	59	31	0	9	6	0
https://www.birminghamboilerrepairs.uk/selly-park/atag-specialists	Indexable		3		4	1	0	0.03	59	31	0	9	6	0
https://www.birminghamboilerrepairs.uk/halesowen/gas-safety	Indexable		3		83	21	0	0.62	59	31	0	9	6	0
https://www.birminghamboilerrepairs.uk/halesowen/ideal-boilers-specialists	Indexable		3		4	1	0	0.03	59	31	0	9	6	0
https://www.birminghamboilerrepairs.uk/halesowen/alpha-boiler-specialists	Indexable		3		4	1	0	0.03	59	31	0	9	6	0
https://www.birminghamboilerrepairs.uk/halesowen/worcester-bosch-specialists	Indexable		3		10	7	0	0.21	59	31	0	9	6	0
https://www.birminghamboilerrepairs.uk/halesowen/vokera-specialists	Indexable		3		4	1	0	0.03	59	31	0	9	6	0
https://www.birminghamboilerrepairs.uk/halesowen/ariston-specialists	Indexable		3		4	1	0	0.03	59	31	0	9	6	0
https://www.birminghamboilerrepairs.uk/halesowen/biasi-specialists	Indexable		3		4	1	0	0.03	59	31	0	9	6	0
https://www.birminghamboilerrepairs.uk/halesowen/combination-boiler-services	Indexable		3		23	21	0	0.62	59	31	0	9	6	0
https://www.birminghamboilerrepairs.uk/halesowen/combination-boiler-repairs	Indexable		3		32	21	0	0.62	59	31	0	9	6	0
https://www.birminghamboilerrepairs.uk/halesowen/intergas-specialists	Indexable		3		4	1	0	0.03	59	31	0	9	6	0
https://www.birminghamboilerrepairs.uk/halesowen/baxi-specialists	Indexable		3		4	1	0	0.03	59	31	0	9	6	0
https://www.birminghamboilerrepairs.uk/halesowen/glowworm-specialists	Indexable		3		4	1	0	0.03	59	31	0	9	6	0
https://www.birminghamboilerrepairs.uk/halesowen/potterton-specialists	Indexable		3		4	1	0	0.03	59	31	0	9	6	0
https://www.birminghamboilerrepairs.uk/halesowen/boiler-repairs	Indexable		3		83	21	0	0.62	59	31	0	9	6	0
https://www.birminghamboilerrepairs.uk/halesowen/viessmann-specialists	Indexable		3		4	1	0	0.03	59	31	0	9	6	0
https://www.birminghamboilerrepairs.uk/halesowen/boiler-servicing	Indexable		3		83	21	0	0.62	59	31	0	9	6	0
https://www.birminghamboilerrepairs.uk/halesowen/heatline-specialists	Indexable		3		4	1	0	0.03	59	31	0	9	6	0
https://www.birminghamboilerrepairs.uk/halesowen/main-boiler-specialists	Indexable		3		4	1	0	0.03	59	31	0	9	6	0
https://www.birminghamboilerrepairs.uk/halesowen/ferroli-specialists	Indexable		3		24	21	0	0.62	59	31	0	9	6	0
https://www.birminghamboilerrepairs.uk/halesowen/vaillant-specialists	Indexable		3		4	1	0	0.03	59	31	0	9	6	0
https://www.birminghamboilerrepairs.uk/halesowen/atag-specialists	Indexable		3		4	1	0	0.03	59	31	0	9	6	0
https://www.birminghamboilerrepairs.uk/thimble-end/combination-boiler-services	Indexable		3		23	21	0	0.62	59	31	0	9	6	0
https://www.birminghamboilerrepairs.uk/thimble-end/vaillant-specialists	Indexable		3		4	1	0	0.03	59	31	0	9	6	0
https://www.birminghamboilerrepairs.uk/thimble-end/glowworm-specialists	Indexable		3		4	1	0	0.03	59	31	0	9	6	0
https://www.birminghamboilerrepairs.uk/thimble-end/alpha-boiler-specialists	Indexable		3		4	1	0	0.03	59	31	0	9	6	0
https://www.birminghamboilerrepairs.uk/thimble-end/intergas-specialists	Indexable		3		4	1	0	0.03	59	31	0	9	6	0
https://www.birminghamboilerrepairs.uk/thimble-end/heatline-specialists	Indexable		3		4	1	0	0.03	59	31	0	9	6	0
https://www.birminghamboilerrepairs.uk/thimble-end/baxi-specialists	Indexable		3		4	1	0	0.03	59	31	0	9	6	0
https://www.birminghamboilerrepairs.uk/thimble-end/ariston-specialists	Indexable		3		4	1	0	0.03	59	31	0	9	6	0
https://www.birminghamboilerrepairs.uk/thimble-end/potterton-specialists	Indexable		3		4	1	0	0.03	59	31	0	9	6	0
https://www.birminghamboilerrepairs.uk/thimble-end/worcester-bosch-specialists	Indexable		3		10	7	0	0.21	59	31	0	9	6	0
https://www.birminghamboilerrepairs.uk/thimble-end/ideal-boilers-specialists	Indexable		3		4	1	0	0.03	59	31	0	9	6	0
https://www.birminghamboilerrepairs.uk/thimble-end/vokera-specialists	Indexable		3		4	1	0	0.03	59	31	0	9	6	0
https://www.birminghamboilerrepairs.uk/thimble-end/boiler-repairs	Indexable		3		83	21	0	0.62	59	31	0	9	6	0
https://www.birminghamboilerrepairs.uk/thimble-end/combination-boiler-repairs	Indexable		3		32	21	0	0.62	59	31	0	9	6	0
https://www.birminghamboilerrepairs.uk/thimble-end/atag-specialists	Indexable		3		4	1	0	0.03	59	31	0	9	6	0
https://www.birminghamboilerrepairs.uk/thimble-end/viessmann-specialists	Indexable		3		4	1	0	0.03	59	31	0	9	6	0
https://www.birminghamboilerrepairs.uk/thimble-end/biasi-specialists	Indexable		3		4	1	0	0.03	59	31	0	9	6	0
https://www.birminghamboilerrepairs.uk/thimble-end/ferroli-specialists	Indexable		3		24	21	0	0.62	59	31	0	9	6	0
https://www.birminghamboilerrepairs.uk/thimble-end/boiler-servicing	Indexable		3		83	21	0	0.62	59	31	0	9	6	0
https://www.birminghamboilerrepairs.uk/thimble-end/gas-safety	Indexable		3		83	21	0	0.62	59	31	0	9	6	0
https://www.birminghamboilerrepairs.uk/thimble-end/main-boiler-specialists	Indexable		3		4	1	0	0.03	59	31	0	9	6	0
https://www.birminghamboilerrepairs.uk/frankley/worcester-bosch-specialists	Indexable		3		10	7	0	0.21	59	31	0	9	6	0
https://www.birminghamboilerrepairs.uk/frankley/vokera-specialists	Indexable		3		4	1	0	0.03	59	31	0	9	6	0
https://www.birminghamboilerrepairs.uk/frankley/ferroli-specialists	Indexable		3		24	21	0	0.62	59	31	0	9	6	0
https://www.birminghamboilerrepairs.uk/frankley/baxi-specialists	Indexable		3		4	1	0	0.03	59	31	0	9	6	0
https://www.birminghamboilerrepairs.uk/frankley/viessmann-specialists	Indexable		3		4	1	0	0.03	59	31	0	9	6	0
https://www.birminghamboilerrepairs.uk/frankley/gas-safety	Indexable		3		83	21	0	0.62	59	31	0	9	6	0
https://www.birminghamboilerrepairs.uk/frankley/combination-boiler-services	Indexable		3		23	21	0	0.62	59	31	0	9	6	0
https://www.birminghamboilerrepairs.uk/frankley/biasi-specialists	Indexable		3		4	1	0	0.03	59	31	0	9	6	0
https://www.birminghamboilerrepairs.uk/frankley/main-boiler-specialists	Indexable		3		4	1	0	0.03	59	31	0	9	6	0
https://www.birminghamboilerrepairs.uk/frankley/vaillant-specialists	Indexable		3		4	1	0	0.03	59	31	0	9	6	0
https://www.birminghamboilerrepairs.uk/frankley/alpha-boiler-specialists	Indexable		3		4	1	0	0.03	59	31	0	9	6	0
https://www.birminghamboilerrepairs.uk/frankley/heatline-specialists	Indexable		3		4	1	0	0.03	59	31	0	9	6	0
https://www.birminghamboilerrepairs.uk/frankley/boiler-repairs	Indexable		3		83	21	0	0.62	59	31	0	9	6	0
https://www.birminghamboilerrepairs.uk/frankley/intergas-specialists	Indexable		3		4	1	0	0.03	59	31	0	9	6	0
https://www.birminghamboilerrepairs.uk/frankley/ideal-boilers-specialists	Indexable		3		4	1	0	0.03	59	31	0	9	6	0
https://www.birminghamboilerrepairs.uk/frankley/glowworm-specialists	Indexable		3		4	1	0	0.03	59	31	0	9	6	0
https://www.birminghamboilerrepairs.uk/frankley/potterton-specialists	Indexable		3		4	1	0	0.03	59	31	0	9	6	0
https://www.birminghamboilerrepairs.uk/frankley/atag-specialists	Indexable		3		4	1	0	0.03	59	31	0	9	6	0
https://www.birminghamboilerrepairs.uk/frankley/boiler-servicing	Indexable		3		83	21	0	0.62	59	31	0	9	6	0
https://www.birminghamboilerrepairs.uk/frankley/ariston-specialists	Indexable		3		4	1	0	0.03	59	31	0	9	6	0
https://www.birminghamboilerrepairs.uk/frankley/combination-boiler-repairs	Indexable		3		32	21	0	0.62	59	31	0	9	6	0
https://www.birminghamboilerrepairs.uk/turves-green/boiler-servicing	Indexable		3		83	21	0	0.62	59	31	0	9	6	0
https://www.birminghamboilerrepairs.uk/turves-green/worcester-bosch-specialists	Indexable		3		10	7	0	0.21	59	31	0	9	6	0
https://www.birminghamboilerrepairs.uk/turves-green/potterton-specialists	Indexable		3		4	1	0	0.03	59	31	0	9	6	0
https://www.birminghamboilerrepairs.uk/turves-green/main-boiler-specialists	Indexable		3		4	1	0	0.03	59	31	0	9	6	0
https://www.birminghamboilerrepairs.uk/turves-green/ideal-boilers-specialists	Indexable		3		4	1	0	0.03	59	31	0	9	6	0
https://www.birminghamboilerrepairs.uk/turves-green/vokera-specialists	Indexable		3		4	1	0	0.03	59	31	0	9	6	0
https://www.birminghamboilerrepairs.uk/turves-green/intergas-specialists	Indexable		3		4	1	0	0.03	59	31	0	9	6	0
https://www.birminghamboilerrepairs.uk/turves-green/gas-safety	Indexable		3		83	21	0	0.62	59	31	0	9	6	0
https://www.birminghamboilerrepairs.uk/turves-green/biasi-specialists	Indexable		3		4	1	0	0.03	59	31	0	9	6	0
https://www.birminghamboilerrepairs.uk/turves-green/ariston-specialists	Indexable		3		4	1	0	0.03	59	31	0	9	6	0
https://www.birminghamboilerrepairs.uk/turves-green/boiler-repairs	Indexable		3		83	21	0	0.62	59	31	0	9	6	0
https://www.birminghamboilerrepairs.uk/turves-green/vaillant-specialists	Indexable		3		4	1	0	0.03	59	31	0	9	6	0
https://www.birminghamboilerrepairs.uk/turves-green/glowworm-specialists	Indexable		3		4	1	0	0.03	59	31	0	9	6	0
https://www.birminghamboilerrepairs.uk/turves-green/atag-specialists	Indexable		3		4	1	0	0.03	59	31	0	9	6	0
https://www.birminghamboilerrepairs.uk/turves-green/alpha-boiler-specialists	Indexable		3		4	1	0	0.03	59	31	0	9	6	0
https://www.birminghamboilerrepairs.uk/turves-green/baxi-specialists	Indexable		3		4	1	0	0.03	59	31	0	9	6	0
https://www.birminghamboilerrepairs.uk/turves-green/viessmann-specialists	Indexable		3		4	1	0	0.03	59	31	0	9	6	0
https://www.birminghamboilerrepairs.uk/turves-green/ferroli-specialists	Indexable		3		24	21	0	0.62	59	31	0	9	6	0
https://www.birminghamboilerrepairs.uk/turves-green/combination-boiler-services	Indexable		3		23	21	0	0.62	59	31	0	9	6	0
https://www.birminghamboilerrepairs.uk/turves-green/heatline-specialists	Indexable		3		4	1	0	0.03	59	31	0	9	6	0
https://www.birminghamboilerrepairs.uk/gib-heath/biasi-specialists	Indexable		3		4	1	0	0.03	59	31	0	9	6	0
https://www.birminghamboilerrepairs.uk/turves-green/combination-boiler-repairs	Indexable		3		32	21	0	0.62	59	31	0	9	6	0
https://www.birminghamboilerrepairs.uk/gib-heath/main-boiler-specialists	Indexable		3		4	1	0	0.03	59	31	0	9	6	0
https://www.birminghamboilerrepairs.uk/gib-heath/potterton-specialists	Indexable		3		4	1	0	0.03	59	31	0	9	6	0
https://www.birminghamboilerrepairs.uk/gib-heath/atag-specialists	Indexable		3		4	1	0	0.03	59	31	0	9	6	0
https://www.birminghamboilerrepairs.uk/gib-heath/baxi-specialists	Indexable		3		4	1	0	0.03	59	31	0	9	6	0
https://www.birminghamboilerrepairs.uk/gib-heath/glowworm-specialists	Indexable		3		4	1	0	0.03	59	31	0	9	6	0
https://www.birminghamboilerrepairs.uk/gib-heath/heatline-specialists	Indexable		3		4	1	0	0.03	59	31	0	9	6	0
https://www.birminghamboilerrepairs.uk/gib-heath/intergas-specialists	Indexable		3		4	1	0	0.03	59	31	0	9	6	0
https://www.birminghamboilerrepairs.uk/gib-heath/alpha-boiler-specialists	Indexable		3		4	1	0	0.03	59	31	0	9	6	0
https://www.birminghamboilerrepairs.uk/gib-heath/combination-boiler-repairs	Indexable		3		32	21	0	0.62	59	31	0	9	6	0
https://www.birminghamboilerrepairs.uk/gib-heath/boiler-servicing	Indexable		3		83	21	0	0.62	59	31	0	9	6	0
https://www.birminghamboilerrepairs.uk/gib-heath/gas-safety	Indexable		3		83	21	0	0.62	59	31	0	9	6	0
https://www.birminghamboilerrepairs.uk/gib-heath/vokera-specialists	Indexable		3		4	1	0	0.03	59	31	0	9	6	0
https://www.birminghamboilerrepairs.uk/gib-heath/ferroli-specialists	Indexable		3		24	21	0	0.62	59	31	0	9	6	0
https://www.birminghamboilerrepairs.uk/gib-heath/ideal-boilers-specialists	Indexable		3		4	1	0	0.03	59	31	0	9	6	0
https://www.birminghamboilerrepairs.uk/gib-heath/boiler-repairs	Indexable		3		83	21	0	0.62	59	31	0	9	6	0
https://www.birminghamboilerrepairs.uk/gib-heath/combination-boiler-services	Indexable		3		23	21	0	0.62	59	31	0	9	6	0
https://www.birminghamboilerrepairs.uk/gib-heath/worcester-bosch-specialists	Indexable		3		10	7	0	0.21	59	31	0	9	6	0
https://www.birminghamboilerrepairs.uk/gib-heath/vaillant-specialists	Indexable		3		4	1	0	0.03	59	31	0	9	6	0
https://www.birminghamboilerrepairs.uk/gib-heath/ariston-specialists	Indexable		3		4	1	0	0.03	59	31	0	9	6	0
https://www.birminghamboilerrepairs.uk/gib-heath/viessmann-specialists	Indexable		3		4	1	0	0.03	59	31	0	9	6	0
https://www.birminghamboilerrepairs.uk/ten-acres/boiler-servicing	Indexable		3		83	21	0	0.62	59	31	0	9	6	0
https://www.birminghamboilerrepairs.uk/ten-acres/heatline-specialists	Indexable		3		4	1	0	0.03	59	31	0	9	6	0
https://www.birminghamboilerrepairs.uk/ten-acres/intergas-specialists	Indexable		3		4	1	0	0.03	59	31	0	9	6	0
https://www.birminghamboilerrepairs.uk/ten-acres/vaillant-specialists	Indexable		3		4	1	0	0.03	59	31	0	9	6	0
https://www.birminghamboilerrepairs.uk/ten-acres/alpha-boiler-specialists	Indexable		3		4	1	0	0.03	59	31	0	9	6	0
https://www.birminghamboilerrepairs.uk/ten-acres/ariston-specialists	Indexable		3		4	1	0	0.03	59	31	0	9	6	0
https://www.birminghamboilerrepairs.uk/ten-acres/ideal-boilers-specialists	Indexable		3		4	1	0	0.03	59	31	0	9	6	0
https://www.birminghamboilerrepairs.uk/ten-acres/potterton-specialists	Indexable		3		4	1	0	0.03	59	31	0	9	6	0
https://www.birminghamboilerrepairs.uk/ten-acres/baxi-specialists	Indexable		3		4	1	0	0.03	59	31	0	9	6	0
https://www.birminghamboilerrepairs.uk/ten-acres/boiler-repairs	Indexable		3		83	21	0	0.62	59	31	0	9	6	0
https://www.birminghamboilerrepairs.uk/ten-acres/gas-safety	Indexable		3		83	21	0	0.62	59	31	0	9	6	0
https://www.birminghamboilerrepairs.uk/ten-acres/vokera-specialists	Indexable		3		4	1	0	0.03	59	31	0	9	6	0
https://www.birminghamboilerrepairs.uk/ten-acres/worcester-bosch-specialists	Indexable		3		10	7	0	0.21	59	31	0	9	6	0
https://www.birminghamboilerrepairs.uk/ten-acres/combination-boiler-services	Indexable		3		23	21	0	0.62	59	31	0	9	6	0
https://www.birminghamboilerrepairs.uk/ten-acres/viessmann-specialists	Indexable		3		4	1	0	0.03	59	31	0	9	6	0
https://www.birminghamboilerrepairs.uk/ten-acres/biasi-specialists	Indexable		3		4	1	0	0.03	59	31	0	9	6	0
https://www.birminghamboilerrepairs.uk/ten-acres/glowworm-specialists	Indexable		3		4	1	0	0.03	59	31	0	9	6	0
https://www.birminghamboilerrepairs.uk/ten-acres/atag-specialists	Indexable		3		4	1	0	0.03	59	31	0	9	6	0
https://www.birminghamboilerrepairs.uk/ten-acres/ferroli-specialists	Indexable		3		24	21	0	0.62	59	31	0	9	6	0
https://www.birminghamboilerrepairs.uk/ten-acres/main-boiler-specialists	Indexable		3		4	1	0	0.03	59	31	0	9	6	0
https://www.birminghamboilerrepairs.uk/ten-acres/combination-boiler-repairs	Indexable		3		32	21	0	0.62	59	31	0	9	6	0
https://www.birminghamboilerrepairs.uk/tower-hill/gas-safety	Indexable		3		83	21	0	0.62	59	31	0	9	6	0
https://www.birminghamboilerrepairs.uk/tower-hill/viessmann-specialists	Indexable		3		4	1	0	0.03	59	31	0	9	6	0
https://www.birminghamboilerrepairs.uk/tower-hill/potterton-specialists	Indexable		3		4	1	0	0.03	59	31	0	9	6	0
https://www.birminghamboilerrepairs.uk/tower-hill/ariston-specialists	Indexable		3		4	1	0	0.03	59	31	0	9	6	0
https://www.birminghamboilerrepairs.uk/tower-hill/glowworm-specialists	Indexable		3		4	1	0	0.03	59	31	0	9	6	0
https://www.birminghamboilerrepairs.uk/tower-hill/combination-boiler-services	Indexable		3		23	21	0	0.62	59	31	0	9	6	0
https://www.birminghamboilerrepairs.uk/tower-hill/ferroli-specialists	Indexable		3		24	21	0	0.62	59	31	0	9	6	0
https://www.birminghamboilerrepairs.uk/tower-hill/alpha-boiler-specialists	Indexable		3		4	1	0	0.03	59	31	0	9	6	0
https://www.birminghamboilerrepairs.uk/tower-hill/biasi-specialists	Indexable		3		4	1	0	0.03	59	31	0	9	6	0
https://www.birminghamboilerrepairs.uk/tower-hill/combination-boiler-repairs	Indexable		3		32	21	0	0.62	59	31	0	9	6	0
https://www.birminghamboilerrepairs.uk/tower-hill/ideal-boilers-specialists	Indexable		3		4	1	0	0.03	59	31	0	9	6	0
https://www.birminghamboilerrepairs.uk/tower-hill/vokera-specialists	Indexable		3		4	1	0	0.03	59	31	0	9	6	0
https://www.birminghamboilerrepairs.uk/tower-hill/intergas-specialists	Indexable		3		4	1	0	0.03	59	31	0	9	6	0
https://www.birminghamboilerrepairs.uk/tower-hill/worcester-bosch-specialists	Indexable		3		10	7	0	0.21	59	31	0	9	6	0
https://www.birminghamboilerrepairs.uk/tower-hill/main-boiler-specialists	Indexable		3		4	1	0	0.03	59	31	0	9	6	0
https://www.birminghamboilerrepairs.uk/tower-hill/baxi-specialists	Indexable		3		4	1	0	0.03	59	31	0	9	6	0
https://www.birminghamboilerrepairs.uk/tower-hill/vaillant-specialists	Indexable		3		4	1	0	0.03	59	31	0	9	6	0
https://www.birminghamboilerrepairs.uk/tower-hill/boiler-repairs	Indexable		3		83	21	0	0.62	59	31	0	9	6	0
https://www.birminghamboilerrepairs.uk/tower-hill/boiler-servicing	Indexable		3		83	21	0	0.62	59	31	0	9	6	0
https://www.birminghamboilerrepairs.uk/tower-hill/atag-specialists	Indexable		3		4	1	0	0.03	59	31	0	9	6	0
https://www.birminghamboilerrepairs.uk/tower-hill/heatline-specialists	Indexable		3		4	1	0	0.03	59	31	0	9	6	0
https://www.birminghamboilerrepairs.uk/camp-hill/atag-specialists	Indexable		3		4	1	0	0.03	59	31	0	9	6	0
https://www.birminghamboilerrepairs.uk/camp-hill/gas-safety	Indexable		3		83	21	0	0.62	59	31	0	9	6	0
https://www.birminghamboilerrepairs.uk/camp-hill/intergas-specialists	Indexable		3		4	1	0	0.03	59	31	0	9	6	0
https://www.birminghamboilerrepairs.uk/camp-hill/heatline-specialists	Indexable		3		4	1	0	0.03	59	31	0	9	6	0
https://www.birminghamboilerrepairs.uk/camp-hill/worcester-bosch-specialists	Indexable		3		10	7	0	0.21	59	31	0	9	6	0
https://www.birminghamboilerrepairs.uk/camp-hill/vokera-specialists	Indexable		3		4	1	0	0.03	59	31	0	9	6	0
https://www.birminghamboilerrepairs.uk/camp-hill/baxi-specialists	Indexable		3		4	1	0	0.03	59	31	0	9	6	0
https://www.birminghamboilerrepairs.uk/camp-hill/alpha-boiler-specialists	Indexable		3		4	1	0	0.03	59	31	0	9	6	0
https://www.birminghamboilerrepairs.uk/camp-hill/combination-boiler-repairs	Indexable		3		32	21	0	0.62	59	31	0	9	6	0
https://www.birminghamboilerrepairs.uk/camp-hill/viessmann-specialists	Indexable		3		4	1	0	0.03	59	31	0	9	6	0
https://www.birminghamboilerrepairs.uk/camp-hill/ferroli-specialists	Indexable		3		24	21	0	0.62	59	31	0	9	6	0
https://www.birminghamboilerrepairs.uk/camp-hill/boiler-repairs	Indexable		3		83	21	0	0.62	59	31	0	9	6	0
https://www.birminghamboilerrepairs.uk/camp-hill/boiler-servicing	Indexable		3		83	21	0	0.62	59	31	0	9	6	0
https://www.birminghamboilerrepairs.uk/camp-hill/main-boiler-specialists	Indexable		3		4	1	0	0.03	59	31	0	9	6	0
https://www.birminghamboilerrepairs.uk/camp-hill/vaillant-specialists	Indexable		3		4	1	0	0.03	59	31	0	9	6	0
https://www.birminghamboilerrepairs.uk/camp-hill/potterton-specialists	Indexable		3		4	1	0	0.03	59	31	0	9	6	0
https://www.birminghamboilerrepairs.uk/camp-hill/biasi-specialists	Indexable		3		4	1	0	0.03	59	31	0	9	6	0
https://www.birminghamboilerrepairs.uk/camp-hill/ideal-boilers-specialists	Indexable		3		4	1	0	0.03	59	31	0	9	6	0
https://www.birminghamboilerrepairs.uk/camp-hill/combination-boiler-services	Indexable		3		23	21	0	0.62	59	31	0	9	6	0
https://www.birminghamboilerrepairs.uk/camp-hill/glowworm-specialists	Indexable		3		4	1	0	0.03	59	31	0	9	6	0
https://www.birminghamboilerrepairs.uk/camp-hill/ariston-specialists	Indexable		3		4	1	0	0.03	59	31	0	9	6	0
https://www.birminghamboilerrepairs.uk/oldbury/boiler-repairs	Indexable		3		83	21	0	0.62	59	31	0	9	6	0
https://www.birminghamboilerrepairs.uk/oldbury/gas-safety	Indexable		3		83	21	0	0.62	59	31	0	9	6	0
https://www.birminghamboilerrepairs.uk/oldbury/main-boiler-specialists	Indexable		3		4	1	0	0.03	59	31	0	9	6	0
https://www.birminghamboilerrepairs.uk/oldbury/potterton-specialists	Indexable		3		4	1	0	0.03	59	31	0	9	6	0
https://www.birminghamboilerrepairs.uk/oldbury/boiler-servicing	Indexable		3		83	21	0	0.62	59	31	0	9	6	0
https://www.birminghamboilerrepairs.uk/oldbury/alpha-boiler-specialists	Indexable		3		4	1	0	0.03	59	31	0	9	6	0
https://www.birminghamboilerrepairs.uk/oldbury/intergas-specialists	Indexable		3		4	1	0	0.03	59	31	0	9	6	0
https://www.birminghamboilerrepairs.uk/oldbury/baxi-specialists	Indexable		3		4	1	0	0.03	59	31	0	9	6	0
https://www.birminghamboilerrepairs.uk/oldbury/ferroli-specialists	Indexable		3		24	21	0	0.62	59	31	0	9	6	0
https://www.birminghamboilerrepairs.uk/oldbury/viessmann-specialists	Indexable		3		4	1	0	0.03	59	31	0	9	6	0
https://www.birminghamboilerrepairs.uk/oldbury/atag-specialists	Indexable		3		4	1	0	0.03	59	31	0	9	6	0
https://www.birminghamboilerrepairs.uk/oldbury/biasi-specialists	Indexable		3		4	1	0	0.03	59	31	0	9	6	0
https://www.birminghamboilerrepairs.uk/oldbury/vokera-specialists	Indexable		3		4	1	0	0.03	59	31	0	9	6	0
https://www.birminghamboilerrepairs.uk/oldbury/ariston-specialists	Indexable		3		4	1	0	0.03	59	31	0	9	6	0
https://www.birminghamboilerrepairs.uk/oldbury/worcester-bosch-specialists	Indexable		3		10	7	0	0.21	59	31	0	9	6	0
https://www.birminghamboilerrepairs.uk/oldbury/glowworm-specialists	Indexable		3		4	1	0	0.03	59	31	0	9	6	0
https://www.birminghamboilerrepairs.uk/oldbury/combination-boiler-repairs	Indexable		3		32	21	0	0.62	59	31	0	9	6	0
https://www.birminghamboilerrepairs.uk/oldbury/heatline-specialists	Indexable		3		4	1	0	0.03	59	31	0	9	6	0
https://www.birminghamboilerrepairs.uk/oldbury/combination-boiler-services	Indexable		3		23	21	0	0.62	59	31	0	9	6	0
https://www.birminghamboilerrepairs.uk/oldbury/ideal-boilers-specialists	Indexable		3		4	1	0	0.03	59	31	0	9	6	0
https://www.birminghamboilerrepairs.uk/oldbury/vaillant-specialists	Indexable		3		4	1	0	0.03	59	31	0	9	6	0
https://www.birminghamboilerrepairs.uk/brandwood-end/combination-boiler-repairs	Indexable		3		32	21	0	0.62	59	31	0	9	6	0
https://www.birminghamboilerrepairs.uk/brandwood-end/heatline-specialists	Indexable		3		4	1	0	0.03	59	31	0	9	6	0
https://www.birminghamboilerrepairs.uk/brandwood-end/intergas-specialists	Indexable		3		4	1	0	0.03	59	31	0	9	6	0
https://www.birminghamboilerrepairs.uk/brandwood-end/ideal-boilers-specialists	Indexable		3		4	1	0	0.03	59	31	0	9	6	0
https://www.birminghamboilerrepairs.uk/brandwood-end/vaillant-specialists	Indexable		3		4	1	0	0.03	59	31	0	9	6	0
https://www.birminghamboilerrepairs.uk/brandwood-end/combination-boiler-services	Indexable		3		23	21	0	0.62	59	31	0	9	6	0
https://www.birminghamboilerrepairs.uk/brandwood-end/glowworm-specialists	Indexable		3		4	1	0	0.03	59	31	0	9	6	0
https://www.birminghamboilerrepairs.uk/brandwood-end/atag-specialists	Indexable		3		4	1	0	0.03	59	31	0	9	6	0
https://www.birminghamboilerrepairs.uk/brandwood-end/worcester-bosch-specialists	Indexable		3		10	7	0	0.21	59	31	0	9	6	0
https://www.birminghamboilerrepairs.uk/brandwood-end/alpha-boiler-specialists	Indexable		3		4	1	0	0.03	59	31	0	9	6	0
https://www.birminghamboilerrepairs.uk/brandwood-end/potterton-specialists	Indexable		3		4	1	0	0.03	59	31	0	9	6	0
https://www.birminghamboilerrepairs.uk/brandwood-end/ariston-specialists	Indexable		3		4	1	0	0.03	59	31	0	9	6	0
https://www.birminghamboilerrepairs.uk/brandwood-end/vokera-specialists	Indexable		3		4	1	0	0.03	59	31	0	9	6	0
https://www.birminghamboilerrepairs.uk/brandwood-end/boiler-servicing	Indexable		3		83	21	0	0.62	59	31	0	9	6	0
https://www.birminghamboilerrepairs.uk/brandwood-end/ferroli-specialists	Indexable		3		24	21	0	0.62	59	31	0	9	6	0
https://www.birminghamboilerrepairs.uk/brandwood-end/biasi-specialists	Indexable		3		4	1	0	0.03	59	31	0	9	6	0
https://www.birminghamboilerrepairs.uk/brandwood-end/baxi-specialists	Indexable		3		4	1	0	0.03	59	31	0	9	6	0
https://www.birminghamboilerrepairs.uk/brandwood-end/viessmann-specialists	Indexable		3		4	1	0	0.03	59	31	0	9	6	0
https://www.birminghamboilerrepairs.uk/brandwood-end/gas-safety	Indexable		3		83	21	0	0.62	59	31	0	9	6	0
https://www.birminghamboilerrepairs.uk/brandwood-end/main-boiler-specialists	Indexable		3		4	1	0	0.03	59	31	0	9	6	0
https://www.birminghamboilerrepairs.uk/brandwood-end/boiler-repairs	Indexable		3		83	21	0	0.62	59	31	0	9	6	0
https://www.birminghamboilerrepairs.uk/hamstead/alpha-boiler-specialists	Indexable		3		4	1	0	0.03	59	31	0	9	6	0
https://www.birminghamboilerrepairs.uk/hamstead/biasi-specialists	Indexable		3		4	1	0	0.03	59	31	0	9	6	0
https://www.birminghamboilerrepairs.uk/hamstead/viessmann-specialists	Indexable		3		4	1	0	0.03	59	31	0	9	6	0
https://www.birminghamboilerrepairs.uk/hamstead/ariston-specialists	Indexable		3		4	1	0	0.03	59	31	0	9	6	0
https://www.birminghamboilerrepairs.uk/hamstead/atag-specialists	Indexable		3		4	1	0	0.03	59	31	0	9	6	0
https://www.birminghamboilerrepairs.uk/hamstead/vaillant-specialists	Indexable		3		4	1	0	0.03	59	31	0	9	6	0
https://www.birminghamboilerrepairs.uk/hamstead/potterton-specialists	Indexable		3		4	1	0	0.03	59	31	0	9	6	0
https://www.birminghamboilerrepairs.uk/hamstead/combination-boiler-services	Indexable		3		23	21	0	0.62	59	31	0	9	6	0
https://www.birminghamboilerrepairs.uk/hamstead/glowworm-specialists	Indexable		3		4	1	0	0.03	59	31	0	9	6	0
https://www.birminghamboilerrepairs.uk/hamstead/gas-safety	Indexable		3		83	21	0	0.62	59	31	0	9	6	0
https://www.birminghamboilerrepairs.uk/hamstead/worcester-bosch-specialists	Indexable		3		10	7	0	0.21	59	31	0	9	6	0
https://www.birminghamboilerrepairs.uk/hamstead/combination-boiler-repairs	Indexable		3		32	21	0	0.62	59	31	0	9	6	0
https://www.birminghamboilerrepairs.uk/hamstead/ferroli-specialists	Indexable		3		24	21	0	0.62	59	31	0	9	6	0
https://www.birminghamboilerrepairs.uk/hamstead/main-boiler-specialists	Indexable		3		4	1	0	0.03	59	31	0	9	6	0
https://www.birminghamboilerrepairs.uk/hamstead/baxi-specialists	Indexable		3		4	1	0	0.03	59	31	0	9	6	0
https://www.birminghamboilerrepairs.uk/hamstead/ideal-boilers-specialists	Indexable		3		4	1	0	0.03	59	31	0	9	6	0
https://www.birminghamboilerrepairs.uk/hamstead/intergas-specialists	Indexable		3		4	1	0	0.03	59	31	0	9	6	0
https://www.birminghamboilerrepairs.uk/hamstead/boiler-servicing	Indexable		3		83	21	0	0.62	59	31	0	9	6	0
https://www.birminghamboilerrepairs.uk/hamstead/boiler-repairs	Indexable		3		83	21	0	0.62	59	31	0	9	6	0
https://www.birminghamboilerrepairs.uk/hall-green/boiler-repairs	Indexable		3		83	21	0	0.62	59	31	0	9	6	0
https://www.birminghamboilerrepairs.uk/hamstead/heatline-specialists	Indexable		3		4	1	0	0.03	59	31	0	9	6	0
https://www.birminghamboilerrepairs.uk/hamstead/vokera-specialists	Indexable		3		4	1	0	0.03	59	31	0	9	6	0
https://www.birminghamboilerrepairs.uk/hall-green/gas-safety	Indexable		3		83	21	0	0.62	59	31	0	9	6	0
https://www.birminghamboilerrepairs.uk/hall-green/viessmann-specialists	Indexable		3		4	1	0	0.03	59	31	0	9	6	0
https://www.birminghamboilerrepairs.uk/hall-green/combination-boiler-services	Indexable		3		23	21	0	0.62	59	31	0	9	6	0
https://www.birminghamboilerrepairs.uk/hall-green/boiler-servicing	Indexable		3		83	21	0	0.62	59	31	0	9	6	0
https://www.birminghamboilerrepairs.uk/hall-green/worcester-bosch-specialists	Indexable		3		10	7	0	0.21	59	31	0	9	6	0
https://www.birminghamboilerrepairs.uk/hall-green/ariston-specialists	Indexable		3		4	1	0	0.03	59	31	0	9	6	0
https://www.birminghamboilerrepairs.uk/hall-green/main-boiler-specialists	Indexable		3		4	1	0	0.03	59	31	0	9	6	0
https://www.birminghamboilerrepairs.uk/hall-green/combination-boiler-repairs	Indexable		3		32	21	0	0.62	59	31	0	9	6	0
https://www.birminghamboilerrepairs.uk/hall-green/biasi-specialists	Indexable		3		4	1	0	0.03	59	31	0	9	6	0
https://www.birminghamboilerrepairs.uk/hall-green/ferroli-specialists	Indexable		3		24	21	0	0.62	59	31	0	9	6	0
https://www.birminghamboilerrepairs.uk/hall-green/heatline-specialists	Indexable		3		4	1	0	0.03	59	31	0	9	6	0
https://www.birminghamboilerrepairs.uk/hall-green/baxi-specialists	Indexable		3		4	1	0	0.03	59	31	0	9	6	0
https://www.birminghamboilerrepairs.uk/hall-green/glowworm-specialists	Indexable		3		4	1	0	0.03	59	31	0	9	6	0
https://www.birminghamboilerrepairs.uk/hall-green/vaillant-specialists	Indexable		3		4	1	0	0.03	59	31	0	9	6	0
https://www.birminghamboilerrepairs.uk/hall-green/alpha-boiler-specialists	Indexable		3		4	1	0	0.03	59	31	0	9	6	0
https://www.birminghamboilerrepairs.uk/hall-green/ideal-boilers-specialists	Indexable		3		4	1	0	0.03	59	31	0	9	6	0
https://www.birminghamboilerrepairs.uk/hall-green/atag-specialists	Indexable		3		4	1	0	0.03	59	31	0	9	6	0
https://www.birminghamboilerrepairs.uk/hall-green/intergas-specialists	Indexable		3		4	1	0	0.03	59	31	0	9	6	0
https://www.birminghamboilerrepairs.uk/hall-green/vokera-specialists	Indexable		3		4	1	0	0.03	59	31	0	9	6	0
https://www.birminghamboilerrepairs.uk/tyburn/alpha-boiler-specialists	Indexable		3		4	1	0	0.03	59	31	0	9	6	0
https://www.birminghamboilerrepairs.uk/tyburn/intergas-specialists	Indexable		3		4	1	0	0.03	59	31	0	9	6	0
https://www.birminghamboilerrepairs.uk/tyburn/vokera-specialists	Indexable		3		4	1	0	0.03	59	31	0	9	6	0
https://www.birminghamboilerrepairs.uk/hall-green/potterton-specialists	Indexable		3		4	1	0	0.03	59	31	0	9	6	0
https://www.birminghamboilerrepairs.uk/tyburn/heatline-specialists	Indexable		3		4	1	0	0.03	59	31	0	9	6	0
https://www.birminghamboilerrepairs.uk/tyburn/combination-boiler-repairs	Indexable		3		32	21	0	0.62	59	31	0	9	6	0
https://www.birminghamboilerrepairs.uk/tyburn/vaillant-specialists	Indexable		3		4	1	0	0.03	59	31	0	9	6	0
https://www.birminghamboilerrepairs.uk/tyburn/ideal-boilers-specialists	Indexable		3		4	1	0	0.03	59	31	0	9	6	0
https://www.birminghamboilerrepairs.uk/tyburn/glowworm-specialists	Indexable		3		4	1	0	0.03	59	31	0	9	6	0
https://www.birminghamboilerrepairs.uk/tyburn/worcester-bosch-specialists	Indexable		3		10	7	0	0.21	59	31	0	9	6	0
https://www.birminghamboilerrepairs.uk/tyburn/ariston-specialists	Indexable		3		4	1	0	0.03	59	31	0	9	6	0
https://www.birminghamboilerrepairs.uk/tyburn/combination-boiler-services	Indexable		3		23	21	0	0.62	59	31	0	9	6	0
https://www.birminghamboilerrepairs.uk/tyburn/baxi-specialists	Indexable		3		4	1	0	0.03	59	31	0	9	6	0
https://www.birminghamboilerrepairs.uk/tyburn/biasi-specialists	Indexable		3		4	1	0	0.03	59	31	0	9	6	0
https://www.birminghamboilerrepairs.uk/tyburn/viessmann-specialists	Indexable		3		4	1	0	0.03	59	31	0	9	6	0
https://www.birminghamboilerrepairs.uk/tyburn/ferroli-specialists	Indexable		3		24	21	0	0.62	59	31	0	9	6	0
https://www.birminghamboilerrepairs.uk/tyburn/potterton-specialists	Indexable		3		4	1	0	0.03	59	31	0	9	6	0
https://www.birminghamboilerrepairs.uk/tyburn/boiler-repairs	Indexable		3		83	21	0	0.62	59	31	0	9	6	0
https://www.birminghamboilerrepairs.uk/tyburn/gas-safety	Indexable		3		83	21	0	0.62	59	31	0	9	6	0
https://www.birminghamboilerrepairs.uk/tyburn/main-boiler-specialists	Indexable		3		4	1	0	0.03	59	31	0	9	6	0
https://www.birminghamboilerrepairs.uk/tyburn/boiler-servicing	Indexable		3		83	21	0	0.62	59	31	0	9	6	0
https://www.birminghamboilerrepairs.uk/tyburn/atag-specialists	Indexable		3		4	1	0	0.03	59	31	0	9	6	0
https://www.birminghamboilerrepairs.uk/theatreland/viessmann-specialists	Indexable		3		4	1	0	0.03	59	31	0	9	6	0
https://www.birminghamboilerrepairs.uk/theatreland/potterton-specialists	Indexable		3		4	1	0	0.03	59	31	0	9	6	0
https://www.birminghamboilerrepairs.uk/theatreland/intergas-specialists	Indexable		3		4	1	0	0.03	59	31	0	9	6	0
https://www.birminghamboilerrepairs.uk/theatreland/gas-safety	Indexable		3		83	21	0	0.62	59	31	0	9	6	0
https://www.birminghamboilerrepairs.uk/theatreland/biasi-specialists	Indexable		3		4	1	0	0.03	59	31	0	9	6	0
https://www.birminghamboilerrepairs.uk/theatreland/vokera-specialists	Indexable		3		4	1	0	0.03	59	31	0	9	6	0
https://www.birminghamboilerrepairs.uk/theatreland/ariston-specialists	Indexable		3		4	1	0	0.03	59	31	0	9	6	0
https://www.birminghamboilerrepairs.uk/theatreland/glowworm-specialists	Indexable		3		4	1	0	0.03	59	31	0	9	6	0
https://www.birminghamboilerrepairs.uk/theatreland/atag-specialists	Indexable		3		4	1	0	0.03	59	31	0	9	6	0
https://www.birminghamboilerrepairs.uk/theatreland/combination-boiler-repairs	Indexable		3		32	21	0	0.62	59	31	0	9	6	0
https://www.birminghamboilerrepairs.uk/theatreland/ideal-boilers-specialists	Indexable		3		4	1	0	0.03	59	31	0	9	6	0
https://www.birminghamboilerrepairs.uk/theatreland/combination-boiler-services	Indexable		3		23	21	0	0.62	59	31	0	9	6	0
https://www.birminghamboilerrepairs.uk/theatreland/ferroli-specialists	Indexable		3		24	21	0	0.62	59	31	0	9	6	0
https://www.birminghamboilerrepairs.uk/theatreland/boiler-servicing	Indexable		3		83	21	0	0.62	59	31	0	9	6	0
https://www.birminghamboilerrepairs.uk/theatreland/alpha-boiler-specialists	Indexable		3		4	1	0	0.03	59	31	0	9	6	0
https://www.birminghamboilerrepairs.uk/theatreland/main-boiler-specialists	Indexable		3		4	1	0	0.03	59	31	0	9	6	0
https://www.birminghamboilerrepairs.uk/theatreland/boiler-repairs	Indexable		3		83	21	0	0.62	59	31	0	9	6	0
https://www.birminghamboilerrepairs.uk/theatreland/baxi-specialists	Indexable		3		4	1	0	0.03	59	31	0	9	6	0
https://www.birminghamboilerrepairs.uk/theatreland/worcester-bosch-specialists	Indexable		3		10	7	0	0.21	59	31	0	9	6	0
https://www.birminghamboilerrepairs.uk/theatreland/heatline-specialists	Indexable		3		4	1	0	0.03	59	31	0	9	6	0
https://www.birminghamboilerrepairs.uk/theatreland/vaillant-specialists	Indexable		3		4	1	0	0.03	59	31	0	9	6	0
https://www.birminghamboilerrepairs.uk/tardebigge/vokera-specialists	Indexable		3		4	1	0	0.03	59	31	0	9	6	0
https://www.birminghamboilerrepairs.uk/tardebigge/potterton-specialists	Indexable		3		4	1	0	0.03	59	31	0	9	6	0
https://www.birminghamboilerrepairs.uk/tardebigge/intergas-specialists	Indexable		3		4	1	0	0.03	59	31	0	9	6	0
https://www.birminghamboilerrepairs.uk/tardebigge/gas-safety	Indexable		3		83	21	0	0.62	59	31	0	9	6	0
https://www.birminghamboilerrepairs.uk/tardebigge/combination-boiler-repairs	Indexable		3		32	21	0	0.62	59	31	0	9	6	0
https://www.birminghamboilerrepairs.uk/tardebigge/vaillant-specialists	Indexable		3		4	1	0	0.03	59	31	0	9	6	0
https://www.birminghamboilerrepairs.uk/tardebigge/alpha-boiler-specialists	Indexable		3		4	1	0	0.03	59	31	0	9	6	0
https://www.birminghamboilerrepairs.uk/tardebigge/ariston-specialists	Indexable		3		4	1	0	0.03	59	31	0	9	6	0
https://www.birminghamboilerrepairs.uk/tardebigge/main-boiler-specialists	Indexable		3		4	1	0	0.03	59	31	0	9	6	0
https://www.birminghamboilerrepairs.uk/tardebigge/heatline-specialists	Indexable		3		4	1	0	0.03	59	31	0	9	6	0
https://www.birminghamboilerrepairs.uk/tardebigge/biasi-specialists	Indexable		3		4	1	0	0.03	59	31	0	9	6	0
https://www.birminghamboilerrepairs.uk/tardebigge/boiler-repairs	Indexable		3		83	21	0	0.62	59	31	0	9	6	0
https://www.birminghamboilerrepairs.uk/tardebigge/atag-specialists	Indexable		3		4	1	0	0.03	59	31	0	9	6	0
https://www.birminghamboilerrepairs.uk/tardebigge/combination-boiler-services	Indexable		3		23	21	0	0.62	59	31	0	9	6	0
https://www.birminghamboilerrepairs.uk/tardebigge/ideal-boilers-specialists	Indexable		3		4	1	0	0.03	59	31	0	9	6	0
https://www.birminghamboilerrepairs.uk/tardebigge/baxi-specialists	Indexable		3		4	1	0	0.03	59	31	0	9	6	0
https://www.birminghamboilerrepairs.uk/tardebigge/worcester-bosch-specialists	Indexable		3		10	7	0	0.21	59	31	0	9	6	0
https://www.birminghamboilerrepairs.uk/tardebigge/boiler-servicing	Indexable		3		83	21	0	0.62	59	31	0	9	6	0
https://www.birminghamboilerrepairs.uk/tardebigge/viessmann-specialists	Indexable		3		4	1	0	0.03	59	31	0	9	6	0
https://www.birminghamboilerrepairs.uk/tardebigge/glowworm-specialists	Indexable		3		4	1	0	0.03	59	31	0	9	6	0
https://www.birminghamboilerrepairs.uk/tardebigge/ferroli-specialists	Indexable		3		24	21	0	0.62	59	31	0	9	6	0
https://www.birminghamboilerrepairs.uk/roughley/viessmann-specialists	Indexable		3		4	1	0	0.03	59	31	0	9	6	0
https://www.birminghamboilerrepairs.uk/roughley/baxi-specialists	Indexable		3		4	1	0	0.03	59	31	0	9	6	0
https://www.birminghamboilerrepairs.uk/roughley/vokera-specialists	Indexable		3		4	1	0	0.03	59	31	0	9	6	0
https://www.birminghamboilerrepairs.uk/roughley/atag-specialists	Indexable		3		4	1	0	0.03	59	31	0	9	6	0
https://www.birminghamboilerrepairs.uk/roughley/ariston-specialists	Indexable		3		4	1	0	0.03	59	31	0	9	6	0
https://www.birminghamboilerrepairs.uk/roughley/potterton-specialists	Indexable		3		4	1	0	0.03	59	31	0	9	6	0
https://www.birminghamboilerrepairs.uk/roughley/glowworm-specialists	Indexable		3		4	1	0	0.03	59	31	0	9	6	0
https://www.birminghamboilerrepairs.uk/roughley/ideal-boilers-specialists	Indexable		3		4	1	0	0.03	59	31	0	9	6	0
https://www.birminghamboilerrepairs.uk/roughley/worcester-bosch-specialists	Indexable		3		10	7	0	0.21	59	31	0	9	6	0
https://www.birminghamboilerrepairs.uk/roughley/ferroli-specialists	Indexable		3		24	21	0	0.62	59	31	0	9	6	0
https://www.birminghamboilerrepairs.uk/roughley/intergas-specialists	Indexable		3		4	1	0	0.03	59	31	0	9	6	0
https://www.birminghamboilerrepairs.uk/roughley/main-boiler-specialists	Indexable		3		4	1	0	0.03	59	31	0	9	6	0
https://www.birminghamboilerrepairs.uk/roughley/biasi-specialists	Indexable		3		4	1	0	0.03	59	31	0	9	6	0
https://www.birminghamboilerrepairs.uk/roughley/boiler-servicing	Indexable		3		83	21	0	0.62	59	31	0	9	6	0
https://www.birminghamboilerrepairs.uk/roughley/combination-boiler-services	Indexable		3		23	21	0	0.62	59	31	0	9	6	0
https://www.birminghamboilerrepairs.uk/roughley/heatline-specialists	Indexable		3		4	1	0	0.03	59	31	0	9	6	0
https://www.birminghamboilerrepairs.uk/roughley/vaillant-specialists	Indexable		3		4	1	0	0.03	59	31	0	9	6	0
https://www.birminghamboilerrepairs.uk/roughley/boiler-repairs	Indexable		3		83	21	0	0.62	59	31	0	9	6	0
https://www.birminghamboilerrepairs.uk/roughley/gas-safety	Indexable		3		83	21	0	0.62	59	31	0	9	6	0
https://www.birminghamboilerrepairs.uk/roughley/alpha-boiler-specialists	Indexable		3		4	1	0	0.03	59	31	0	9	6	0
https://www.birminghamboilerrepairs.uk/roughley/combination-boiler-repairs	Indexable		3		32	21	0	0.62	59	31	0	9	6	0
https://www.birminghamboilerrepairs.uk/shenley-green/intergas-specialists	Indexable		3		4	1	0	0.03	59	31	0	9	6	0
https://www.birminghamboilerrepairs.uk/shenley-green/ferroli-specialists	Indexable		3		24	21	0	0.62	59	31	0	9	6	0
https://www.birminghamboilerrepairs.uk/shenley-green/boiler-repairs	Indexable		3		83	21	0	0.62	59	31	0	9	6	0
https://www.birminghamboilerrepairs.uk/shenley-green/vokera-specialists	Indexable		3		4	1	0	0.03	59	31	0	9	6	0
https://www.birminghamboilerrepairs.uk/shenley-green/vaillant-specialists	Indexable		3		4	1	0	0.03	59	31	0	9	6	0
https://www.birminghamboilerrepairs.uk/shenley-green/biasi-specialists	Indexable		3		4	1	0	0.03	59	31	0	9	6	0
https://www.birminghamboilerrepairs.uk/shenley-green/baxi-specialists	Indexable		3		4	1	0	0.03	59	31	0	9	6	0
https://www.birminghamboilerrepairs.uk/shenley-green/gas-safety	Indexable		3		83	21	0	0.62	59	31	0	9	6	0
https://www.birminghamboilerrepairs.uk/shenley-green/heatline-specialists	Indexable		3		4	1	0	0.03	59	31	0	9	6	0
https://www.birminghamboilerrepairs.uk/shenley-green/ariston-specialists	Indexable		3		4	1	0	0.03	59	31	0	9	6	0
https://www.birminghamboilerrepairs.uk/shenley-green/worcester-bosch-specialists	Indexable		3		10	7	0	0.21	59	31	0	9	6	0
https://www.birminghamboilerrepairs.uk/shenley-green/viessmann-specialists	Indexable		3		4	1	0	0.03	59	31	0	9	6	0
https://www.birminghamboilerrepairs.uk/shenley-green/main-boiler-specialists	Indexable		3		4	1	0	0.03	59	31	0	9	6	0
https://www.birminghamboilerrepairs.uk/shenley-green/combination-boiler-services	Indexable		3		23	21	0	0.62	59	31	0	9	6	0
https://www.birminghamboilerrepairs.uk/shenley-green/combination-boiler-repairs	Indexable		3		32	21	0	0.62	59	31	0	9	6	0
https://www.birminghamboilerrepairs.uk/shenley-green/ideal-boilers-specialists	Indexable		3		4	1	0	0.03	59	31	0	9	6	0
https://www.birminghamboilerrepairs.uk/shenley-green/potterton-specialists	Indexable		3		4	1	0	0.03	59	31	0	9	6	0
https://www.birminghamboilerrepairs.uk/shenley-green/boiler-servicing	Indexable		3		83	21	0	0.62	59	31	0	9	6	0
https://www.birminghamboilerrepairs.uk/shenley-green/alpha-boiler-specialists	Indexable		3		4	1	0	0.03	59	31	0	9	6	0
https://www.birminghamboilerrepairs.uk/shenley-green/glowworm-specialists	Indexable		3		4	1	0	0.03	59	31	0	9	6	0
https://www.birminghamboilerrepairs.uk/shenley-green/atag-specialists	Indexable		3		4	1	0	0.03	59	31	0	9	6	0
https://www.birminghamboilerrepairs.uk/sparkhill/intergas-specialists	Indexable		3		4	1	0	0.03	59	31	0	9	6	0
https://www.birminghamboilerrepairs.uk/sparkhill/ariston-specialists	Indexable		3		4	1	0	0.03	59	31	0	9	6	0
https://www.birminghamboilerrepairs.uk/sparkhill/boiler-servicing	Indexable		3		83	21	0	0.62	59	31	0	9	6	0
https://www.birminghamboilerrepairs.uk/sparkhill/heatline-specialists	Indexable		3		4	1	0	0.03	59	31	0	9	6	0
https://www.birminghamboilerrepairs.uk/sparkhill/ideal-boilers-specialists	Indexable		3		4	1	0	0.03	59	31	0	9	6	0
https://www.birminghamboilerrepairs.uk/sparkhill/main-boiler-specialists	Indexable		3		4	1	0	0.03	59	31	0	9	6	0
https://www.birminghamboilerrepairs.uk/sparkhill/vaillant-specialists	Indexable		3		4	1	0	0.03	59	31	0	9	6	0
https://www.birminghamboilerrepairs.uk/sparkhill/alpha-boiler-specialists	Indexable		3		4	1	0	0.03	59	31	0	9	6	0
https://www.birminghamboilerrepairs.uk/sparkhill/biasi-specialists	Indexable		3		4	1	0	0.03	59	31	0	9	6	0
https://www.birminghamboilerrepairs.uk/sparkhill/atag-specialists	Indexable		3		4	1	0	0.03	59	31	0	9	6	0
https://www.birminghamboilerrepairs.uk/sparkhill/potterton-specialists	Indexable		3		4	1	0	0.03	59	31	0	9	6	0
https://www.birminghamboilerrepairs.uk/sparkhill/combination-boiler-services	Indexable		3		23	21	0	0.62	59	31	0	9	6	0
https://www.birminghamboilerrepairs.uk/sparkhill/ferroli-specialists	Indexable		3		24	21	0	0.62	59	31	0	9	6	0
https://www.birminghamboilerrepairs.uk/sparkhill/baxi-specialists	Indexable		3		4	1	0	0.03	59	31	0	9	6	0
https://www.birminghamboilerrepairs.uk/sparkhill/worcester-bosch-specialists	Indexable		3		10	7	0	0.21	59	31	0	9	6	0
https://www.birminghamboilerrepairs.uk/sparkhill/vokera-specialists	Indexable		3		4	1	0	0.03	59	31	0	9	6	0
https://www.birminghamboilerrepairs.uk/sparkhill/glowworm-specialists	Indexable		3		4	1	0	0.03	59	31	0	9	6	0
https://www.birminghamboilerrepairs.uk/sparkhill/gas-safety	Indexable		3		83	21	0	0.62	59	31	0	9	6	0
https://www.birminghamboilerrepairs.uk/sparkhill/viessmann-specialists	Indexable		3		4	1	0	0.03	59	31	0	9	6	0
https://www.birminghamboilerrepairs.uk/sparkhill/combination-boiler-repairs	Indexable		3		32	21	0	0.62	59	31	0	9	6	0
https://www.birminghamboilerrepairs.uk/sparkhill/boiler-repairs	Indexable		3		83	21	0	0.62	59	31	0	9	6	0
https://www.birminghamboilerrepairs.uk/grimstock-hill/worcester-bosch-specialists	Indexable		3		10	7	0	0.21	59	31	0	9	6	0
https://www.birminghamboilerrepairs.uk/grimstock-hill/alpha-boiler-specialists	Indexable		3		4	1	0	0.03	59	31	0	9	6	0
https://www.birminghamboilerrepairs.uk/grimstock-hill/atag-specialists	Indexable		3		4	1	0	0.03	59	31	0	9	6	0
https://www.birminghamboilerrepairs.uk/grimstock-hill/baxi-specialists	Indexable		3		4	1	0	0.03	59	31	0	9	6	0
https://www.birminghamboilerrepairs.uk/grimstock-hill/vokera-specialists	Indexable		3		4	1	0	0.03	59	31	0	9	6	0
https://www.birminghamboilerrepairs.uk/grimstock-hill/combination-boiler-repairs	Indexable		3		32	21	0	0.62	59	31	0	9	6	0
https://www.birminghamboilerrepairs.uk/grimstock-hill/boiler-servicing	Indexable		3		83	21	0	0.62	59	31	0	9	6	0
https://www.birminghamboilerrepairs.uk/grimstock-hill/main-boiler-specialists	Indexable		3		4	1	0	0.03	59	31	0	9	6	0
https://www.birminghamboilerrepairs.uk/grimstock-hill/biasi-specialists	Indexable		3		4	1	0	0.03	59	31	0	9	6	0
https://www.birminghamboilerrepairs.uk/grimstock-hill/glowworm-specialists	Indexable		3		4	1	0	0.03	59	31	0	9	6	0
https://www.birminghamboilerrepairs.uk/grimstock-hill/boiler-repairs	Indexable		3		83	21	0	0.62	59	31	0	9	6	0
https://www.birminghamboilerrepairs.uk/grimstock-hill/vaillant-specialists	Indexable		3		4	1	0	0.03	59	31	0	9	6	0
https://www.birminghamboilerrepairs.uk/grimstock-hill/ariston-specialists	Indexable		3		4	1	0	0.03	59	31	0	9	6	0
https://www.birminghamboilerrepairs.uk/grimstock-hill/intergas-specialists	Indexable		3		4	1	0	0.03	59	31	0	9	6	0
https://www.birminghamboilerrepairs.uk/grimstock-hill/ideal-boilers-specialists	Indexable		3		4	1	0	0.03	59	31	0	9	6	0
https://www.birminghamboilerrepairs.uk/grimstock-hill/ferroli-specialists	Indexable		3		24	21	0	0.62	59	31	0	9	6	0
https://www.birminghamboilerrepairs.uk/grimstock-hill/heatline-specialists	Indexable		3		4	1	0	0.03	59	31	0	9	6	0
https://www.birminghamboilerrepairs.uk/grimstock-hill/gas-safety	Indexable		3		83	21	0	0.62	59	31	0	9	6	0
https://www.birminghamboilerrepairs.uk/grimstock-hill/viessmann-specialists	Indexable		3		4	1	0	0.03	59	31	0	9	6	0
https://www.birminghamboilerrepairs.uk/grimstock-hill/potterton-specialists	Indexable		3		4	1	0	0.03	59	31	0	9	6	0
https://www.birminghamboilerrepairs.uk/grimstock-hill/combination-boiler-services	Indexable		3		23	21	0	0.62	59	31	0	9	6	0
https://www.birminghamboilerrepairs.uk/dudley/main-boiler-specialists	Indexable		3		4	1	0	0.03	59	31	0	9	6	0
https://www.birminghamboilerrepairs.uk/dudley/ariston-specialists	Indexable		3		4	1	0	0.03	59	31	0	9	6	0
https://www.birminghamboilerrepairs.uk/dudley/alpha-boiler-specialists	Indexable		3		4	1	0	0.03	59	31	0	9	6	0
https://www.birminghamboilerrepairs.uk/dudley/combination-boiler-services	Indexable		3		23	21	0	0.62	59	31	0	9	6	0
https://www.birminghamboilerrepairs.uk/dudley/heatline-specialists	Indexable		3		4	1	0	0.03	59	31	0	9	6	0
https://www.birminghamboilerrepairs.uk/dudley/worcester-bosch-specialists	Indexable		3		10	7	0	0.21	59	31	0	9	6	0
https://www.birminghamboilerrepairs.uk/dudley/baxi-specialists	Indexable		3		4	1	0	0.03	59	31	0	9	6	0
https://www.birminghamboilerrepairs.uk/dudley/boiler-servicing	Indexable		3		83	21	0	0.62	59	31	0	9	6	0
https://www.birminghamboilerrepairs.uk/dudley/vokera-specialists	Indexable		3		4	1	0	0.03	59	31	0	9	6	0
https://www.birminghamboilerrepairs.uk/dudley/intergas-specialists	Indexable		3		4	1	0	0.03	59	31	0	9	6	0
https://www.birminghamboilerrepairs.uk/dudley/biasi-specialists	Indexable		3		4	1	0	0.03	59	31	0	9	6	0
https://www.birminghamboilerrepairs.uk/dudley/vaillant-specialists	Indexable		3		4	1	0	0.03	59	31	0	9	6	0
https://www.birminghamboilerrepairs.uk/dudley/ferroli-specialists	Indexable		3		24	21	0	0.62	59	31	0	9	6	0
https://www.birminghamboilerrepairs.uk/dudley/atag-specialists	Indexable		3		4	1	0	0.03	59	31	0	9	6	0
https://www.birminghamboilerrepairs.uk/dudley/potterton-specialists	Indexable		3		4	1	0	0.03	59	31	0	9	6	0
https://www.birminghamboilerrepairs.uk/dudley/combination-boiler-repairs	Indexable		3		32	21	0	0.62	59	31	0	9	6	0
https://www.birminghamboilerrepairs.uk/dudley/boiler-repairs	Indexable		3		83	21	0	0.62	59	31	0	9	6	0
https://www.birminghamboilerrepairs.uk/dudley/glowworm-specialists	Indexable		3		4	1	0	0.03	59	31	0	9	6	0
https://www.birminghamboilerrepairs.uk/dudley/gas-safety	Indexable		3		83	21	0	0.62	59	31	0	9	6	0
https://www.birminghamboilerrepairs.uk/dudley/ideal-boilers-specialists	Indexable		3		4	1	0	0.03	59	31	0	9	6	0
https://www.birminghamboilerrepairs.uk/dudley/viessmann-specialists	Indexable		3		4	1	0	0.03	59	31	0	9	6	0
https://www.birminghamboilerrepairs.uk/dodford/boiler-servicing	Indexable		3		83	21	0	0.62	59	31	0	9	6	0
https://www.birminghamboilerrepairs.uk/dodford/heatline-specialists	Indexable		3		4	1	0	0.03	59	31	0	9	6	0
https://www.birminghamboilerrepairs.uk/dodford/vokera-specialists	Indexable		3		4	1	0	0.03	59	31	0	9	6	0
https://www.birminghamboilerrepairs.uk/dodford/vaillant-specialists	Indexable		3		4	1	0	0.03	59	31	0	9	6	0
https://www.birminghamboilerrepairs.uk/dodford/atag-specialists	Indexable		3		4	1	0	0.03	59	31	0	9	6	0
https://www.birminghamboilerrepairs.uk/dodford/potterton-specialists	Indexable		3		4	1	0	0.03	59	31	0	9	6	0
https://www.birminghamboilerrepairs.uk/dodford/combination-boiler-repairs	Indexable		3		32	21	0	0.62	59	31	0	9	6	0
https://www.birminghamboilerrepairs.uk/dodford/alpha-boiler-specialists	Indexable		3		4	1	0	0.03	59	31	0	9	6	0
https://www.birminghamboilerrepairs.uk/dodford/ariston-specialists	Indexable		3		4	1	0	0.03	59	31	0	9	6	0
https://www.birminghamboilerrepairs.uk/dodford/viessmann-specialists	Indexable		3		4	1	0	0.03	59	31	0	9	6	0
https://www.birminghamboilerrepairs.uk/dodford/biasi-specialists	Indexable		3		4	1	0	0.03	59	31	0	9	6	0
https://www.birminghamboilerrepairs.uk/dodford/glowworm-specialists	Indexable		3		4	1	0	0.03	59	31	0	9	6	0
https://www.birminghamboilerrepairs.uk/dodford/intergas-specialists	Indexable		3		4	1	0	0.03	59	31	0	9	6	0
https://www.birminghamboilerrepairs.uk/dodford/ideal-boilers-specialists	Indexable		3		4	1	0	0.03	59	31	0	9	6	0
https://www.birminghamboilerrepairs.uk/dodford/main-boiler-specialists	Indexable		3		4	1	0	0.03	59	31	0	9	6	0
https://www.birminghamboilerrepairs.uk/dodford/gas-safety	Indexable		3		83	21	0	0.62	59	31	0	9	6	0
https://www.birminghamboilerrepairs.uk/dodford/combination-boiler-services	Indexable		3		23	21	0	0.62	59	31	0	9	6	0
https://www.birminghamboilerrepairs.uk/dodford/ferroli-specialists	Indexable		3		24	21	0	0.62	59	31	0	9	6	0
https://www.birminghamboilerrepairs.uk/dodford/worcester-bosch-specialists	Indexable		3		10	7	0	0.21	59	31	0	9	6	0
https://www.birminghamboilerrepairs.uk/dodford/baxi-specialists	Indexable		3		4	1	0	0.03	59	31	0	9	6	0
https://www.birminghamboilerrepairs.uk/dodford/boiler-repairs	Indexable		3		83	21	0	0.62	59	31	0	9	6	0
https://www.birminghamboilerrepairs.uk/bromsgrove/atag-specialists	Indexable		3		4	1	0	0.03	59	31	0	9	6	0
https://www.birminghamboilerrepairs.uk/bromsgrove/boiler-repairs	Indexable		3		83	21	0	0.62	59	31	0	9	6	0
https://www.birminghamboilerrepairs.uk/bromsgrove/ideal-boilers-specialists	Indexable		3		4	1	0	0.03	59	31	0	9	6	0
https://www.birminghamboilerrepairs.uk/bromsgrove/heatline-specialists	Indexable		3		4	1	0	0.03	59	31	0	9	6	0
https://www.birminghamboilerrepairs.uk/bromsgrove/alpha-boiler-specialists	Indexable		3		4	1	0	0.03	59	31	0	9	6	0
https://www.birminghamboilerrepairs.uk/bromsgrove/vokera-specialists	Indexable		3		4	1	0	0.03	59	31	0	9	6	0
https://www.birminghamboilerrepairs.uk/bromsgrove/main-boiler-specialists	Indexable		3		4	1	0	0.03	59	31	0	9	6	0
https://www.birminghamboilerrepairs.uk/bromsgrove/combination-boiler-repairs	Indexable		3		32	21	0	0.62	59	31	0	9	6	0
https://www.birminghamboilerrepairs.uk/bromsgrove/worcester-bosch-specialists	Indexable		3		10	7	0	0.21	59	31	0	9	6	0
https://www.birminghamboilerrepairs.uk/bromsgrove/biasi-specialists	Indexable		3		4	1	0	0.03	59	31	0	9	6	0
https://www.birminghamboilerrepairs.uk/bromsgrove/combination-boiler-services	Indexable		3		23	21	0	0.62	59	31	0	9	6	0
https://www.birminghamboilerrepairs.uk/bromsgrove/vaillant-specialists	Indexable		3		4	1	0	0.03	59	31	0	9	6	0
https://www.birminghamboilerrepairs.uk/bromsgrove/ferroli-specialists	Indexable		3		24	21	0	0.62	59	31	0	9	6	0
https://www.birminghamboilerrepairs.uk/bromsgrove/potterton-specialists	Indexable		3		4	1	0	0.03	59	31	0	9	6	0
https://www.birminghamboilerrepairs.uk/bromsgrove/viessmann-specialists	Indexable		3		4	1	0	0.03	59	31	0	9	6	0
https://www.birminghamboilerrepairs.uk/bromsgrove/boiler-servicing	Indexable		3		83	21	0	0.62	59	31	0	9	6	0
https://www.birminghamboilerrepairs.uk/bromsgrove/ariston-specialists	Indexable		3		4	1	0	0.03	59	31	0	9	6	0
https://www.birminghamboilerrepairs.uk/bromsgrove/gas-safety	Indexable		3		83	21	0	0.62	59	31	0	9	6	0
https://www.birminghamboilerrepairs.uk/bromsgrove/glowworm-specialists	Indexable		3		4	1	0	0.03	59	31	0	9	6	0
https://www.birminghamboilerrepairs.uk/bromsgrove/intergas-specialists	Indexable		3		4	1	0	0.03	59	31	0	9	6	0
https://www.birminghamboilerrepairs.uk/tyseley/vokera-specialists	Indexable		3		4	1	0	0.03	59	31	0	9	6	0
https://www.birminghamboilerrepairs.uk/bromsgrove/baxi-specialists	Indexable		3		4	1	0	0.03	59	31	0	9	6	0
https://www.birminghamboilerrepairs.uk/tyseley/boiler-servicing	Indexable		3		83	21	0	0.62	59	31	0	9	6	0
https://www.birminghamboilerrepairs.uk/tyseley/ferroli-specialists	Indexable		3		24	21	0	0.62	59	31	0	9	6	0
https://www.birminghamboilerrepairs.uk/tyseley/alpha-boiler-specialists	Indexable		3		4	1	0	0.03	59	31	0	9	6	0
https://www.birminghamboilerrepairs.uk/tyseley/gas-safety	Indexable		3		83	21	0	0.62	59	31	0	9	6	0
https://www.birminghamboilerrepairs.uk/tyseley/intergas-specialists	Indexable		3		4	1	0	0.03	59	31	0	9	6	0
https://www.birminghamboilerrepairs.uk/tyseley/boiler-repairs	Indexable		3		83	21	0	0.62	59	31	0	9	6	0
https://www.birminghamboilerrepairs.uk/tyseley/main-boiler-specialists	Indexable		3		4	1	0	0.03	59	31	0	9	6	0
https://www.birminghamboilerrepairs.uk/tyseley/ideal-boilers-specialists	Indexable		3		4	1	0	0.03	59	31	0	9	6	0
https://www.birminghamboilerrepairs.uk/tyseley/glowworm-specialists	Indexable		3		4	1	0	0.03	59	31	0	9	6	0
https://www.birminghamboilerrepairs.uk/tyseley/ariston-specialists	Indexable		3		4	1	0	0.03	59	31	0	9	6	0
https://www.birminghamboilerrepairs.uk/tyseley/atag-specialists	Indexable		3		4	1	0	0.03	59	31	0	9	6	0
https://www.birminghamboilerrepairs.uk/tyseley/viessmann-specialists	Indexable		3		4	1	0	0.03	59	31	0	9	6	0
https://www.birminghamboilerrepairs.uk/tyseley/biasi-specialists	Indexable		3		4	1	0	0.03	59	31	0	9	6	0
https://www.birminghamboilerrepairs.uk/tyseley/vaillant-specialists	Indexable		3		4	1	0	0.03	59	31	0	9	6	0
https://www.birminghamboilerrepairs.uk/tyseley/baxi-specialists	Indexable		3		4	1	0	0.03	59	31	0	9	6	0
https://www.birminghamboilerrepairs.uk/tyseley/worcester-bosch-specialists	Indexable		3		10	7	0	0.21	59	31	0	9	6	0
https://www.birminghamboilerrepairs.uk/tyseley/potterton-specialists	Indexable		3		4	1	0	0.03	59	31	0	9	6	0
https://www.birminghamboilerrepairs.uk/tyseley/combination-boiler-services	Indexable		3		23	21	0	0.62	59	31	0	9	6	0
https://www.birminghamboilerrepairs.uk/tyseley/heatline-specialists	Indexable		3		4	1	0	0.03	59	31	0	9	6	0
https://www.birminghamboilerrepairs.uk/tyseley/combination-boiler-repairs	Indexable		3		32	21	0	0.62	59	31	0	9	6	0
https://www.birminghamboilerrepairs.uk/parkhall/vokera-specialists	Indexable		3		4	1	0	0.03	59	31	0	9	6	0
https://www.birminghamboilerrepairs.uk/parkhall/main-boiler-specialists	Indexable		3		4	1	0	0.03	59	31	0	9	6	0
https://www.birminghamboilerrepairs.uk/parkhall/ferroli-specialists	Indexable		3		24	21	0	0.62	59	31	0	9	6	0
https://www.birminghamboilerrepairs.uk/parkhall/boiler-servicing	Indexable		3		83	21	0	0.62	59	31	0	9	6	0
https://www.birminghamboilerrepairs.uk/parkhall/ariston-specialists	Indexable		3		4	1	0	0.03	59	31	0	9	6	0
https://www.birminghamboilerrepairs.uk/parkhall/vaillant-specialists	Indexable		3		4	1	0	0.03	59	31	0	9	6	0
https://www.birminghamboilerrepairs.uk/parkhall/glowworm-specialists	Indexable		3		4	1	0	0.03	59	31	0	9	6	0
https://www.birminghamboilerrepairs.uk/parkhall/viessmann-specialists	Indexable		3		4	1	0	0.03	59	31	0	9	6	0
https://www.birminghamboilerrepairs.uk/parkhall/atag-specialists	Indexable		3		4	1	0	0.03	59	31	0	9	6	0
https://www.birminghamboilerrepairs.uk/parkhall/intergas-specialists	Indexable		3		4	1	0	0.03	59	31	0	9	6	0
https://www.birminghamboilerrepairs.uk/parkhall/biasi-specialists	Indexable		3		4	1	0	0.03	59	31	0	9	6	0
https://www.birminghamboilerrepairs.uk/parkhall/combination-boiler-repairs	Indexable		3		32	21	0	0.62	59	31	0	9	6	0
https://www.birminghamboilerrepairs.uk/parkhall/baxi-specialists	Indexable		3		4	1	0	0.03	59	31	0	9	6	0
https://www.birminghamboilerrepairs.uk/parkhall/potterton-specialists	Indexable		3		4	1	0	0.03	59	31	0	9	6	0
https://www.birminghamboilerrepairs.uk/parkhall/alpha-boiler-specialists	Indexable		3		4	1	0	0.03	59	31	0	9	6	0
https://www.birminghamboilerrepairs.uk/parkhall/boiler-repairs	Indexable		3		83	21	0	0.62	59	31	0	9	6	0
https://www.birminghamboilerrepairs.uk/parkhall/ideal-boilers-specialists	Indexable		3		4	1	0	0.03	59	31	0	9	6	0
https://www.birminghamboilerrepairs.uk/parkhall/gas-safety	Indexable		3		83	21	0	0.62	59	31	0	9	6	0
https://www.birminghamboilerrepairs.uk/parkhall/heatline-specialists	Indexable		3		4	1	0	0.03	59	31	0	9	6	0
https://www.birminghamboilerrepairs.uk/sutton-coldfield/atag-specialists	Indexable		3		4	1	0	0.03	59	31	0	9	6	0
https://www.birminghamboilerrepairs.uk/parkhall/combination-boiler-services	Indexable		3		23	21	0	0.62	59	31	0	9	6	0
https://www.birminghamboilerrepairs.uk/parkhall/worcester-bosch-specialists	Indexable		3		10	7	0	0.21	59	31	0	9	6	0
https://www.birminghamboilerrepairs.uk/sutton-coldfield/alpha-boiler-specialists	Indexable		3		4	1	0	0.03	59	31	0	9	6	0
https://www.birminghamboilerrepairs.uk/sutton-coldfield/combination-boiler-repairs	Indexable		3		32	21	0	0.62	59	31	0	9	6	0
https://www.birminghamboilerrepairs.uk/sutton-coldfield/baxi-specialists	Indexable		3		4	1	0	0.03	59	31	0	9	6	0
https://www.birminghamboilerrepairs.uk/sutton-coldfield/ariston-specialists	Indexable		3		4	1	0	0.03	59	31	0	9	6	0
https://www.birminghamboilerrepairs.uk/sutton-coldfield/potterton-specialists	Indexable		3		4	1	0	0.03	59	31	0	9	6	0
https://www.birminghamboilerrepairs.uk/sutton-coldfield/intergas-specialists	Indexable		3		4	1	0	0.03	59	31	0	9	6	0
https://www.birminghamboilerrepairs.uk/sutton-coldfield/glowworm-specialists	Indexable		3		4	1	0	0.03	59	31	0	9	6	0
https://www.birminghamboilerrepairs.uk/sutton-coldfield/vaillant-specialists	Indexable		3		4	1	0	0.03	59	31	0	9	6	0
https://www.birminghamboilerrepairs.uk/sutton-coldfield/boiler-servicing	Indexable		3		83	21	0	0.62	59	31	0	9	6	0
https://www.birminghamboilerrepairs.uk/sutton-coldfield/gas-safety	Indexable		3		83	21	0	0.62	59	31	0	9	6	0
https://www.birminghamboilerrepairs.uk/sutton-coldfield/main-boiler-specialists	Indexable		3		4	1	0	0.03	59	31	0	9	6	0
https://www.birminghamboilerrepairs.uk/sutton-coldfield/viessmann-specialists	Indexable		3		4	1	0	0.03	59	31	0	9	6	0
https://www.birminghamboilerrepairs.uk/sutton-coldfield/heatline-specialists	Indexable		3		4	1	0	0.03	59	31	0	9	6	0
https://www.birminghamboilerrepairs.uk/sutton-coldfield/worcester-bosch-specialists	Indexable		3		10	7	0	0.21	59	31	0	9	6	0
https://www.birminghamboilerrepairs.uk/sutton-coldfield/combination-boiler-services	Indexable		3		23	21	0	0.62	59	31	0	9	6	0
https://www.birminghamboilerrepairs.uk/sutton-coldfield/ideal-boilers-specialists	Indexable		3		4	1	0	0.03	59	31	0	9	6	0
https://www.birminghamboilerrepairs.uk/sutton-coldfield/biasi-specialists	Indexable		3		4	1	0	0.03	59	31	0	9	6	0
https://www.birminghamboilerrepairs.uk/sutton-coldfield/vokera-specialists	Indexable		3		4	1	0	0.03	59	31	0	9	6	0
https://www.birminghamboilerrepairs.uk/sutton-coldfield/boiler-repairs	Indexable		3		83	21	0	0.62	59	31	0	9	6	0
https://www.birminghamboilerrepairs.uk/sutton-coldfield/ferroli-specialists	Indexable		3		24	21	0	0.62	59	31	0	9	6	0
https://www.birminghamboilerrepairs.uk/yardley/boiler-servicing	Indexable		3		83	21	0	0.62	59	31	0	9	6	0
https://www.birminghamboilerrepairs.uk/yardley/combination-boiler-repairs	Indexable		3		32	21	0	0.62	59	31	0	9	6	0
https://www.birminghamboilerrepairs.uk/yardley/worcester-bosch-specialists	Indexable		3		10	7	0	0.21	59	31	0	9	6	0
https://www.birminghamboilerrepairs.uk/yardley/viessmann-specialists	Indexable		3		4	1	0	0.03	59	31	0	9	6	0
https://www.birminghamboilerrepairs.uk/yardley/main-boiler-specialists	Indexable		3		4	1	0	0.03	59	31	0	9	6	0
https://www.birminghamboilerrepairs.uk/yardley/intergas-specialists	Indexable		3		4	1	0	0.03	59	31	0	9	6	0
https://www.birminghamboilerrepairs.uk/yardley/vokera-specialists	Indexable		3		4	1	0	0.03	59	31	0	9	6	0
https://www.birminghamboilerrepairs.uk/yardley/ideal-boilers-specialists	Indexable		3		4	1	0	0.03	59	31	0	9	6	0
https://www.birminghamboilerrepairs.uk/yardley/gas-safety	Indexable		3		83	21	0	0.62	59	31	0	9	6	0
https://www.birminghamboilerrepairs.uk/yardley/biasi-specialists	Indexable		3		4	1	0	0.03	59	31	0	9	6	0
https://www.birminghamboilerrepairs.uk/yardley/combination-boiler-services	Indexable		3		23	21	0	0.62	59	31	0	9	6	0
https://www.birminghamboilerrepairs.uk/yardley/heatline-specialists	Indexable		3		4	1	0	0.03	59	31	0	9	6	0
https://www.birminghamboilerrepairs.uk/yardley/boiler-repairs	Indexable		3		83	21	0	0.62	59	31	0	9	6	0
https://www.birminghamboilerrepairs.uk/yardley/potterton-specialists	Indexable		3		4	1	0	0.03	59	31	0	9	6	0
https://www.birminghamboilerrepairs.uk/yardley/alpha-boiler-specialists	Indexable		3		4	1	0	0.03	59	31	0	9	6	0
https://www.birminghamboilerrepairs.uk/yardley/ariston-specialists	Indexable		3		4	1	0	0.03	59	31	0	9	6	0
https://www.birminghamboilerrepairs.uk/yardley/atag-specialists	Indexable		3		4	1	0	0.03	59	31	0	9	6	0
https://www.birminghamboilerrepairs.uk/yardley/baxi-specialists	Indexable		3		4	1	0	0.03	59	31	0	9	6	0
https://www.birminghamboilerrepairs.uk/yardley/glowworm-specialists	Indexable		3		4	1	0	0.03	59	31	0	9	6	0
https://www.birminghamboilerrepairs.uk/yardley/vaillant-specialists	Indexable		3		4	1	0	0.03	59	31	0	9	6	0
https://www.birminghamboilerrepairs.uk/yardley/ferroli-specialists	Indexable		3		24	21	0	0.62	59	31	0	9	6	0
https://www.birminghamboilerrepairs.uk/hawkesley/gas-safety	Indexable		3		83	21	0	0.62	59	31	0	9	6	0
https://www.birminghamboilerrepairs.uk/hawkesley/intergas-specialists	Indexable		3		4	1	0	0.03	59	31	0	9	6	0
https://www.birminghamboilerrepairs.uk/hawkesley/combination-boiler-repairs	Indexable		3		32	21	0	0.62	59	31	0	9	6	0
https://www.birminghamboilerrepairs.uk/hawkesley/ferroli-specialists	Indexable		3		24	21	0	0.62	59	31	0	9	6	0
https://www.birminghamboilerrepairs.uk/hawkesley/biasi-specialists	Indexable		3		4	1	0	0.03	59	31	0	9	6	0
https://www.birminghamboilerrepairs.uk/hawkesley/boiler-servicing	Indexable		3		83	21	0	0.62	59	31	0	9	6	0
https://www.birminghamboilerrepairs.uk/hawkesley/boiler-repairs	Indexable		3		83	21	0	0.62	59	31	0	9	6	0
https://www.birminghamboilerrepairs.uk/hawkesley/heatline-specialists	Indexable		3		4	1	0	0.03	59	31	0	9	6	0
https://www.birminghamboilerrepairs.uk/hawkesley/combination-boiler-services	Indexable		3		23	21	0	0.62	59	31	0	9	6	0
https://www.birminghamboilerrepairs.uk/hawkesley/ideal-boilers-specialists	Indexable		3		4	1	0	0.03	59	31	0	9	6	0
https://www.birminghamboilerrepairs.uk/hawkesley/atag-specialists	Indexable		3		4	1	0	0.03	59	31	0	9	6	0
https://www.birminghamboilerrepairs.uk/hawkesley/worcester-bosch-specialists	Indexable		3		10	7	0	0.21	59	31	0	9	6	0
https://www.birminghamboilerrepairs.uk/hawkesley/vokera-specialists	Indexable		3		4	1	0	0.03	59	31	0	9	6	0
https://www.birminghamboilerrepairs.uk/hawkesley/alpha-boiler-specialists	Indexable		3		4	1	0	0.03	59	31	0	9	6	0
https://www.birminghamboilerrepairs.uk/hawkesley/glowworm-specialists	Indexable		3		4	1	0	0.03	59	31	0	9	6	0
https://www.birminghamboilerrepairs.uk/hawkesley/ariston-specialists	Indexable		3		4	1	0	0.03	59	31	0	9	6	0
https://www.birminghamboilerrepairs.uk/hawkesley/vaillant-specialists	Indexable		3		4	1	0	0.03	59	31	0	9	6	0
https://www.birminghamboilerrepairs.uk/hawkesley/potterton-specialists	Indexable		3		4	1	0	0.03	59	31	0	9	6	0
https://www.birminghamboilerrepairs.uk/hawkesley/main-boiler-specialists	Indexable		3		4	1	0	0.03	59	31	0	9	6	0
https://www.birminghamboilerrepairs.uk/hawkesley/viessmann-specialists	Indexable		3		4	1	0	0.03	59	31	0	9	6	0
https://www.birminghamboilerrepairs.uk/hawkesley/baxi-specialists	Indexable		3		4	1	0	0.03	59	31	0	9	6	0
https://www.birminghamboilerrepairs.uk/birchfield/ferroli-specialists	Indexable		3		24	21	0	0.62	59	31	0	9	6	0
https://www.birminghamboilerrepairs.uk/birchfield/atag-specialists	Indexable		3		4	1	0	0.03	59	31	0	9	6	0
https://www.birminghamboilerrepairs.uk/birchfield/boiler-servicing	Indexable		3		83	21	0	0.62	59	31	0	9	6	0
https://www.birminghamboilerrepairs.uk/birchfield/glowworm-specialists	Indexable		3		4	1	0	0.03	59	31	0	9	6	0
https://www.birminghamboilerrepairs.uk/birchfield/alpha-boiler-specialists	Indexable		3		4	1	0	0.03	59	31	0	9	6	0
https://www.birminghamboilerrepairs.uk/birchfield/baxi-specialists	Indexable		3		4	1	0	0.03	59	31	0	9	6	0
https://www.birminghamboilerrepairs.uk/birchfield/heatline-specialists	Indexable		3		4	1	0	0.03	59	31	0	9	6	0
https://www.birminghamboilerrepairs.uk/birchfield/potterton-specialists	Indexable		3		4	1	0	0.03	59	31	0	9	6	0
https://www.birminghamboilerrepairs.uk/birchfield/biasi-specialists	Indexable		3		4	1	0	0.03	59	31	0	9	6	0
https://www.birminghamboilerrepairs.uk/birchfield/vokera-specialists	Indexable		3		4	1	0	0.03	59	31	0	9	6	0
https://www.birminghamboilerrepairs.uk/birchfield/combination-boiler-repairs	Indexable		3		32	21	0	0.62	59	31	0	9	6	0
https://www.birminghamboilerrepairs.uk/birchfield/main-boiler-specialists	Indexable		3		4	1	0	0.03	59	31	0	9	6	0
https://www.birminghamboilerrepairs.uk/birchfield/gas-safety	Indexable		3		83	21	0	0.62	59	31	0	9	6	0
https://www.birminghamboilerrepairs.uk/birchfield/boiler-repairs	Indexable		3		83	21	0	0.62	59	31	0	9	6	0
https://www.birminghamboilerrepairs.uk/birchfield/intergas-specialists	Indexable		3		4	1	0	0.03	59	31	0	9	6	0
https://www.birminghamboilerrepairs.uk/birchfield/ariston-specialists	Indexable		3		4	1	0	0.03	59	31	0	9	6	0
https://www.birminghamboilerrepairs.uk/birchfield/vaillant-specialists	Indexable		3		4	1	0	0.03	59	31	0	9	6	0
https://www.birminghamboilerrepairs.uk/birchfield/combination-boiler-services	Indexable		3		23	21	0	0.62	59	31	0	9	6	0
https://www.birminghamboilerrepairs.uk/birchfield/viessmann-specialists	Indexable		3		4	1	0	0.03	59	31	0	9	6	0
https://www.birminghamboilerrepairs.uk/birchfield/ideal-boilers-specialists	Indexable		3		4	1	0	0.03	59	31	0	9	6	0
https://www.birminghamboilerrepairs.uk/hodge-hill/gas-safety	Indexable		3		83	21	0	0.62	59	31	0	9	6	0
https://www.birminghamboilerrepairs.uk/birchfield/worcester-bosch-specialists	Indexable		3		10	7	0	0.21	59	31	0	9	6	0
https://www.birminghamboilerrepairs.uk/hodge-hill/alpha-boiler-specialists	Indexable		3		4	1	0	0.03	59	31	0	9	6	0
https://www.birminghamboilerrepairs.uk/hodge-hill/vaillant-specialists	Indexable		3		4	1	0	0.03	59	31	0	9	6	0
https://www.birminghamboilerrepairs.uk/hodge-hill/boiler-servicing	Indexable		3		83	21	0	0.62	59	31	0	9	6	0
https://www.birminghamboilerrepairs.uk/hodge-hill/viessmann-specialists	Indexable		3		4	1	0	0.03	59	31	0	9	6	0
https://www.birminghamboilerrepairs.uk/hodge-hill/biasi-specialists	Indexable		3		4	1	0	0.03	59	31	0	9	6	0
https://www.birminghamboilerrepairs.uk/hodge-hill/vokera-specialists	Indexable		3		4	1	0	0.03	59	31	0	9	6	0
https://www.birminghamboilerrepairs.uk/hodge-hill/intergas-specialists	Indexable		3		4	1	0	0.03	59	31	0	9	6	0
https://www.birminghamboilerrepairs.uk/hodge-hill/boiler-repairs	Indexable		3		83	21	0	0.62	59	31	0	9	6	0
https://www.birminghamboilerrepairs.uk/hodge-hill/potterton-specialists	Indexable		3		4	1	0	0.03	59	31	0	9	6	0
https://www.birminghamboilerrepairs.uk/hodge-hill/ideal-boilers-specialists	Indexable		3		4	1	0	0.03	59	31	0	9	6	0
https://www.birminghamboilerrepairs.uk/hodge-hill/atag-specialists	Indexable		3		4	1	0	0.03	59	31	0	9	6	0
https://www.birminghamboilerrepairs.uk/hodge-hill/glowworm-specialists	Indexable		3		4	1	0	0.03	59	31	0	9	6	0
https://www.birminghamboilerrepairs.uk/hodge-hill/ferroli-specialists	Indexable		3		24	21	0	0.62	59	31	0	9	6	0
https://www.birminghamboilerrepairs.uk/hodge-hill/worcester-bosch-specialists	Indexable		3		10	7	0	0.21	59	31	0	9	6	0
https://www.birminghamboilerrepairs.uk/hodge-hill/heatline-specialists	Indexable		3		4	1	0	0.03	59	31	0	9	6	0
https://www.birminghamboilerrepairs.uk/hodge-hill/combination-boiler-repairs	Indexable		3		32	21	0	0.62	59	31	0	9	6	0
https://www.birminghamboilerrepairs.uk/hodge-hill/baxi-specialists	Indexable		3		4	1	0	0.03	59	31	0	9	6	0
https://www.birminghamboilerrepairs.uk/hodge-hill/main-boiler-specialists	Indexable		3		4	1	0	0.03	59	31	0	9	6	0
https://www.birminghamboilerrepairs.uk/hodge-hill/ariston-specialists	Indexable		3		4	1	0	0.03	59	31	0	9	6	0
https://www.birminghamboilerrepairs.uk/hodge-hill/combination-boiler-services	Indexable		3		23	21	0	0.62	59	31	0	9	6	0
https://www.birminghamboilerrepairs.uk/edgbaston/ideal-boilers-specialists	Indexable		3		4	1	0	0.03	59	31	0	9	6	0
https://www.birminghamboilerrepairs.uk/edgbaston/biasi-specialists	Indexable		3		4	1	0	0.03	59	31	0	9	6	0
https://www.birminghamboilerrepairs.uk/edgbaston/alpha-boiler-specialists	Indexable		3		4	1	0	0.03	59	31	0	9	6	0
https://www.birminghamboilerrepairs.uk/edgbaston/ariston-specialists	Indexable		3		4	1	0	0.03	59	31	0	9	6	0
https://www.birminghamboilerrepairs.uk/edgbaston/boiler-servicing	Indexable		3		83	21	0	0.62	59	31	0	9	6	0
https://www.birminghamboilerrepairs.uk/edgbaston/worcester-bosch-specialists	Indexable		3		10	7	0	0.21	59	31	0	9	6	0
https://www.birminghamboilerrepairs.uk/edgbaston/vaillant-specialists	Indexable		3		4	1	0	0.03	59	31	0	9	6	0
https://www.birminghamboilerrepairs.uk/edgbaston/glowworm-specialists	Indexable		3		4	1	0	0.03	59	31	0	9	6	0
https://www.birminghamboilerrepairs.uk/edgbaston/atag-specialists	Indexable		3		4	1	0	0.03	59	31	0	9	6	0
https://www.birminghamboilerrepairs.uk/edgbaston/heatline-specialists	Indexable		3		4	1	0	0.03	59	31	0	9	6	0
https://www.birminghamboilerrepairs.uk/edgbaston/viessmann-specialists	Indexable		3		4	1	0	0.03	59	31	0	9	6	0
https://www.birminghamboilerrepairs.uk/edgbaston/boiler-repairs	Indexable		3		83	21	0	0.62	59	31	0	9	6	0
https://www.birminghamboilerrepairs.uk/edgbaston/combination-boiler-repairs	Indexable		3		32	21	0	0.62	59	31	0	9	6	0
https://www.birminghamboilerrepairs.uk/edgbaston/vokera-specialists	Indexable		3		4	1	0	0.03	59	31	0	9	6	0
https://www.birminghamboilerrepairs.uk/edgbaston/combination-boiler-services	Indexable		3		23	21	0	0.62	59	31	0	9	6	0
https://www.birminghamboilerrepairs.uk/edgbaston/gas-safety	Indexable		3		83	21	0	0.62	59	31	0	9	6	0
https://www.birminghamboilerrepairs.uk/edgbaston/main-boiler-specialists	Indexable		3		4	1	0	0.03	59	31	0	9	6	0
https://www.birminghamboilerrepairs.uk/edgbaston/baxi-specialists	Indexable		3		4	1	0	0.03	59	31	0	9	6	0
https://www.birminghamboilerrepairs.uk/edgbaston/potterton-specialists	Indexable		3		4	1	0	0.03	59	31	0	9	6	0
https://www.birminghamboilerrepairs.uk/edgbaston/ferroli-specialists	Indexable		3		24	21	0	0.62	59	31	0	9	6	0
https://www.birminghamboilerrepairs.uk/short-heath/combination-boiler-services	Indexable		3		23	21	0	0.62	59	31	0	9	6	0
https://www.birminghamboilerrepairs.uk/short-heath/gas-safety	Indexable		3		83	21	0	0.62	59	31	0	9	6	0
https://www.birminghamboilerrepairs.uk/edgbaston/intergas-specialists	Indexable		3		4	1	0	0.03	59	31	0	9	6	0
https://www.birminghamboilerrepairs.uk/short-heath/ideal-boilers-specialists	Indexable		3		4	1	0	0.03	59	31	0	9	6	0
https://www.birminghamboilerrepairs.uk/short-heath/intergas-specialists	Indexable		3		4	1	0	0.03	59	31	0	9	6	0
https://www.birminghamboilerrepairs.uk/short-heath/baxi-specialists	Indexable		3		4	1	0	0.03	59	31	0	9	6	0
https://www.birminghamboilerrepairs.uk/short-heath/combination-boiler-repairs	Indexable		3		32	21	0	0.62	59	31	0	9	6	0
https://www.birminghamboilerrepairs.uk/short-heath/vokera-specialists	Indexable		3		4	1	0	0.03	59	31	0	9	6	0
https://www.birminghamboilerrepairs.uk/short-heath/boiler-servicing	Indexable		3		83	21	0	0.62	59	31	0	9	6	0
https://www.birminghamboilerrepairs.uk/short-heath/heatline-specialists	Indexable		3		4	1	0	0.03	59	31	0	9	6	0
https://www.birminghamboilerrepairs.uk/short-heath/viessmann-specialists	Indexable		3		4	1	0	0.03	59	31	0	9	6	0
https://www.birminghamboilerrepairs.uk/short-heath/boiler-repairs	Indexable		3		83	21	0	0.62	59	31	0	9	6	0
https://www.birminghamboilerrepairs.uk/short-heath/atag-specialists	Indexable		3		4	1	0	0.03	59	31	0	9	6	0
https://www.birminghamboilerrepairs.uk/short-heath/ariston-specialists	Indexable		3		4	1	0	0.03	59	31	0	9	6	0
https://www.birminghamboilerrepairs.uk/short-heath/alpha-boiler-specialists	Indexable		3		4	1	0	0.03	59	31	0	9	6	0
https://www.birminghamboilerrepairs.uk/short-heath/biasi-specialists	Indexable		3		4	1	0	0.03	59	31	0	9	6	0
https://www.birminghamboilerrepairs.uk/short-heath/potterton-specialists	Indexable		3		4	1	0	0.03	59	31	0	9	6	0
https://www.birminghamboilerrepairs.uk/short-heath/worcester-bosch-specialists	Indexable		3		10	7	0	0.21	59	31	0	9	6	0
https://www.birminghamboilerrepairs.uk/short-heath/glowworm-specialists	Indexable		3		4	1	0	0.03	59	31	0	9	6	0
https://www.birminghamboilerrepairs.uk/short-heath/vaillant-specialists	Indexable		3		4	1	0	0.03	59	31	0	9	6	0
https://www.birminghamboilerrepairs.uk/short-heath/main-boiler-specialists	Indexable		3		4	1	0	0.03	59	31	0	9	6	0
https://www.birminghamboilerrepairs.uk/short-heath/ferroli-specialists	Indexable		3		24	21	0	0.62	59	31	0	9	6	0
https://www.birminghamboilerrepairs.uk/stirchley/vaillant-specialists	Indexable		3		4	1	0	0.03	59	31	0	9	6	0
https://www.birminghamboilerrepairs.uk/stirchley/intergas-specialists	Indexable		3		4	1	0	0.03	59	31	0	9	6	0
https://www.birminghamboilerrepairs.uk/stirchley/gas-safety	Indexable		3		83	21	0	0.62	59	31	0	9	6	0
https://www.birminghamboilerrepairs.uk/stirchley/biasi-specialists	Indexable		3		4	1	0	0.03	59	31	0	9	6	0
https://www.birminghamboilerrepairs.uk/stirchley/alpha-boiler-specialists	Indexable		3		4	1	0	0.03	59	31	0	9	6	0
https://www.birminghamboilerrepairs.uk/stirchley/heatline-specialists	Indexable		3		4	1	0	0.03	59	31	0	9	6	0
https://www.birminghamboilerrepairs.uk/stirchley/glowworm-specialists	Indexable		3		4	1	0	0.03	59	31	0	9	6	0
https://www.birminghamboilerrepairs.uk/stirchley/ideal-boilers-specialists	Indexable		3		4	1	0	0.03	59	31	0	9	6	0
https://www.birminghamboilerrepairs.uk/stirchley/atag-specialists	Indexable		3		4	1	0	0.03	59	31	0	9	6	0
https://www.birminghamboilerrepairs.uk/stirchley/ariston-specialists	Indexable		3		4	1	0	0.03	59	31	0	9	6	0
https://www.birminghamboilerrepairs.uk/stirchley/combination-boiler-services	Indexable		3		23	21	0	0.62	59	31	0	9	6	0
https://www.birminghamboilerrepairs.uk/stirchley/ferroli-specialists	Indexable		3		24	21	0	0.62	59	31	0	9	6	0
https://www.birminghamboilerrepairs.uk/stirchley/baxi-specialists	Indexable		3		4	1	0	0.03	59	31	0	9	6	0
https://www.birminghamboilerrepairs.uk/stirchley/boiler-servicing	Indexable		3		83	21	0	0.62	59	31	0	9	6	0
https://www.birminghamboilerrepairs.uk/stirchley/potterton-specialists	Indexable		3		4	1	0	0.03	59	31	0	9	6	0
https://www.birminghamboilerrepairs.uk/stirchley/main-boiler-specialists	Indexable		3		4	1	0	0.03	59	31	0	9	6	0
https://www.birminghamboilerrepairs.uk/stirchley/boiler-repairs	Indexable		3		83	21	0	0.62	59	31	0	9	6	0
https://www.birminghamboilerrepairs.uk/stirchley/viessmann-specialists	Indexable		3		4	1	0	0.03	59	31	0	9	6	0
https://www.birminghamboilerrepairs.uk/stirchley/worcester-bosch-specialists	Indexable		3		10	7	0	0.21	59	31	0	9	6	0
https://www.birminghamboilerrepairs.uk/stirchley/vokera-specialists	Indexable		3		4	1	0	0.03	59	31	0	9	6	0
https://www.birminghamboilerrepairs.uk/deritend/vokera-specialists	Indexable		3		4	1	0	0.03	59	31	0	9	6	0
https://www.birminghamboilerrepairs.uk/deritend/biasi-specialists	Indexable		3		4	1	0	0.03	59	31	0	9	6	0
https://www.birminghamboilerrepairs.uk/stirchley/combination-boiler-repairs	Indexable		3		32	21	0	0.62	59	31	0	9	6	0
https://www.birminghamboilerrepairs.uk/deritend/ideal-boilers-specialists	Indexable		3		4	1	0	0.03	59	31	0	9	6	0
https://www.birminghamboilerrepairs.uk/deritend/ariston-specialists	Indexable		3		4	1	0	0.03	59	31	0	9	6	0
https://www.birminghamboilerrepairs.uk/deritend/viessmann-specialists	Indexable		3		4	1	0	0.03	59	31	0	9	6	0
https://www.birminghamboilerrepairs.uk/deritend/baxi-specialists	Indexable		3		4	1	0	0.03	59	31	0	9	6	0
https://www.birminghamboilerrepairs.uk/deritend/main-boiler-specialists	Indexable		3		4	1	0	0.03	59	31	0	9	6	0
https://www.birminghamboilerrepairs.uk/deritend/atag-specialists	Indexable		3		4	1	0	0.03	59	31	0	9	6	0
https://www.birminghamboilerrepairs.uk/deritend/heatline-specialists	Indexable		3		4	1	0	0.03	59	31	0	9	6	0
https://www.birminghamboilerrepairs.uk/deritend/boiler-repairs	Indexable		3		83	21	0	0.62	59	31	0	9	6	0
https://www.birminghamboilerrepairs.uk/deritend/intergas-specialists	Indexable		3		4	1	0	0.03	59	31	0	9	6	0
https://www.birminghamboilerrepairs.uk/deritend/boiler-servicing	Indexable		3		83	21	0	0.62	59	31	0	9	6	0
https://www.birminghamboilerrepairs.uk/deritend/combination-boiler-repairs	Indexable		3		32	21	0	0.62	59	31	0	9	6	0
https://www.birminghamboilerrepairs.uk/deritend/worcester-bosch-specialists	Indexable		3		10	7	0	0.21	59	31	0	9	6	0
https://www.birminghamboilerrepairs.uk/deritend/glowworm-specialists	Indexable		3		4	1	0	0.03	59	31	0	9	6	0
https://www.birminghamboilerrepairs.uk/deritend/ferroli-specialists	Indexable		3		24	21	0	0.62	59	31	0	9	6	0
https://www.birminghamboilerrepairs.uk/deritend/alpha-boiler-specialists	Indexable		3		4	1	0	0.03	59	31	0	9	6	0
https://www.birminghamboilerrepairs.uk/deritend/potterton-specialists	Indexable		3		4	1	0	0.03	59	31	0	9	6	0
https://www.birminghamboilerrepairs.uk/deritend/combination-boiler-services	Indexable		3		23	21	0	0.62	59	31	0	9	6	0
https://www.birminghamboilerrepairs.uk/deritend/vaillant-specialists	Indexable		3		4	1	0	0.03	59	31	0	9	6	0
https://www.birminghamboilerrepairs.uk/deritend/gas-safety	Indexable		3		83	21	0	0.62	59	31	0	9	6	0
https://www.birminghamboilerrepairs.uk/southside/intergas-specialists	Indexable		3		4	1	0	0.03	59	31	0	9	6	0
https://www.birminghamboilerrepairs.uk/southside/viessmann-specialists	Indexable		3		4	1	0	0.03	59	31	0	9	6	0
https://www.birminghamboilerrepairs.uk/southside/baxi-specialists	Indexable		3		4	1	0	0.03	59	31	0	9	6	0
https://www.birminghamboilerrepairs.uk/southside/heatline-specialists	Indexable		3		4	1	0	0.03	59	31	0	9	6	0
https://www.birminghamboilerrepairs.uk/southside/ferroli-specialists	Indexable		3		24	21	0	0.62	59	31	0	9	6	0
https://www.birminghamboilerrepairs.uk/southside/main-boiler-specialists	Indexable		3		4	1	0	0.03	59	31	0	9	6	0
https://www.birminghamboilerrepairs.uk/southside/worcester-bosch-specialists	Indexable		3		10	7	0	0.21	59	31	0	9	6	0
https://www.birminghamboilerrepairs.uk/southside/glowworm-specialists	Indexable		3		4	1	0	0.03	59	31	0	9	6	0
https://www.birminghamboilerrepairs.uk/southside/boiler-repairs	Indexable		3		83	21	0	0.62	59	31	0	9	6	0
https://www.birminghamboilerrepairs.uk/southside/biasi-specialists	Indexable		3		4	1	0	0.03	59	31	0	9	6	0
https://www.birminghamboilerrepairs.uk/southside/alpha-boiler-specialists	Indexable		3		4	1	0	0.03	59	31	0	9	6	0
https://www.birminghamboilerrepairs.uk/southside/combination-boiler-repairs	Indexable		3		32	21	0	0.62	59	31	0	9	6	0
https://www.birminghamboilerrepairs.uk/southside/ideal-boilers-specialists	Indexable		3		4	1	0	0.03	59	31	0	9	6	0
https://www.birminghamboilerrepairs.uk/southside/boiler-servicing	Indexable		3		83	21	0	0.62	59	31	0	9	6	0
https://www.birminghamboilerrepairs.uk/southside/gas-safety	Indexable		3		83	21	0	0.62	59	31	0	9	6	0
https://www.birminghamboilerrepairs.uk/southside/ariston-specialists	Indexable		3		4	1	0	0.03	59	31	0	9	6	0
https://www.birminghamboilerrepairs.uk/southside/combination-boiler-services	Indexable		3		23	21	0	0.62	59	31	0	9	6	0
https://www.birminghamboilerrepairs.uk/southside/vokera-specialists	Indexable		3		4	1	0	0.03	59	31	0	9	6	0
https://www.birminghamboilerrepairs.uk/southside/vaillant-specialists	Indexable		3		4	1	0	0.03	59	31	0	9	6	0
https://www.birminghamboilerrepairs.uk/southside/atag-specialists	Indexable		3		4	1	0	0.03	59	31	0	9	6	0
https://www.birminghamboilerrepairs.uk/streetly/boiler-servicing	Indexable		3		83	21	0	0.62	59	31	0	9	6	0
https://www.birminghamboilerrepairs.uk/southside/potterton-specialists	Indexable		3		4	1	0	0.03	59	31	0	9	6	0
https://www.birminghamboilerrepairs.uk/streetly/viessmann-specialists	Indexable		3		4	1	0	0.03	59	31	0	9	6	0
https://www.birminghamboilerrepairs.uk/streetly/glowworm-specialists	Indexable		3		4	1	0	0.03	59	31	0	9	6	0
https://www.birminghamboilerrepairs.uk/streetly/combination-boiler-services	Indexable		3		23	21	0	0.62	59	31	0	9	6	0
https://www.birminghamboilerrepairs.uk/streetly/ariston-specialists	Indexable		3		4	1	0	0.03	59	31	0	9	6	0
https://www.birminghamboilerrepairs.uk/streetly/vaillant-specialists	Indexable		3		4	1	0	0.03	59	31	0	9	6	0
https://www.birminghamboilerrepairs.uk/streetly/biasi-specialists	Indexable		3		4	1	0	0.03	59	31	0	9	6	0
https://www.birminghamboilerrepairs.uk/streetly/atag-specialists	Indexable		3		4	1	0	0.03	59	31	0	9	6	0
https://www.birminghamboilerrepairs.uk/streetly/baxi-specialists	Indexable		3		4	1	0	0.03	59	31	0	9	6	0
https://www.birminghamboilerrepairs.uk/streetly/alpha-boiler-specialists	Indexable		3		4	1	0	0.03	59	31	0	9	6	0
https://www.birminghamboilerrepairs.uk/streetly/intergas-specialists	Indexable		3		4	1	0	0.03	59	31	0	9	6	0
https://www.birminghamboilerrepairs.uk/streetly/main-boiler-specialists	Indexable		3		4	1	0	0.03	59	31	0	9	6	0
https://www.birminghamboilerrepairs.uk/streetly/combination-boiler-repairs	Indexable		3		32	21	0	0.62	59	31	0	9	6	0
https://www.birminghamboilerrepairs.uk/streetly/boiler-repairs	Indexable		3		83	21	0	0.62	59	31	0	9	6	0
https://www.birminghamboilerrepairs.uk/streetly/heatline-specialists	Indexable		3		4	1	0	0.03	59	31	0	9	6	0
https://www.birminghamboilerrepairs.uk/streetly/worcester-bosch-specialists	Indexable		3		10	7	0	0.21	59	31	0	9	6	0
https://www.birminghamboilerrepairs.uk/streetly/vokera-specialists	Indexable		3		4	1	0	0.03	59	31	0	9	6	0
https://www.birminghamboilerrepairs.uk/streetly/potterton-specialists	Indexable		3		4	1	0	0.03	59	31	0	9	6	0
https://www.birminghamboilerrepairs.uk/streetly/gas-safety	Indexable		3		83	21	0	0.62	59	31	0	9	6	0
https://www.birminghamboilerrepairs.uk/streetly/ferroli-specialists	Indexable		3		24	21	0	0.62	59	31	0	9	6	0
https://www.birminghamboilerrepairs.uk/streetly/ideal-boilers-specialists	Indexable		3		4	1	0	0.03	59	31	0	9	6	0
https://www.birminghamboilerrepairs.uk/greet/atag-specialists	Indexable		3		4	1	0	0.03	59	31	0	9	6	0
https://www.birminghamboilerrepairs.uk/greet/combination-boiler-repairs	Indexable		3		32	21	0	0.62	59	31	0	9	6	0
https://www.birminghamboilerrepairs.uk/greet/ideal-boilers-specialists	Indexable		3		4	1	0	0.03	59	31	0	9	6	0
https://www.birminghamboilerrepairs.uk/greet/viessmann-specialists	Indexable		3		4	1	0	0.03	59	31	0	9	6	0
https://www.birminghamboilerrepairs.uk/greet/main-boiler-specialists	Indexable		3		4	1	0	0.03	59	31	0	9	6	0
https://www.birminghamboilerrepairs.uk/greet/vokera-specialists	Indexable		3		4	1	0	0.03	59	31	0	9	6	0
https://www.birminghamboilerrepairs.uk/greet/worcester-bosch-specialists	Indexable		3		10	7	0	0.21	59	31	0	9	6	0
https://www.birminghamboilerrepairs.uk/greet/boiler-repairs	Indexable		3		83	21	0	0.62	59	31	0	9	6	0
https://www.birminghamboilerrepairs.uk/greet/baxi-specialists	Indexable		3		4	1	0	0.03	59	31	0	9	6	0
https://www.birminghamboilerrepairs.uk/greet/vaillant-specialists	Indexable		3		4	1	0	0.03	59	31	0	9	6	0
https://www.birminghamboilerrepairs.uk/greet/glowworm-specialists	Indexable		3		4	1	0	0.03	59	31	0	9	6	0
https://www.birminghamboilerrepairs.uk/greet/potterton-specialists	Indexable		3		4	1	0	0.03	59	31	0	9	6	0
https://www.birminghamboilerrepairs.uk/greet/alpha-boiler-specialists	Indexable		3		4	1	0	0.03	59	31	0	9	6	0
https://www.birminghamboilerrepairs.uk/greet/boiler-servicing	Indexable		3		83	21	0	0.62	59	31	0	9	6	0
https://www.birminghamboilerrepairs.uk/greet/combination-boiler-services	Indexable		3		23	21	0	0.62	59	31	0	9	6	0
https://www.birminghamboilerrepairs.uk/greet/ferroli-specialists	Indexable		3		24	21	0	0.62	59	31	0	9	6	0
https://www.birminghamboilerrepairs.uk/greet/intergas-specialists	Indexable		3		4	1	0	0.03	59	31	0	9	6	0
https://www.birminghamboilerrepairs.uk/greet/biasi-specialists	Indexable		3		4	1	0	0.03	59	31	0	9	6	0
https://www.birminghamboilerrepairs.uk/greet/heatline-specialists	Indexable		3		4	1	0	0.03	59	31	0	9	6	0
https://www.birminghamboilerrepairs.uk/greet/gas-safety	Indexable		3		83	21	0	0.62	59	31	0	9	6	0
https://www.birminghamboilerrepairs.uk/greet/ariston-specialists	Indexable		3		4	1	0	0.03	59	31	0	9	6	0
https://www.birminghamboilerrepairs.uk/sparkbrook/baxi-specialists	Indexable		3		4	1	0	0.03	59	31	0	9	6	0
https://www.birminghamboilerrepairs.uk/sparkbrook/boiler-repairs	Indexable		3		83	21	0	0.62	59	31	0	9	6	0
https://www.birminghamboilerrepairs.uk/sparkbrook/atag-specialists	Indexable		3		4	1	0	0.03	59	31	0	9	6	0
https://www.birminghamboilerrepairs.uk/sparkbrook/worcester-bosch-specialists	Indexable		3		10	7	0	0.21	59	31	0	9	6	0
https://www.birminghamboilerrepairs.uk/sparkbrook/viessmann-specialists	Indexable		3		4	1	0	0.03	59	31	0	9	6	0
https://www.birminghamboilerrepairs.uk/sparkbrook/vaillant-specialists	Indexable		3		4	1	0	0.03	59	31	0	9	6	0
https://www.birminghamboilerrepairs.uk/sparkbrook/vokera-specialists	Indexable		3		4	1	0	0.03	59	31	0	9	6	0
https://www.birminghamboilerrepairs.uk/sparkbrook/main-boiler-specialists	Indexable		3		4	1	0	0.03	59	31	0	9	6	0
https://www.birminghamboilerrepairs.uk/sparkbrook/combination-boiler-repairs	Indexable		3		32	21	0	0.62	59	31	0	9	6	0
https://www.birminghamboilerrepairs.uk/sparkbrook/heatline-specialists	Indexable		3		4	1	0	0.03	59	31	0	9	6	0
https://www.birminghamboilerrepairs.uk/sparkbrook/ferroli-specialists	Indexable		3		24	21	0	0.62	59	31	0	9	6	0
https://www.birminghamboilerrepairs.uk/sparkbrook/boiler-servicing	Indexable		3		83	21	0	0.62	59	31	0	9	6	0
https://www.birminghamboilerrepairs.uk/sparkbrook/combination-boiler-services	Indexable		3		23	21	0	0.62	59	31	0	9	6	0
https://www.birminghamboilerrepairs.uk/sparkbrook/gas-safety	Indexable		3		83	21	0	0.62	59	31	0	9	6	0
https://www.birminghamboilerrepairs.uk/sparkbrook/ariston-specialists	Indexable		3		4	1	0	0.03	59	31	0	9	6	0
https://www.birminghamboilerrepairs.uk/sparkbrook/alpha-boiler-specialists	Indexable		3		4	1	0	0.03	59	31	0	9	6	0
https://www.birminghamboilerrepairs.uk/sparkbrook/potterton-specialists	Indexable		3		4	1	0	0.03	59	31	0	9	6	0
https://www.birminghamboilerrepairs.uk/sparkbrook/ideal-boilers-specialists	Indexable		3		4	1	0	0.03	59	31	0	9	6	0
https://www.birminghamboilerrepairs.uk/sparkbrook/glowworm-specialists	Indexable		3		4	1	0	0.03	59	31	0	9	6	0
https://www.birminghamboilerrepairs.uk/sparkbrook/biasi-specialists	Indexable		3		4	1	0	0.03	59	31	0	9	6	0
https://www.birminghamboilerrepairs.uk/sparkbrook/intergas-specialists	Indexable		3		4	1	0	0.03	59	31	0	9	6	0
https://www.birminghamboilerrepairs.uk/harts-green/viessmann-specialists	Indexable		3		4	1	0	0.03	59	31	0	9	6	0
https://www.birminghamboilerrepairs.uk/harts-green/vaillant-specialists	Indexable		3		4	1	0	0.03	59	31	0	9	6	0
https://www.birminghamboilerrepairs.uk/harts-green/heatline-specialists	Indexable		3		4	1	0	0.03	59	31	0	9	6	0
https://www.birminghamboilerrepairs.uk/harts-green/boiler-servicing	Indexable		3		83	21	0	0.62	59	31	0	9	6	0
https://www.birminghamboilerrepairs.uk/harts-green/combination-boiler-repairs	Indexable		3		32	21	0	0.62	59	31	0	9	6	0
https://www.birminghamboilerrepairs.uk/harts-green/gas-safety	Indexable		3		83	21	0	0.62	59	31	0	9	6	0
https://www.birminghamboilerrepairs.uk/harts-green/biasi-specialists	Indexable		3		4	1	0	0.03	59	31	0	9	6	0
https://www.birminghamboilerrepairs.uk/harts-green/combination-boiler-services	Indexable		3		23	21	0	0.62	59	31	0	9	6	0
https://www.birminghamboilerrepairs.uk/harts-green/main-boiler-specialists	Indexable		3		4	1	0	0.03	59	31	0	9	6	0
https://www.birminghamboilerrepairs.uk/harts-green/ideal-boilers-specialists	Indexable		3		4	1	0	0.03	59	31	0	9	6	0
https://www.birminghamboilerrepairs.uk/harts-green/alpha-boiler-specialists	Indexable		3		4	1	0	0.03	59	31	0	9	6	0
https://www.birminghamboilerrepairs.uk/harts-green/vokera-specialists	Indexable		3		4	1	0	0.03	59	31	0	9	6	0
https://www.birminghamboilerrepairs.uk/harts-green/baxi-specialists	Indexable		3		4	1	0	0.03	59	31	0	9	6	0
https://www.birminghamboilerrepairs.uk/harts-green/potterton-specialists	Indexable		3		4	1	0	0.03	59	31	0	9	6	0
https://www.birminghamboilerrepairs.uk/harts-green/worcester-bosch-specialists	Indexable		3		10	7	0	0.21	59	31	0	9	6	0
https://www.birminghamboilerrepairs.uk/harts-green/ferroli-specialists	Indexable		3		24	21	0	0.62	59	31	0	9	6	0
https://www.birminghamboilerrepairs.uk/harts-green/boiler-repairs	Indexable		3		83	21	0	0.62	59	31	0	9	6	0
https://www.birminghamboilerrepairs.uk/harts-green/atag-specialists	Indexable		3		4	1	0	0.03	59	31	0	9	6	0
https://www.birminghamboilerrepairs.uk/harts-green/ariston-specialists	Indexable		3		4	1	0	0.03	59	31	0	9	6	0
https://www.birminghamboilerrepairs.uk/harts-green/glowworm-specialists	Indexable		3		4	1	0	0.03	59	31	0	9	6	0
https://www.birminghamboilerrepairs.uk/harts-green/intergas-specialists	Indexable		3		4	1	0	0.03	59	31	0	9	6	0
https://www.birminghamboilerrepairs.uk/highters-heath/vaillant-specialists	Indexable		3		4	1	0	0.03	59	31	0	9	6	0
https://www.birminghamboilerrepairs.uk/highters-heath/ideal-boilers-specialists	Indexable		3		4	1	0	0.03	59	31	0	9	6	0
https://www.birminghamboilerrepairs.uk/highters-heath/combination-boiler-services	Indexable		3		23	21	0	0.62	59	31	0	9	6	0
https://www.birminghamboilerrepairs.uk/highters-heath/intergas-specialists	Indexable		3		4	1	0	0.03	59	31	0	9	6	0
https://www.birminghamboilerrepairs.uk/highters-heath/heatline-specialists	Indexable		3		4	1	0	0.03	59	31	0	9	6	0
https://www.birminghamboilerrepairs.uk/highters-heath/gas-safety	Indexable		3		83	21	0	0.62	59	31	0	9	6	0
https://www.birminghamboilerrepairs.uk/highters-heath/biasi-specialists	Indexable		3		4	1	0	0.03	59	31	0	9	6	0
https://www.birminghamboilerrepairs.uk/highters-heath/main-boiler-specialists	Indexable		3		4	1	0	0.03	59	31	0	9	6	0
https://www.birminghamboilerrepairs.uk/highters-heath/ferroli-specialists	Indexable		3		24	21	0	0.62	59	31	0	9	6	0
https://www.birminghamboilerrepairs.uk/highters-heath/worcester-bosch-specialists	Indexable		3		10	7	0	0.21	59	31	0	9	6	0
https://www.birminghamboilerrepairs.uk/highters-heath/baxi-specialists	Indexable		3		4	1	0	0.03	59	31	0	9	6	0
https://www.birminghamboilerrepairs.uk/highters-heath/vokera-specialists	Indexable		3		4	1	0	0.03	59	31	0	9	6	0
https://www.birminghamboilerrepairs.uk/highters-heath/alpha-boiler-specialists	Indexable		3		4	1	0	0.03	59	31	0	9	6	0
https://www.birminghamboilerrepairs.uk/highters-heath/glowworm-specialists	Indexable		3		4	1	0	0.03	59	31	0	9	6	0
https://www.birminghamboilerrepairs.uk/highters-heath/combination-boiler-repairs	Indexable		3		32	21	0	0.62	59	31	0	9	6	0
https://www.birminghamboilerrepairs.uk/highters-heath/boiler-servicing	Indexable		3		83	21	0	0.62	59	31	0	9	6	0
https://www.birminghamboilerrepairs.uk/highters-heath/ariston-specialists	Indexable		3		4	1	0	0.03	59	31	0	9	6	0
https://www.birminghamboilerrepairs.uk/highters-heath/potterton-specialists	Indexable		3		4	1	0	0.03	59	31	0	9	6	0
https://www.birminghamboilerrepairs.uk/highters-heath/boiler-repairs	Indexable		3		83	21	0	0.62	59	31	0	9	6	0
https://www.birminghamboilerrepairs.uk/highters-heath/viessmann-specialists	Indexable		3		4	1	0	0.03	59	31	0	9	6	0
https://www.birminghamboilerrepairs.uk/highters-heath/atag-specialists	Indexable		3		4	1	0	0.03	59	31	0	9	6	0
https://www.birminghamboilerrepairs.uk/west-midlands/alpha-boiler-specialists	Indexable		3		4	1	0	0.03	59	31	0	9	6	0
https://www.birminghamboilerrepairs.uk/west-midlands/main-boiler-specialists	Indexable		3		4	1	0	0.03	59	31	0	9	6	0
https://www.birminghamboilerrepairs.uk/west-midlands/boiler-servicing	Indexable		3		83	21	0	0.62	59	31	0	9	6	0
https://www.birminghamboilerrepairs.uk/west-midlands/ideal-boilers-specialists	Indexable		3		4	1	0	0.03	59	31	0	9	6	0
https://www.birminghamboilerrepairs.uk/west-midlands/vokera-specialists	Indexable		3		4	1	0	0.03	59	31	0	9	6	0
https://www.birminghamboilerrepairs.uk/west-midlands/potterton-specialists	Indexable		3		4	1	0	0.03	59	31	0	9	6	0
https://www.birminghamboilerrepairs.uk/west-midlands/glowworm-specialists	Indexable		3		4	1	0	0.03	59	31	0	9	6	0
https://www.birminghamboilerrepairs.uk/west-midlands/baxi-specialists	Indexable		3		4	1	0	0.03	59	31	0	9	6	0
https://www.birminghamboilerrepairs.uk/west-midlands/ariston-specialists	Indexable		3		4	1	0	0.03	59	31	0	9	6	0
https://www.birminghamboilerrepairs.uk/west-midlands/heatline-specialists	Indexable		3		4	1	0	0.03	59	31	0	9	6	0
https://www.birminghamboilerrepairs.uk/west-midlands/viessmann-specialists	Indexable		3		4	1	0	0.03	59	31	0	9	6	0
https://www.birminghamboilerrepairs.uk/west-midlands/intergas-specialists	Indexable		3		4	1	0	0.03	59	31	0	9	6	0
https://www.birminghamboilerrepairs.uk/west-midlands/atag-specialists	Indexable		3		4	1	0	0.03	59	31	0	9	6	0
https://www.birminghamboilerrepairs.uk/west-midlands/biasi-specialists	Indexable		3		4	1	0	0.03	59	31	0	9	6	0
https://www.birminghamboilerrepairs.uk/west-midlands/vaillant-specialists	Indexable		3		4	1	0	0.03	59	31	0	9	6	0
https://www.birminghamboilerrepairs.uk/browns-green/vaillant-specialists	Indexable		3		4	1	0	0.03	59	31	0	9	6	0
https://www.birminghamboilerrepairs.uk/browns-green/glowworm-specialists	Indexable		3		4	1	0	0.03	59	31	0	9	6	0
https://www.birminghamboilerrepairs.uk/browns-green/potterton-specialists	Indexable		3		4	1	0	0.03	59	31	0	9	6	0
https://www.birminghamboilerrepairs.uk/browns-green/atag-specialists	Indexable		3		4	1	0	0.03	59	31	0	9	6	0
https://www.birminghamboilerrepairs.uk/browns-green/combination-boiler-services	Indexable		3		23	21	0	0.62	59	31	0	9	6	0
https://www.birminghamboilerrepairs.uk/browns-green/worcester-bosch-specialists	Indexable		3		10	7	0	0.21	59	31	0	9	6	0
https://www.birminghamboilerrepairs.uk/browns-green/heatline-specialists	Indexable		3		4	1	0	0.03	59	31	0	9	6	0
https://www.birminghamboilerrepairs.uk/browns-green/gas-safety	Indexable		3		83	21	0	0.62	59	31	0	9	6	0
https://www.birminghamboilerrepairs.uk/browns-green/main-boiler-specialists	Indexable		3		4	1	0	0.03	59	31	0	9	6	0
https://www.birminghamboilerrepairs.uk/browns-green/baxi-specialists	Indexable		3		4	1	0	0.03	59	31	0	9	6	0
https://www.birminghamboilerrepairs.uk/browns-green/intergas-specialists	Indexable		3		4	1	0	0.03	59	31	0	9	6	0
https://www.birminghamboilerrepairs.uk/browns-green/combination-boiler-repairs	Indexable		3		32	21	0	0.62	59	31	0	9	6	0
https://www.birminghamboilerrepairs.uk/browns-green/ideal-boilers-specialists	Indexable		3		4	1	0	0.03	59	31	0	9	6	0
https://www.birminghamboilerrepairs.uk/browns-green/ferroli-specialists	Indexable		3		24	21	0	0.62	59	31	0	9	6	0
https://www.birminghamboilerrepairs.uk/browns-green/boiler-servicing	Indexable		3		83	21	0	0.62	59	31	0	9	6	0
https://www.birminghamboilerrepairs.uk/browns-green/biasi-specialists	Indexable		3		4	1	0	0.03	59	31	0	9	6	0
https://www.birminghamboilerrepairs.uk/browns-green/viessmann-specialists	Indexable		3		4	1	0	0.03	59	31	0	9	6	0
https://www.birminghamboilerrepairs.uk/browns-green/ariston-specialists	Indexable		3		4	1	0	0.03	59	31	0	9	6	0
https://www.birminghamboilerrepairs.uk/browns-green/vokera-specialists	Indexable		3		4	1	0	0.03	59	31	0	9	6	0
https://www.birminghamboilerrepairs.uk/browns-green/alpha-boiler-specialists	Indexable		3		4	1	0	0.03	59	31	0	9	6	0
https://www.birminghamboilerrepairs.uk/browns-green/boiler-repairs	Indexable		3		83	21	0	0.62	59	31	0	9	6	0
https://www.birminghamboilerrepairs.uk/queslett/ariston-specialists	Indexable		3		4	1	0	0.03	59	31	0	9	6	0
https://www.birminghamboilerrepairs.uk/queslett/atag-specialists	Indexable		3		4	1	0	0.03	59	31	0	9	6	0
https://www.birminghamboilerrepairs.uk/queslett/vokera-specialists	Indexable		3		4	1	0	0.03	59	31	0	9	6	0
https://www.birminghamboilerrepairs.uk/queslett/biasi-specialists	Indexable		3		4	1	0	0.03	59	31	0	9	6	0
https://www.birminghamboilerrepairs.uk/queslett/vaillant-specialists	Indexable		3		4	1	0	0.03	59	31	0	9	6	0
https://www.birminghamboilerrepairs.uk/queslett/ideal-boilers-specialists	Indexable		3		4	1	0	0.03	59	31	0	9	6	0
https://www.birminghamboilerrepairs.uk/queslett/heatline-specialists	Indexable		3		4	1	0	0.03	59	31	0	9	6	0
https://www.birminghamboilerrepairs.uk/queslett/combination-boiler-repairs	Indexable		3		32	21	0	0.62	59	31	0	9	6	0
https://www.birminghamboilerrepairs.uk/queslett/boiler-repairs	Indexable		3		83	21	0	0.62	59	31	0	9	6	0
https://www.birminghamboilerrepairs.uk/queslett/boiler-servicing	Indexable		3		83	21	0	0.62	59	31	0	9	6	0
https://www.birminghamboilerrepairs.uk/queslett/ferroli-specialists	Indexable		3		24	21	0	0.62	59	31	0	9	6	0
https://www.birminghamboilerrepairs.uk/queslett/potterton-specialists	Indexable		3		4	1	0	0.03	59	31	0	9	6	0
https://www.birminghamboilerrepairs.uk/queslett/alpha-boiler-specialists	Indexable		3		4	1	0	0.03	59	31	0	9	6	0
https://www.birminghamboilerrepairs.uk/queslett/baxi-specialists	Indexable		3		4	1	0	0.03	59	31	0	9	6	0
https://www.birminghamboilerrepairs.uk/queslett/main-boiler-specialists	Indexable		3		4	1	0	0.03	59	31	0	9	6	0
https://www.birminghamboilerrepairs.uk/queslett/combination-boiler-services	Indexable		3		23	21	0	0.62	59	31	0	9	6	0
https://www.birminghamboilerrepairs.uk/queslett/worcester-bosch-specialists	Indexable		3		10	7	0	0.21	59	31	0	9	6	0
https://www.birminghamboilerrepairs.uk/queslett/gas-safety	Indexable		3		83	21	0	0.62	59	31	0	9	6	0
https://www.birminghamboilerrepairs.uk/queslett/intergas-specialists	Indexable		3		4	1	0	0.03	59	31	0	9	6	0
https://www.birminghamboilerrepairs.uk/queslett/viessmann-specialists	Indexable		3		4	1	0	0.03	59	31	0	9	6	0
https://www.birminghamboilerrepairs.uk/stockfield/baxi-specialists	Indexable		3		4	1	0	0.03	59	31	0	9	6	0
https://www.birminghamboilerrepairs.uk/queslett/glowworm-specialists	Indexable		3		4	1	0	0.03	59	31	0	9	6	0
https://www.birminghamboilerrepairs.uk/stockfield/ferroli-specialists	Indexable		3		24	21	0	0.62	59	31	0	9	6	0
https://www.birminghamboilerrepairs.uk/stockfield/atag-specialists	Indexable		3		4	1	0	0.03	59	31	0	9	6	0
https://www.birminghamboilerrepairs.uk/stockfield/ariston-specialists	Indexable		3		4	1	0	0.03	59	31	0	9	6	0
https://www.birminghamboilerrepairs.uk/stockfield/gas-safety	Indexable		3		83	21	0	0.62	59	31	0	9	6	0
https://www.birminghamboilerrepairs.uk/stockfield/boiler-repairs	Indexable		3		83	21	0	0.62	59	31	0	9	6	0
https://www.birminghamboilerrepairs.uk/stockfield/alpha-boiler-specialists	Indexable		3		4	1	0	0.03	59	31	0	9	6	0
https://www.birminghamboilerrepairs.uk/stockfield/ideal-boilers-specialists	Indexable		3		4	1	0	0.03	59	31	0	9	6	0
https://www.birminghamboilerrepairs.uk/stockfield/glowworm-specialists	Indexable		3		4	1	0	0.03	59	31	0	9	6	0
https://www.birminghamboilerrepairs.uk/stockfield/combination-boiler-repairs	Indexable		3		32	21	0	0.62	59	31	0	9	6	0
https://www.birminghamboilerrepairs.uk/stockfield/worcester-bosch-specialists	Indexable		3		10	7	0	0.21	59	31	0	9	6	0
https://www.birminghamboilerrepairs.uk/stockfield/viessmann-specialists	Indexable		3		4	1	0	0.03	59	31	0	9	6	0
https://www.birminghamboilerrepairs.uk/stockfield/intergas-specialists	Indexable		3		4	1	0	0.03	59	31	0	9	6	0
https://www.birminghamboilerrepairs.uk/stockfield/boiler-servicing	Indexable		3		83	21	0	0.62	59	31	0	9	6	0
https://www.birminghamboilerrepairs.uk/stockfield/combination-boiler-services	Indexable		3		23	21	0	0.62	59	31	0	9	6	0
https://www.birminghamboilerrepairs.uk/stockfield/potterton-specialists	Indexable		3		4	1	0	0.03	59	31	0	9	6	0
https://www.birminghamboilerrepairs.uk/stockfield/biasi-specialists	Indexable		3		4	1	0	0.03	59	31	0	9	6	0
https://www.birminghamboilerrepairs.uk/stockfield/heatline-specialists	Indexable		3		4	1	0	0.03	59	31	0	9	6	0
https://www.birminghamboilerrepairs.uk/stockfield/main-boiler-specialists	Indexable		3		4	1	0	0.03	59	31	0	9	6	0
https://www.birminghamboilerrepairs.uk/stockfield/vaillant-specialists	Indexable		3		4	1	0	0.03	59	31	0	9	6	0
https://www.birminghamboilerrepairs.uk/churchfield/ariston-specialists	Indexable		3		4	1	0	0.03	59	31	0	9	6	0
https://www.birminghamboilerrepairs.uk/churchfield/vaillant-specialists	Indexable		3		4	1	0	0.03	59	31	0	9	6	0
https://www.birminghamboilerrepairs.uk/churchfield/atag-specialists	Indexable		3		4	1	0	0.03	59	31	0	9	6	0
https://www.birminghamboilerrepairs.uk/stockfield/vokera-specialists	Indexable		3		4	1	0	0.03	59	31	0	9	6	0
https://www.birminghamboilerrepairs.uk/churchfield/vokera-specialists	Indexable		3		4	1	0	0.03	59	31	0	9	6	0
https://www.birminghamboilerrepairs.uk/churchfield/gas-safety	Indexable		3		83	21	0	0.62	59	31	0	9	6	0
https://www.birminghamboilerrepairs.uk/churchfield/ferroli-specialists	Indexable		3		24	21	0	0.62	59	31	0	9	6	0
https://www.birminghamboilerrepairs.uk/churchfield/potterton-specialists	Indexable		3		4	1	0	0.03	59	31	0	9	6	0
https://www.birminghamboilerrepairs.uk/churchfield/boiler-servicing	Indexable		3		83	21	0	0.62	59	31	0	9	6	0
https://www.birminghamboilerrepairs.uk/churchfield/biasi-specialists	Indexable		3		4	1	0	0.03	59	31	0	9	6	0
https://www.birminghamboilerrepairs.uk/churchfield/heatline-specialists	Indexable		3		4	1	0	0.03	59	31	0	9	6	0
https://www.birminghamboilerrepairs.uk/churchfield/combination-boiler-services	Indexable		3		23	21	0	0.62	59	31	0	9	6	0
https://www.birminghamboilerrepairs.uk/churchfield/viessmann-specialists	Indexable		3		4	1	0	0.03	59	31	0	9	6	0
https://www.birminghamboilerrepairs.uk/churchfield/ideal-boilers-specialists	Indexable		3		4	1	0	0.03	59	31	0	9	6	0
https://www.birminghamboilerrepairs.uk/churchfield/alpha-boiler-specialists	Indexable		3		4	1	0	0.03	59	31	0	9	6	0
https://www.birminghamboilerrepairs.uk/churchfield/worcester-bosch-specialists	Indexable		3		10	7	0	0.21	59	31	0	9	6	0
https://www.birminghamboilerrepairs.uk/churchfield/combination-boiler-repairs	Indexable		3		32	21	0	0.62	59	31	0	9	6	0
https://www.birminghamboilerrepairs.uk/churchfield/boiler-repairs	Indexable		3		83	21	0	0.62	59	31	0	9	6	0
https://www.birminghamboilerrepairs.uk/churchfield/baxi-specialists	Indexable		3		4	1	0	0.03	59	31	0	9	6	0
https://www.birminghamboilerrepairs.uk/churchfield/main-boiler-specialists	Indexable		3		4	1	0	0.03	59	31	0	9	6	0
https://www.birminghamboilerrepairs.uk/aston-fields/atag-specialists	Indexable		3		4	1	0	0.03	59	31	0	9	6	0
https://www.birminghamboilerrepairs.uk/aston-fields/ideal-boilers-specialists	Indexable		3		4	1	0	0.03	59	31	0	9	6	0
https://www.birminghamboilerrepairs.uk/aston-fields/worcester-bosch-specialists	Indexable		3		10	7	0	0.21	59	31	0	9	6	0
https://www.birminghamboilerrepairs.uk/churchfield/glowworm-specialists	Indexable		3		4	1	0	0.03	59	31	0	9	6	0
https://www.birminghamboilerrepairs.uk/churchfield/intergas-specialists	Indexable		3		4	1	0	0.03	59	31	0	9	6	0
https://www.birminghamboilerrepairs.uk/aston-fields/glowworm-specialists	Indexable		3		4	1	0	0.03	59	31	0	9	6	0
https://www.birminghamboilerrepairs.uk/aston-fields/baxi-specialists	Indexable		3		4	1	0	0.03	59	31	0	9	6	0
https://www.birminghamboilerrepairs.uk/aston-fields/gas-safety	Indexable		3		83	21	0	0.62	59	31	0	9	6	0
https://www.birminghamboilerrepairs.uk/aston-fields/alpha-boiler-specialists	Indexable		3		4	1	0	0.03	59	31	0	9	6	0
https://www.birminghamboilerrepairs.uk/aston-fields/main-boiler-specialists	Indexable		3		4	1	0	0.03	59	31	0	9	6	0
https://www.birminghamboilerrepairs.uk/aston-fields/boiler-servicing	Indexable		3		83	21	0	0.62	59	31	0	9	6	0
https://www.birminghamboilerrepairs.uk/aston-fields/boiler-repairs	Indexable		3		83	21	0	0.62	59	31	0	9	6	0
https://www.birminghamboilerrepairs.uk/aston-fields/biasi-specialists	Indexable		3		4	1	0	0.03	59	31	0	9	6	0
https://www.birminghamboilerrepairs.uk/aston-fields/ferroli-specialists	Indexable		3		24	21	0	0.62	59	31	0	9	6	0
https://www.birminghamboilerrepairs.uk/aston-fields/intergas-specialists	Indexable		3		4	1	0	0.03	59	31	0	9	6	0
https://www.birminghamboilerrepairs.uk/aston-fields/vaillant-specialists	Indexable		3		4	1	0	0.03	59	31	0	9	6	0
https://www.birminghamboilerrepairs.uk/aston-fields/combination-boiler-services	Indexable		3		23	21	0	0.62	59	31	0	9	6	0
https://www.birminghamboilerrepairs.uk/aston-fields/combination-boiler-repairs	Indexable		3		32	21	0	0.62	59	31	0	9	6	0
https://www.birminghamboilerrepairs.uk/aston-fields/vokera-specialists	Indexable		3		4	1	0	0.03	59	31	0	9	6	0
https://www.birminghamboilerrepairs.uk/aston-fields/viessmann-specialists	Indexable		3		4	1	0	0.03	59	31	0	9	6	0
https://www.birminghamboilerrepairs.uk/aston-fields/ariston-specialists	Indexable		3		4	1	0	0.03	59	31	0	9	6	0
https://www.birminghamboilerrepairs.uk/aston-fields/potterton-specialists	Indexable		3		4	1	0	0.03	59	31	0	9	6	0
https://www.birminghamboilerrepairs.uk/weoley-castle/vokera-specialists	Indexable		3		4	1	0	0.03	59	31	0	9	6	0
https://www.birminghamboilerrepairs.uk/aston-fields/heatline-specialists	Indexable		3		4	1	0	0.03	59	31	0	9	6	0
https://www.birminghamboilerrepairs.uk/weoley-castle/main-boiler-specialists	Indexable		3		4	1	0	0.03	59	31	0	9	6	0
https://www.birminghamboilerrepairs.uk/weoley-castle/boiler-servicing	Indexable		3		83	21	0	0.62	59	31	0	9	6	0
https://www.birminghamboilerrepairs.uk/weoley-castle/alpha-boiler-specialists	Indexable		3		4	1	0	0.03	59	31	0	9	6	0
https://www.birminghamboilerrepairs.uk/weoley-castle/ferroli-specialists	Indexable		3		24	21	0	0.62	59	31	0	9	6	0
https://www.birminghamboilerrepairs.uk/weoley-castle/intergas-specialists	Indexable		3		4	1	0	0.03	59	31	0	9	6	0
https://www.birminghamboilerrepairs.uk/weoley-castle/viessmann-specialists	Indexable		3		4	1	0	0.03	59	31	0	9	6	0
https://www.birminghamboilerrepairs.uk/weoley-castle/atag-specialists	Indexable		3		4	1	0	0.03	59	31	0	9	6	0
https://www.birminghamboilerrepairs.uk/weoley-castle/heatline-specialists	Indexable		3		4	1	0	0.03	59	31	0	9	6	0
https://www.birminghamboilerrepairs.uk/weoley-castle/gas-safety	Indexable		3		83	21	0	0.62	59	31	0	9	6	0
https://www.birminghamboilerrepairs.uk/weoley-castle/ariston-specialists	Indexable		3		4	1	0	0.03	59	31	0	9	6	0
https://www.birminghamboilerrepairs.uk/weoley-castle/potterton-specialists	Indexable		3		4	1	0	0.03	59	31	0	9	6	0
https://www.birminghamboilerrepairs.uk/weoley-castle/biasi-specialists	Indexable		3		4	1	0	0.03	59	31	0	9	6	0
https://www.birminghamboilerrepairs.uk/weoley-castle/combination-boiler-repairs	Indexable		3		32	21	0	0.62	59	31	0	9	6	0
https://www.birminghamboilerrepairs.uk/weoley-castle/glowworm-specialists	Indexable		3		4	1	0	0.03	59	31	0	9	6	0
https://www.birminghamboilerrepairs.uk/weoley-castle/worcester-bosch-specialists	Indexable		3		10	7	0	0.21	59	31	0	9	6	0
https://www.birminghamboilerrepairs.uk/weoley-castle/combination-boiler-services	Indexable		3		23	21	0	0.62	59	31	0	9	6	0
https://www.birminghamboilerrepairs.uk/weoley-castle/vaillant-specialists	Indexable		3		4	1	0	0.03	59	31	0	9	6	0
https://www.birminghamboilerrepairs.uk/weoley-castle/ideal-boilers-specialists	Indexable		3		4	1	0	0.03	59	31	0	9	6	0
https://www.birminghamboilerrepairs.uk/weoley-castle/boiler-repairs	Indexable		3		83	21	0	0.62	59	31	0	9	6	0
https://www.birminghamboilerrepairs.uk/weoley-castle/baxi-specialists	Indexable		3		4	1	0	0.03	59	31	0	9	6	0
https://www.birminghamboilerrepairs.uk/finstall/ariston-specialists	Indexable		3		4	1	0	0.03	59	31	0	9	6	0
https://www.birminghamboilerrepairs.uk/finstall/atag-specialists	Indexable		3		4	1	0	0.03	59	31	0	9	6	0
https://www.birminghamboilerrepairs.uk/finstall/combination-boiler-services	Indexable		3		23	21	0	0.62	59	31	0	9	6	0
https://www.birminghamboilerrepairs.uk/finstall/boiler-repairs	Indexable		3		83	21	0	0.62	59	31	0	9	6	0
https://www.birminghamboilerrepairs.uk/finstall/ferroli-specialists	Indexable		3		24	21	0	0.62	59	31	0	9	6	0
https://www.birminghamboilerrepairs.uk/finstall/baxi-specialists	Indexable		3		4	1	0	0.03	59	31	0	9	6	0
https://www.birminghamboilerrepairs.uk/finstall/ideal-boilers-specialists	Indexable		3		4	1	0	0.03	59	31	0	9	6	0
https://www.birminghamboilerrepairs.uk/finstall/intergas-specialists	Indexable		3		4	1	0	0.03	59	31	0	9	6	0
https://www.birminghamboilerrepairs.uk/finstall/biasi-specialists	Indexable		3		4	1	0	0.03	59	31	0	9	6	0
https://www.birminghamboilerrepairs.uk/finstall/heatline-specialists	Indexable		3		4	1	0	0.03	59	31	0	9	6	0
https://www.birminghamboilerrepairs.uk/finstall/vaillant-specialists	Indexable		3		4	1	0	0.03	59	31	0	9	6	0
https://www.birminghamboilerrepairs.uk/finstall/main-boiler-specialists	Indexable		3		4	1	0	0.03	59	31	0	9	6	0
https://www.birminghamboilerrepairs.uk/finstall/viessmann-specialists	Indexable		3		4	1	0	0.03	59	31	0	9	6	0
https://www.birminghamboilerrepairs.uk/finstall/combination-boiler-repairs	Indexable		3		32	21	0	0.62	59	31	0	9	6	0
https://www.birminghamboilerrepairs.uk/finstall/glowworm-specialists	Indexable		3		4	1	0	0.03	59	31	0	9	6	0
https://www.birminghamboilerrepairs.uk/finstall/boiler-servicing	Indexable		3		83	21	0	0.62	59	31	0	9	6	0
https://www.birminghamboilerrepairs.uk/finstall/gas-safety	Indexable		3		83	21	0	0.62	59	31	0	9	6	0
https://www.birminghamboilerrepairs.uk/finstall/potterton-specialists	Indexable		3		4	1	0	0.03	59	31	0	9	6	0
https://www.birminghamboilerrepairs.uk/finstall/worcester-bosch-specialists	Indexable		3		10	7	0	0.21	59	31	0	9	6	0
https://www.birminghamboilerrepairs.uk/finstall/alpha-boiler-specialists	Indexable		3		4	1	0	0.03	59	31	0	9	6	0
https://www.birminghamboilerrepairs.uk/finstall/vokera-specialists	Indexable		3		4	1	0	0.03	59	31	0	9	6	0
https://www.birminghamboilerrepairs.uk/west-bromwich/gas-safety	Indexable		3		83	21	0	0.62	59	31	0	9	6	0
https://www.birminghamboilerrepairs.uk/west-bromwich/vaillant-specialists	Indexable		3		4	1	0	0.03	59	31	0	9	6	0
https://www.birminghamboilerrepairs.uk/west-bromwich/alpha-boiler-specialists	Indexable		3		4	1	0	0.03	59	31	0	9	6	0
https://www.birminghamboilerrepairs.uk/west-bromwich/vokera-specialists	Indexable		3		4	1	0	0.03	59	31	0	9	6	0
https://www.birminghamboilerrepairs.uk/west-bromwich/ideal-boilers-specialists	Indexable		3		4	1	0	0.03	59	31	0	9	6	0
https://www.birminghamboilerrepairs.uk/west-bromwich/glowworm-specialists	Indexable		3		4	1	0	0.03	59	31	0	9	6	0
https://www.birminghamboilerrepairs.uk/west-bromwich/main-boiler-specialists	Indexable		3		4	1	0	0.03	59	31	0	9	6	0
https://www.birminghamboilerrepairs.uk/west-bromwich/intergas-specialists	Indexable		3		4	1	0	0.03	59	31	0	9	6	0
https://www.birminghamboilerrepairs.uk/west-bromwich/baxi-specialists	Indexable		3		4	1	0	0.03	59	31	0	9	6	0
https://www.birminghamboilerrepairs.uk/west-bromwich/atag-specialists	Indexable		3		4	1	0	0.03	59	31	0	9	6	0
https://www.birminghamboilerrepairs.uk/west-bromwich/ariston-specialists	Indexable		3		4	1	0	0.03	59	31	0	9	6	0
https://www.birminghamboilerrepairs.uk/west-bromwich/boiler-servicing	Indexable		3		83	21	0	0.62	59	31	0	9	6	0
https://www.birminghamboilerrepairs.uk/west-bromwich/biasi-specialists	Indexable		3		4	1	0	0.03	59	31	0	9	6	0
https://www.birminghamboilerrepairs.uk/west-bromwich/combination-boiler-repairs	Indexable		3		32	21	0	0.62	59	31	0	9	6	0
https://www.birminghamboilerrepairs.uk/west-bromwich/boiler-repairs	Indexable		3		83	21	0	0.62	59	31	0	9	6	0
https://www.birminghamboilerrepairs.uk/west-bromwich/worcester-bosch-specialists	Indexable		3		10	7	0	0.21	59	31	0	9	6	0
https://www.birminghamboilerrepairs.uk/west-bromwich/potterton-specialists	Indexable		3		4	1	0	0.03	59	31	0	9	6	0
https://www.birminghamboilerrepairs.uk/west-bromwich/ferroli-specialists	Indexable		3		24	21	0	0.62	59	31	0	9	6	0
https://www.birminghamboilerrepairs.uk/west-bromwich/combination-boiler-services	Indexable		3		23	21	0	0.62	59	31	0	9	6	0
https://www.birminghamboilerrepairs.uk/west-bromwich/heatline-specialists	Indexable		3		4	1	0	0.03	59	31	0	9	6	0
https://www.birminghamboilerrepairs.uk/pheasey/atag-specialists	Indexable		3		4	1	0	0.03	59	31	0	9	6	0
https://www.birminghamboilerrepairs.uk/west-bromwich/viessmann-specialists	Indexable		3		4	1	0	0.03	59	31	0	9	6	0
https://www.birminghamboilerrepairs.uk/pheasey/alpha-boiler-specialists	Indexable		3		4	1	0	0.03	59	31	0	9	6	0
https://www.birminghamboilerrepairs.uk/pheasey/combination-boiler-repairs	Indexable		3		32	21	0	0.62	59	31	0	9	6	0
https://www.birminghamboilerrepairs.uk/pheasey/combination-boiler-services	Indexable		3		23	21	0	0.62	59	31	0	9	6	0
https://www.birminghamboilerrepairs.uk/pheasey/potterton-specialists	Indexable		3		4	1	0	0.03	59	31	0	9	6	0
https://www.birminghamboilerrepairs.uk/pheasey/heatline-specialists	Indexable		3		4	1	0	0.03	59	31	0	9	6	0
https://www.birminghamboilerrepairs.uk/pheasey/vokera-specialists	Indexable		3		4	1	0	0.03	59	31	0	9	6	0
https://www.birminghamboilerrepairs.uk/pheasey/viessmann-specialists	Indexable		3		4	1	0	0.03	59	31	0	9	6	0
https://www.birminghamboilerrepairs.uk/pheasey/gas-safety	Indexable		3		83	21	0	0.62	59	31	0	9	6	0
https://www.birminghamboilerrepairs.uk/pheasey/ferroli-specialists	Indexable		3		24	21	0	0.62	59	31	0	9	6	0
https://www.birminghamboilerrepairs.uk/pheasey/vaillant-specialists	Indexable		3		4	1	0	0.03	59	31	0	9	6	0
https://www.birminghamboilerrepairs.uk/pheasey/boiler-servicing	Indexable		3		83	21	0	0.62	59	31	0	9	6	0
https://www.birminghamboilerrepairs.uk/pheasey/worcester-bosch-specialists	Indexable		3		10	7	0	0.21	59	31	0	9	6	0
https://www.birminghamboilerrepairs.uk/pheasey/ideal-boilers-specialists	Indexable		3		4	1	0	0.03	59	31	0	9	6	0
https://www.birminghamboilerrepairs.uk/pheasey/biasi-specialists	Indexable		3		4	1	0	0.03	59	31	0	9	6	0
https://www.birminghamboilerrepairs.uk/pheasey/main-boiler-specialists	Indexable		3		4	1	0	0.03	59	31	0	9	6	0
https://www.birminghamboilerrepairs.uk/pheasey/ariston-specialists	Indexable		3		4	1	0	0.03	59	31	0	9	6	0
https://www.birminghamboilerrepairs.uk/pheasey/boiler-repairs	Indexable		3		83	21	0	0.62	59	31	0	9	6	0
https://www.birminghamboilerrepairs.uk/pheasey/baxi-specialists	Indexable		3		4	1	0	0.03	59	31	0	9	6	0
https://www.birminghamboilerrepairs.uk/pheasey/intergas-specialists	Indexable		3		4	1	0	0.03	59	31	0	9	6	0
https://www.birminghamboilerrepairs.uk/pheasey/glowworm-specialists	Indexable		3		4	1	0	0.03	59	31	0	9	6	0
https://www.birminghamboilerrepairs.uk/west-heath/boiler-servicing	Indexable		3		83	21	0	0.62	59	31	0	9	6	0
https://www.birminghamboilerrepairs.uk/west-heath/alpha-boiler-specialists	Indexable		3		4	1	0	0.03	59	31	0	9	6	0
https://www.birminghamboilerrepairs.uk/west-heath/ferroli-specialists	Indexable		3		24	21	0	0.62	59	31	0	9	6	0
https://www.birminghamboilerrepairs.uk/west-heath/biasi-specialists	Indexable		3		4	1	0	0.03	59	31	0	9	6	0
https://www.birminghamboilerrepairs.uk/west-heath/boiler-repairs	Indexable		3		83	21	0	0.62	59	31	0	9	6	0
https://www.birminghamboilerrepairs.uk/west-heath/combination-boiler-repairs	Indexable		3		32	21	0	0.62	59	31	0	9	6	0
https://www.birminghamboilerrepairs.uk/west-heath/intergas-specialists	Indexable		3		4	1	0	0.03	59	31	0	9	6	0
https://www.birminghamboilerrepairs.uk/west-heath/glowworm-specialists	Indexable		3		4	1	0	0.03	59	31	0	9	6	0
https://www.birminghamboilerrepairs.uk/west-heath/potterton-specialists	Indexable		3		4	1	0	0.03	59	31	0	9	6	0
https://www.birminghamboilerrepairs.uk/west-heath/main-boiler-specialists	Indexable		3		4	1	0	0.03	59	31	0	9	6	0
https://www.birminghamboilerrepairs.uk/west-heath/ariston-specialists	Indexable		3		4	1	0	0.03	59	31	0	9	6	0
https://www.birminghamboilerrepairs.uk/west-heath/vaillant-specialists	Indexable		3		4	1	0	0.03	59	31	0	9	6	0
https://www.birminghamboilerrepairs.uk/west-heath/heatline-specialists	Indexable		3		4	1	0	0.03	59	31	0	9	6	0
https://www.birminghamboilerrepairs.uk/west-heath/baxi-specialists	Indexable		3		4	1	0	0.03	59	31	0	9	6	0
https://www.birminghamboilerrepairs.uk/west-heath/viessmann-specialists	Indexable		3		4	1	0	0.03	59	31	0	9	6	0
https://www.birminghamboilerrepairs.uk/west-heath/worcester-bosch-specialists	Indexable		3		10	7	0	0.21	59	31	0	9	6	0
https://www.birminghamboilerrepairs.uk/west-heath/gas-safety	Indexable		3		83	21	0	0.62	59	31	0	9	6	0
https://www.birminghamboilerrepairs.uk/west-heath/vokera-specialists	Indexable		3		4	1	0	0.03	59	31	0	9	6	0
https://www.birminghamboilerrepairs.uk/west-heath/atag-specialists	Indexable		3		4	1	0	0.03	59	31	0	9	6	0
https://www.birminghamboilerrepairs.uk/west-heath/ideal-boilers-specialists	Indexable		3		4	1	0	0.03	59	31	0	9	6	0
https://www.birminghamboilerrepairs.uk/west-heath/combination-boiler-services	Indexable		3		23	21	0	0.62	59	31	0	9	6	0
https://www.birminghamboilerrepairs.uk/bordesley/baxi-specialists	Indexable		3		4	1	0	0.03	59	31	0	9	6	0
https://www.birminghamboilerrepairs.uk/bordesley/worcester-bosch-specialists	Indexable		3		10	7	0	0.21	59	31	0	9	6	0
https://www.birminghamboilerrepairs.uk/bordesley/atag-specialists	Indexable		3		4	1	0	0.03	59	31	0	9	6	0
https://www.birminghamboilerrepairs.uk/bordesley/ferroli-specialists	Indexable		3		24	21	0	0.62	59	31	0	9	6	0
https://www.birminghamboilerrepairs.uk/bordesley/viessmann-specialists	Indexable		3		4	1	0	0.03	59	31	0	9	6	0
https://www.birminghamboilerrepairs.uk/bordesley/biasi-specialists	Indexable		3		4	1	0	0.03	59	31	0	9	6	0
https://www.birminghamboilerrepairs.uk/bordesley/vaillant-specialists	Indexable		3		4	1	0	0.03	59	31	0	9	6	0
https://www.birminghamboilerrepairs.uk/bordesley/vokera-specialists	Indexable		3		4	1	0	0.03	59	31	0	9	6	0
https://www.birminghamboilerrepairs.uk/bordesley/gas-safety	Indexable		3		83	21	0	0.62	59	31	0	9	6	0
https://www.birminghamboilerrepairs.uk/bordesley/intergas-specialists	Indexable		3		4	1	0	0.03	59	31	0	9	6	0
https://www.birminghamboilerrepairs.uk/bordesley/boiler-servicing	Indexable		3		83	21	0	0.62	59	31	0	9	6	0
https://www.birminghamboilerrepairs.uk/bordesley/heatline-specialists	Indexable		3		4	1	0	0.03	59	31	0	9	6	0
https://www.birminghamboilerrepairs.uk/bordesley/ariston-specialists	Indexable		3		4	1	0	0.03	59	31	0	9	6	0
https://www.birminghamboilerrepairs.uk/bordesley/combination-boiler-services	Indexable		3		23	21	0	0.62	59	31	0	9	6	0
https://www.birminghamboilerrepairs.uk/bordesley/boiler-repairs	Indexable		3		83	21	0	0.62	59	31	0	9	6	0
https://www.birminghamboilerrepairs.uk/bordesley/ideal-boilers-specialists	Indexable		3		4	1	0	0.03	59	31	0	9	6	0
https://www.birminghamboilerrepairs.uk/bordesley/combination-boiler-repairs	Indexable		3		32	21	0	0.62	59	31	0	9	6	0
https://www.birminghamboilerrepairs.uk/bordesley/alpha-boiler-specialists	Indexable		3		4	1	0	0.03	59	31	0	9	6	0
https://www.birminghamboilerrepairs.uk/bordesley/main-boiler-specialists	Indexable		3		4	1	0	0.03	59	31	0	9	6	0
https://www.birminghamboilerrepairs.uk/bordesley/potterton-specialists	Indexable		3		4	1	0	0.03	59	31	0	9	6	0
https://www.birminghamboilerrepairs.uk/bordesley/glowworm-specialists	Indexable		3		4	1	0	0.03	59	31	0	9	6	0
https://www.birminghamboilerrepairs.uk/over-green/main-boiler-specialists	Indexable		3		4	1	0	0.03	59	31	0	9	6	0
https://www.birminghamboilerrepairs.uk/over-green/ariston-specialists	Indexable		3		4	1	0	0.03	59	31	0	9	6	0
https://www.birminghamboilerrepairs.uk/over-green/combination-boiler-services	Indexable		3		23	21	0	0.62	59	31	0	9	6	0
https://www.birminghamboilerrepairs.uk/over-green/glowworm-specialists	Indexable		3		4	1	0	0.03	59	31	0	9	6	0
https://www.birminghamboilerrepairs.uk/over-green/ideal-boilers-specialists	Indexable		3		4	1	0	0.03	59	31	0	9	6	0
https://www.birminghamboilerrepairs.uk/over-green/potterton-specialists	Indexable		3		4	1	0	0.03	59	31	0	9	6	0
https://www.birminghamboilerrepairs.uk/over-green/gas-safety	Indexable		3		83	21	0	0.62	59	31	0	9	6	0
https://www.birminghamboilerrepairs.uk/over-green/ferroli-specialists	Indexable		3		24	21	0	0.62	59	31	0	9	6	0
https://www.birminghamboilerrepairs.uk/over-green/viessmann-specialists	Indexable		3		4	1	0	0.03	59	31	0	9	6	0
https://www.birminghamboilerrepairs.uk/over-green/intergas-specialists	Indexable		3		4	1	0	0.03	59	31	0	9	6	0
https://www.birminghamboilerrepairs.uk/over-green/worcester-bosch-specialists	Indexable		3		10	7	0	0.21	59	31	0	9	6	0
https://www.birminghamboilerrepairs.uk/over-green/combination-boiler-repairs	Indexable		3		32	21	0	0.62	59	31	0	9	6	0
https://www.birminghamboilerrepairs.uk/over-green/atag-specialists	Indexable		3		4	1	0	0.03	59	31	0	9	6	0
https://www.birminghamboilerrepairs.uk/over-green/alpha-boiler-specialists	Indexable		3		4	1	0	0.03	59	31	0	9	6	0
https://www.birminghamboilerrepairs.uk/over-green/heatline-specialists	Indexable		3		4	1	0	0.03	59	31	0	9	6	0
https://www.birminghamboilerrepairs.uk/over-green/baxi-specialists	Indexable		3		4	1	0	0.03	59	31	0	9	6	0
https://www.birminghamboilerrepairs.uk/over-green/boiler-repairs	Indexable		3		83	21	0	0.62	59	31	0	9	6	0
https://www.birminghamboilerrepairs.uk/over-green/biasi-specialists	Indexable		3		4	1	0	0.03	59	31	0	9	6	0
https://www.birminghamboilerrepairs.uk/over-green/vokera-specialists	Indexable		3		4	1	0	0.03	59	31	0	9	6	0
https://www.birminghamboilerrepairs.uk/over-green/boiler-servicing	Indexable		3		83	21	0	0.62	59	31	0	9	6	0
https://www.birminghamboilerrepairs.uk/over-green/vaillant-specialists	Indexable		3		4	1	0	0.03	59	31	0	9	6	0
https://www.birminghamboilerrepairs.uk/gosta-green/gas-safety	Indexable		3		83	21	0	0.62	59	31	0	9	6	0
https://www.birminghamboilerrepairs.uk/gosta-green/glowworm-specialists	Indexable		3		4	1	0	0.03	59	31	0	9	6	0
https://www.birminghamboilerrepairs.uk/gosta-green/atag-specialists	Indexable		3		4	1	0	0.03	59	31	0	9	6	0
https://www.birminghamboilerrepairs.uk/gosta-green/vaillant-specialists	Indexable		3		4	1	0	0.03	59	31	0	9	6	0
https://www.birminghamboilerrepairs.uk/gosta-green/combination-boiler-repairs	Indexable		3		32	21	0	0.62	59	31	0	9	6	0
https://www.birminghamboilerrepairs.uk/gosta-green/ariston-specialists	Indexable		3		4	1	0	0.03	59	31	0	9	6	0
https://www.birminghamboilerrepairs.uk/gosta-green/biasi-specialists	Indexable		3		4	1	0	0.03	59	31	0	9	6	0
https://www.birminghamboilerrepairs.uk/gosta-green/ideal-boilers-specialists	Indexable		3		4	1	0	0.03	59	31	0	9	6	0
https://www.birminghamboilerrepairs.uk/gosta-green/vokera-specialists	Indexable		3		4	1	0	0.03	59	31	0	9	6	0
https://www.birminghamboilerrepairs.uk/gosta-green/boiler-servicing	Indexable		3		83	21	0	0.62	59	31	0	9	6	0
https://www.birminghamboilerrepairs.uk/gosta-green/heatline-specialists	Indexable		3		4	1	0	0.03	59	31	0	9	6	0
https://www.birminghamboilerrepairs.uk/gosta-green/baxi-specialists	Indexable		3		4	1	0	0.03	59	31	0	9	6	0
https://www.birminghamboilerrepairs.uk/gosta-green/potterton-specialists	Indexable		3		4	1	0	0.03	59	31	0	9	6	0
https://www.birminghamboilerrepairs.uk/gosta-green/ferroli-specialists	Indexable		3		24	21	0	0.62	59	31	0	9	6	0
https://www.birminghamboilerrepairs.uk/gosta-green/intergas-specialists	Indexable		3		4	1	0	0.03	59	31	0	9	6	0
https://www.birminghamboilerrepairs.uk/gosta-green/alpha-boiler-specialists	Indexable		3		4	1	0	0.03	59	31	0	9	6	0
https://www.birminghamboilerrepairs.uk/gosta-green/main-boiler-specialists	Indexable		3		4	1	0	0.03	59	31	0	9	6	0
https://www.birminghamboilerrepairs.uk/gosta-green/viessmann-specialists	Indexable		3		4	1	0	0.03	59	31	0	9	6	0
https://www.birminghamboilerrepairs.uk/gosta-green/worcester-bosch-specialists	Indexable		3		10	7	0	0.21	59	31	0	9	6	0
https://www.birminghamboilerrepairs.uk/gosta-green/boiler-repairs	Indexable		3		83	21	0	0.62	59	31	0	9	6	0
https://www.birminghamboilerrepairs.uk/gosta-green/combination-boiler-services	Indexable		3		23	21	0	0.62	59	31	0	9	6	0
https://www.birminghamboilerrepairs.uk/gilbertstone/combination-boiler-services	Indexable		3		23	21	0	0.62	59	31	0	9	6	0
https://www.birminghamboilerrepairs.uk/gilbertstone/alpha-boiler-specialists	Indexable		3		4	1	0	0.03	59	31	0	9	6	0
https://www.birminghamboilerrepairs.uk/gilbertstone/ferroli-specialists	Indexable		3		24	21	0	0.62	59	31	0	9	6	0
https://www.birminghamboilerrepairs.uk/gilbertstone/ariston-specialists	Indexable		3		4	1	0	0.03	59	31	0	9	6	0
https://www.birminghamboilerrepairs.uk/gilbertstone/glowworm-specialists	Indexable		3		4	1	0	0.03	59	31	0	9	6	0
https://www.birminghamboilerrepairs.uk/gilbertstone/baxi-specialists	Indexable		3		4	1	0	0.03	59	31	0	9	6	0
https://www.birminghamboilerrepairs.uk/gilbertstone/ideal-boilers-specialists	Indexable		3		4	1	0	0.03	59	31	0	9	6	0
https://www.birminghamboilerrepairs.uk/gilbertstone/vokera-specialists	Indexable		3		4	1	0	0.03	59	31	0	9	6	0
https://www.birminghamboilerrepairs.uk/gilbertstone/intergas-specialists	Indexable		3		4	1	0	0.03	59	31	0	9	6	0
https://www.birminghamboilerrepairs.uk/gilbertstone/main-boiler-specialists	Indexable		3		4	1	0	0.03	59	31	0	9	6	0
https://www.birminghamboilerrepairs.uk/gilbertstone/viessmann-specialists	Indexable		3		4	1	0	0.03	59	31	0	9	6	0
https://www.birminghamboilerrepairs.uk/gilbertstone/boiler-servicing	Indexable		3		83	21	0	0.62	59	31	0	9	6	0
https://www.birminghamboilerrepairs.uk/gilbertstone/gas-safety	Indexable		3		83	21	0	0.62	59	31	0	9	6	0
https://www.birminghamboilerrepairs.uk/gilbertstone/biasi-specialists	Indexable		3		4	1	0	0.03	59	31	0	9	6	0
https://www.birminghamboilerrepairs.uk/gilbertstone/boiler-repairs	Indexable		3		83	21	0	0.62	59	31	0	9	6	0
https://www.birminghamboilerrepairs.uk/gilbertstone/worcester-bosch-specialists	Indexable		3		10	7	0	0.21	59	31	0	9	6	0
https://www.birminghamboilerrepairs.uk/gilbertstone/vaillant-specialists	Indexable		3		4	1	0	0.03	59	31	0	9	6	0
https://www.birminghamboilerrepairs.uk/gilbertstone/combination-boiler-repairs	Indexable		3		32	21	0	0.62	59	31	0	9	6	0
https://www.birminghamboilerrepairs.uk/gilbertstone/atag-specialists	Indexable		3		4	1	0	0.03	59	31	0	9	6	0
https://www.birminghamboilerrepairs.uk/gilbertstone/heatline-specialists	Indexable		3		4	1	0	0.03	59	31	0	9	6	0
https://www.birminghamboilerrepairs.uk/gilbertstone/potterton-specialists	Indexable		3		4	1	0	0.03	59	31	0	9	6	0
https://www.birminghamboilerrepairs.uk/hagley/biasi-specialists	Indexable		3		4	1	0	0.03	59	31	0	9	6	0
https://www.birminghamboilerrepairs.uk/hagley/boiler-servicing	Indexable		3		83	21	0	0.62	59	31	0	9	6	0
https://www.birminghamboilerrepairs.uk/hagley/main-boiler-specialists	Indexable		3		4	1	0	0.03	59	31	0	9	6	0
https://www.birminghamboilerrepairs.uk/hagley/ariston-specialists	Indexable		3		4	1	0	0.03	59	31	0	9	6	0
https://www.birminghamboilerrepairs.uk/hagley/potterton-specialists	Indexable		3		4	1	0	0.03	59	31	0	9	6	0
https://www.birminghamboilerrepairs.uk/hagley/gas-safety	Indexable		3		83	21	0	0.62	59	31	0	9	6	0
https://www.birminghamboilerrepairs.uk/hagley/combination-boiler-repairs	Indexable		3		32	21	0	0.62	59	31	0	9	6	0
https://www.birminghamboilerrepairs.uk/hagley/vaillant-specialists	Indexable		3		4	1	0	0.03	59	31	0	9	6	0
https://www.birminghamboilerrepairs.uk/hagley/intergas-specialists	Indexable		3		4	1	0	0.03	59	31	0	9	6	0
https://www.birminghamboilerrepairs.uk/hagley/worcester-bosch-specialists	Indexable		3		10	7	0	0.21	59	31	0	9	6	0
https://www.birminghamboilerrepairs.uk/hagley/atag-specialists	Indexable		3		4	1	0	0.03	59	31	0	9	6	0
https://www.birminghamboilerrepairs.uk/hagley/baxi-specialists	Indexable		3		4	1	0	0.03	59	31	0	9	6	0
https://www.birminghamboilerrepairs.uk/hagley/heatline-specialists	Indexable		3		4	1	0	0.03	59	31	0	9	6	0
https://www.birminghamboilerrepairs.uk/hagley/combination-boiler-services	Indexable		3		23	21	0	0.62	59	31	0	9	6	0
https://www.birminghamboilerrepairs.uk/hagley/boiler-repairs	Indexable		3		83	21	0	0.62	59	31	0	9	6	0
https://www.birminghamboilerrepairs.uk/hagley/ferroli-specialists	Indexable		3		24	21	0	0.62	59	31	0	9	6	0
https://www.birminghamboilerrepairs.uk/hagley/glowworm-specialists	Indexable		3		4	1	0	0.03	59	31	0	9	6	0
https://www.birminghamboilerrepairs.uk/hagley/alpha-boiler-specialists	Indexable		3		4	1	0	0.03	59	31	0	9	6	0
https://www.birminghamboilerrepairs.uk/hagley/vokera-specialists	Indexable		3		4	1	0	0.03	59	31	0	9	6	0
https://www.birminghamboilerrepairs.uk/hagley/viessmann-specialists	Indexable		3		4	1	0	0.03	59	31	0	9	6	0
https://www.birminghamboilerrepairs.uk/hagley/ideal-boilers-specialists	Indexable		3		4	1	0	0.03	59	31	0	9	6	0
https://www.birminghamboilerrepairs.uk/webheath/alpha-boiler-specialists	Indexable		3		4	1	0	0.03	59	31	0	9	6	0
https://www.birminghamboilerrepairs.uk/webheath/vokera-specialists	Indexable		3		4	1	0	0.03	59	31	0	9	6	0
https://www.birminghamboilerrepairs.uk/webheath/viessmann-specialists	Indexable		3		4	1	0	0.03	59	31	0	9	6	0
https://www.birminghamboilerrepairs.uk/webheath/ariston-specialists	Indexable		3		4	1	0	0.03	59	31	0	9	6	0
https://www.birminghamboilerrepairs.uk/webheath/intergas-specialists	Indexable		3		4	1	0	0.03	59	31	0	9	6	0
https://www.birminghamboilerrepairs.uk/webheath/worcester-bosch-specialists	Indexable		3		10	7	0	0.21	59	31	0	9	6	0
https://www.birminghamboilerrepairs.uk/webheath/biasi-specialists	Indexable		3		4	1	0	0.03	59	31	0	9	6	0
https://www.birminghamboilerrepairs.uk/webheath/baxi-specialists	Indexable		3		4	1	0	0.03	59	31	0	9	6	0
https://www.birminghamboilerrepairs.uk/webheath/ferroli-specialists	Indexable		3		24	21	0	0.62	59	31	0	9	6	0
https://www.birminghamboilerrepairs.uk/webheath/potterton-specialists	Indexable		3		4	1	0	0.03	59	31	0	9	6	0
https://www.birminghamboilerrepairs.uk/webheath/combination-boiler-services	Indexable		3		23	21	0	0.62	59	31	0	9	6	0
https://www.birminghamboilerrepairs.uk/webheath/glowworm-specialists	Indexable		3		4	1	0	0.03	59	31	0	9	6	0
https://www.birminghamboilerrepairs.uk/webheath/main-boiler-specialists	Indexable		3		4	1	0	0.03	59	31	0	9	6	0
https://www.birminghamboilerrepairs.uk/webheath/boiler-servicing	Indexable		3		83	21	0	0.62	59	31	0	9	6	0
https://www.birminghamboilerrepairs.uk/webheath/combination-boiler-repairs	Indexable		3		32	21	0	0.62	59	31	0	9	6	0
https://www.birminghamboilerrepairs.uk/webheath/gas-safety	Indexable		3		83	21	0	0.62	59	31	0	9	6	0
https://www.birminghamboilerrepairs.uk/webheath/ideal-boilers-specialists	Indexable		3		4	1	0	0.03	59	31	0	9	6	0
https://www.birminghamboilerrepairs.uk/webheath/heatline-specialists	Indexable		3		4	1	0	0.03	59	31	0	9	6	0
https://www.birminghamboilerrepairs.uk/webheath/vaillant-specialists	Indexable		3		4	1	0	0.03	59	31	0	9	6	0
https://www.birminghamboilerrepairs.uk/webheath/boiler-repairs	Indexable		3		83	21	0	0.62	59	31	0	9	6	0
https://www.birminghamboilerrepairs.uk/webheath/atag-specialists	Indexable		3		4	1	0	0.03	59	31	0	9	6	0
https://www.birminghamboilerrepairs.uk/wirehill/worcester-bosch-specialists	Indexable		3		10	7	0	0.21	59	31	0	9	6	0
https://www.birminghamboilerrepairs.uk/wirehill/main-boiler-specialists	Indexable		3		4	1	0	0.03	59	31	0	9	6	0
https://www.birminghamboilerrepairs.uk/wirehill/atag-specialists	Indexable		3		4	1	0	0.03	59	31	0	9	6	0
https://www.birminghamboilerrepairs.uk/wirehill/viessmann-specialists	Indexable		3		4	1	0	0.03	59	31	0	9	6	0
https://www.birminghamboilerrepairs.uk/wirehill/boiler-repairs	Indexable		3		83	21	0	0.62	59	31	0	9	6	0
https://www.birminghamboilerrepairs.uk/wirehill/vaillant-specialists	Indexable		3		4	1	0	0.03	59	31	0	9	6	0
https://www.birminghamboilerrepairs.uk/wirehill/ideal-boilers-specialists	Indexable		3		4	1	0	0.03	59	31	0	9	6	0
https://www.birminghamboilerrepairs.uk/wirehill/biasi-specialists	Indexable		3		4	1	0	0.03	59	31	0	9	6	0
https://www.birminghamboilerrepairs.uk/wirehill/heatline-specialists	Indexable		3		4	1	0	0.03	59	31	0	9	6	0
https://www.birminghamboilerrepairs.uk/wirehill/potterton-specialists	Indexable		3		4	1	0	0.03	59	31	0	9	6	0
https://www.birminghamboilerrepairs.uk/wirehill/gas-safety	Indexable		3		83	21	0	0.62	59	31	0	9	6	0
https://www.birminghamboilerrepairs.uk/wirehill/baxi-specialists	Indexable		3		4	1	0	0.03	59	31	0	9	6	0
https://www.birminghamboilerrepairs.uk/wirehill/boiler-servicing	Indexable		3		83	21	0	0.62	59	31	0	9	6	0
https://www.birminghamboilerrepairs.uk/wirehill/combination-boiler-services	Indexable		3		23	21	0	0.62	59	31	0	9	6	0
https://www.birminghamboilerrepairs.uk/wirehill/combination-boiler-repairs	Indexable		3		32	21	0	0.62	59	31	0	9	6	0
https://www.birminghamboilerrepairs.uk/wirehill/ferroli-specialists	Indexable		3		24	21	0	0.62	59	31	0	9	6	0
https://www.birminghamboilerrepairs.uk/wirehill/ariston-specialists	Indexable		3		4	1	0	0.03	59	31	0	9	6	0
https://www.birminghamboilerrepairs.uk/wirehill/vokera-specialists	Indexable		3		4	1	0	0.03	59	31	0	9	6	0
https://www.birminghamboilerrepairs.uk/wirehill/intergas-specialists	Indexable		3		4	1	0	0.03	59	31	0	9	6	0
https://www.birminghamboilerrepairs.uk/wirehill/glowworm-specialists	Indexable		3		4	1	0	0.03	59	31	0	9	6	0
https://www.birminghamboilerrepairs.uk/wirehill/alpha-boiler-specialists	Indexable		3		4	1	0	0.03	59	31	0	9	6	0
https://www.birminghamboilerrepairs.uk/gravelly-hill/atag-specialists	Indexable		3		4	1	0	0.03	59	31	0	9	6	0
https://www.birminghamboilerrepairs.uk/gravelly-hill/baxi-specialists	Indexable		3		4	1	0	0.03	59	31	0	9	6	0
https://www.birminghamboilerrepairs.uk/gravelly-hill/biasi-specialists	Indexable		3		4	1	0	0.03	59	31	0	9	6	0
https://www.birminghamboilerrepairs.uk/gravelly-hill/combination-boiler-services	Indexable		3		23	21	0	0.62	59	31	0	9	6	0
https://www.birminghamboilerrepairs.uk/gravelly-hill/ideal-boilers-specialists	Indexable		3		4	1	0	0.03	59	31	0	9	6	0
https://www.birminghamboilerrepairs.uk/gravelly-hill/boiler-repairs	Indexable		3		83	21	0	0.62	59	31	0	9	6	0
https://www.birminghamboilerrepairs.uk/gravelly-hill/gas-safety	Indexable		3		83	21	0	0.62	59	31	0	9	6	0
https://www.birminghamboilerrepairs.uk/gravelly-hill/boiler-servicing	Indexable		3		83	21	0	0.62	59	31	0	9	6	0
https://www.birminghamboilerrepairs.uk/gravelly-hill/alpha-boiler-specialists	Indexable		3		4	1	0	0.03	59	31	0	9	6	0
https://www.birminghamboilerrepairs.uk/gravelly-hill/combination-boiler-repairs	Indexable		3		32	21	0	0.62	59	31	0	9	6	0
https://www.birminghamboilerrepairs.uk/gravelly-hill/vaillant-specialists	Indexable		3		4	1	0	0.03	59	31	0	9	6	0
https://www.birminghamboilerrepairs.uk/gravelly-hill/worcester-bosch-specialists	Indexable		3		10	7	0	0.21	59	31	0	9	6	0
https://www.birminghamboilerrepairs.uk/gravelly-hill/vokera-specialists	Indexable		3		4	1	0	0.03	59	31	0	9	6	0
https://www.birminghamboilerrepairs.uk/gravelly-hill/heatline-specialists	Indexable		3		4	1	0	0.03	59	31	0	9	6	0
https://www.birminghamboilerrepairs.uk/gravelly-hill/ferroli-specialists	Indexable		3		24	21	0	0.62	59	31	0	9	6	0
https://www.birminghamboilerrepairs.uk/gravelly-hill/intergas-specialists	Indexable		3		4	1	0	0.03	59	31	0	9	6	0
https://www.birminghamboilerrepairs.uk/gravelly-hill/viessmann-specialists	Indexable		3		4	1	0	0.03	59	31	0	9	6	0
https://www.birminghamboilerrepairs.uk/gravelly-hill/glowworm-specialists	Indexable		3		4	1	0	0.03	59	31	0	9	6	0
https://www.birminghamboilerrepairs.uk/gravelly-hill/ariston-specialists	Indexable		3		4	1	0	0.03	59	31	0	9	6	0
https://www.birminghamboilerrepairs.uk/gravelly-hill/main-boiler-specialists	Indexable		3		4	1	0	0.03	59	31	0	9	6	0
https://www.birminghamboilerrepairs.uk/gravelly-hill/potterton-specialists	Indexable		3		4	1	0	0.03	59	31	0	9	6	0
https://www.birminghamboilerrepairs.uk/california/vaillant-specialists	Indexable		3		4	1	0	0.03	59	31	0	9	6	0
https://www.birminghamboilerrepairs.uk/california/heatline-specialists	Indexable		3		4	1	0	0.03	59	31	0	9	6	0
https://www.birminghamboilerrepairs.uk/california/vokera-specialists	Indexable		3		4	1	0	0.03	59	31	0	9	6	0
https://www.birminghamboilerrepairs.uk/california/boiler-servicing	Indexable		3		83	21	0	0.62	59	31	0	9	6	0
https://www.birminghamboilerrepairs.uk/california/alpha-boiler-specialists	Indexable		3		4	1	0	0.03	59	31	0	9	6	0
https://www.birminghamboilerrepairs.uk/california/ariston-specialists	Indexable		3		4	1	0	0.03	59	31	0	9	6	0
https://www.birminghamboilerrepairs.uk/california/boiler-repairs	Indexable		3		83	21	0	0.62	59	31	0	9	6	0
https://www.birminghamboilerrepairs.uk/california/viessmann-specialists	Indexable		3		4	1	0	0.03	59	31	0	9	6	0
https://www.birminghamboilerrepairs.uk/california/main-boiler-specialists	Indexable		3		4	1	0	0.03	59	31	0	9	6	0
https://www.birminghamboilerrepairs.uk/california/gas-safety	Indexable		3		83	21	0	0.62	59	31	0	9	6	0
https://www.birminghamboilerrepairs.uk/california/potterton-specialists	Indexable		3		4	1	0	0.03	59	31	0	9	6	0
https://www.birminghamboilerrepairs.uk/california/atag-specialists	Indexable		3		4	1	0	0.03	59	31	0	9	6	0
https://www.birminghamboilerrepairs.uk/california/ferroli-specialists	Indexable		3		24	21	0	0.62	59	31	0	9	6	0
https://www.birminghamboilerrepairs.uk/california/baxi-specialists	Indexable		3		4	1	0	0.03	59	31	0	9	6	0
https://www.birminghamboilerrepairs.uk/california/ideal-boilers-specialists	Indexable		3		4	1	0	0.03	59	31	0	9	6	0
https://www.birminghamboilerrepairs.uk/california/combination-boiler-repairs	Indexable		3		32	21	0	0.62	59	31	0	9	6	0
https://www.birminghamboilerrepairs.uk/california/combination-boiler-services	Indexable		3		23	21	0	0.62	59	31	0	9	6	0
https://www.birminghamboilerrepairs.uk/california/biasi-specialists	Indexable		3		4	1	0	0.03	59	31	0	9	6	0
https://www.birminghamboilerrepairs.uk/california/worcester-bosch-specialists	Indexable		3		10	7	0	0.21	59	31	0	9	6	0
https://www.birminghamboilerrepairs.uk/california/glowworm-specialists	Indexable		3		4	1	0	0.03	59	31	0	9	6	0
https://www.birminghamboilerrepairs.uk/california/intergas-specialists	Indexable		3		4	1	0	0.03	59	31	0	9	6	0
https://www.birminghamboilerrepairs.uk/lickey/worcester-bosch-specialists	Indexable		3		10	7	0	0.21	59	31	0	9	6	0
https://www.birminghamboilerrepairs.uk/lickey/vaillant-specialists	Indexable		3		4	1	0	0.03	59	31	0	9	6	0
https://www.birminghamboilerrepairs.uk/lickey/viessmann-specialists	Indexable		3		4	1	0	0.03	59	31	0	9	6	0
https://www.birminghamboilerrepairs.uk/lickey/ideal-boilers-specialists	Indexable		3		4	1	0	0.03	59	31	0	9	6	0
https://www.birminghamboilerrepairs.uk/lickey/boiler-repairs	Indexable		3		83	21	0	0.62	59	31	0	9	6	0
https://www.birminghamboilerrepairs.uk/lickey/ariston-specialists	Indexable		3		4	1	0	0.03	59	31	0	9	6	0
https://www.birminghamboilerrepairs.uk/lickey/heatline-specialists	Indexable		3		4	1	0	0.03	59	31	0	9	6	0
https://www.birminghamboilerrepairs.uk/lickey/atag-specialists	Indexable		3		4	1	0	0.03	59	31	0	9	6	0
https://www.birminghamboilerrepairs.uk/lickey/baxi-specialists	Indexable		3		4	1	0	0.03	59	31	0	9	6	0
https://www.birminghamboilerrepairs.uk/lickey/main-boiler-specialists	Indexable		3		4	1	0	0.03	59	31	0	9	6	0
https://www.birminghamboilerrepairs.uk/lickey/biasi-specialists	Indexable		3		4	1	0	0.03	59	31	0	9	6	0
https://www.birminghamboilerrepairs.uk/lickey/alpha-boiler-specialists	Indexable		3		4	1	0	0.03	59	31	0	9	6	0
https://www.birminghamboilerrepairs.uk/lickey/boiler-servicing	Indexable		3		83	21	0	0.62	59	31	0	9	6	0
https://www.birminghamboilerrepairs.uk/lickey/ferroli-specialists	Indexable		3		24	21	0	0.62	59	31	0	9	6	0
https://www.birminghamboilerrepairs.uk/lickey/gas-safety	Indexable		3		83	21	0	0.62	59	31	0	9	6	0
https://www.birminghamboilerrepairs.uk/lickey/potterton-specialists	Indexable		3		4	1	0	0.03	59	31	0	9	6	0
https://www.birminghamboilerrepairs.uk/lickey/combination-boiler-repairs	Indexable		3		32	21	0	0.62	59	31	0	9	6	0
https://www.birminghamboilerrepairs.uk/lickey/combination-boiler-services	Indexable		3		23	21	0	0.62	59	31	0	9	6	0
https://www.birminghamboilerrepairs.uk/lickey/intergas-specialists	Indexable		3		4	1	0	0.03	59	31	0	9	6	0
https://www.birminghamboilerrepairs.uk/buckland-end/main-boiler-specialists	Indexable		3		4	1	0	0.03	59	31	0	9	6	0
https://www.birminghamboilerrepairs.uk/buckland-end/ariston-specialists	Indexable		3		4	1	0	0.03	59	31	0	9	6	0
https://www.birminghamboilerrepairs.uk/lickey/glowworm-specialists	Indexable		3		4	1	0	0.03	59	31	0	9	6	0
https://www.birminghamboilerrepairs.uk/lickey/vokera-specialists	Indexable		3		4	1	0	0.03	59	31	0	9	6	0
https://www.birminghamboilerrepairs.uk/buckland-end/boiler-servicing	Indexable		3		83	21	0	0.62	59	31	0	9	6	0
https://www.birminghamboilerrepairs.uk/buckland-end/ideal-boilers-specialists	Indexable		3		4	1	0	0.03	59	31	0	9	6	0
https://www.birminghamboilerrepairs.uk/buckland-end/alpha-boiler-specialists	Indexable		3		4	1	0	0.03	59	31	0	9	6	0
https://www.birminghamboilerrepairs.uk/buckland-end/biasi-specialists	Indexable		3		4	1	0	0.03	59	31	0	9	6	0
https://www.birminghamboilerrepairs.uk/buckland-end/intergas-specialists	Indexable		3		4	1	0	0.03	59	31	0	9	6	0
https://www.birminghamboilerrepairs.uk/buckland-end/ferroli-specialists	Indexable		3		24	21	0	0.62	59	31	0	9	6	0
https://www.birminghamboilerrepairs.uk/buckland-end/glowworm-specialists	Indexable		3		4	1	0	0.03	59	31	0	9	6	0
https://www.birminghamboilerrepairs.uk/buckland-end/boiler-repairs	Indexable		3		83	21	0	0.62	59	31	0	9	6	0
https://www.birminghamboilerrepairs.uk/buckland-end/atag-specialists	Indexable		3		4	1	0	0.03	59	31	0	9	6	0
https://www.birminghamboilerrepairs.uk/buckland-end/viessmann-specialists	Indexable		3		4	1	0	0.03	59	31	0	9	6	0
https://www.birminghamboilerrepairs.uk/buckland-end/gas-safety	Indexable		3		83	21	0	0.62	59	31	0	9	6	0
https://www.birminghamboilerrepairs.uk/buckland-end/combination-boiler-repairs	Indexable		3		32	21	0	0.62	59	31	0	9	6	0
https://www.birminghamboilerrepairs.uk/buckland-end/vaillant-specialists	Indexable		3		4	1	0	0.03	59	31	0	9	6	0
https://www.birminghamboilerrepairs.uk/buckland-end/baxi-specialists	Indexable		3		4	1	0	0.03	59	31	0	9	6	0
https://www.birminghamboilerrepairs.uk/buckland-end/potterton-specialists	Indexable		3		4	1	0	0.03	59	31	0	9	6	0
https://www.birminghamboilerrepairs.uk/buckland-end/vokera-specialists	Indexable		3		4	1	0	0.03	59	31	0	9	6	0
https://www.birminghamboilerrepairs.uk/buckland-end/combination-boiler-services	Indexable		3		23	21	0	0.62	59	31	0	9	6	0
https://www.birminghamboilerrepairs.uk/buckland-end/heatline-specialists	Indexable		3		4	1	0	0.03	59	31	0	9	6	0
https://www.birminghamboilerrepairs.uk/buckland-end/worcester-bosch-specialists	Indexable		3		10	7	0	0.21	59	31	0	9	6	0
https://www.birminghamboilerrepairs.uk/eastside/gas-safety	Indexable		3		83	21	0	0.62	59	31	0	9	6	0
https://www.birminghamboilerrepairs.uk/eastside/main-boiler-specialists	Indexable		3		4	1	0	0.03	59	31	0	9	6	0
https://www.birminghamboilerrepairs.uk/eastside/worcester-bosch-specialists	Indexable		3		10	7	0	0.21	59	31	0	9	6	0
https://www.birminghamboilerrepairs.uk/eastside/glowworm-specialists	Indexable		3		4	1	0	0.03	59	31	0	9	6	0
https://www.birminghamboilerrepairs.uk/eastside/boiler-repairs	Indexable		3		83	21	0	0.62	59	31	0	9	6	0
https://www.birminghamboilerrepairs.uk/eastside/combination-boiler-repairs	Indexable		3		32	21	0	0.62	59	31	0	9	6	0
https://www.birminghamboilerrepairs.uk/eastside/combination-boiler-services	Indexable		3		23	21	0	0.62	59	31	0	9	6	0
https://www.birminghamboilerrepairs.uk/eastside/vokera-specialists	Indexable		3		4	1	0	0.03	59	31	0	9	6	0
https://www.birminghamboilerrepairs.uk/eastside/intergas-specialists	Indexable		3		4	1	0	0.03	59	31	0	9	6	0
https://www.birminghamboilerrepairs.uk/eastside/viessmann-specialists	Indexable		3		4	1	0	0.03	59	31	0	9	6	0
https://www.birminghamboilerrepairs.uk/eastside/ferroli-specialists	Indexable		3		24	21	0	0.62	59	31	0	9	6	0
https://www.birminghamboilerrepairs.uk/eastside/baxi-specialists	Indexable		3		4	1	0	0.03	59	31	0	9	6	0
https://www.birminghamboilerrepairs.uk/eastside/vaillant-specialists	Indexable		3		4	1	0	0.03	59	31	0	9	6	0
https://www.birminghamboilerrepairs.uk/eastside/atag-specialists	Indexable		3		4	1	0	0.03	59	31	0	9	6	0
https://www.birminghamboilerrepairs.uk/eastside/potterton-specialists	Indexable		3		4	1	0	0.03	59	31	0	9	6	0
https://www.birminghamboilerrepairs.uk/eastside/ideal-boilers-specialists	Indexable		3		4	1	0	0.03	59	31	0	9	6	0
https://www.birminghamboilerrepairs.uk/eastside/biasi-specialists	Indexable		3		4	1	0	0.03	59	31	0	9	6	0
https://www.birminghamboilerrepairs.uk/eastside/heatline-specialists	Indexable		3		4	1	0	0.03	59	31	0	9	6	0
https://www.birminghamboilerrepairs.uk/eastside/ariston-specialists	Indexable		3		4	1	0	0.03	59	31	0	9	6	0
https://www.birminghamboilerrepairs.uk/eastside/alpha-boiler-specialists	Indexable		3		4	1	0	0.03	59	31	0	9	6	0
https://www.birminghamboilerrepairs.uk/eastside/boiler-servicing	Indexable		3		83	21	0	0.62	59	31	0	9	6	0
https://www.birminghamboilerrepairs.uk/sheldon/gas-safety	Indexable		3		83	21	0	0.62	59	31	0	9	6	0
https://www.birminghamboilerrepairs.uk/sheldon/worcester-bosch-specialists	Indexable		3		10	7	0	0.21	59	31	0	9	6	0
https://www.birminghamboilerrepairs.uk/sheldon/main-boiler-specialists	Indexable		3		4	1	0	0.03	59	31	0	9	6	0
https://www.birminghamboilerrepairs.uk/sheldon/vaillant-specialists	Indexable		3		4	1	0	0.03	59	31	0	9	6	0
https://www.birminghamboilerrepairs.uk/sheldon/ferroli-specialists	Indexable		3		24	21	0	0.62	59	31	0	9	6	0
https://www.birminghamboilerrepairs.uk/sheldon/glowworm-specialists	Indexable		3		4	1	0	0.03	59	31	0	9	6	0
https://www.birminghamboilerrepairs.uk/sheldon/combination-boiler-services	Indexable		3		23	21	0	0.62	59	31	0	9	6	0
https://www.birminghamboilerrepairs.uk/sheldon/boiler-servicing	Indexable		3		83	21	0	0.62	59	31	0	9	6	0
https://www.birminghamboilerrepairs.uk/sheldon/intergas-specialists	Indexable		3		4	1	0	0.03	59	31	0	9	6	0
https://www.birminghamboilerrepairs.uk/sheldon/alpha-boiler-specialists	Indexable		3		4	1	0	0.03	59	31	0	9	6	0
https://www.birminghamboilerrepairs.uk/sheldon/ideal-boilers-specialists	Indexable		3		4	1	0	0.03	59	31	0	9	6	0
https://www.birminghamboilerrepairs.uk/sheldon/ariston-specialists	Indexable		3		4	1	0	0.03	59	31	0	9	6	0
https://www.birminghamboilerrepairs.uk/sheldon/boiler-repairs	Indexable		3		83	21	0	0.62	59	31	0	9	6	0
https://www.birminghamboilerrepairs.uk/sheldon/atag-specialists	Indexable		3		4	1	0	0.03	59	31	0	9	6	0
https://www.birminghamboilerrepairs.uk/sheldon/viessmann-specialists	Indexable		3		4	1	0	0.03	59	31	0	9	6	0
https://www.birminghamboilerrepairs.uk/sheldon/biasi-specialists	Indexable		3		4	1	0	0.03	59	31	0	9	6	0
https://www.birminghamboilerrepairs.uk/sheldon/combination-boiler-repairs	Indexable		3		32	21	0	0.62	59	31	0	9	6	0
https://www.birminghamboilerrepairs.uk/sheldon/baxi-specialists	Indexable		3		4	1	0	0.03	59	31	0	9	6	0
https://www.birminghamboilerrepairs.uk/sheldon/potterton-specialists	Indexable		3		4	1	0	0.03	59	31	0	9	6	0
https://www.birminghamboilerrepairs.uk/sheldon/vokera-specialists	Indexable		3		4	1	0	0.03	59	31	0	9	6	0
https://www.birminghamboilerrepairs.uk/shirley/glowworm-specialists	Indexable		3		4	1	0	0.03	59	31	0	9	6	0
https://www.birminghamboilerrepairs.uk/shirley/boiler-repairs	Indexable		3		83	21	0	0.62	59	31	0	9	6	0
https://www.birminghamboilerrepairs.uk/shirley/worcester-bosch-specialists	Indexable		3		10	7	0	0.21	59	31	0	9	6	0
https://www.birminghamboilerrepairs.uk/shirley/potterton-specialists	Indexable		3		4	1	0	0.03	59	31	0	9	6	0
https://www.birminghamboilerrepairs.uk/shirley/vokera-specialists	Indexable		3		4	1	0	0.03	59	31	0	9	6	0
https://www.birminghamboilerrepairs.uk/sheldon/heatline-specialists	Indexable		3		4	1	0	0.03	59	31	0	9	6	0
https://www.birminghamboilerrepairs.uk/shirley/boiler-servicing	Indexable		3		83	21	0	0.62	59	31	0	9	6	0
https://www.birminghamboilerrepairs.uk/shirley/ferroli-specialists	Indexable		3		24	21	0	0.62	59	31	0	9	6	0
https://www.birminghamboilerrepairs.uk/shirley/atag-specialists	Indexable		3		4	1	0	0.03	59	31	0	9	6	0
https://www.birminghamboilerrepairs.uk/shirley/heatline-specialists	Indexable		3		4	1	0	0.03	59	31	0	9	6	0
https://www.birminghamboilerrepairs.uk/shirley/viessmann-specialists	Indexable		3		4	1	0	0.03	59	31	0	9	6	0
https://www.birminghamboilerrepairs.uk/shirley/vaillant-specialists	Indexable		3		4	1	0	0.03	59	31	0	9	6	0
https://www.birminghamboilerrepairs.uk/shirley/ideal-boilers-specialists	Indexable		3		4	1	0	0.03	59	31	0	9	6	0
https://www.birminghamboilerrepairs.uk/shirley/ariston-specialists	Indexable		3		4	1	0	0.03	59	31	0	9	6	0
https://www.birminghamboilerrepairs.uk/shirley/gas-safety	Indexable		3		83	21	0	0.62	59	31	0	9	6	0
https://www.birminghamboilerrepairs.uk/shirley/combination-boiler-services	Indexable		3		23	21	0	0.62	59	31	0	9	6	0
https://www.birminghamboilerrepairs.uk/shirley/main-boiler-specialists	Indexable		3		4	1	0	0.03	59	31	0	9	6	0
https://www.birminghamboilerrepairs.uk/shirley/baxi-specialists	Indexable		3		4	1	0	0.03	59	31	0	9	6	0
https://www.birminghamboilerrepairs.uk/shirley/alpha-boiler-specialists	Indexable		3		4	1	0	0.03	59	31	0	9	6	0
https://www.birminghamboilerrepairs.uk/shirley/combination-boiler-repairs	Indexable		3		32	21	0	0.62	59	31	0	9	6	0
https://www.birminghamboilerrepairs.uk/shirley/intergas-specialists	Indexable		3		4	1	0	0.03	59	31	0	9	6	0
https://www.birminghamboilerrepairs.uk/shirley/biasi-specialists	Indexable		3		4	1	0	0.03	59	31	0	9	6	0
https://www.birminghamboilerrepairs.uk/hill-hook/glowworm-specialists	Indexable		3		4	1	0	0.03	59	31	0	9	6	0
https://www.birminghamboilerrepairs.uk/hill-hook/intergas-specialists	Indexable		3		4	1	0	0.03	59	31	0	9	6	0
https://www.birminghamboilerrepairs.uk/hill-hook/heatline-specialists	Indexable		3		4	1	0	0.03	59	31	0	9	6	0
https://www.birminghamboilerrepairs.uk/hill-hook/potterton-specialists	Indexable		3		4	1	0	0.03	59	31	0	9	6	0
https://www.birminghamboilerrepairs.uk/hill-hook/baxi-specialists	Indexable		3		4	1	0	0.03	59	31	0	9	6	0
https://www.birminghamboilerrepairs.uk/hill-hook/combination-boiler-repairs	Indexable		3		32	21	0	0.62	59	31	0	9	6	0
https://www.birminghamboilerrepairs.uk/hill-hook/viessmann-specialists	Indexable		3		4	1	0	0.03	59	31	0	9	6	0
https://www.birminghamboilerrepairs.uk/hill-hook/gas-safety	Indexable		3		83	21	0	0.62	59	31	0	9	6	0
https://www.birminghamboilerrepairs.uk/hill-hook/main-boiler-specialists	Indexable		3		4	1	0	0.03	59	31	0	9	6	0
https://www.birminghamboilerrepairs.uk/hill-hook/vaillant-specialists	Indexable		3		4	1	0	0.03	59	31	0	9	6	0
https://www.birminghamboilerrepairs.uk/hill-hook/atag-specialists	Indexable		3		4	1	0	0.03	59	31	0	9	6	0
https://www.birminghamboilerrepairs.uk/hill-hook/boiler-repairs	Indexable		3		83	21	0	0.62	59	31	0	9	6	0
https://www.birminghamboilerrepairs.uk/hill-hook/combination-boiler-services	Indexable		3		23	21	0	0.62	59	31	0	9	6	0
https://www.birminghamboilerrepairs.uk/hill-hook/vokera-specialists	Indexable		3		4	1	0	0.03	59	31	0	9	6	0
https://www.birminghamboilerrepairs.uk/hill-hook/ariston-specialists	Indexable		3		4	1	0	0.03	59	31	0	9	6	0
https://www.birminghamboilerrepairs.uk/hill-hook/ferroli-specialists	Indexable		3		24	21	0	0.62	59	31	0	9	6	0
https://www.birminghamboilerrepairs.uk/hill-hook/ideal-boilers-specialists	Indexable		3		4	1	0	0.03	59	31	0	9	6	0
https://www.birminghamboilerrepairs.uk/hill-hook/alpha-boiler-specialists	Indexable		3		4	1	0	0.03	59	31	0	9	6	0
https://www.birminghamboilerrepairs.uk/hill-hook/worcester-bosch-specialists	Indexable		3		10	7	0	0.21	59	31	0	9	6	0
https://www.birminghamboilerrepairs.uk/hill-hook/boiler-servicing	Indexable		3		83	21	0	0.62	59	31	0	9	6	0
https://www.birminghamboilerrepairs.uk/highgate/vokera-specialists	Indexable		3		4	1	0	0.03	59	31	0	9	6	0
https://www.birminghamboilerrepairs.uk/highgate/potterton-specialists	Indexable		3		4	1	0	0.03	59	31	0	9	6	0
https://www.birminghamboilerrepairs.uk/hill-hook/biasi-specialists	Indexable		3		4	1	0	0.03	59	31	0	9	6	0
https://www.birminghamboilerrepairs.uk/highgate/boiler-servicing	Indexable		3		83	21	0	0.62	59	31	0	9	6	0
https://www.birminghamboilerrepairs.uk/highgate/biasi-specialists	Indexable		3		4	1	0	0.03	59	31	0	9	6	0
https://www.birminghamboilerrepairs.uk/highgate/vaillant-specialists	Indexable		3		4	1	0	0.03	59	31	0	9	6	0
https://www.birminghamboilerrepairs.uk/highgate/alpha-boiler-specialists	Indexable		3		4	1	0	0.03	59	31	0	9	6	0
https://www.birminghamboilerrepairs.uk/highgate/combination-boiler-repairs	Indexable		3		32	21	0	0.62	59	31	0	9	6	0
https://www.birminghamboilerrepairs.uk/highgate/ferroli-specialists	Indexable		3		24	21	0	0.62	59	31	0	9	6	0
https://www.birminghamboilerrepairs.uk/highgate/baxi-specialists	Indexable		3		4	1	0	0.03	59	31	0	9	6	0
https://www.birminghamboilerrepairs.uk/highgate/gas-safety	Indexable		3		83	21	0	0.62	59	31	0	9	6	0
https://www.birminghamboilerrepairs.uk/highgate/heatline-specialists	Indexable		3		4	1	0	0.03	59	31	0	9	6	0
https://www.birminghamboilerrepairs.uk/highgate/ariston-specialists	Indexable		3		4	1	0	0.03	59	31	0	9	6	0
https://www.birminghamboilerrepairs.uk/highgate/viessmann-specialists	Indexable		3		4	1	0	0.03	59	31	0	9	6	0
https://www.birminghamboilerrepairs.uk/highgate/atag-specialists	Indexable		3		4	1	0	0.03	59	31	0	9	6	0
https://www.birminghamboilerrepairs.uk/highgate/combination-boiler-services	Indexable		3		23	21	0	0.62	59	31	0	9	6	0
https://www.birminghamboilerrepairs.uk/highgate/main-boiler-specialists	Indexable		3		4	1	0	0.03	59	31	0	9	6	0
https://www.birminghamboilerrepairs.uk/highgate/boiler-repairs	Indexable		3		83	21	0	0.62	59	31	0	9	6	0
https://www.birminghamboilerrepairs.uk/highgate/intergas-specialists	Indexable		3		4	1	0	0.03	59	31	0	9	6	0
https://www.birminghamboilerrepairs.uk/highgate/worcester-bosch-specialists	Indexable		3		10	7	0	0.21	59	31	0	9	6	0
https://www.birminghamboilerrepairs.uk/highgate/glowworm-specialists	Indexable		3		4	1	0	0.03	59	31	0	9	6	0
https://www.birminghamboilerrepairs.uk/gospel-oak/gas-safety	Indexable		3		83	21	0	0.62	59	31	0	9	6	0
https://www.birminghamboilerrepairs.uk/gospel-oak/glowworm-specialists	Indexable		3		4	1	0	0.03	59	31	0	9	6	0
https://www.birminghamboilerrepairs.uk/gospel-oak/vaillant-specialists	Indexable		3		4	1	0	0.03	59	31	0	9	6	0
https://www.birminghamboilerrepairs.uk/highgate/ideal-boilers-specialists	Indexable		3		4	1	0	0.03	59	31	0	9	6	0
https://www.birminghamboilerrepairs.uk/gospel-oak/boiler-repairs	Indexable		3		83	21	0	0.62	59	31	0	9	6	0
https://www.birminghamboilerrepairs.uk/gospel-oak/viessmann-specialists	Indexable		3		4	1	0	0.03	59	31	0	9	6	0
https://www.birminghamboilerrepairs.uk/gospel-oak/atag-specialists	Indexable		3		4	1	0	0.03	59	31	0	9	6	0
https://www.birminghamboilerrepairs.uk/gospel-oak/heatline-specialists	Indexable		3		4	1	0	0.03	59	31	0	9	6	0
https://www.birminghamboilerrepairs.uk/gospel-oak/combination-boiler-repairs	Indexable		3		32	21	0	0.62	59	31	0	9	6	0
https://www.birminghamboilerrepairs.uk/gospel-oak/ariston-specialists	Indexable		3		4	1	0	0.03	59	31	0	9	6	0
https://www.birminghamboilerrepairs.uk/gospel-oak/potterton-specialists	Indexable		3		4	1	0	0.03	59	31	0	9	6	0
https://www.birminghamboilerrepairs.uk/gospel-oak/biasi-specialists	Indexable		3		4	1	0	0.03	59	31	0	9	6	0
https://www.birminghamboilerrepairs.uk/gospel-oak/combination-boiler-services	Indexable		3		23	21	0	0.62	59	31	0	9	6	0
https://www.birminghamboilerrepairs.uk/gospel-oak/main-boiler-specialists	Indexable		3		4	1	0	0.03	59	31	0	9	6	0
https://www.birminghamboilerrepairs.uk/gospel-oak/ideal-boilers-specialists	Indexable		3		4	1	0	0.03	59	31	0	9	6	0
https://www.birminghamboilerrepairs.uk/gospel-oak/intergas-specialists	Indexable		3		4	1	0	0.03	59	31	0	9	6	0
https://www.birminghamboilerrepairs.uk/gospel-oak/worcester-bosch-specialists	Indexable		3		10	7	0	0.21	59	31	0	9	6	0
https://www.birminghamboilerrepairs.uk/gospel-oak/boiler-servicing	Indexable		3		83	21	0	0.62	59	31	0	9	6	0
https://www.birminghamboilerrepairs.uk/gospel-oak/ferroli-specialists	Indexable		3		24	21	0	0.62	59	31	0	9	6	0
https://www.birminghamboilerrepairs.uk/gospel-oak/baxi-specialists	Indexable		3		4	1	0	0.03	59	31	0	9	6	0
https://www.birminghamboilerrepairs.uk/handsworth/biasi-specialists	Indexable		3		4	1	0	0.03	59	31	0	9	6	0
https://www.birminghamboilerrepairs.uk/gospel-oak/vokera-specialists	Indexable		3		4	1	0	0.03	59	31	0	9	6	0
https://www.birminghamboilerrepairs.uk/handsworth/boiler-servicing	Indexable		3		83	21	0	0.62	59	31	0	9	6	0
https://www.birminghamboilerrepairs.uk/gospel-oak/alpha-boiler-specialists	Indexable		3		4	1	0	0.03	59	31	0	9	6	0
https://www.birminghamboilerrepairs.uk/handsworth/potterton-specialists	Indexable		3		4	1	0	0.03	59	31	0	9	6	0
https://www.birminghamboilerrepairs.uk/handsworth/gas-safety	Indexable		3		83	21	0	0.62	59	31	0	9	6	0
https://www.birminghamboilerrepairs.uk/handsworth/main-boiler-specialists	Indexable		3		4	1	0	0.03	59	31	0	9	6	0
https://www.birminghamboilerrepairs.uk/handsworth/viessmann-specialists	Indexable		3		4	1	0	0.03	59	31	0	9	6	0
https://www.birminghamboilerrepairs.uk/handsworth/combination-boiler-repairs	Indexable		3		32	21	0	0.62	59	31	0	9	6	0
https://www.birminghamboilerrepairs.uk/handsworth/vokera-specialists	Indexable		3		4	1	0	0.03	59	31	0	9	6	0
https://www.birminghamboilerrepairs.uk/handsworth/glowworm-specialists	Indexable		3		4	1	0	0.03	59	31	0	9	6	0
https://www.birminghamboilerrepairs.uk/south-yardley/main-boiler-specialists	Indexable		3		4	1	0	0.03	59	31	0	9	6	0
https://www.birminghamboilerrepairs.uk/south-yardley/gas-safety	Indexable		3		83	21	0	0.62	59	31	0	9	6	0
https://www.birminghamboilerrepairs.uk/handsworth/ferroli-specialists	Indexable		3		24	21	0	0.62	59	31	0	9	6	0
https://www.birminghamboilerrepairs.uk/south-yardley/boiler-repairs	Indexable		3		83	21	0	0.62	59	31	0	9	6	0
https://www.birminghamboilerrepairs.uk/south-yardley/baxi-specialists	Indexable		3		4	1	0	0.03	59	31	0	9	6	0
https://www.birminghamboilerrepairs.uk/south-yardley/glowworm-specialists	Indexable		3		4	1	0	0.03	59	31	0	9	6	0
https://www.birminghamboilerrepairs.uk/south-yardley/boiler-servicing	Indexable		3		83	21	0	0.62	59	31	0	9	6	0
https://www.birminghamboilerrepairs.uk/south-yardley/ariston-specialists	Indexable		3		4	1	0	0.03	59	31	0	9	6	0
https://www.birminghamboilerrepairs.uk/south-yardley/alpha-boiler-specialists	Indexable		3		4	1	0	0.03	59	31	0	9	6	0
https://www.birminghamboilerrepairs.uk/south-yardley/viessmann-specialists	Indexable		3		4	1	0	0.03	59	31	0	9	6	0
https://www.birminghamboilerrepairs.uk/south-yardley/intergas-specialists	Indexable		3		4	1	0	0.03	59	31	0	9	6	0
https://www.birminghamboilerrepairs.uk/south-yardley/potterton-specialists	Indexable		3		4	1	0	0.03	59	31	0	9	6	0
https://www.birminghamboilerrepairs.uk/south-yardley/ideal-boilers-specialists	Indexable		3		4	1	0	0.03	59	31	0	9	6	0
https://www.birminghamboilerrepairs.uk/south-yardley/heatline-specialists	Indexable		3		4	1	0	0.03	59	31	0	9	6	0
https://www.birminghamboilerrepairs.uk/south-yardley/ferroli-specialists	Indexable		3		24	21	0	0.62	59	31	0	9	6	0
https://www.birminghamboilerrepairs.uk/south-yardley/vaillant-specialists	Indexable		3		4	1	0	0.03	59	31	0	9	6	0
https://www.birminghamboilerrepairs.uk/south-yardley/atag-specialists	Indexable		3		4	1	0	0.03	59	31	0	9	6	0
https://www.birminghamboilerrepairs.uk/south-yardley/combination-boiler-services	Indexable		3		23	21	0	0.62	59	31	0	9	6	0
https://www.birminghamboilerrepairs.uk/south-yardley/vokera-specialists	Indexable		3		4	1	0	0.03	59	31	0	9	6	0
https://www.birminghamboilerrepairs.uk/stockland-green/heatline-specialists	Indexable		3		4	1	0	0.03	59	31	0	9	6	0
https://www.birminghamboilerrepairs.uk/south-yardley/biasi-specialists	Indexable		3		4	1	0	0.03	59	31	0	9	6	0
https://www.birminghamboilerrepairs.uk/south-yardley/combination-boiler-repairs	Indexable		3		32	21	0	0.62	59	31	0	9	6	0
https://www.birminghamboilerrepairs.uk/south-yardley/worcester-bosch-specialists	Indexable		3		10	7	0	0.21	59	31	0	9	6	0
https://www.birminghamboilerrepairs.uk/stockland-green/alpha-boiler-specialists	Indexable		3		4	1	0	0.03	59	31	0	9	6	0
https://www.birminghamboilerrepairs.uk/stockland-green/atag-specialists	Indexable		3		4	1	0	0.03	59	31	0	9	6	0
https://www.birminghamboilerrepairs.uk/stockland-green/boiler-repairs	Indexable		3		83	21	0	0.62	59	31	0	9	6	0
https://www.birminghamboilerrepairs.uk/stockland-green/combination-boiler-services	Indexable		3		23	21	0	0.62	59	31	0	9	6	0
https://www.birminghamboilerrepairs.uk/stockland-green/worcester-bosch-specialists	Indexable		3		10	7	0	0.21	59	31	0	9	6	0
https://www.birminghamboilerrepairs.uk/stockland-green/ideal-boilers-specialists	Indexable		3		4	1	0	0.03	59	31	0	9	6	0
https://www.birminghamboilerrepairs.uk/stockland-green/vokera-specialists	Indexable		3		4	1	0	0.03	59	31	0	9	6	0
https://www.birminghamboilerrepairs.uk/stockland-green/potterton-specialists	Indexable		3		4	1	0	0.03	59	31	0	9	6	0
https://www.birminghamboilerrepairs.uk/stockland-green/intergas-specialists	Indexable		3		4	1	0	0.03	59	31	0	9	6	0
https://www.birminghamboilerrepairs.uk/stockland-green/ferroli-specialists	Indexable		3		24	21	0	0.62	59	31	0	9	6	0
https://www.birminghamboilerrepairs.uk/stockland-green/boiler-servicing	Indexable		3		83	21	0	0.62	59	31	0	9	6	0
https://www.birminghamboilerrepairs.uk/stockland-green/glowworm-specialists	Indexable		3		4	1	0	0.03	59	31	0	9	6	0
https://www.birminghamboilerrepairs.uk/stockland-green/main-boiler-specialists	Indexable		3		4	1	0	0.03	59	31	0	9	6	0
https://www.birminghamboilerrepairs.uk/stockland-green/ariston-specialists	Indexable		3		4	1	0	0.03	59	31	0	9	6	0
https://www.birminghamboilerrepairs.uk/stockland-green/vaillant-specialists	Indexable		3		4	1	0	0.03	59	31	0	9	6	0
https://www.birminghamboilerrepairs.uk/stockland-green/viessmann-specialists	Indexable		3		4	1	0	0.03	59	31	0	9	6	0
https://www.birminghamboilerrepairs.uk/stockland-green/gas-safety	Indexable		3		83	21	0	0.62	59	31	0	9	6	0
https://www.birminghamboilerrepairs.uk/stockland-green/combination-boiler-repairs	Indexable		3		32	21	0	0.62	59	31	0	9	6	0
https://www.birminghamboilerrepairs.uk/stockland-green/baxi-specialists	Indexable		3		4	1	0	0.03	59	31	0	9	6	0
https://www.birminghamboilerrepairs.uk/rotton-park/combination-boiler-repairs	Indexable		3		32	21	0	0.62	59	31	0	9	6	0
https://www.birminghamboilerrepairs.uk/rotton-park/vaillant-specialists	Indexable		3		4	1	0	0.03	59	31	0	9	6	0
https://www.birminghamboilerrepairs.uk/stockland-green/biasi-specialists	Indexable		3		4	1	0	0.03	59	31	0	9	6	0
https://www.birminghamboilerrepairs.uk/rotton-park/ferroli-specialists	Indexable		3		24	21	0	0.62	59	31	0	9	6	0
https://www.birminghamboilerrepairs.uk/rotton-park/combination-boiler-services	Indexable		3		23	21	0	0.62	59	31	0	9	6	0
https://www.birminghamboilerrepairs.uk/rotton-park/boiler-repairs	Indexable		3		83	21	0	0.62	59	31	0	9	6	0
https://www.birminghamboilerrepairs.uk/rotton-park/ariston-specialists	Indexable		3		4	1	0	0.03	59	31	0	9	6	0
https://www.birminghamboilerrepairs.uk/rotton-park/biasi-specialists	Indexable		3		4	1	0	0.03	59	31	0	9	6	0
https://www.birminghamboilerrepairs.uk/rotton-park/boiler-servicing	Indexable		3		83	21	0	0.62	59	31	0	9	6	0
https://www.birminghamboilerrepairs.uk/rotton-park/potterton-specialists	Indexable		3		4	1	0	0.03	59	31	0	9	6	0
https://www.birminghamboilerrepairs.uk/rotton-park/intergas-specialists	Indexable		3		4	1	0	0.03	59	31	0	9	6	0
https://www.birminghamboilerrepairs.uk/rotton-park/viessmann-specialists	Indexable		3		4	1	0	0.03	59	31	0	9	6	0
https://www.birminghamboilerrepairs.uk/rotton-park/heatline-specialists	Indexable		3		4	1	0	0.03	59	31	0	9	6	0
https://www.birminghamboilerrepairs.uk/rotton-park/vokera-specialists	Indexable		3		4	1	0	0.03	59	31	0	9	6	0
https://www.birminghamboilerrepairs.uk/rotton-park/main-boiler-specialists	Indexable		3		4	1	0	0.03	59	31	0	9	6	0
https://www.birminghamboilerrepairs.uk/rotton-park/atag-specialists	Indexable		3		4	1	0	0.03	59	31	0	9	6	0
https://www.birminghamboilerrepairs.uk/rotton-park/glowworm-specialists	Indexable		3		4	1	0	0.03	59	31	0	9	6	0
https://www.birminghamboilerrepairs.uk/rotton-park/alpha-boiler-specialists	Indexable		3		4	1	0	0.03	59	31	0	9	6	0
https://www.birminghamboilerrepairs.uk/rotton-park/baxi-specialists	Indexable		3		4	1	0	0.03	59	31	0	9	6	0
https://www.birminghamboilerrepairs.uk/rotton-park/ideal-boilers-specialists	Indexable		3		4	1	0	0.03	59	31	0	9	6	0
https://www.birminghamboilerrepairs.uk/rotton-park/worcester-bosch-specialists	Indexable		3		10	7	0	0.21	59	31	0	9	6	0
https://www.birminghamboilerrepairs.uk/ridgacre/atag-specialists	Indexable		3		4	1	0	0.03	59	31	0	9	6	0
https://www.birminghamboilerrepairs.uk/rotton-park/gas-safety	Indexable		3		83	21	0	0.62	59	31	0	9	6	0
https://www.birminghamboilerrepairs.uk/ridgacre/main-boiler-specialists	Indexable		3		4	1	0	0.03	59	31	0	9	6	0
https://www.birminghamboilerrepairs.uk/ridgacre/vokera-specialists	Indexable		3		4	1	0	0.03	59	31	0	9	6	0
https://www.birminghamboilerrepairs.uk/ridgacre/vaillant-specialists	Indexable		3		4	1	0	0.03	59	31	0	9	6	0
https://www.birminghamboilerrepairs.uk/ridgacre/ariston-specialists	Indexable		3		4	1	0	0.03	59	31	0	9	6	0
https://www.birminghamboilerrepairs.uk/ridgacre/biasi-specialists	Indexable		3		4	1	0	0.03	59	31	0	9	6	0
https://www.birminghamboilerrepairs.uk/ridgacre/alpha-boiler-specialists	Indexable		3		4	1	0	0.03	59	31	0	9	6	0
https://www.birminghamboilerrepairs.uk/ridgacre/ferroli-specialists	Indexable		3		24	21	0	0.62	59	31	0	9	6	0
https://www.birminghamboilerrepairs.uk/ridgacre/intergas-specialists	Indexable		3		4	1	0	0.03	59	31	0	9	6	0
https://www.birminghamboilerrepairs.uk/ridgacre/baxi-specialists	Indexable		3		4	1	0	0.03	59	31	0	9	6	0
https://www.birminghamboilerrepairs.uk/ridgacre/worcester-bosch-specialists	Indexable		3		10	7	0	0.21	59	31	0	9	6	0
https://www.birminghamboilerrepairs.uk/ridgacre/combination-boiler-repairs	Indexable		3		32	21	0	0.62	59	31	0	9	6	0
https://www.birminghamboilerrepairs.uk/ridgacre/glowworm-specialists	Indexable		3		4	1	0	0.03	59	31	0	9	6	0
https://www.birminghamboilerrepairs.uk/ridgacre/gas-safety	Indexable		3		83	21	0	0.62	59	31	0	9	6	0
https://www.birminghamboilerrepairs.uk/ridgacre/viessmann-specialists	Indexable		3		4	1	0	0.03	59	31	0	9	6	0
https://www.birminghamboilerrepairs.uk/ridgacre/boiler-servicing	Indexable		3		83	21	0	0.62	59	31	0	9	6	0
https://www.birminghamboilerrepairs.uk/ridgacre/ideal-boilers-specialists	Indexable		3		4	1	0	0.03	59	31	0	9	6	0
https://www.birminghamboilerrepairs.uk/ridgacre/boiler-repairs	Indexable		3		83	21	0	0.62	59	31	0	9	6	0
https://www.birminghamboilerrepairs.uk/ridgacre/heatline-specialists	Indexable		3		4	1	0	0.03	59	31	0	9	6	0
https://www.birminghamboilerrepairs.uk/ridgacre/combination-boiler-services	Indexable		3		23	21	0	0.62	59	31	0	9	6	0
https://www.birminghamboilerrepairs.uk/cotteridge/atag-specialists	Indexable		3		4	1	0	0.03	59	31	0	9	6	0
https://www.birminghamboilerrepairs.uk/ridgacre/potterton-specialists	Indexable		3		4	1	0	0.03	59	31	0	9	6	0
https://www.birminghamboilerrepairs.uk/cotteridge/glowworm-specialists	Indexable		3		4	1	0	0.03	59	31	0	9	6	0
https://www.birminghamboilerrepairs.uk/cotteridge/intergas-specialists	Indexable		3		4	1	0	0.03	59	31	0	9	6	0
https://www.birminghamboilerrepairs.uk/cotteridge/ferroli-specialists	Indexable		3		24	21	0	0.62	59	31	0	9	6	0
https://www.birminghamboilerrepairs.uk/cotteridge/viessmann-specialists	Indexable		3		4	1	0	0.03	59	31	0	9	6	0
https://www.birminghamboilerrepairs.uk/cotteridge/alpha-boiler-specialists	Indexable		3		4	1	0	0.03	59	31	0	9	6	0
https://www.birminghamboilerrepairs.uk/cotteridge/vaillant-specialists	Indexable		3		4	1	0	0.03	59	31	0	9	6	0
https://www.birminghamboilerrepairs.uk/cotteridge/heatline-specialists	Indexable		3		4	1	0	0.03	59	31	0	9	6	0
https://www.birminghamboilerrepairs.uk/cotteridge/boiler-repairs	Indexable		3		83	21	0	0.62	59	31	0	9	6	0
https://www.birminghamboilerrepairs.uk/cotteridge/boiler-servicing	Indexable		3		83	21	0	0.62	59	31	0	9	6	0
https://www.birminghamboilerrepairs.uk/cotteridge/ideal-boilers-specialists	Indexable		3		4	1	0	0.03	59	31	0	9	6	0
https://www.birminghamboilerrepairs.uk/cotteridge/vokera-specialists	Indexable		3		4	1	0	0.03	59	31	0	9	6	0
https://www.birminghamboilerrepairs.uk/cotteridge/biasi-specialists	Indexable		3		4	1	0	0.03	59	31	0	9	6	0
https://www.birminghamboilerrepairs.uk/cotteridge/worcester-bosch-specialists	Indexable		3		10	7	0	0.21	59	31	0	9	6	0
https://www.birminghamboilerrepairs.uk/cotteridge/combination-boiler-services	Indexable		3		23	21	0	0.62	59	31	0	9	6	0
https://www.birminghamboilerrepairs.uk/cotteridge/main-boiler-specialists	Indexable		3		4	1	0	0.03	59	31	0	9	6	0
https://www.birminghamboilerrepairs.uk/cotteridge/potterton-specialists	Indexable		3		4	1	0	0.03	59	31	0	9	6	0
https://www.birminghamboilerrepairs.uk/cotteridge/combination-boiler-repairs	Indexable		3		32	21	0	0.62	59	31	0	9	6	0
https://www.birminghamboilerrepairs.uk/cotteridge/ariston-specialists	Indexable		3		4	1	0	0.03	59	31	0	9	6	0
https://www.birminghamboilerrepairs.uk/cotteridge/baxi-specialists	Indexable		3		4	1	0	0.03	59	31	0	9	6	0
https://www.birminghamboilerrepairs.uk/soho/worcester-bosch-specialists	Indexable		3		10	7	0	0.21	59	31	0	9	6	0
https://www.birminghamboilerrepairs.uk/cotteridge/gas-safety	Indexable		3		83	21	0	0.62	59	31	0	9	6	0
https://www.birminghamboilerrepairs.uk/soho/boiler-servicing	Indexable		3		83	21	0	0.62	59	31	0	9	6	0
https://www.birminghamboilerrepairs.uk/soho/ideal-boilers-specialists	Indexable		3		4	1	0	0.03	59	31	0	9	6	0
https://www.birminghamboilerrepairs.uk/soho/combination-boiler-services	Indexable		3		23	21	0	0.62	59	31	0	9	6	0
https://www.birminghamboilerrepairs.uk/soho/gas-safety	Indexable		3		83	21	0	0.62	59	31	0	9	6	0
https://www.birminghamboilerrepairs.uk/soho/baxi-specialists	Indexable		3		4	1	0	0.03	59	31	0	9	6	0
https://www.birminghamboilerrepairs.uk/soho/ferroli-specialists	Indexable		3		24	21	0	0.62	59	31	0	9	6	0
https://www.birminghamboilerrepairs.uk/soho/ariston-specialists	Indexable		3		4	1	0	0.03	59	31	0	9	6	0
https://www.birminghamboilerrepairs.uk/soho/boiler-repairs	Indexable		3		83	21	0	0.62	59	31	0	9	6	0
https://www.birminghamboilerrepairs.uk/soho/main-boiler-specialists	Indexable		3		4	1	0	0.03	59	31	0	9	6	0
https://www.birminghamboilerrepairs.uk/soho/potterton-specialists	Indexable		3		4	1	0	0.03	59	31	0	9	6	0
https://www.birminghamboilerrepairs.uk/soho/intergas-specialists	Indexable		3		4	1	0	0.03	59	31	0	9	6	0
https://www.birminghamboilerrepairs.uk/soho/combination-boiler-repairs	Indexable		3		32	21	0	0.62	59	31	0	9	6	0
https://www.birminghamboilerrepairs.uk/soho/biasi-specialists	Indexable		3		4	1	0	0.03	59	31	0	9	6	0
https://www.birminghamboilerrepairs.uk/soho/heatline-specialists	Indexable		3		4	1	0	0.03	59	31	0	9	6	0
https://www.birminghamboilerrepairs.uk/soho/vokera-specialists	Indexable		3		4	1	0	0.03	59	31	0	9	6	0
https://www.birminghamboilerrepairs.uk/soho/alpha-boiler-specialists	Indexable		3		4	1	0	0.03	59	31	0	9	6	0
https://www.birminghamboilerrepairs.uk/soho/atag-specialists	Indexable		3		4	1	0	0.03	59	31	0	9	6	0
https://www.birminghamboilerrepairs.uk/soho/viessmann-specialists	Indexable		3		4	1	0	0.03	59	31	0	9	6	0
https://www.birminghamboilerrepairs.uk/small-heath/alpha-boiler-specialists	Indexable		3		4	1	0	0.03	59	31	0	9	6	0
https://www.birminghamboilerrepairs.uk/soho/vaillant-specialists	Indexable		3		4	1	0	0.03	59	31	0	9	6	0
https://www.birminghamboilerrepairs.uk/soho/glowworm-specialists	Indexable		3		4	1	0	0.03	59	31	0	9	6	0
https://www.birminghamboilerrepairs.uk/small-heath/vaillant-specialists	Indexable		3		4	1	0	0.03	59	31	0	9	6	0
https://www.birminghamboilerrepairs.uk/small-heath/boiler-repairs	Indexable		3		83	21	0	0.62	59	31	0	9	6	0
https://www.birminghamboilerrepairs.uk/small-heath/ferroli-specialists	Indexable		3		24	21	0	0.62	59	31	0	9	6	0
https://www.birminghamboilerrepairs.uk/small-heath/heatline-specialists	Indexable		3		4	1	0	0.03	59	31	0	9	6	0
https://www.birminghamboilerrepairs.uk/small-heath/baxi-specialists	Indexable		3		4	1	0	0.03	59	31	0	9	6	0
https://www.birminghamboilerrepairs.uk/small-heath/viessmann-specialists	Indexable		3		4	1	0	0.03	59	31	0	9	6	0
https://www.birminghamboilerrepairs.uk/small-heath/boiler-servicing	Indexable		3		83	21	0	0.62	59	31	0	9	6	0
https://www.birminghamboilerrepairs.uk/small-heath/biasi-specialists	Indexable		3		4	1	0	0.03	59	31	0	9	6	0
https://www.birminghamboilerrepairs.uk/small-heath/atag-specialists	Indexable		3		4	1	0	0.03	59	31	0	9	6	0
https://www.birminghamboilerrepairs.uk/small-heath/vokera-specialists	Indexable		3		4	1	0	0.03	59	31	0	9	6	0
https://www.birminghamboilerrepairs.uk/small-heath/intergas-specialists	Indexable		3		4	1	0	0.03	59	31	0	9	6	0
https://www.birminghamboilerrepairs.uk/small-heath/main-boiler-specialists	Indexable		3		4	1	0	0.03	59	31	0	9	6	0
https://www.birminghamboilerrepairs.uk/small-heath/glowworm-specialists	Indexable		3		4	1	0	0.03	59	31	0	9	6	0
https://www.birminghamboilerrepairs.uk/small-heath/potterton-specialists	Indexable		3		4	1	0	0.03	59	31	0	9	6	0
https://www.birminghamboilerrepairs.uk/small-heath/worcester-bosch-specialists	Indexable		3		10	7	0	0.21	59	31	0	9	6	0
https://www.birminghamboilerrepairs.uk/small-heath/combination-boiler-repairs	Indexable		3		32	21	0	0.62	59	31	0	9	6	0
https://www.birminghamboilerrepairs.uk/small-heath/ideal-boilers-specialists	Indexable		3		4	1	0	0.03	59	31	0	9	6	0
https://www.birminghamboilerrepairs.uk/small-heath/gas-safety	Indexable		3		83	21	0	0.62	59	31	0	9	6	0
https://www.birminghamboilerrepairs.uk/small-heath/ariston-specialists	Indexable		3		4	1	0	0.03	59	31	0	9	6	0
https://www.birminghamboilerrepairs.uk/small-heath/combination-boiler-services	Indexable		3		23	21	0	0.62	59	31	0	9	6	0
https://www.birminghamboilerrepairs.uk/falcon-lodge/baxi-specialists	Indexable		3		4	1	0	0.03	59	31	0	9	6	0
https://www.birminghamboilerrepairs.uk/falcon-lodge/ideal-boilers-specialists	Indexable		3		4	1	0	0.03	59	31	0	9	6	0
https://www.birminghamboilerrepairs.uk/falcon-lodge/biasi-specialists	Indexable		3		4	1	0	0.03	59	31	0	9	6	0
https://www.birminghamboilerrepairs.uk/falcon-lodge/vaillant-specialists	Indexable		3		4	1	0	0.03	59	31	0	9	6	0
https://www.birminghamboilerrepairs.uk/falcon-lodge/main-boiler-specialists	Indexable		3		4	1	0	0.03	59	31	0	9	6	0
https://www.birminghamboilerrepairs.uk/falcon-lodge/combination-boiler-services	Indexable		3		23	21	0	0.62	59	31	0	9	6	0
https://www.birminghamboilerrepairs.uk/falcon-lodge/glowworm-specialists	Indexable		3		4	1	0	0.03	59	31	0	9	6	0
https://www.birminghamboilerrepairs.uk/falcon-lodge/worcester-bosch-specialists	Indexable		3		10	7	0	0.21	59	31	0	9	6	0
https://www.birminghamboilerrepairs.uk/falcon-lodge/potterton-specialists	Indexable		3		4	1	0	0.03	59	31	0	9	6	0
https://www.birminghamboilerrepairs.uk/falcon-lodge/alpha-boiler-specialists	Indexable		3		4	1	0	0.03	59	31	0	9	6	0
https://www.birminghamboilerrepairs.uk/falcon-lodge/ferroli-specialists	Indexable		3		24	21	0	0.62	59	31	0	9	6	0
https://www.birminghamboilerrepairs.uk/falcon-lodge/atag-specialists	Indexable		3		4	1	0	0.03	59	31	0	9	6	0
https://www.birminghamboilerrepairs.uk/falcon-lodge/viessmann-specialists	Indexable		3		4	1	0	0.03	59	31	0	9	6	0
https://www.birminghamboilerrepairs.uk/falcon-lodge/combination-boiler-repairs	Indexable		3		32	21	0	0.62	59	31	0	9	6	0
https://www.birminghamboilerrepairs.uk/falcon-lodge/ariston-specialists	Indexable		3		4	1	0	0.03	59	31	0	9	6	0
https://www.birminghamboilerrepairs.uk/falcon-lodge/vokera-specialists	Indexable		3		4	1	0	0.03	59	31	0	9	6	0
https://www.birminghamboilerrepairs.uk/falcon-lodge/intergas-specialists	Indexable		3		4	1	0	0.03	59	31	0	9	6	0
https://www.birminghamboilerrepairs.uk/falcon-lodge/boiler-servicing	Indexable		3		83	21	0	0.62	59	31	0	9	6	0
https://www.birminghamboilerrepairs.uk/falcon-lodge/heatline-specialists	Indexable		3		4	1	0	0.03	59	31	0	9	6	0
https://www.birminghamboilerrepairs.uk/falcon-lodge/boiler-repairs	Indexable		3		83	21	0	0.62	59	31	0	9	6	0
https://www.birminghamboilerrepairs.uk/kings-heath/glowworm-specialists	Indexable		3		4	1	0	0.03	59	31	0	9	6	0
https://www.birminghamboilerrepairs.uk/falcon-lodge/gas-safety	Indexable		3		83	21	0	0.62	59	31	0	9	6	0
https://www.birminghamboilerrepairs.uk/kings-heath/intergas-specialists	Indexable		3		4	1	0	0.03	59	31	0	9	6	0
https://www.birminghamboilerrepairs.uk/kings-heath/alpha-boiler-specialists	Indexable		3		4	1	0	0.03	59	31	0	9	6	0
https://www.birminghamboilerrepairs.uk/kings-heath/baxi-specialists	Indexable		3		4	1	0	0.03	59	31	0	9	6	0
https://www.birminghamboilerrepairs.uk/kings-heath/vaillant-specialists	Indexable		3		4	1	0	0.03	59	31	0	9	6	0
https://www.birminghamboilerrepairs.uk/kings-heath/main-boiler-specialists	Indexable		3		4	1	0	0.03	59	31	0	9	6	0
https://www.birminghamboilerrepairs.uk/kings-heath/ideal-boilers-specialists	Indexable		3		4	1	0	0.03	59	31	0	9	6	0
https://www.birminghamboilerrepairs.uk/kings-heath/atag-specialists	Indexable		3		4	1	0	0.03	59	31	0	9	6	0
https://www.birminghamboilerrepairs.uk/kings-heath/boiler-repairs	Indexable		3		83	21	0	0.62	59	31	0	9	6	0
https://www.birminghamboilerrepairs.uk/kings-heath/combination-boiler-services	Indexable		3		23	21	0	0.62	59	31	0	9	6	0
https://www.birminghamboilerrepairs.uk/kings-heath/biasi-specialists	Indexable		3		4	1	0	0.03	59	31	0	9	6	0
https://www.birminghamboilerrepairs.uk/kings-heath/viessmann-specialists	Indexable		3		4	1	0	0.03	59	31	0	9	6	0
https://www.birminghamboilerrepairs.uk/kings-heath/potterton-specialists	Indexable		3		4	1	0	0.03	59	31	0	9	6	0
https://www.birminghamboilerrepairs.uk/kings-heath/heatline-specialists	Indexable		3		4	1	0	0.03	59	31	0	9	6	0
https://www.birminghamboilerrepairs.uk/kings-heath/ferroli-specialists	Indexable		3		24	21	0	0.62	59	31	0	9	6	0
https://www.birminghamboilerrepairs.uk/kings-heath/worcester-bosch-specialists	Indexable		3		10	7	0	0.21	59	31	0	9	6	0
https://www.birminghamboilerrepairs.uk/kings-heath/gas-safety	Indexable		3		83	21	0	0.62	59	31	0	9	6	0
https://www.birminghamboilerrepairs.uk/kings-heath/vokera-specialists	Indexable		3		4	1	0	0.03	59	31	0	9	6	0
https://www.birminghamboilerrepairs.uk/kings-heath/combination-boiler-repairs	Indexable		3		32	21	0	0.62	59	31	0	9	6	0
https://www.birminghamboilerrepairs.uk/kings-heath/ariston-specialists	Indexable		3		4	1	0	0.03	59	31	0	9	6	0
https://www.birminghamboilerrepairs.uk/handsworth-wood/heatline-specialists	Indexable		3		4	1	0	0.03	59	31	0	9	6	0
https://www.birminghamboilerrepairs.uk/kings-heath/boiler-servicing	Indexable		3		83	21	0	0.62	59	31	0	9	6	0
https://www.birminghamboilerrepairs.uk/handsworth-wood/baxi-specialists	Indexable		3		4	1	0	0.03	59	31	0	9	6	0
https://www.birminghamboilerrepairs.uk/handsworth-wood/vokera-specialists	Indexable		3		4	1	0	0.03	59	31	0	9	6	0
https://www.birminghamboilerrepairs.uk/handsworth-wood/main-boiler-specialists	Indexable		3		4	1	0	0.03	59	31	0	9	6	0
https://www.birminghamboilerrepairs.uk/handsworth-wood/ariston-specialists	Indexable		3		4	1	0	0.03	59	31	0	9	6	0
https://www.birminghamboilerrepairs.uk/handsworth-wood/boiler-servicing	Indexable		3		83	21	0	0.62	59	31	0	9	6	0
https://www.birminghamboilerrepairs.uk/handsworth-wood/vaillant-specialists	Indexable		3		4	1	0	0.03	59	31	0	9	6	0
https://www.birminghamboilerrepairs.uk/handsworth-wood/gas-safety	Indexable		3		83	21	0	0.62	59	31	0	9	6	0
https://www.birminghamboilerrepairs.uk/handsworth-wood/viessmann-specialists	Indexable		3		4	1	0	0.03	59	31	0	9	6	0
https://www.birminghamboilerrepairs.uk/handsworth-wood/atag-specialists	Indexable		3		4	1	0	0.03	59	31	0	9	6	0
https://www.birminghamboilerrepairs.uk/handsworth-wood/combination-boiler-services	Indexable		3		23	21	0	0.62	59	31	0	9	6	0
https://www.birminghamboilerrepairs.uk/handsworth-wood/glowworm-specialists	Indexable		3		4	1	0	0.03	59	31	0	9	6	0
https://www.birminghamboilerrepairs.uk/handsworth-wood/worcester-bosch-specialists	Indexable		3		10	7	0	0.21	59	31	0	9	6	0
https://www.birminghamboilerrepairs.uk/handsworth-wood/boiler-repairs	Indexable		3		83	21	0	0.62	59	31	0	9	6	0
https://www.birminghamboilerrepairs.uk/handsworth-wood/alpha-boiler-specialists	Indexable		3		4	1	0	0.03	59	31	0	9	6	0
https://www.birminghamboilerrepairs.uk/handsworth-wood/potterton-specialists	Indexable		3		4	1	0	0.03	59	31	0	9	6	0
https://www.birminghamboilerrepairs.uk/handsworth-wood/biasi-specialists	Indexable		3		4	1	0	0.03	59	31	0	9	6	0
https://www.birminghamboilerrepairs.uk/handsworth-wood/ferroli-specialists	Indexable		3		24	21	0	0.62	59	31	0	9	6	0
https://www.birminghamboilerrepairs.uk/handsworth-wood/intergas-specialists	Indexable		3		4	1	0	0.03	59	31	0	9	6	0
https://www.birminghamboilerrepairs.uk/handsworth-wood/combination-boiler-repairs	Indexable		3		32	21	0	0.62	59	31	0	9	6	0
https://www.birminghamboilerrepairs.uk/handsworth-wood/ideal-boilers-specialists	Indexable		3		4	1	0	0.03	59	31	0	9	6	0
https://www.birminghamboilerrepairs.uk/hay-mills/glowworm-specialists	Indexable		3		4	1	0	0.03	59	31	0	9	6	0
https://www.birminghamboilerrepairs.uk/hay-mills/vokera-specialists	Indexable		3		4	1	0	0.03	59	31	0	9	6	0
https://www.birminghamboilerrepairs.uk/hay-mills/gas-safety	Indexable		3		83	21	0	0.62	59	31	0	9	6	0
https://www.birminghamboilerrepairs.uk/hay-mills/alpha-boiler-specialists	Indexable		3		4	1	0	0.03	59	31	0	9	6	0
https://www.birminghamboilerrepairs.uk/hay-mills/potterton-specialists	Indexable		3		4	1	0	0.03	59	31	0	9	6	0
https://www.birminghamboilerrepairs.uk/hay-mills/worcester-bosch-specialists	Indexable		3		10	7	0	0.21	59	31	0	9	6	0
https://www.birminghamboilerrepairs.uk/hay-mills/ideal-boilers-specialists	Indexable		3		4	1	0	0.03	59	31	0	9	6	0
https://www.birminghamboilerrepairs.uk/hay-mills/boiler-servicing	Indexable		3		83	21	0	0.62	59	31	0	9	6	0
https://www.birminghamboilerrepairs.uk/hay-mills/ariston-specialists	Indexable		3		4	1	0	0.03	59	31	0	9	6	0
https://www.birminghamboilerrepairs.uk/hay-mills/baxi-specialists	Indexable		3		4	1	0	0.03	59	31	0	9	6	0
https://www.birminghamboilerrepairs.uk/hay-mills/biasi-specialists	Indexable		3		4	1	0	0.03	59	31	0	9	6	0
https://www.birminghamboilerrepairs.uk/hay-mills/combination-boiler-services	Indexable		3		23	21	0	0.62	59	31	0	9	6	0
https://www.birminghamboilerrepairs.uk/hay-mills/viessmann-specialists	Indexable		3		4	1	0	0.03	59	31	0	9	6	0
https://www.birminghamboilerrepairs.uk/hay-mills/vaillant-specialists	Indexable		3		4	1	0	0.03	59	31	0	9	6	0
https://www.birminghamboilerrepairs.uk/hay-mills/atag-specialists	Indexable		3		4	1	0	0.03	59	31	0	9	6	0
https://www.birminghamboilerrepairs.uk/hay-mills/main-boiler-specialists	Indexable		3		4	1	0	0.03	59	31	0	9	6	0
https://www.birminghamboilerrepairs.uk/hay-mills/intergas-specialists	Indexable		3		4	1	0	0.03	59	31	0	9	6	0
https://www.birminghamboilerrepairs.uk/hay-mills/combination-boiler-repairs	Indexable		3		32	21	0	0.62	59	31	0	9	6	0
https://www.birminghamboilerrepairs.uk/hay-mills/ferroli-specialists	Indexable		3		24	21	0	0.62	59	31	0	9	6	0
https://www.birminghamboilerrepairs.uk/harborne/boiler-servicing	Indexable		3		83	21	0	0.62	59	31	0	9	6	0
https://www.birminghamboilerrepairs.uk/hay-mills/boiler-repairs	Indexable		3		83	21	0	0.62	59	31	0	9	6	0
https://www.birminghamboilerrepairs.uk/harborne/biasi-specialists	Indexable		3		4	1	0	0.03	59	31	0	9	6	0
https://www.birminghamboilerrepairs.uk/hay-mills/heatline-specialists	Indexable		3		4	1	0	0.03	59	31	0	9	6	0
https://www.birminghamboilerrepairs.uk/harborne/vokera-specialists	Indexable		3		4	1	0	0.03	59	31	0	9	6	0
https://www.birminghamboilerrepairs.uk/harborne/combination-boiler-services	Indexable		3		23	21	0	0.62	59	31	0	9	6	0
https://www.birminghamboilerrepairs.uk/harborne/worcester-bosch-specialists	Indexable		3		10	7	0	0.21	59	31	0	9	6	0
https://www.birminghamboilerrepairs.uk/harborne/glowworm-specialists	Indexable		3		4	1	0	0.03	59	31	0	9	6	0
https://www.birminghamboilerrepairs.uk/harborne/combination-boiler-repairs	Indexable		3		32	21	0	0.62	59	31	0	9	6	0
https://www.birminghamboilerrepairs.uk/harborne/heatline-specialists	Indexable		3		4	1	0	0.03	59	31	0	9	6	0
https://www.birminghamboilerrepairs.uk/harborne/intergas-specialists	Indexable		3		4	1	0	0.03	59	31	0	9	6	0
https://www.birminghamboilerrepairs.uk/harborne/boiler-repairs	Indexable		3		83	21	0	0.62	59	31	0	9	6	0
https://www.birminghamboilerrepairs.uk/harborne/vaillant-specialists	Indexable		3		4	1	0	0.03	59	31	0	9	6	0
https://www.birminghamboilerrepairs.uk/harborne/gas-safety	Indexable		3		83	21	0	0.62	59	31	0	9	6	0
https://www.birminghamboilerrepairs.uk/harborne/potterton-specialists	Indexable		3		4	1	0	0.03	59	31	0	9	6	0
https://www.birminghamboilerrepairs.uk/harborne/ariston-specialists	Indexable		3		4	1	0	0.03	59	31	0	9	6	0
https://www.birminghamboilerrepairs.uk/harborne/alpha-boiler-specialists	Indexable		3		4	1	0	0.03	59	31	0	9	6	0
https://www.birminghamboilerrepairs.uk/harborne/baxi-specialists	Indexable		3		4	1	0	0.03	59	31	0	9	6	0
https://www.birminghamboilerrepairs.uk/harborne/main-boiler-specialists	Indexable		3		4	1	0	0.03	59	31	0	9	6	0
https://www.birminghamboilerrepairs.uk/harborne/ferroli-specialists	Indexable		3		24	21	0	0.62	59	31	0	9	6	0
https://www.birminghamboilerrepairs.uk/harborne/atag-specialists	Indexable		3		4	1	0	0.03	59	31	0	9	6	0
https://www.birminghamboilerrepairs.uk/harborne/ideal-boilers-specialists	Indexable		3		4	1	0	0.03	59	31	0	9	6	0
https://www.birminghamboilerrepairs.uk/harborne/viessmann-specialists	Indexable		3		4	1	0	0.03	59	31	0	9	6	0
https://www.birminghamboilerrepairs.uk/solihull/worcester-bosch-specialists	Indexable		3		10	7	0	0.21	59	31	0	9	6	0
https://www.birminghamboilerrepairs.uk/solihull/combination-boiler-services	Indexable		3		23	21	0	0.62	59	31	0	9	6	0
https://www.birminghamboilerrepairs.uk/solihull/boiler-servicing	Indexable		3		83	21	0	0.62	59	31	0	9	6	0
https://www.birminghamboilerrepairs.uk/solihull/viessmann-specialists	Indexable		3		4	1	0	0.03	59	31	0	9	6	0
https://www.birminghamboilerrepairs.uk/solihull/ideal-boilers-specialists	Indexable		3		4	1	0	0.03	59	31	0	9	6	0
https://www.birminghamboilerrepairs.uk/solihull/potterton-specialists	Indexable		3		4	1	0	0.03	59	31	0	9	6	0
https://www.birminghamboilerrepairs.uk/solihull/ferroli-specialists	Indexable		3		24	21	0	0.62	59	31	0	9	6	0
https://www.birminghamboilerrepairs.uk/solihull/main-boiler-specialists	Indexable		3		4	1	0	0.03	59	31	0	9	6	0
https://www.birminghamboilerrepairs.uk/solihull/glowworm-specialists	Indexable		3		4	1	0	0.03	59	31	0	9	6	0
https://www.birminghamboilerrepairs.uk/solihull/ariston-specialists	Indexable		3		4	1	0	0.03	59	31	0	9	6	0
https://www.birminghamboilerrepairs.uk/solihull/atag-specialists	Indexable		3		4	1	0	0.03	59	31	0	9	6	0
https://www.birminghamboilerrepairs.uk/solihull/intergas-specialists	Indexable		3		4	1	0	0.03	59	31	0	9	6	0
https://www.birminghamboilerrepairs.uk/solihull/heatline-specialists	Indexable		3		4	1	0	0.03	59	31	0	9	6	0
https://www.birminghamboilerrepairs.uk/solihull/baxi-specialists	Indexable		3		4	1	0	0.03	59	31	0	9	6	0
https://www.birminghamboilerrepairs.uk/solihull/vaillant-specialists	Indexable		3		4	1	0	0.03	59	31	0	9	6	0
https://www.birminghamboilerrepairs.uk/solihull/alpha-boiler-specialists	Indexable		3		4	1	0	0.03	59	31	0	9	6	0
https://www.birminghamboilerrepairs.uk/solihull/biasi-specialists	Indexable		3		4	1	0	0.03	59	31	0	9	6	0
https://www.birminghamboilerrepairs.uk/solihull/vokera-specialists	Indexable		3		4	1	0	0.03	59	31	0	9	6	0
https://www.birminghamboilerrepairs.uk/solihull/combination-boiler-repairs	Indexable		3		32	21	0	0.62	59	31	0	9	6	0
https://www.birminghamboilerrepairs.uk/solihull/gas-safety	Indexable		3		83	21	0	0.62	59	31	0	9	6	0
https://www.birminghamboilerrepairs.uk/solihull/boiler-repairs	Indexable		3		83	21	0	0.62	59	31	0	9	6	0
https://www.birminghamboilerrepairs.uk/stechford/worcester-bosch-specialists	Indexable		3		10	7	0	0.21	59	31	0	9	6	0
https://www.birminghamboilerrepairs.uk/stechford/combination-boiler-services	Indexable		3		23	21	0	0.62	59	31	0	9	6	0
https://www.birminghamboilerrepairs.uk/stechford/ferroli-specialists	Indexable		3		24	21	0	0.62	59	31	0	9	6	0
https://www.birminghamboilerrepairs.uk/stechford/boiler-repairs	Indexable		3		83	21	0	0.62	59	31	0	9	6	0
https://www.birminghamboilerrepairs.uk/stechford/potterton-specialists	Indexable		3		4	1	0	0.03	59	31	0	9	6	0
https://www.birminghamboilerrepairs.uk/stechford/gas-safety	Indexable		3		83	21	0	0.62	59	31	0	9	6	0
https://www.birminghamboilerrepairs.uk/stechford/ariston-specialists	Indexable		3		4	1	0	0.03	59	31	0	9	6	0
https://www.birminghamboilerrepairs.uk/stechford/alpha-boiler-specialists	Indexable		3		4	1	0	0.03	59	31	0	9	6	0
https://www.birminghamboilerrepairs.uk/stechford/vokera-specialists	Indexable		3		4	1	0	0.03	59	31	0	9	6	0
https://www.birminghamboilerrepairs.uk/stechford/baxi-specialists	Indexable		3		4	1	0	0.03	59	31	0	9	6	0
https://www.birminghamboilerrepairs.uk/stechford/intergas-specialists	Indexable		3		4	1	0	0.03	59	31	0	9	6	0
https://www.birminghamboilerrepairs.uk/stechford/atag-specialists	Indexable		3		4	1	0	0.03	59	31	0	9	6	0
https://www.birminghamboilerrepairs.uk/stechford/ideal-boilers-specialists	Indexable		3		4	1	0	0.03	59	31	0	9	6	0
https://www.birminghamboilerrepairs.uk/stechford/glowworm-specialists	Indexable		3		4	1	0	0.03	59	31	0	9	6	0
https://www.birminghamboilerrepairs.uk/stechford/main-boiler-specialists	Indexable		3		4	1	0	0.03	59	31	0	9	6	0
https://www.birminghamboilerrepairs.uk/stechford/biasi-specialists	Indexable		3		4	1	0	0.03	59	31	0	9	6	0
https://www.birminghamboilerrepairs.uk/stechford/viessmann-specialists	Indexable		3		4	1	0	0.03	59	31	0	9	6	0
https://www.birminghamboilerrepairs.uk/stechford/combination-boiler-repairs	Indexable		3		32	21	0	0.62	59	31	0	9	6	0
https://www.birminghamboilerrepairs.uk/stechford/boiler-servicing	Indexable		3		83	21	0	0.62	59	31	0	9	6	0
https://www.birminghamboilerrepairs.uk/stechford/vaillant-specialists	Indexable		3		4	1	0	0.03	59	31	0	9	6	0
https://www.birminghamboilerrepairs.uk/stechford/heatline-specialists	Indexable		3		4	1	0	0.03	59	31	0	9	6	0
https://www.birminghamboilerrepairs.uk/boldmere/ariston-specialists	Indexable		3		4	1	0	0.03	59	31	0	9	6	0
https://www.birminghamboilerrepairs.uk/boldmere/baxi-specialists	Indexable		3		4	1	0	0.03	59	31	0	9	6	0
https://www.birminghamboilerrepairs.uk/boldmere/combination-boiler-services	Indexable		3		23	21	0	0.62	59	31	0	9	6	0
https://www.birminghamboilerrepairs.uk/boldmere/boiler-repairs	Indexable		3		83	21	0	0.62	59	31	0	9	6	0
https://www.birminghamboilerrepairs.uk/boldmere/alpha-boiler-specialists	Indexable		3		4	1	0	0.03	59	31	0	9	6	0
https://www.birminghamboilerrepairs.uk/boldmere/heatline-specialists	Indexable		3		4	1	0	0.03	59	31	0	9	6	0
https://www.birminghamboilerrepairs.uk/boldmere/boiler-servicing	Indexable		3		83	21	0	0.62	59	31	0	9	6	0
https://www.birminghamboilerrepairs.uk/boldmere/potterton-specialists	Indexable		3		4	1	0	0.03	59	31	0	9	6	0
https://www.birminghamboilerrepairs.uk/rowley-regis/combination-boiler-services	Indexable		3		23	21	0	0.62	59	31	0	9	6	0
https://www.birminghamboilerrepairs.uk/rowley-regis/combination-boiler-repairs	Indexable		3		32	21	0	0.62	59	31	0	9	6	0
https://www.birminghamboilerrepairs.uk/rowley-regis/heatline-specialists	Indexable		3		4	1	0	0.03	59	31	0	9	6	0
https://www.birminghamboilerrepairs.uk/rowley-regis/ferroli-specialists	Indexable		3		24	21	0	0.62	59	31	0	9	6	0
https://www.birminghamboilerrepairs.uk/rowley-regis/potterton-specialists	Indexable		3		4	1	0	0.03	59	31	0	9	6	0
https://www.birminghamboilerrepairs.uk/rowley-regis/alpha-boiler-specialists	Indexable		3		4	1	0	0.03	59	31	0	9	6	0
https://www.birminghamboilerrepairs.uk/rowley-regis/intergas-specialists	Indexable		3		4	1	0	0.03	59	31	0	9	6	0
https://www.birminghamboilerrepairs.uk/rowley-regis/boiler-servicing	Indexable		3		83	21	0	0.62	59	31	0	9	6	0
https://www.birminghamboilerrepairs.uk/rowley-regis/glowworm-specialists	Indexable		3		4	1	0	0.03	59	31	0	9	6	0
https://www.birminghamboilerrepairs.uk/rowley-regis/atag-specialists	Indexable		3		4	1	0	0.03	59	31	0	9	6	0
https://www.birminghamboilerrepairs.uk/rowley-regis/gas-safety	Indexable		3		83	21	0	0.62	59	31	0	9	6	0
https://www.birminghamboilerrepairs.uk/rowley-regis/vokera-specialists	Indexable		3		4	1	0	0.03	59	31	0	9	6	0
https://www.birminghamboilerrepairs.uk/rowley-regis/baxi-specialists	Indexable		3		4	1	0	0.03	59	31	0	9	6	0
https://www.birminghamboilerrepairs.uk/rowley-regis/viessmann-specialists	Indexable		3		4	1	0	0.03	59	31	0	9	6	0
https://www.birminghamboilerrepairs.uk/rowley-regis/worcester-bosch-specialists	Indexable		3		10	7	0	0.21	59	31	0	9	6	0
https://www.birminghamboilerrepairs.uk/rowley-regis/biasi-specialists	Indexable		3		4	1	0	0.03	59	31	0	9	6	0
https://www.birminghamboilerrepairs.uk/longbridge/main-boiler-specialists	Indexable		3		4	1	0	0.03	59	31	0	9	6	0
https://www.birminghamboilerrepairs.uk/longbridge/ariston-specialists	Indexable		3		4	1	0	0.03	59	31	0	9	6	0
https://www.birminghamboilerrepairs.uk/longbridge/combination-boiler-repairs	Indexable		3		32	21	0	0.62	59	31	0	9	6	0
https://www.birminghamboilerrepairs.uk/longbridge/ferroli-specialists	Indexable		3		24	21	0	0.62	59	31	0	9	6	0
https://www.birminghamboilerrepairs.uk/longbridge/boiler-repairs	Indexable		3		83	21	0	0.62	59	31	0	9	6	0
https://www.birminghamboilerrepairs.uk/longbridge/ideal-boilers-specialists	Indexable		3		4	1	0	0.03	59	31	0	9	6	0
https://www.birminghamboilerrepairs.uk/longbridge/worcester-bosch-specialists	Indexable		3		10	7	0	0.21	59	31	0	9	6	0
https://www.birminghamboilerrepairs.uk/longbridge/gas-safety	Indexable		3		83	21	0	0.62	59	31	0	9	6	0
https://www.birminghamboilerrepairs.uk/longbridge/boiler-servicing	Indexable		3		83	21	0	0.62	59	31	0	9	6	0
https://www.birminghamboilerrepairs.uk/longbridge/potterton-specialists	Indexable		3		4	1	0	0.03	59	31	0	9	6	0
https://www.birminghamboilerrepairs.uk/longbridge/combination-boiler-services	Indexable		3		23	21	0	0.62	59	31	0	9	6	0
https://www.birminghamboilerrepairs.uk/longbridge/intergas-specialists	Indexable		3		4	1	0	0.03	59	31	0	9	6	0
https://www.birminghamboilerrepairs.uk/longbridge/vokera-specialists	Indexable		3		4	1	0	0.03	59	31	0	9	6	0
https://www.birminghamboilerrepairs.uk/longbridge/baxi-specialists	Indexable		3		4	1	0	0.03	59	31	0	9	6	0
https://www.birminghamboilerrepairs.uk/longbridge/heatline-specialists	Indexable		3		4	1	0	0.03	59	31	0	9	6	0
https://www.birminghamboilerrepairs.uk/longbridge/alpha-boiler-specialists	Indexable		3		4	1	0	0.03	59	31	0	9	6	0
https://www.birminghamboilerrepairs.uk/longbridge/biasi-specialists	Indexable		3		4	1	0	0.03	59	31	0	9	6	0
https://www.birminghamboilerrepairs.uk/longbridge/atag-specialists	Indexable		3		4	1	0	0.03	59	31	0	9	6	0
https://www.birminghamboilerrepairs.uk/longbridge/glowworm-specialists	Indexable		3		4	1	0	0.03	59	31	0	9	6	0
https://www.birminghamboilerrepairs.uk/longbridge/viessmann-specialists	Indexable		3		4	1	0	0.03	59	31	0	9	6	0
https://www.birminghamboilerrepairs.uk/longbridge/vaillant-specialists	Indexable		3		4	1	0	0.03	59	31	0	9	6	0
https://www.birminghamboilerrepairs.uk/handsworth/atag-specialists	Indexable		3		4	1	0	0.03	59	31	0	9	6	0
https://www.birminghamboilerrepairs.uk/handsworth/ideal-boilers-specialists	Indexable		3		4	1	0	0.03	59	31	0	9	6	0
https://www.birminghamboilerrepairs.uk/handsworth/alpha-boiler-specialists	Indexable		3		4	1	0	0.03	59	31	0	9	6	0
https://www.birminghamboilerrepairs.uk/handsworth/vaillant-specialists	Indexable		3		4	1	0	0.03	59	31	0	9	6	0
https://www.birminghamboilerrepairs.uk/handsworth/ariston-specialists	Indexable		3		4	1	0	0.03	59	31	0	9	6	0
https://www.birminghamboilerrepairs.uk/handsworth/combination-boiler-services	Indexable		3		23	21	0	0.62	59	31	0	9	6	0
https://www.birminghamboilerrepairs.uk/handsworth/intergas-specialists	Indexable		3		4	1	0	0.03	59	31	0	9	6	0
https://www.birminghamboilerrepairs.uk/handsworth/boiler-repairs	Indexable		3		83	21	0	0.62	59	31	0	9	6	0
https://www.birminghamboilerrepairs.uk/handsworth/baxi-specialists	Indexable		3		4	1	0	0.03	59	31	0	9	6	0
https://www.birminghamboilerrepairs.uk/handsworth/heatline-specialists	Indexable		3		4	1	0	0.03	59	31	0	9	6	0
https://www.birminghamboilerrepairs.uk/handsworth/worcester-bosch-specialists	Indexable		3		10	7	0	0.21	59	31	0	9	6	0